"{'position_t_minus_1': [40, 30], 'position': [40, 31], 'action': 1, 'current_world_width': 80, 'width_to_left_wall': 39, 'width_to_right_wall': 40, 'obstacles_positions': []}",20,False
"{'position_t_minus_1': array([0.49382716]), 'position_t': array([0.49382716]), 'action': array([0.5]), 'width_to_walls': array([0.49382716, 0.50617284]), 'obstacles_positions': array([1., 1., 1., 1., 1., 1., 1., 1., 1., 1., 1., 1., 1., 1., 1., 1., 1.,
       1., 1., 1., 1., 1., 1., 1., 1., 1., 1., 1., 1., 1., 1., 1., 1., 1.,
       1., 1., 1., 1., 1., 1.])}"
"{'position_t_minus_1': [40, 31], 'position': [40, 32], 'action': 1, 'current_world_width': 80, 'width_to_left_wall': 39, 'width_to_right_wall': 40, 'obstacles_positions': []}",20,False
"{'position_t_minus_1': array([0.49382716]), 'position_t': array([0.49382716]), 'action': array([0.5]), 'width_to_walls': array([0.49382716, 0.50617284]), 'obstacles_positions': array([1., 1., 1., 1., 1., 1., 1., 1., 1., 1., 1., 1., 1., 1., 1., 1., 1.,
       1., 1., 1., 1., 1., 1., 1., 1., 1., 1., 1., 1., 1., 1., 1., 1., 1.,
       1., 1., 1., 1., 1., 1.])}"
"{'position_t_minus_1': [40, 32], 'position': [40, 33], 'action': 1, 'current_world_width': 80, 'width_to_left_wall': 39, 'width_to_right_wall': 40, 'obstacles_positions': []}",20,False
"{'position_t_minus_1': array([0.49382716]), 'position_t': array([0.49382716]), 'action': array([0.5]), 'width_to_walls': array([0.49382716, 0.50617284]), 'obstacles_positions': array([1., 1., 1., 1., 1., 1., 1., 1., 1., 1., 1., 1., 1., 1., 1., 1., 1.,
       1., 1., 1., 1., 1., 1., 1., 1., 1., 1., 1., 1., 1., 1., 1., 1., 1.,
       1., 1., 1., 1., 1., 1.])}"
"{'position_t_minus_1': [40, 33], 'position': [40, 34], 'action': 1, 'current_world_width': 80, 'width_to_left_wall': 39, 'width_to_right_wall': 40, 'obstacles_positions': []}",20,False
"{'position_t_minus_1': array([0.49382716]), 'position_t': array([0.49382716]), 'action': array([0.5]), 'width_to_walls': array([0.49382716, 0.50617284]), 'obstacles_positions': array([1., 1., 1., 1., 1., 1., 1., 1., 1., 1., 1., 1., 1., 1., 1., 1., 1.,
       1., 1., 1., 1., 1., 1., 1., 1., 1., 1., 1., 1., 1., 1., 1., 1., 1.,
       1., 1., 1., 1., 1., 1.])}"
"{'position_t_minus_1': [40, 34], 'position': [40, 35], 'action': 1, 'current_world_width': 80, 'width_to_left_wall': 39, 'width_to_right_wall': 40, 'obstacles_positions': []}",20,False
"{'position_t_minus_1': array([0.49382716]), 'position_t': array([0.49382716]), 'action': array([0.5]), 'width_to_walls': array([0.49382716, 0.50617284]), 'obstacles_positions': array([1., 1., 1., 1., 1., 1., 1., 1., 1., 1., 1., 1., 1., 1., 1., 1., 1.,
       1., 1., 1., 1., 1., 1., 1., 1., 1., 1., 1., 1., 1., 1., 1., 1., 1.,
       1., 1., 1., 1., 1., 1.])}"
"{'position_t_minus_1': [40, 35], 'position': [40, 36], 'action': 1, 'current_world_width': 80, 'width_to_left_wall': 39, 'width_to_right_wall': 40, 'obstacles_positions': []}",20,False
"{'position_t_minus_1': array([0.49382716]), 'position_t': array([0.49382716]), 'action': array([0.5]), 'width_to_walls': array([0.49382716, 0.50617284]), 'obstacles_positions': array([1., 1., 1., 1., 1., 1., 1., 1., 1., 1., 1., 1., 1., 1., 1., 1., 1.,
       1., 1., 1., 1., 1., 1., 1., 1., 1., 1., 1., 1., 1., 1., 1., 1., 1.,
       1., 1., 1., 1., 1., 1.])}"
"{'position_t_minus_1': [40, 36], 'position': [40, 37], 'action': 1, 'current_world_width': 80, 'width_to_left_wall': 39, 'width_to_right_wall': 40, 'obstacles_positions': []}",20,False
"{'position_t_minus_1': array([0.49382716]), 'position_t': array([0.49382716]), 'action': array([0.5]), 'width_to_walls': array([0.49382716, 0.50617284]), 'obstacles_positions': array([1., 1., 1., 1., 1., 1., 1., 1., 1., 1., 1., 1., 1., 1., 1., 1., 1.,
       1., 1., 1., 1., 1., 1., 1., 1., 1., 1., 1., 1., 1., 1., 1., 1., 1.,
       1., 1., 1., 1., 1., 1.])}"
"{'position_t_minus_1': [40, 37], 'position': [40, 38], 'action': 1, 'current_world_width': 80, 'width_to_left_wall': 39, 'width_to_right_wall': 40, 'obstacles_positions': []}",20,False
"{'position_t_minus_1': array([0.49382716]), 'position_t': array([0.49382716]), 'action': array([0.5]), 'width_to_walls': array([0.49382716, 0.50617284]), 'obstacles_positions': array([1., 1., 1., 1., 1., 1., 1., 1., 1., 1., 1., 1., 1., 1., 1., 1., 1.,
       1., 1., 1., 1., 1., 1., 1., 1., 1., 1., 1., 1., 1., 1., 1., 1., 1.,
       1., 1., 1., 1., 1., 1.])}"
"{'position_t_minus_1': [40, 38], 'position': [40, 39], 'action': 1, 'current_world_width': 80, 'width_to_left_wall': 39, 'width_to_right_wall': 40, 'obstacles_positions': []}",20,False
"{'position_t_minus_1': array([0.49382716]), 'position_t': array([0.49382716]), 'action': array([0.5]), 'width_to_walls': array([0.49382716, 0.50617284]), 'obstacles_positions': array([1., 1., 1., 1., 1., 1., 1., 1., 1., 1., 1., 1., 1., 1., 1., 1., 1.,
       1., 1., 1., 1., 1., 1., 1., 1., 1., 1., 1., 1., 1., 1., 1., 1., 1.,
       1., 1., 1., 1., 1., 1.])}"
"{'position_t_minus_1': [40, 39], 'position': [40, 40], 'action': 1, 'current_world_width': 80, 'width_to_left_wall': 39, 'width_to_right_wall': 40, 'obstacles_positions': []}",20,False
"{'position_t_minus_1': array([0.49382716]), 'position_t': array([0.49382716]), 'action': array([0.5]), 'width_to_walls': array([0.49382716, 0.50617284]), 'obstacles_positions': array([1., 1., 1., 1., 1., 1., 1., 1., 1., 1., 1., 1., 1., 1., 1., 1., 1.,
       1., 1., 1., 1., 1., 1., 1., 1., 1., 1., 1., 1., 1., 1., 1., 1., 1.,
       1., 1., 1., 1., 1., 1.])}"
"{'position_t_minus_1': [40, 40], 'position': [40, 41], 'action': 1, 'current_world_width': 80, 'width_to_left_wall': 39, 'width_to_right_wall': 40, 'obstacles_positions': []}",20,False
"{'position_t_minus_1': array([0.49382716]), 'position_t': array([0.49382716]), 'action': array([0.5]), 'width_to_walls': array([0.49382716, 0.50617284]), 'obstacles_positions': array([1., 1., 1., 1., 1., 1., 1., 1., 1., 1., 1., 1., 1., 1., 1., 1., 1.,
       1., 1., 1., 1., 1., 1., 1., 1., 1., 1., 1., 1., 1., 1., 1., 1., 1.,
       1., 1., 1., 1., 1., 1.])}"
"{'position_t_minus_1': [40, 41], 'position': [40, 42], 'action': 1, 'current_world_width': 80, 'width_to_left_wall': 39, 'width_to_right_wall': 40, 'obstacles_positions': []}",20,False
"{'position_t_minus_1': array([0.49382716]), 'position_t': array([0.49382716]), 'action': array([0.5]), 'width_to_walls': array([0.49382716, 0.50617284]), 'obstacles_positions': array([1., 1., 1., 1., 1., 1., 1., 1., 1., 1., 1., 1., 1., 1., 1., 1., 1.,
       1., 1., 1., 1., 1., 1., 1., 1., 1., 1., 1., 1., 1., 1., 1., 1., 1.,
       1., 1., 1., 1., 1., 1.])}"
"{'position_t_minus_1': [40, 42], 'position': [40, 43], 'action': 1, 'current_world_width': 80, 'width_to_left_wall': 39, 'width_to_right_wall': 40, 'obstacles_positions': []}",20,False
"{'position_t_minus_1': array([0.49382716]), 'position_t': array([0.49382716]), 'action': array([0.5]), 'width_to_walls': array([0.49382716, 0.50617284]), 'obstacles_positions': array([1., 1., 1., 1., 1., 1., 1., 1., 1., 1., 1., 1., 1., 1., 1., 1., 1.,
       1., 1., 1., 1., 1., 1., 1., 1., 1., 1., 1., 1., 1., 1., 1., 1., 1.,
       1., 1., 1., 1., 1., 1.])}"
"{'position_t_minus_1': [40, 43], 'position': [40, 44], 'action': 1, 'current_world_width': 80, 'width_to_left_wall': 39, 'width_to_right_wall': 40, 'obstacles_positions': []}",20,False
"{'position_t_minus_1': array([0.49382716]), 'position_t': array([0.49382716]), 'action': array([0.5]), 'width_to_walls': array([0.49382716, 0.50617284]), 'obstacles_positions': array([1., 1., 1., 1., 1., 1., 1., 1., 1., 1., 1., 1., 1., 1., 1., 1., 1.,
       1., 1., 1., 1., 1., 1., 1., 1., 1., 1., 1., 1., 1., 1., 1., 1., 1.,
       1., 1., 1., 1., 1., 1.])}"
"{'position_t_minus_1': [40, 44], 'position': [40, 45], 'action': 1, 'current_world_width': 80, 'width_to_left_wall': 39, 'width_to_right_wall': 40, 'obstacles_positions': []}",20,False
"{'position_t_minus_1': array([0.49382716]), 'position_t': array([0.49382716]), 'action': array([0.5]), 'width_to_walls': array([0.49382716, 0.50617284]), 'obstacles_positions': array([1., 1., 1., 1., 1., 1., 1., 1., 1., 1., 1., 1., 1., 1., 1., 1., 1.,
       1., 1., 1., 1., 1., 1., 1., 1., 1., 1., 1., 1., 1., 1., 1., 1., 1.,
       1., 1., 1., 1., 1., 1.])}"
"{'position_t_minus_1': [40, 45], 'position': [40, 46], 'action': 1, 'current_world_width': 80, 'width_to_left_wall': 39, 'width_to_right_wall': 40, 'obstacles_positions': []}",20,False
"{'position_t_minus_1': array([0.49382716]), 'position_t': array([0.49382716]), 'action': array([0.5]), 'width_to_walls': array([0.49382716, 0.50617284]), 'obstacles_positions': array([1., 1., 1., 1., 1., 1., 1., 1., 1., 1., 1., 1., 1., 1., 1., 1., 1.,
       1., 1., 1., 1., 1., 1., 1., 1., 1., 1., 1., 1., 1., 1., 1., 1., 1.,
       1., 1., 1., 1., 1., 1.])}"
"{'position_t_minus_1': [40, 46], 'position': [40, 47], 'action': 1, 'current_world_width': 80, 'width_to_left_wall': 39, 'width_to_right_wall': 40, 'obstacles_positions': [[27, 29]]}",10,False
"{'position_t_minus_1': array([0.49382716]), 'position_t': array([0.49382716]), 'action': array([0.5]), 'width_to_walls': array([0.49382716, 0.50617284]), 'obstacles_positions': array([0.37179487, 1.        , 1.        , 1.        , 1.        ,
       1.        , 1.        , 1.        , 1.        , 1.        ,
       1.        , 1.        , 1.        , 1.        , 1.        ,
       1.        , 1.        , 1.        , 1.        , 1.        ,
       1.        , 1.        , 1.        , 1.        , 1.        ,
       1.        , 1.        , 1.        , 1.        , 1.        ,
       1.        , 1.        , 1.        , 1.        , 1.        ,
       1.        , 1.        , 1.        , 1.        , 1.        ])}"
"{'position_t_minus_1': [40, 47], 'position': [40, 48], 'action': 1, 'current_world_width': 80, 'width_to_left_wall': 39, 'width_to_right_wall': 40, 'obstacles_positions': [[27, 28]]}",10,False
"{'position_t_minus_1': array([0.49382716]), 'position_t': array([0.49382716]), 'action': array([0.5]), 'width_to_walls': array([0.49382716, 0.50617284]), 'obstacles_positions': array([0.37179487, 0.96666667, 1.        , 1.        , 1.        ,
       1.        , 1.        , 1.        , 1.        , 1.        ,
       1.        , 1.        , 1.        , 1.        , 1.        ,
       1.        , 1.        , 1.        , 1.        , 1.        ,
       1.        , 1.        , 1.        , 1.        , 1.        ,
       1.        , 1.        , 1.        , 1.        , 1.        ,
       1.        , 1.        , 1.        , 1.        , 1.        ,
       1.        , 1.        , 1.        , 1.        , 1.        ])}"
"{'position_t_minus_1': [40, 48], 'position': [40, 49], 'action': 1, 'current_world_width': 80, 'width_to_left_wall': 39, 'width_to_right_wall': 40, 'obstacles_positions': [[27, 27]]}",10,False
"{'position_t_minus_1': array([0.49382716]), 'position_t': array([0.49382716]), 'action': array([0.5]), 'width_to_walls': array([0.49382716, 0.50617284]), 'obstacles_positions': array([0.37179487, 0.93333333, 1.        , 1.        , 1.        ,
       1.        , 1.        , 1.        , 1.        , 1.        ,
       1.        , 1.        , 1.        , 1.        , 1.        ,
       1.        , 1.        , 1.        , 1.        , 1.        ,
       1.        , 1.        , 1.        , 1.        , 1.        ,
       1.        , 1.        , 1.        , 1.        , 1.        ,
       1.        , 1.        , 1.        , 1.        , 1.        ,
       1.        , 1.        , 1.        , 1.        , 1.        ])}"
"{'position_t_minus_1': [40, 49], 'position': [40, 50], 'action': 1, 'current_world_width': 80, 'width_to_left_wall': 39, 'width_to_right_wall': 40, 'obstacles_positions': [[27, 26]]}",10,False
"{'position_t_minus_1': array([0.49382716]), 'position_t': array([0.49382716]), 'action': array([0.5]), 'width_to_walls': array([0.49382716, 0.50617284]), 'obstacles_positions': array([0.37179487, 0.9       , 1.        , 1.        , 1.        ,
       1.        , 1.        , 1.        , 1.        , 1.        ,
       1.        , 1.        , 1.        , 1.        , 1.        ,
       1.        , 1.        , 1.        , 1.        , 1.        ,
       1.        , 1.        , 1.        , 1.        , 1.        ,
       1.        , 1.        , 1.        , 1.        , 1.        ,
       1.        , 1.        , 1.        , 1.        , 1.        ,
       1.        , 1.        , 1.        , 1.        , 1.        ])}"
"{'position_t_minus_1': [40, 50], 'position': [40, 51], 'action': 1, 'current_world_width': 80, 'width_to_left_wall': 39, 'width_to_right_wall': 40, 'obstacles_positions': [[27, 25]]}",10,False
"{'position_t_minus_1': array([0.49382716]), 'position_t': array([0.49382716]), 'action': array([0.5]), 'width_to_walls': array([0.49382716, 0.50617284]), 'obstacles_positions': array([0.37179487, 0.86666667, 1.        , 1.        , 1.        ,
       1.        , 1.        , 1.        , 1.        , 1.        ,
       1.        , 1.        , 1.        , 1.        , 1.        ,
       1.        , 1.        , 1.        , 1.        , 1.        ,
       1.        , 1.        , 1.        , 1.        , 1.        ,
       1.        , 1.        , 1.        , 1.        , 1.        ,
       1.        , 1.        , 1.        , 1.        , 1.        ,
       1.        , 1.        , 1.        , 1.        , 1.        ])}"
"{'position_t_minus_1': [40, 51], 'position': [40, 52], 'action': 1, 'current_world_width': 80, 'width_to_left_wall': 39, 'width_to_right_wall': 40, 'obstacles_positions': [[27, 24]]}",10,False
"{'position_t_minus_1': array([0.49382716]), 'position_t': array([0.49382716]), 'action': array([0.5]), 'width_to_walls': array([0.49382716, 0.50617284]), 'obstacles_positions': array([0.37179487, 0.83333333, 1.        , 1.        , 1.        ,
       1.        , 1.        , 1.        , 1.        , 1.        ,
       1.        , 1.        , 1.        , 1.        , 1.        ,
       1.        , 1.        , 1.        , 1.        , 1.        ,
       1.        , 1.        , 1.        , 1.        , 1.        ,
       1.        , 1.        , 1.        , 1.        , 1.        ,
       1.        , 1.        , 1.        , 1.        , 1.        ,
       1.        , 1.        , 1.        , 1.        , 1.        ])}"
"{'position_t_minus_1': [40, 52], 'position': [40, 53], 'action': 1, 'current_world_width': 80, 'width_to_left_wall': 39, 'width_to_right_wall': 40, 'obstacles_positions': [[27, 23]]}",10,False
"{'position_t_minus_1': array([0.49382716]), 'position_t': array([0.49382716]), 'action': array([0.5]), 'width_to_walls': array([0.49382716, 0.50617284]), 'obstacles_positions': array([0.37179487, 0.8       , 1.        , 1.        , 1.        ,
       1.        , 1.        , 1.        , 1.        , 1.        ,
       1.        , 1.        , 1.        , 1.        , 1.        ,
       1.        , 1.        , 1.        , 1.        , 1.        ,
       1.        , 1.        , 1.        , 1.        , 1.        ,
       1.        , 1.        , 1.        , 1.        , 1.        ,
       1.        , 1.        , 1.        , 1.        , 1.        ,
       1.        , 1.        , 1.        , 1.        , 1.        ])}"
"{'position_t_minus_1': [40, 53], 'position': [40, 54], 'action': 1, 'current_world_width': 80, 'width_to_left_wall': 39, 'width_to_right_wall': 40, 'obstacles_positions': [[27, 22]]}",10,False
"{'position_t_minus_1': array([0.49382716]), 'position_t': array([0.49382716]), 'action': array([0.5]), 'width_to_walls': array([0.49382716, 0.50617284]), 'obstacles_positions': array([0.37179487, 0.76666667, 1.        , 1.        , 1.        ,
       1.        , 1.        , 1.        , 1.        , 1.        ,
       1.        , 1.        , 1.        , 1.        , 1.        ,
       1.        , 1.        , 1.        , 1.        , 1.        ,
       1.        , 1.        , 1.        , 1.        , 1.        ,
       1.        , 1.        , 1.        , 1.        , 1.        ,
       1.        , 1.        , 1.        , 1.        , 1.        ,
       1.        , 1.        , 1.        , 1.        , 1.        ])}"
"{'position_t_minus_1': [40, 54], 'position': [40, 55], 'action': 1, 'current_world_width': 80, 'width_to_left_wall': 39, 'width_to_right_wall': 40, 'obstacles_positions': [[27, 21]]}",10,False
"{'position_t_minus_1': array([0.49382716]), 'position_t': array([0.49382716]), 'action': array([0.5]), 'width_to_walls': array([0.49382716, 0.50617284]), 'obstacles_positions': array([0.37179487, 0.73333333, 1.        , 1.        , 1.        ,
       1.        , 1.        , 1.        , 1.        , 1.        ,
       1.        , 1.        , 1.        , 1.        , 1.        ,
       1.        , 1.        , 1.        , 1.        , 1.        ,
       1.        , 1.        , 1.        , 1.        , 1.        ,
       1.        , 1.        , 1.        , 1.        , 1.        ,
       1.        , 1.        , 1.        , 1.        , 1.        ,
       1.        , 1.        , 1.        , 1.        , 1.        ])}"
"{'position_t_minus_1': [40, 55], 'position': [40, 56], 'action': 1, 'current_world_width': 80, 'width_to_left_wall': 39, 'width_to_right_wall': 40, 'obstacles_positions': [[27, 20]]}",10,False
"{'position_t_minus_1': array([0.49382716]), 'position_t': array([0.49382716]), 'action': array([0.5]), 'width_to_walls': array([0.49382716, 0.50617284]), 'obstacles_positions': array([0.37179487, 0.7       , 1.        , 1.        , 1.        ,
       1.        , 1.        , 1.        , 1.        , 1.        ,
       1.        , 1.        , 1.        , 1.        , 1.        ,
       1.        , 1.        , 1.        , 1.        , 1.        ,
       1.        , 1.        , 1.        , 1.        , 1.        ,
       1.        , 1.        , 1.        , 1.        , 1.        ,
       1.        , 1.        , 1.        , 1.        , 1.        ,
       1.        , 1.        , 1.        , 1.        , 1.        ])}"
"{'position_t_minus_1': [40, 56], 'position': [40, 57], 'action': 1, 'current_world_width': 80, 'width_to_left_wall': 39, 'width_to_right_wall': 40, 'obstacles_positions': [[27, 19]]}",10,False
"{'position_t_minus_1': array([0.49382716]), 'position_t': array([0.49382716]), 'action': array([0.5]), 'width_to_walls': array([0.49382716, 0.50617284]), 'obstacles_positions': array([0.37179487, 0.66666667, 1.        , 1.        , 1.        ,
       1.        , 1.        , 1.        , 1.        , 1.        ,
       1.        , 1.        , 1.        , 1.        , 1.        ,
       1.        , 1.        , 1.        , 1.        , 1.        ,
       1.        , 1.        , 1.        , 1.        , 1.        ,
       1.        , 1.        , 1.        , 1.        , 1.        ,
       1.        , 1.        , 1.        , 1.        , 1.        ,
       1.        , 1.        , 1.        , 1.        , 1.        ])}"
"{'position_t_minus_1': [40, 57], 'position': [40, 58], 'action': 1, 'current_world_width': 80, 'width_to_left_wall': 39, 'width_to_right_wall': 40, 'obstacles_positions': [[27, 18]]}",10,False
"{'position_t_minus_1': array([0.49382716]), 'position_t': array([0.49382716]), 'action': array([0.5]), 'width_to_walls': array([0.49382716, 0.50617284]), 'obstacles_positions': array([0.37179487, 0.63333333, 1.        , 1.        , 1.        ,
       1.        , 1.        , 1.        , 1.        , 1.        ,
       1.        , 1.        , 1.        , 1.        , 1.        ,
       1.        , 1.        , 1.        , 1.        , 1.        ,
       1.        , 1.        , 1.        , 1.        , 1.        ,
       1.        , 1.        , 1.        , 1.        , 1.        ,
       1.        , 1.        , 1.        , 1.        , 1.        ,
       1.        , 1.        , 1.        , 1.        , 1.        ])}"
"{'position_t_minus_1': [40, 58], 'position': [40, 59], 'action': 1, 'current_world_width': 80, 'width_to_left_wall': 39, 'width_to_right_wall': 40, 'obstacles_positions': [[27, 17]]}",10,False
"{'position_t_minus_1': array([0.49382716]), 'position_t': array([0.49382716]), 'action': array([0.5]), 'width_to_walls': array([0.49382716, 0.50617284]), 'obstacles_positions': array([0.37179487, 0.6       , 1.        , 1.        , 1.        ,
       1.        , 1.        , 1.        , 1.        , 1.        ,
       1.        , 1.        , 1.        , 1.        , 1.        ,
       1.        , 1.        , 1.        , 1.        , 1.        ,
       1.        , 1.        , 1.        , 1.        , 1.        ,
       1.        , 1.        , 1.        , 1.        , 1.        ,
       1.        , 1.        , 1.        , 1.        , 1.        ,
       1.        , 1.        , 1.        , 1.        , 1.        ])}"
"{'position_t_minus_1': [40, 59], 'position': [40, 60], 'action': 1, 'current_world_width': 80, 'width_to_left_wall': 39, 'width_to_right_wall': 40, 'obstacles_positions': [[27, 16]]}",10,False
"{'position_t_minus_1': array([0.49382716]), 'position_t': array([0.49382716]), 'action': array([0.5]), 'width_to_walls': array([0.49382716, 0.50617284]), 'obstacles_positions': array([0.37179487, 0.56666667, 1.        , 1.        , 1.        ,
       1.        , 1.        , 1.        , 1.        , 1.        ,
       1.        , 1.        , 1.        , 1.        , 1.        ,
       1.        , 1.        , 1.        , 1.        , 1.        ,
       1.        , 1.        , 1.        , 1.        , 1.        ,
       1.        , 1.        , 1.        , 1.        , 1.        ,
       1.        , 1.        , 1.        , 1.        , 1.        ,
       1.        , 1.        , 1.        , 1.        , 1.        ])}"
"{'position_t_minus_1': [40, 60], 'position': [40, 61], 'action': 1, 'current_world_width': 80, 'width_to_left_wall': 39, 'width_to_right_wall': 40, 'obstacles_positions': [[27, 15]]}",10,False
"{'position_t_minus_1': array([0.49382716]), 'position_t': array([0.49382716]), 'action': array([0.5]), 'width_to_walls': array([0.49382716, 0.50617284]), 'obstacles_positions': array([0.37179487, 0.53333333, 1.        , 1.        , 1.        ,
       1.        , 1.        , 1.        , 1.        , 1.        ,
       1.        , 1.        , 1.        , 1.        , 1.        ,
       1.        , 1.        , 1.        , 1.        , 1.        ,
       1.        , 1.        , 1.        , 1.        , 1.        ,
       1.        , 1.        , 1.        , 1.        , 1.        ,
       1.        , 1.        , 1.        , 1.        , 1.        ,
       1.        , 1.        , 1.        , 1.        , 1.        ])}"
"{'position_t_minus_1': [40, 61], 'position': [40, 62], 'action': 1, 'current_world_width': 80, 'width_to_left_wall': 39, 'width_to_right_wall': 40, 'obstacles_positions': [[27, 14]]}",10,False
"{'position_t_minus_1': array([0.49382716]), 'position_t': array([0.49382716]), 'action': array([0.5]), 'width_to_walls': array([0.49382716, 0.50617284]), 'obstacles_positions': array([0.37179487, 0.5       , 1.        , 1.        , 1.        ,
       1.        , 1.        , 1.        , 1.        , 1.        ,
       1.        , 1.        , 1.        , 1.        , 1.        ,
       1.        , 1.        , 1.        , 1.        , 1.        ,
       1.        , 1.        , 1.        , 1.        , 1.        ,
       1.        , 1.        , 1.        , 1.        , 1.        ,
       1.        , 1.        , 1.        , 1.        , 1.        ,
       1.        , 1.        , 1.        , 1.        , 1.        ])}"
"{'position_t_minus_1': [40, 62], 'position': [40, 63], 'action': 1, 'current_world_width': 80, 'width_to_left_wall': 39, 'width_to_right_wall': 40, 'obstacles_positions': [[27, 13]]}",10,False
"{'position_t_minus_1': array([0.49382716]), 'position_t': array([0.49382716]), 'action': array([0.5]), 'width_to_walls': array([0.49382716, 0.50617284]), 'obstacles_positions': array([0.37179487, 0.46666667, 1.        , 1.        , 1.        ,
       1.        , 1.        , 1.        , 1.        , 1.        ,
       1.        , 1.        , 1.        , 1.        , 1.        ,
       1.        , 1.        , 1.        , 1.        , 1.        ,
       1.        , 1.        , 1.        , 1.        , 1.        ,
       1.        , 1.        , 1.        , 1.        , 1.        ,
       1.        , 1.        , 1.        , 1.        , 1.        ,
       1.        , 1.        , 1.        , 1.        , 1.        ])}"
"{'position_t_minus_1': [40, 63], 'position': [40, 64], 'action': 1, 'current_world_width': 80, 'width_to_left_wall': 39, 'width_to_right_wall': 40, 'obstacles_positions': [[27, 12]]}",10,False
"{'position_t_minus_1': array([0.49382716]), 'position_t': array([0.49382716]), 'action': array([0.5]), 'width_to_walls': array([0.49382716, 0.50617284]), 'obstacles_positions': array([0.37179487, 0.43333333, 1.        , 1.        , 1.        ,
       1.        , 1.        , 1.        , 1.        , 1.        ,
       1.        , 1.        , 1.        , 1.        , 1.        ,
       1.        , 1.        , 1.        , 1.        , 1.        ,
       1.        , 1.        , 1.        , 1.        , 1.        ,
       1.        , 1.        , 1.        , 1.        , 1.        ,
       1.        , 1.        , 1.        , 1.        , 1.        ,
       1.        , 1.        , 1.        , 1.        , 1.        ])}"
"{'position_t_minus_1': [40, 64], 'position': [40, 65], 'action': 1, 'current_world_width': 80, 'width_to_left_wall': 39, 'width_to_right_wall': 40, 'obstacles_positions': [[27, 11], [5, 29]]}",10,False
"{'position_t_minus_1': array([0.49382716]), 'position_t': array([0.49382716]), 'action': array([0.5]), 'width_to_walls': array([0.49382716, 0.50617284]), 'obstacles_positions': array([0.37179487, 0.4       , 0.08974359, 1.        , 1.        ,
       1.        , 1.        , 1.        , 1.        , 1.        ,
       1.        , 1.        , 1.        , 1.        , 1.        ,
       1.        , 1.        , 1.        , 1.        , 1.        ,
       1.        , 1.        , 1.        , 1.        , 1.        ,
       1.        , 1.        , 1.        , 1.        , 1.        ,
       1.        , 1.        , 1.        , 1.        , 1.        ,
       1.        , 1.        , 1.        , 1.        , 1.        ])}"
"{'position_t_minus_1': [40, 65], 'position': [40, 66], 'action': 1, 'current_world_width': 80, 'width_to_left_wall': 39, 'width_to_right_wall': 40, 'obstacles_positions': [[27, 10], [5, 28]]}",10,False
"{'position_t_minus_1': array([0.49382716]), 'position_t': array([0.49382716]), 'action': array([0.5]), 'width_to_walls': array([0.49382716, 0.50617284]), 'obstacles_positions': array([0.37179487, 0.36666667, 0.08974359, 0.96666667, 1.        ,
       1.        , 1.        , 1.        , 1.        , 1.        ,
       1.        , 1.        , 1.        , 1.        , 1.        ,
       1.        , 1.        , 1.        , 1.        , 1.        ,
       1.        , 1.        , 1.        , 1.        , 1.        ,
       1.        , 1.        , 1.        , 1.        , 1.        ,
       1.        , 1.        , 1.        , 1.        , 1.        ,
       1.        , 1.        , 1.        , 1.        , 1.        ])}"
"{'position_t_minus_1': [40, 66], 'position': [40, 67], 'action': 1, 'current_world_width': 80, 'width_to_left_wall': 39, 'width_to_right_wall': 40, 'obstacles_positions': [[27, 9], [5, 27]]}",10,False
"{'position_t_minus_1': array([0.49382716]), 'position_t': array([0.49382716]), 'action': array([0.5]), 'width_to_walls': array([0.49382716, 0.50617284]), 'obstacles_positions': array([0.37179487, 0.33333333, 0.08974359, 0.93333333, 1.        ,
       1.        , 1.        , 1.        , 1.        , 1.        ,
       1.        , 1.        , 1.        , 1.        , 1.        ,
       1.        , 1.        , 1.        , 1.        , 1.        ,
       1.        , 1.        , 1.        , 1.        , 1.        ,
       1.        , 1.        , 1.        , 1.        , 1.        ,
       1.        , 1.        , 1.        , 1.        , 1.        ,
       1.        , 1.        , 1.        , 1.        , 1.        ])}"
"{'position_t_minus_1': [40, 67], 'position': [40, 68], 'action': 1, 'current_world_width': 80, 'width_to_left_wall': 39, 'width_to_right_wall': 40, 'obstacles_positions': [[27, 8], [5, 26]]}",10,False
"{'position_t_minus_1': array([0.49382716]), 'position_t': array([0.49382716]), 'action': array([0.5]), 'width_to_walls': array([0.49382716, 0.50617284]), 'obstacles_positions': array([0.37179487, 0.3       , 0.08974359, 0.9       , 1.        ,
       1.        , 1.        , 1.        , 1.        , 1.        ,
       1.        , 1.        , 1.        , 1.        , 1.        ,
       1.        , 1.        , 1.        , 1.        , 1.        ,
       1.        , 1.        , 1.        , 1.        , 1.        ,
       1.        , 1.        , 1.        , 1.        , 1.        ,
       1.        , 1.        , 1.        , 1.        , 1.        ,
       1.        , 1.        , 1.        , 1.        , 1.        ])}"
"{'position_t_minus_1': [40, 68], 'position': [40, 69], 'action': 1, 'current_world_width': 80, 'width_to_left_wall': 39, 'width_to_right_wall': 40, 'obstacles_positions': [[27, 7], [5, 25]]}",10,False
"{'position_t_minus_1': array([0.49382716]), 'position_t': array([0.49382716]), 'action': array([0.5]), 'width_to_walls': array([0.49382716, 0.50617284]), 'obstacles_positions': array([0.37179487, 0.26666667, 0.08974359, 0.86666667, 1.        ,
       1.        , 1.        , 1.        , 1.        , 1.        ,
       1.        , 1.        , 1.        , 1.        , 1.        ,
       1.        , 1.        , 1.        , 1.        , 1.        ,
       1.        , 1.        , 1.        , 1.        , 1.        ,
       1.        , 1.        , 1.        , 1.        , 1.        ,
       1.        , 1.        , 1.        , 1.        , 1.        ,
       1.        , 1.        , 1.        , 1.        , 1.        ])}"
"{'position_t_minus_1': [40, 69], 'position': [40, 70], 'action': 1, 'current_world_width': 80, 'width_to_left_wall': 39, 'width_to_right_wall': 40, 'obstacles_positions': [[27, 6], [5, 24]]}",10,False
"{'position_t_minus_1': array([0.49382716]), 'position_t': array([0.49382716]), 'action': array([0.5]), 'width_to_walls': array([0.49382716, 0.50617284]), 'obstacles_positions': array([0.37179487, 0.23333333, 0.08974359, 0.83333333, 1.        ,
       1.        , 1.        , 1.        , 1.        , 1.        ,
       1.        , 1.        , 1.        , 1.        , 1.        ,
       1.        , 1.        , 1.        , 1.        , 1.        ,
       1.        , 1.        , 1.        , 1.        , 1.        ,
       1.        , 1.        , 1.        , 1.        , 1.        ,
       1.        , 1.        , 1.        , 1.        , 1.        ,
       1.        , 1.        , 1.        , 1.        , 1.        ])}"
"{'position_t_minus_1': [40, 70], 'position': [40, 71], 'action': 1, 'current_world_width': 80, 'width_to_left_wall': 39, 'width_to_right_wall': 40, 'obstacles_positions': [[27, 5], [5, 23]]}",10,False
"{'position_t_minus_1': array([0.49382716]), 'position_t': array([0.49382716]), 'action': array([0.5]), 'width_to_walls': array([0.49382716, 0.50617284]), 'obstacles_positions': array([0.37179487, 0.2       , 0.08974359, 0.8       , 1.        ,
       1.        , 1.        , 1.        , 1.        , 1.        ,
       1.        , 1.        , 1.        , 1.        , 1.        ,
       1.        , 1.        , 1.        , 1.        , 1.        ,
       1.        , 1.        , 1.        , 1.        , 1.        ,
       1.        , 1.        , 1.        , 1.        , 1.        ,
       1.        , 1.        , 1.        , 1.        , 1.        ,
       1.        , 1.        , 1.        , 1.        , 1.        ])}"
"{'position_t_minus_1': [40, 71], 'position': [40, 72], 'action': 1, 'current_world_width': 80, 'width_to_left_wall': 39, 'width_to_right_wall': 40, 'obstacles_positions': [[27, 4], [5, 22]]}",10,False
"{'position_t_minus_1': array([0.49382716]), 'position_t': array([0.49382716]), 'action': array([0.5]), 'width_to_walls': array([0.49382716, 0.50617284]), 'obstacles_positions': array([0.37179487, 0.16666667, 0.08974359, 0.76666667, 1.        ,
       1.        , 1.        , 1.        , 1.        , 1.        ,
       1.        , 1.        , 1.        , 1.        , 1.        ,
       1.        , 1.        , 1.        , 1.        , 1.        ,
       1.        , 1.        , 1.        , 1.        , 1.        ,
       1.        , 1.        , 1.        , 1.        , 1.        ,
       1.        , 1.        , 1.        , 1.        , 1.        ,
       1.        , 1.        , 1.        , 1.        , 1.        ])}"
"{'position_t_minus_1': [40, 72], 'position': [40, 73], 'action': 1, 'current_world_width': 80, 'width_to_left_wall': 39, 'width_to_right_wall': 40, 'obstacles_positions': [[27, 3], [5, 21]]}",10,False
"{'position_t_minus_1': array([0.49382716]), 'position_t': array([0.49382716]), 'action': array([0.5]), 'width_to_walls': array([0.49382716, 0.50617284]), 'obstacles_positions': array([0.37179487, 0.13333333, 0.08974359, 0.73333333, 1.        ,
       1.        , 1.        , 1.        , 1.        , 1.        ,
       1.        , 1.        , 1.        , 1.        , 1.        ,
       1.        , 1.        , 1.        , 1.        , 1.        ,
       1.        , 1.        , 1.        , 1.        , 1.        ,
       1.        , 1.        , 1.        , 1.        , 1.        ,
       1.        , 1.        , 1.        , 1.        , 1.        ,
       1.        , 1.        , 1.        , 1.        , 1.        ])}"
"{'position_t_minus_1': [40, 73], 'position': [40, 74], 'action': 1, 'current_world_width': 80, 'width_to_left_wall': 39, 'width_to_right_wall': 40, 'obstacles_positions': [[27, 2], [5, 20]]}",10,False
"{'position_t_minus_1': array([0.49382716]), 'position_t': array([0.49382716]), 'action': array([0.5]), 'width_to_walls': array([0.49382716, 0.50617284]), 'obstacles_positions': array([0.37179487, 0.1       , 0.08974359, 0.7       , 1.        ,
       1.        , 1.        , 1.        , 1.        , 1.        ,
       1.        , 1.        , 1.        , 1.        , 1.        ,
       1.        , 1.        , 1.        , 1.        , 1.        ,
       1.        , 1.        , 1.        , 1.        , 1.        ,
       1.        , 1.        , 1.        , 1.        , 1.        ,
       1.        , 1.        , 1.        , 1.        , 1.        ,
       1.        , 1.        , 1.        , 1.        , 1.        ])}"
"{'position_t_minus_1': [40, 74], 'position': [40, 75], 'action': 1, 'current_world_width': 80, 'width_to_left_wall': 39, 'width_to_right_wall': 40, 'obstacles_positions': [[27, 1], [5, 19]]}",10,False
"{'position_t_minus_1': array([0.49382716]), 'position_t': array([0.49382716]), 'action': array([0.5]), 'width_to_walls': array([0.49382716, 0.50617284]), 'obstacles_positions': array([0.37179487, 0.06666667, 0.08974359, 0.66666667, 1.        ,
       1.        , 1.        , 1.        , 1.        , 1.        ,
       1.        , 1.        , 1.        , 1.        , 1.        ,
       1.        , 1.        , 1.        , 1.        , 1.        ,
       1.        , 1.        , 1.        , 1.        , 1.        ,
       1.        , 1.        , 1.        , 1.        , 1.        ,
       1.        , 1.        , 1.        , 1.        , 1.        ,
       1.        , 1.        , 1.        , 1.        , 1.        ])}"
"{'position_t_minus_1': [40, 75], 'position': [40, 76], 'action': 1, 'current_world_width': 80, 'width_to_left_wall': 39, 'width_to_right_wall': 40, 'obstacles_positions': [[27, 0], [5, 18]]}",10,False
"{'position_t_minus_1': array([0.49382716]), 'position_t': array([0.49382716]), 'action': array([0.5]), 'width_to_walls': array([0.49382716, 0.50617284]), 'obstacles_positions': array([0.37179487, 0.03333333, 0.08974359, 0.63333333, 1.        ,
       1.        , 1.        , 1.        , 1.        , 1.        ,
       1.        , 1.        , 1.        , 1.        , 1.        ,
       1.        , 1.        , 1.        , 1.        , 1.        ,
       1.        , 1.        , 1.        , 1.        , 1.        ,
       1.        , 1.        , 1.        , 1.        , 1.        ,
       1.        , 1.        , 1.        , 1.        , 1.        ,
       1.        , 1.        , 1.        , 1.        , 1.        ])}"
"{'position_t_minus_1': [40, 76], 'position': [40, 77], 'action': 1, 'current_world_width': 80, 'width_to_left_wall': 39, 'width_to_right_wall': 40, 'obstacles_positions': [[27, -1], [5, 17]]}",10,False
"{'position_t_minus_1': array([0.49382716]), 'position_t': array([0.49382716]), 'action': array([0.5]), 'width_to_walls': array([0.49382716, 0.50617284]), 'obstacles_positions': array([0.37179487, 0.        , 0.08974359, 0.6       , 1.        ,
       1.        , 1.        , 1.        , 1.        , 1.        ,
       1.        , 1.        , 1.        , 1.        , 1.        ,
       1.        , 1.        , 1.        , 1.        , 1.        ,
       1.        , 1.        , 1.        , 1.        , 1.        ,
       1.        , 1.        , 1.        , 1.        , 1.        ,
       1.        , 1.        , 1.        , 1.        , 1.        ,
       1.        , 1.        , 1.        , 1.        , 1.        ])}"
"{'position_t_minus_1': [40, 77], 'position': [40, 78], 'action': 1, 'current_world_width': 80, 'width_to_left_wall': 39, 'width_to_right_wall': 40, 'obstacles_positions': [[27, -1], [5, 16]]}",10,False
"{'position_t_minus_1': array([0.49382716]), 'position_t': array([0.49382716]), 'action': array([0.5]), 'width_to_walls': array([0.49382716, 0.50617284]), 'obstacles_positions': array([0.37179487, 0.        , 0.08974359, 0.56666667, 1.        ,
       1.        , 1.        , 1.        , 1.        , 1.        ,
       1.        , 1.        , 1.        , 1.        , 1.        ,
       1.        , 1.        , 1.        , 1.        , 1.        ,
       1.        , 1.        , 1.        , 1.        , 1.        ,
       1.        , 1.        , 1.        , 1.        , 1.        ,
       1.        , 1.        , 1.        , 1.        , 1.        ,
       1.        , 1.        , 1.        , 1.        , 1.        ])}"
"{'position_t_minus_1': [40, 78], 'position': [40, 79], 'action': 1, 'current_world_width': 80, 'width_to_left_wall': 39, 'width_to_right_wall': 40, 'obstacles_positions': [[27, -1], [5, 15]]}",10,False
"{'position_t_minus_1': array([0.49382716]), 'position_t': array([0.49382716]), 'action': array([0.5]), 'width_to_walls': array([0.49382716, 0.50617284]), 'obstacles_positions': array([0.37179487, 0.        , 0.08974359, 0.53333333, 1.        ,
       1.        , 1.        , 1.        , 1.        , 1.        ,
       1.        , 1.        , 1.        , 1.        , 1.        ,
       1.        , 1.        , 1.        , 1.        , 1.        ,
       1.        , 1.        , 1.        , 1.        , 1.        ,
       1.        , 1.        , 1.        , 1.        , 1.        ,
       1.        , 1.        , 1.        , 1.        , 1.        ,
       1.        , 1.        , 1.        , 1.        , 1.        ])}"
"{'position_t_minus_1': [40, 79], 'position': [40, 80], 'action': 1, 'current_world_width': 80, 'width_to_left_wall': 39, 'width_to_right_wall': 40, 'obstacles_positions': [[5, 14]]}",10,False
"{'position_t_minus_1': array([0.49382716]), 'position_t': array([0.49382716]), 'action': array([0.5]), 'width_to_walls': array([0.49382716, 0.50617284]), 'obstacles_positions': array([0.08974359, 0.5       , 1.        , 1.        , 1.        ,
       1.        , 1.        , 1.        , 1.        , 1.        ,
       1.        , 1.        , 1.        , 1.        , 1.        ,
       1.        , 1.        , 1.        , 1.        , 1.        ,
       1.        , 1.        , 1.        , 1.        , 1.        ,
       1.        , 1.        , 1.        , 1.        , 1.        ,
       1.        , 1.        , 1.        , 1.        , 1.        ,
       1.        , 1.        , 1.        , 1.        , 1.        ])}"
"{'position_t_minus_1': [40, 80], 'position': [40, 81], 'action': 1, 'current_world_width': 80, 'width_to_left_wall': 39, 'width_to_right_wall': 40, 'obstacles_positions': [[5, 13]]}",10,False
"{'position_t_minus_1': array([0.49382716]), 'position_t': array([0.49382716]), 'action': array([0.5]), 'width_to_walls': array([0.49382716, 0.50617284]), 'obstacles_positions': array([0.08974359, 0.46666667, 1.        , 1.        , 1.        ,
       1.        , 1.        , 1.        , 1.        , 1.        ,
       1.        , 1.        , 1.        , 1.        , 1.        ,
       1.        , 1.        , 1.        , 1.        , 1.        ,
       1.        , 1.        , 1.        , 1.        , 1.        ,
       1.        , 1.        , 1.        , 1.        , 1.        ,
       1.        , 1.        , 1.        , 1.        , 1.        ,
       1.        , 1.        , 1.        , 1.        , 1.        ])}"
"{'position_t_minus_1': [40, 81], 'position': [40, 82], 'action': 1, 'current_world_width': 80, 'width_to_left_wall': 39, 'width_to_right_wall': 40, 'obstacles_positions': [[5, 12]]}",10,False
"{'position_t_minus_1': array([0.49382716]), 'position_t': array([0.49382716]), 'action': array([0.5]), 'width_to_walls': array([0.49382716, 0.50617284]), 'obstacles_positions': array([0.08974359, 0.43333333, 1.        , 1.        , 1.        ,
       1.        , 1.        , 1.        , 1.        , 1.        ,
       1.        , 1.        , 1.        , 1.        , 1.        ,
       1.        , 1.        , 1.        , 1.        , 1.        ,
       1.        , 1.        , 1.        , 1.        , 1.        ,
       1.        , 1.        , 1.        , 1.        , 1.        ,
       1.        , 1.        , 1.        , 1.        , 1.        ,
       1.        , 1.        , 1.        , 1.        , 1.        ])}"
"{'position_t_minus_1': [40, 82], 'position': [40, 83], 'action': 1, 'current_world_width': 80, 'width_to_left_wall': 39, 'width_to_right_wall': 40, 'obstacles_positions': [[5, 11]]}",10,False
"{'position_t_minus_1': array([0.49382716]), 'position_t': array([0.49382716]), 'action': array([0.5]), 'width_to_walls': array([0.49382716, 0.50617284]), 'obstacles_positions': array([0.08974359, 0.4       , 1.        , 1.        , 1.        ,
       1.        , 1.        , 1.        , 1.        , 1.        ,
       1.        , 1.        , 1.        , 1.        , 1.        ,
       1.        , 1.        , 1.        , 1.        , 1.        ,
       1.        , 1.        , 1.        , 1.        , 1.        ,
       1.        , 1.        , 1.        , 1.        , 1.        ,
       1.        , 1.        , 1.        , 1.        , 1.        ,
       1.        , 1.        , 1.        , 1.        , 1.        ])}"
"{'position_t_minus_1': [40, 83], 'position': [40, 84], 'action': 1, 'current_world_width': 80, 'width_to_left_wall': 39, 'width_to_right_wall': 40, 'obstacles_positions': [[5, 10]]}",10,False
"{'position_t_minus_1': array([0.49382716]), 'position_t': array([0.49382716]), 'action': array([0.5]), 'width_to_walls': array([0.49382716, 0.50617284]), 'obstacles_positions': array([0.08974359, 0.36666667, 1.        , 1.        , 1.        ,
       1.        , 1.        , 1.        , 1.        , 1.        ,
       1.        , 1.        , 1.        , 1.        , 1.        ,
       1.        , 1.        , 1.        , 1.        , 1.        ,
       1.        , 1.        , 1.        , 1.        , 1.        ,
       1.        , 1.        , 1.        , 1.        , 1.        ,
       1.        , 1.        , 1.        , 1.        , 1.        ,
       1.        , 1.        , 1.        , 1.        , 1.        ])}"
"{'position_t_minus_1': [40, 84], 'position': [40, 85], 'action': 1, 'current_world_width': 80, 'width_to_left_wall': 39, 'width_to_right_wall': 40, 'obstacles_positions': [[5, 9]]}",10,False
"{'position_t_minus_1': array([0.49382716]), 'position_t': array([0.49382716]), 'action': array([0.5]), 'width_to_walls': array([0.49382716, 0.50617284]), 'obstacles_positions': array([0.08974359, 0.33333333, 1.        , 1.        , 1.        ,
       1.        , 1.        , 1.        , 1.        , 1.        ,
       1.        , 1.        , 1.        , 1.        , 1.        ,
       1.        , 1.        , 1.        , 1.        , 1.        ,
       1.        , 1.        , 1.        , 1.        , 1.        ,
       1.        , 1.        , 1.        , 1.        , 1.        ,
       1.        , 1.        , 1.        , 1.        , 1.        ,
       1.        , 1.        , 1.        , 1.        , 1.        ])}"
"{'position_t_minus_1': [40, 85], 'position': [40, 86], 'action': 1, 'current_world_width': 80, 'width_to_left_wall': 39, 'width_to_right_wall': 40, 'obstacles_positions': [[5, 8], [27, 29]]}",10,False
"{'position_t_minus_1': array([0.49382716]), 'position_t': array([0.49382716]), 'action': array([0.5]), 'width_to_walls': array([0.49382716, 0.50617284]), 'obstacles_positions': array([0.08974359, 0.3       , 0.37179487, 1.        , 1.        ,
       1.        , 1.        , 1.        , 1.        , 1.        ,
       1.        , 1.        , 1.        , 1.        , 1.        ,
       1.        , 1.        , 1.        , 1.        , 1.        ,
       1.        , 1.        , 1.        , 1.        , 1.        ,
       1.        , 1.        , 1.        , 1.        , 1.        ,
       1.        , 1.        , 1.        , 1.        , 1.        ,
       1.        , 1.        , 1.        , 1.        , 1.        ])}"
"{'position_t_minus_1': [40, 86], 'position': [40, 87], 'action': 1, 'current_world_width': 80, 'width_to_left_wall': 39, 'width_to_right_wall': 40, 'obstacles_positions': [[5, 7], [27, 28]]}",10,False
"{'position_t_minus_1': array([0.49382716]), 'position_t': array([0.49382716]), 'action': array([0.5]), 'width_to_walls': array([0.49382716, 0.50617284]), 'obstacles_positions': array([0.08974359, 0.26666667, 0.37179487, 0.96666667, 1.        ,
       1.        , 1.        , 1.        , 1.        , 1.        ,
       1.        , 1.        , 1.        , 1.        , 1.        ,
       1.        , 1.        , 1.        , 1.        , 1.        ,
       1.        , 1.        , 1.        , 1.        , 1.        ,
       1.        , 1.        , 1.        , 1.        , 1.        ,
       1.        , 1.        , 1.        , 1.        , 1.        ,
       1.        , 1.        , 1.        , 1.        , 1.        ])}"
"{'position_t_minus_1': [40, 87], 'position': [40, 88], 'action': 1, 'current_world_width': 80, 'width_to_left_wall': 39, 'width_to_right_wall': 40, 'obstacles_positions': [[5, 6], [27, 27]]}",10,False
"{'position_t_minus_1': array([0.49382716]), 'position_t': array([0.49382716]), 'action': array([0.5]), 'width_to_walls': array([0.49382716, 0.50617284]), 'obstacles_positions': array([0.08974359, 0.23333333, 0.37179487, 0.93333333, 1.        ,
       1.        , 1.        , 1.        , 1.        , 1.        ,
       1.        , 1.        , 1.        , 1.        , 1.        ,
       1.        , 1.        , 1.        , 1.        , 1.        ,
       1.        , 1.        , 1.        , 1.        , 1.        ,
       1.        , 1.        , 1.        , 1.        , 1.        ,
       1.        , 1.        , 1.        , 1.        , 1.        ,
       1.        , 1.        , 1.        , 1.        , 1.        ])}"
"{'position_t_minus_1': [40, 88], 'position': [40, 89], 'action': 1, 'current_world_width': 80, 'width_to_left_wall': 39, 'width_to_right_wall': 40, 'obstacles_positions': [[5, 5], [27, 26]]}",10,False
"{'position_t_minus_1': array([0.49382716]), 'position_t': array([0.49382716]), 'action': array([0.5]), 'width_to_walls': array([0.49382716, 0.50617284]), 'obstacles_positions': array([0.08974359, 0.2       , 0.37179487, 0.9       , 1.        ,
       1.        , 1.        , 1.        , 1.        , 1.        ,
       1.        , 1.        , 1.        , 1.        , 1.        ,
       1.        , 1.        , 1.        , 1.        , 1.        ,
       1.        , 1.        , 1.        , 1.        , 1.        ,
       1.        , 1.        , 1.        , 1.        , 1.        ,
       1.        , 1.        , 1.        , 1.        , 1.        ,
       1.        , 1.        , 1.        , 1.        , 1.        ])}"
"{'position_t_minus_1': [40, 89], 'position': [40, 90], 'action': 1, 'current_world_width': 80, 'width_to_left_wall': 39, 'width_to_right_wall': 40, 'obstacles_positions': [[5, 4], [27, 25]]}",10,False
"{'position_t_minus_1': array([0.49382716]), 'position_t': array([0.49382716]), 'action': array([0.5]), 'width_to_walls': array([0.49382716, 0.50617284]), 'obstacles_positions': array([0.08974359, 0.16666667, 0.37179487, 0.86666667, 1.        ,
       1.        , 1.        , 1.        , 1.        , 1.        ,
       1.        , 1.        , 1.        , 1.        , 1.        ,
       1.        , 1.        , 1.        , 1.        , 1.        ,
       1.        , 1.        , 1.        , 1.        , 1.        ,
       1.        , 1.        , 1.        , 1.        , 1.        ,
       1.        , 1.        , 1.        , 1.        , 1.        ,
       1.        , 1.        , 1.        , 1.        , 1.        ])}"
"{'position_t_minus_1': [40, 90], 'position': [40, 91], 'action': 1, 'current_world_width': 80, 'width_to_left_wall': 39, 'width_to_right_wall': 40, 'obstacles_positions': [[5, 3], [27, 24]]}",10,False
"{'position_t_minus_1': array([0.49382716]), 'position_t': array([0.49382716]), 'action': array([0.5]), 'width_to_walls': array([0.49382716, 0.50617284]), 'obstacles_positions': array([0.08974359, 0.13333333, 0.37179487, 0.83333333, 1.        ,
       1.        , 1.        , 1.        , 1.        , 1.        ,
       1.        , 1.        , 1.        , 1.        , 1.        ,
       1.        , 1.        , 1.        , 1.        , 1.        ,
       1.        , 1.        , 1.        , 1.        , 1.        ,
       1.        , 1.        , 1.        , 1.        , 1.        ,
       1.        , 1.        , 1.        , 1.        , 1.        ,
       1.        , 1.        , 1.        , 1.        , 1.        ])}"
"{'position_t_minus_1': [40, 91], 'position': [40, 92], 'action': 1, 'current_world_width': 80, 'width_to_left_wall': 39, 'width_to_right_wall': 40, 'obstacles_positions': [[5, 2], [27, 23]]}",0,False
"{'position_t_minus_1': array([0.49382716]), 'position_t': array([0.49382716]), 'action': array([0.5]), 'width_to_walls': array([0.49382716, 0.50617284]), 'obstacles_positions': array([0.08974359, 0.1       , 0.37179487, 0.8       , 1.        ,
       1.        , 1.        , 1.        , 1.        , 1.        ,
       1.        , 1.        , 1.        , 1.        , 1.        ,
       1.        , 1.        , 1.        , 1.        , 1.        ,
       1.        , 1.        , 1.        , 1.        , 1.        ,
       1.        , 1.        , 1.        , 1.        , 1.        ,
       1.        , 1.        , 1.        , 1.        , 1.        ,
       1.        , 1.        , 1.        , 1.        , 1.        ])}"
"{'position_t_minus_1': [40, 92], 'position': [40, 93], 'action': 1, 'current_world_width': 80, 'width_to_left_wall': 39, 'width_to_right_wall': 40, 'obstacles_positions': [[5, 1], [27, 22]]}",0,False
"{'position_t_minus_1': array([0.49382716]), 'position_t': array([0.49382716]), 'action': array([0.5]), 'width_to_walls': array([0.49382716, 0.50617284]), 'obstacles_positions': array([0.08974359, 0.06666667, 0.37179487, 0.76666667, 1.        ,
       1.        , 1.        , 1.        , 1.        , 1.        ,
       1.        , 1.        , 1.        , 1.        , 1.        ,
       1.        , 1.        , 1.        , 1.        , 1.        ,
       1.        , 1.        , 1.        , 1.        , 1.        ,
       1.        , 1.        , 1.        , 1.        , 1.        ,
       1.        , 1.        , 1.        , 1.        , 1.        ,
       1.        , 1.        , 1.        , 1.        , 1.        ])}"
"{'position_t_minus_1': [40, 93], 'position': [40, 94], 'action': 1, 'current_world_width': 80, 'width_to_left_wall': 39, 'width_to_right_wall': 40, 'obstacles_positions': [[5, 0], [27, 21]]}",0,False
"{'position_t_minus_1': array([0.49382716]), 'position_t': array([0.49382716]), 'action': array([0.5]), 'width_to_walls': array([0.49382716, 0.50617284]), 'obstacles_positions': array([0.08974359, 0.03333333, 0.37179487, 0.73333333, 1.        ,
       1.        , 1.        , 1.        , 1.        , 1.        ,
       1.        , 1.        , 1.        , 1.        , 1.        ,
       1.        , 1.        , 1.        , 1.        , 1.        ,
       1.        , 1.        , 1.        , 1.        , 1.        ,
       1.        , 1.        , 1.        , 1.        , 1.        ,
       1.        , 1.        , 1.        , 1.        , 1.        ,
       1.        , 1.        , 1.        , 1.        , 1.        ])}"
"{'position_t_minus_1': [40, 94], 'position': [40, 95], 'action': 1, 'current_world_width': 80, 'width_to_left_wall': 39, 'width_to_right_wall': 40, 'obstacles_positions': [[5, -1], [27, 20]]}",0,False
"{'position_t_minus_1': array([0.49382716]), 'position_t': array([0.49382716]), 'action': array([0.5]), 'width_to_walls': array([0.49382716, 0.50617284]), 'obstacles_positions': array([0.08974359, 0.        , 0.37179487, 0.7       , 1.        ,
       1.        , 1.        , 1.        , 1.        , 1.        ,
       1.        , 1.        , 1.        , 1.        , 1.        ,
       1.        , 1.        , 1.        , 1.        , 1.        ,
       1.        , 1.        , 1.        , 1.        , 1.        ,
       1.        , 1.        , 1.        , 1.        , 1.        ,
       1.        , 1.        , 1.        , 1.        , 1.        ,
       1.        , 1.        , 1.        , 1.        , 1.        ])}"
"{'position_t_minus_1': [40, 95], 'position': [40, 96], 'action': 1, 'current_world_width': 80, 'width_to_left_wall': 39, 'width_to_right_wall': 40, 'obstacles_positions': [[5, -1], [27, 19]]}",0,False
"{'position_t_minus_1': array([0.49382716]), 'position_t': array([0.49382716]), 'action': array([0.5]), 'width_to_walls': array([0.49382716, 0.50617284]), 'obstacles_positions': array([0.08974359, 0.        , 0.37179487, 0.66666667, 1.        ,
       1.        , 1.        , 1.        , 1.        , 1.        ,
       1.        , 1.        , 1.        , 1.        , 1.        ,
       1.        , 1.        , 1.        , 1.        , 1.        ,
       1.        , 1.        , 1.        , 1.        , 1.        ,
       1.        , 1.        , 1.        , 1.        , 1.        ,
       1.        , 1.        , 1.        , 1.        , 1.        ,
       1.        , 1.        , 1.        , 1.        , 1.        ])}"
"{'position_t_minus_1': [40, 96], 'position': [40, 97], 'action': 1, 'current_world_width': 80, 'width_to_left_wall': 39, 'width_to_right_wall': 40, 'obstacles_positions': [[5, -1], [27, 18]]}",0,False
"{'position_t_minus_1': array([0.49382716]), 'position_t': array([0.49382716]), 'action': array([0.5]), 'width_to_walls': array([0.49382716, 0.50617284]), 'obstacles_positions': array([0.08974359, 0.        , 0.37179487, 0.63333333, 1.        ,
       1.        , 1.        , 1.        , 1.        , 1.        ,
       1.        , 1.        , 1.        , 1.        , 1.        ,
       1.        , 1.        , 1.        , 1.        , 1.        ,
       1.        , 1.        , 1.        , 1.        , 1.        ,
       1.        , 1.        , 1.        , 1.        , 1.        ,
       1.        , 1.        , 1.        , 1.        , 1.        ,
       1.        , 1.        , 1.        , 1.        , 1.        ])}"
"{'position_t_minus_1': [40, 97], 'position': [40, 98], 'action': 1, 'current_world_width': 80, 'width_to_left_wall': 39, 'width_to_right_wall': 40, 'obstacles_positions': [[27, 17]]}",10,False
"{'position_t_minus_1': array([0.49382716]), 'position_t': array([0.49382716]), 'action': array([0.5]), 'width_to_walls': array([0.49382716, 0.50617284]), 'obstacles_positions': array([0.37179487, 0.6       , 1.        , 1.        , 1.        ,
       1.        , 1.        , 1.        , 1.        , 1.        ,
       1.        , 1.        , 1.        , 1.        , 1.        ,
       1.        , 1.        , 1.        , 1.        , 1.        ,
       1.        , 1.        , 1.        , 1.        , 1.        ,
       1.        , 1.        , 1.        , 1.        , 1.        ,
       1.        , 1.        , 1.        , 1.        , 1.        ,
       1.        , 1.        , 1.        , 1.        , 1.        ])}"
"{'position_t_minus_1': [40, 98], 'position': [40, 99], 'action': 1, 'current_world_width': 80, 'width_to_left_wall': 39, 'width_to_right_wall': 40, 'obstacles_positions': [[27, 16]]}",10,False
"{'position_t_minus_1': array([0.49382716]), 'position_t': array([0.49382716]), 'action': array([0.5]), 'width_to_walls': array([0.49382716, 0.50617284]), 'obstacles_positions': array([0.37179487, 0.56666667, 1.        , 1.        , 1.        ,
       1.        , 1.        , 1.        , 1.        , 1.        ,
       1.        , 1.        , 1.        , 1.        , 1.        ,
       1.        , 1.        , 1.        , 1.        , 1.        ,
       1.        , 1.        , 1.        , 1.        , 1.        ,
       1.        , 1.        , 1.        , 1.        , 1.        ,
       1.        , 1.        , 1.        , 1.        , 1.        ,
       1.        , 1.        , 1.        , 1.        , 1.        ])}"
"{'position_t_minus_1': [40, 99], 'position': [40, 100], 'action': 1, 'current_world_width': 80, 'width_to_left_wall': 39, 'width_to_right_wall': 40, 'obstacles_positions': [[27, 15]]}",10,False
"{'position_t_minus_1': array([0.49382716]), 'position_t': array([0.49382716]), 'action': array([0.5]), 'width_to_walls': array([0.49382716, 0.50617284]), 'obstacles_positions': array([0.37179487, 0.53333333, 1.        , 1.        , 1.        ,
       1.        , 1.        , 1.        , 1.        , 1.        ,
       1.        , 1.        , 1.        , 1.        , 1.        ,
       1.        , 1.        , 1.        , 1.        , 1.        ,
       1.        , 1.        , 1.        , 1.        , 1.        ,
       1.        , 1.        , 1.        , 1.        , 1.        ,
       1.        , 1.        , 1.        , 1.        , 1.        ,
       1.        , 1.        , 1.        , 1.        , 1.        ])}"
"{'position_t_minus_1': [40, 100], 'position': [40, 101], 'action': 1, 'current_world_width': 80, 'width_to_left_wall': 39, 'width_to_right_wall': 40, 'obstacles_positions': [[27, 14]]}",10,False
"{'position_t_minus_1': array([0.49382716]), 'position_t': array([0.49382716]), 'action': array([0.5]), 'width_to_walls': array([0.49382716, 0.50617284]), 'obstacles_positions': array([0.37179487, 0.5       , 1.        , 1.        , 1.        ,
       1.        , 1.        , 1.        , 1.        , 1.        ,
       1.        , 1.        , 1.        , 1.        , 1.        ,
       1.        , 1.        , 1.        , 1.        , 1.        ,
       1.        , 1.        , 1.        , 1.        , 1.        ,
       1.        , 1.        , 1.        , 1.        , 1.        ,
       1.        , 1.        , 1.        , 1.        , 1.        ,
       1.        , 1.        , 1.        , 1.        , 1.        ])}"
"{'position_t_minus_1': [40, 101], 'position': [40, 102], 'action': 1, 'current_world_width': 80, 'width_to_left_wall': 39, 'width_to_right_wall': 40, 'obstacles_positions': [[27, 13]]}",10,False
"{'position_t_minus_1': array([0.49382716]), 'position_t': array([0.49382716]), 'action': array([0.5]), 'width_to_walls': array([0.49382716, 0.50617284]), 'obstacles_positions': array([0.37179487, 0.46666667, 1.        , 1.        , 1.        ,
       1.        , 1.        , 1.        , 1.        , 1.        ,
       1.        , 1.        , 1.        , 1.        , 1.        ,
       1.        , 1.        , 1.        , 1.        , 1.        ,
       1.        , 1.        , 1.        , 1.        , 1.        ,
       1.        , 1.        , 1.        , 1.        , 1.        ,
       1.        , 1.        , 1.        , 1.        , 1.        ,
       1.        , 1.        , 1.        , 1.        , 1.        ])}"
"{'position_t_minus_1': [40, 102], 'position': [40, 103], 'action': 1, 'current_world_width': 80, 'width_to_left_wall': 39, 'width_to_right_wall': 40, 'obstacles_positions': [[27, 12], [25, 29]]}",10,False
"{'position_t_minus_1': array([0.49382716]), 'position_t': array([0.49382716]), 'action': array([0.5]), 'width_to_walls': array([0.49382716, 0.50617284]), 'obstacles_positions': array([0.37179487, 0.43333333, 0.34615385, 1.        , 1.        ,
       1.        , 1.        , 1.        , 1.        , 1.        ,
       1.        , 1.        , 1.        , 1.        , 1.        ,
       1.        , 1.        , 1.        , 1.        , 1.        ,
       1.        , 1.        , 1.        , 1.        , 1.        ,
       1.        , 1.        , 1.        , 1.        , 1.        ,
       1.        , 1.        , 1.        , 1.        , 1.        ,
       1.        , 1.        , 1.        , 1.        , 1.        ])}"
"{'position_t_minus_1': [40, 103], 'position': [40, 104], 'action': 1, 'current_world_width': 80, 'width_to_left_wall': 39, 'width_to_right_wall': 40, 'obstacles_positions': [[27, 11], [25, 28]]}",10,False
"{'position_t_minus_1': array([0.49382716]), 'position_t': array([0.49382716]), 'action': array([0.5]), 'width_to_walls': array([0.49382716, 0.50617284]), 'obstacles_positions': array([0.37179487, 0.4       , 0.34615385, 0.96666667, 1.        ,
       1.        , 1.        , 1.        , 1.        , 1.        ,
       1.        , 1.        , 1.        , 1.        , 1.        ,
       1.        , 1.        , 1.        , 1.        , 1.        ,
       1.        , 1.        , 1.        , 1.        , 1.        ,
       1.        , 1.        , 1.        , 1.        , 1.        ,
       1.        , 1.        , 1.        , 1.        , 1.        ,
       1.        , 1.        , 1.        , 1.        , 1.        ])}"
"{'position_t_minus_1': [40, 104], 'position': [40, 105], 'action': 1, 'current_world_width': 80, 'width_to_left_wall': 39, 'width_to_right_wall': 40, 'obstacles_positions': [[27, 10], [25, 27]]}",10,False
"{'position_t_minus_1': array([0.49382716]), 'position_t': array([0.49382716]), 'action': array([0.5]), 'width_to_walls': array([0.49382716, 0.50617284]), 'obstacles_positions': array([0.37179487, 0.36666667, 0.34615385, 0.93333333, 1.        ,
       1.        , 1.        , 1.        , 1.        , 1.        ,
       1.        , 1.        , 1.        , 1.        , 1.        ,
       1.        , 1.        , 1.        , 1.        , 1.        ,
       1.        , 1.        , 1.        , 1.        , 1.        ,
       1.        , 1.        , 1.        , 1.        , 1.        ,
       1.        , 1.        , 1.        , 1.        , 1.        ,
       1.        , 1.        , 1.        , 1.        , 1.        ])}"
"{'position_t_minus_1': [40, 105], 'position': [40, 106], 'action': 1, 'current_world_width': 80, 'width_to_left_wall': 39, 'width_to_right_wall': 40, 'obstacles_positions': [[27, 9], [25, 26]]}",10,False
"{'position_t_minus_1': array([0.49382716]), 'position_t': array([0.49382716]), 'action': array([0.5]), 'width_to_walls': array([0.49382716, 0.50617284]), 'obstacles_positions': array([0.37179487, 0.33333333, 0.34615385, 0.9       , 1.        ,
       1.        , 1.        , 1.        , 1.        , 1.        ,
       1.        , 1.        , 1.        , 1.        , 1.        ,
       1.        , 1.        , 1.        , 1.        , 1.        ,
       1.        , 1.        , 1.        , 1.        , 1.        ,
       1.        , 1.        , 1.        , 1.        , 1.        ,
       1.        , 1.        , 1.        , 1.        , 1.        ,
       1.        , 1.        , 1.        , 1.        , 1.        ])}"
"{'position_t_minus_1': [40, 106], 'position': [40, 107], 'action': 1, 'current_world_width': 80, 'width_to_left_wall': 39, 'width_to_right_wall': 40, 'obstacles_positions': [[27, 8], [25, 25]]}",10,False
"{'position_t_minus_1': array([0.49382716]), 'position_t': array([0.49382716]), 'action': array([0.5]), 'width_to_walls': array([0.49382716, 0.50617284]), 'obstacles_positions': array([0.37179487, 0.3       , 0.34615385, 0.86666667, 1.        ,
       1.        , 1.        , 1.        , 1.        , 1.        ,
       1.        , 1.        , 1.        , 1.        , 1.        ,
       1.        , 1.        , 1.        , 1.        , 1.        ,
       1.        , 1.        , 1.        , 1.        , 1.        ,
       1.        , 1.        , 1.        , 1.        , 1.        ,
       1.        , 1.        , 1.        , 1.        , 1.        ,
       1.        , 1.        , 1.        , 1.        , 1.        ])}"
"{'position_t_minus_1': [40, 107], 'position': [40, 108], 'action': 1, 'current_world_width': 80, 'width_to_left_wall': 39, 'width_to_right_wall': 40, 'obstacles_positions': [[27, 7], [25, 24]]}",10,False
"{'position_t_minus_1': array([0.49382716]), 'position_t': array([0.49382716]), 'action': array([0.5]), 'width_to_walls': array([0.49382716, 0.50617284]), 'obstacles_positions': array([0.37179487, 0.26666667, 0.34615385, 0.83333333, 1.        ,
       1.        , 1.        , 1.        , 1.        , 1.        ,
       1.        , 1.        , 1.        , 1.        , 1.        ,
       1.        , 1.        , 1.        , 1.        , 1.        ,
       1.        , 1.        , 1.        , 1.        , 1.        ,
       1.        , 1.        , 1.        , 1.        , 1.        ,
       1.        , 1.        , 1.        , 1.        , 1.        ,
       1.        , 1.        , 1.        , 1.        , 1.        ])}"
"{'position_t_minus_1': [40, 108], 'position': [40, 109], 'action': 1, 'current_world_width': 80, 'width_to_left_wall': 39, 'width_to_right_wall': 40, 'obstacles_positions': [[27, 6], [25, 23]]}",10,False
"{'position_t_minus_1': array([0.49382716]), 'position_t': array([0.49382716]), 'action': array([0.5]), 'width_to_walls': array([0.49382716, 0.50617284]), 'obstacles_positions': array([0.37179487, 0.23333333, 0.34615385, 0.8       , 1.        ,
       1.        , 1.        , 1.        , 1.        , 1.        ,
       1.        , 1.        , 1.        , 1.        , 1.        ,
       1.        , 1.        , 1.        , 1.        , 1.        ,
       1.        , 1.        , 1.        , 1.        , 1.        ,
       1.        , 1.        , 1.        , 1.        , 1.        ,
       1.        , 1.        , 1.        , 1.        , 1.        ,
       1.        , 1.        , 1.        , 1.        , 1.        ])}"
"{'position_t_minus_1': [40, 109], 'position': [40, 110], 'action': 1, 'current_world_width': 80, 'width_to_left_wall': 39, 'width_to_right_wall': 40, 'obstacles_positions': [[27, 5], [25, 22]]}",10,False
"{'position_t_minus_1': array([0.49382716]), 'position_t': array([0.49382716]), 'action': array([0.5]), 'width_to_walls': array([0.49382716, 0.50617284]), 'obstacles_positions': array([0.37179487, 0.2       , 0.34615385, 0.76666667, 1.        ,
       1.        , 1.        , 1.        , 1.        , 1.        ,
       1.        , 1.        , 1.        , 1.        , 1.        ,
       1.        , 1.        , 1.        , 1.        , 1.        ,
       1.        , 1.        , 1.        , 1.        , 1.        ,
       1.        , 1.        , 1.        , 1.        , 1.        ,
       1.        , 1.        , 1.        , 1.        , 1.        ,
       1.        , 1.        , 1.        , 1.        , 1.        ])}"
"{'position_t_minus_1': [40, 110], 'position': [40, 111], 'action': 1, 'current_world_width': 80, 'width_to_left_wall': 39, 'width_to_right_wall': 40, 'obstacles_positions': [[27, 4], [25, 21]]}",10,False
"{'position_t_minus_1': array([0.49382716]), 'position_t': array([0.49382716]), 'action': array([0.5]), 'width_to_walls': array([0.49382716, 0.50617284]), 'obstacles_positions': array([0.37179487, 0.16666667, 0.34615385, 0.73333333, 1.        ,
       1.        , 1.        , 1.        , 1.        , 1.        ,
       1.        , 1.        , 1.        , 1.        , 1.        ,
       1.        , 1.        , 1.        , 1.        , 1.        ,
       1.        , 1.        , 1.        , 1.        , 1.        ,
       1.        , 1.        , 1.        , 1.        , 1.        ,
       1.        , 1.        , 1.        , 1.        , 1.        ,
       1.        , 1.        , 1.        , 1.        , 1.        ])}"
"{'position_t_minus_1': [40, 111], 'position': [40, 112], 'action': 1, 'current_world_width': 80, 'width_to_left_wall': 39, 'width_to_right_wall': 40, 'obstacles_positions': [[27, 3], [25, 20]]}",10,False
"{'position_t_minus_1': array([0.49382716]), 'position_t': array([0.49382716]), 'action': array([0.5]), 'width_to_walls': array([0.49382716, 0.50617284]), 'obstacles_positions': array([0.37179487, 0.13333333, 0.34615385, 0.7       , 1.        ,
       1.        , 1.        , 1.        , 1.        , 1.        ,
       1.        , 1.        , 1.        , 1.        , 1.        ,
       1.        , 1.        , 1.        , 1.        , 1.        ,
       1.        , 1.        , 1.        , 1.        , 1.        ,
       1.        , 1.        , 1.        , 1.        , 1.        ,
       1.        , 1.        , 1.        , 1.        , 1.        ,
       1.        , 1.        , 1.        , 1.        , 1.        ])}"
"{'position_t_minus_1': [40, 112], 'position': [40, 113], 'action': 1, 'current_world_width': 80, 'width_to_left_wall': 39, 'width_to_right_wall': 40, 'obstacles_positions': [[27, 2], [25, 19]]}",10,False
"{'position_t_minus_1': array([0.49382716]), 'position_t': array([0.49382716]), 'action': array([0.5]), 'width_to_walls': array([0.49382716, 0.50617284]), 'obstacles_positions': array([0.37179487, 0.1       , 0.34615385, 0.66666667, 1.        ,
       1.        , 1.        , 1.        , 1.        , 1.        ,
       1.        , 1.        , 1.        , 1.        , 1.        ,
       1.        , 1.        , 1.        , 1.        , 1.        ,
       1.        , 1.        , 1.        , 1.        , 1.        ,
       1.        , 1.        , 1.        , 1.        , 1.        ,
       1.        , 1.        , 1.        , 1.        , 1.        ,
       1.        , 1.        , 1.        , 1.        , 1.        ])}"
"{'position_t_minus_1': [40, 113], 'position': [40, 114], 'action': 1, 'current_world_width': 80, 'width_to_left_wall': 39, 'width_to_right_wall': 40, 'obstacles_positions': [[27, 1], [25, 18]]}",10,False
"{'position_t_minus_1': array([0.49382716]), 'position_t': array([0.49382716]), 'action': array([0.5]), 'width_to_walls': array([0.49382716, 0.50617284]), 'obstacles_positions': array([0.37179487, 0.06666667, 0.34615385, 0.63333333, 1.        ,
       1.        , 1.        , 1.        , 1.        , 1.        ,
       1.        , 1.        , 1.        , 1.        , 1.        ,
       1.        , 1.        , 1.        , 1.        , 1.        ,
       1.        , 1.        , 1.        , 1.        , 1.        ,
       1.        , 1.        , 1.        , 1.        , 1.        ,
       1.        , 1.        , 1.        , 1.        , 1.        ,
       1.        , 1.        , 1.        , 1.        , 1.        ])}"
"{'position_t_minus_1': [40, 114], 'position': [40, 115], 'action': 1, 'current_world_width': 80, 'width_to_left_wall': 39, 'width_to_right_wall': 40, 'obstacles_positions': [[27, 0], [25, 17]]}",10,False
"{'position_t_minus_1': array([0.49382716]), 'position_t': array([0.49382716]), 'action': array([0.5]), 'width_to_walls': array([0.49382716, 0.50617284]), 'obstacles_positions': array([0.37179487, 0.03333333, 0.34615385, 0.6       , 1.        ,
       1.        , 1.        , 1.        , 1.        , 1.        ,
       1.        , 1.        , 1.        , 1.        , 1.        ,
       1.        , 1.        , 1.        , 1.        , 1.        ,
       1.        , 1.        , 1.        , 1.        , 1.        ,
       1.        , 1.        , 1.        , 1.        , 1.        ,
       1.        , 1.        , 1.        , 1.        , 1.        ,
       1.        , 1.        , 1.        , 1.        , 1.        ])}"
"{'position_t_minus_1': [40, 115], 'position': [40, 116], 'action': 1, 'current_world_width': 80, 'width_to_left_wall': 39, 'width_to_right_wall': 40, 'obstacles_positions': [[27, -1], [25, 16]]}",10,False
"{'position_t_minus_1': array([0.49382716]), 'position_t': array([0.49382716]), 'action': array([0.5]), 'width_to_walls': array([0.49382716, 0.50617284]), 'obstacles_positions': array([0.37179487, 0.        , 0.34615385, 0.56666667, 1.        ,
       1.        , 1.        , 1.        , 1.        , 1.        ,
       1.        , 1.        , 1.        , 1.        , 1.        ,
       1.        , 1.        , 1.        , 1.        , 1.        ,
       1.        , 1.        , 1.        , 1.        , 1.        ,
       1.        , 1.        , 1.        , 1.        , 1.        ,
       1.        , 1.        , 1.        , 1.        , 1.        ,
       1.        , 1.        , 1.        , 1.        , 1.        ])}"
"{'position_t_minus_1': [40, 116], 'position': [40, 117], 'action': 1, 'current_world_width': 80, 'width_to_left_wall': 39, 'width_to_right_wall': 40, 'obstacles_positions': [[27, -1], [25, 15]]}",10,False
"{'position_t_minus_1': array([0.49382716]), 'position_t': array([0.49382716]), 'action': array([0.5]), 'width_to_walls': array([0.49382716, 0.50617284]), 'obstacles_positions': array([0.37179487, 0.        , 0.34615385, 0.53333333, 1.        ,
       1.        , 1.        , 1.        , 1.        , 1.        ,
       1.        , 1.        , 1.        , 1.        , 1.        ,
       1.        , 1.        , 1.        , 1.        , 1.        ,
       1.        , 1.        , 1.        , 1.        , 1.        ,
       1.        , 1.        , 1.        , 1.        , 1.        ,
       1.        , 1.        , 1.        , 1.        , 1.        ,
       1.        , 1.        , 1.        , 1.        , 1.        ])}"
"{'position_t_minus_1': [40, 117], 'position': [40, 118], 'action': 1, 'current_world_width': 80, 'width_to_left_wall': 39, 'width_to_right_wall': 40, 'obstacles_positions': [[27, -1], [25, 14]]}",10,False
"{'position_t_minus_1': array([0.49382716]), 'position_t': array([0.49382716]), 'action': array([0.5]), 'width_to_walls': array([0.49382716, 0.50617284]), 'obstacles_positions': array([0.37179487, 0.        , 0.34615385, 0.5       , 1.        ,
       1.        , 1.        , 1.        , 1.        , 1.        ,
       1.        , 1.        , 1.        , 1.        , 1.        ,
       1.        , 1.        , 1.        , 1.        , 1.        ,
       1.        , 1.        , 1.        , 1.        , 1.        ,
       1.        , 1.        , 1.        , 1.        , 1.        ,
       1.        , 1.        , 1.        , 1.        , 1.        ,
       1.        , 1.        , 1.        , 1.        , 1.        ])}"
"{'position_t_minus_1': [40, 118], 'position': [40, 119], 'action': 1, 'current_world_width': 80, 'width_to_left_wall': 39, 'width_to_right_wall': 40, 'obstacles_positions': [[25, 13]]}",10,False
"{'position_t_minus_1': array([0.49382716]), 'position_t': array([0.49382716]), 'action': array([0.5]), 'width_to_walls': array([0.49382716, 0.50617284]), 'obstacles_positions': array([0.34615385, 0.46666667, 1.        , 1.        , 1.        ,
       1.        , 1.        , 1.        , 1.        , 1.        ,
       1.        , 1.        , 1.        , 1.        , 1.        ,
       1.        , 1.        , 1.        , 1.        , 1.        ,
       1.        , 1.        , 1.        , 1.        , 1.        ,
       1.        , 1.        , 1.        , 1.        , 1.        ,
       1.        , 1.        , 1.        , 1.        , 1.        ,
       1.        , 1.        , 1.        , 1.        , 1.        ])}"
"{'position_t_minus_1': [40, 119], 'position': [40, 120], 'action': 1, 'current_world_width': 80, 'width_to_left_wall': 39, 'width_to_right_wall': 40, 'obstacles_positions': [[25, 12]]}",10,False
"{'position_t_minus_1': array([0.49382716]), 'position_t': array([0.49382716]), 'action': array([0.5]), 'width_to_walls': array([0.49382716, 0.50617284]), 'obstacles_positions': array([0.34615385, 0.43333333, 1.        , 1.        , 1.        ,
       1.        , 1.        , 1.        , 1.        , 1.        ,
       1.        , 1.        , 1.        , 1.        , 1.        ,
       1.        , 1.        , 1.        , 1.        , 1.        ,
       1.        , 1.        , 1.        , 1.        , 1.        ,
       1.        , 1.        , 1.        , 1.        , 1.        ,
       1.        , 1.        , 1.        , 1.        , 1.        ,
       1.        , 1.        , 1.        , 1.        , 1.        ])}"
"{'position_t_minus_1': [40, 120], 'position': [40, 121], 'action': 1, 'current_world_width': 80, 'width_to_left_wall': 39, 'width_to_right_wall': 40, 'obstacles_positions': [[25, 11], [19, 29]]}",10,False
"{'position_t_minus_1': array([0.49382716]), 'position_t': array([0.49382716]), 'action': array([0.5]), 'width_to_walls': array([0.49382716, 0.50617284]), 'obstacles_positions': array([0.34615385, 0.4       , 0.26923077, 1.        , 1.        ,
       1.        , 1.        , 1.        , 1.        , 1.        ,
       1.        , 1.        , 1.        , 1.        , 1.        ,
       1.        , 1.        , 1.        , 1.        , 1.        ,
       1.        , 1.        , 1.        , 1.        , 1.        ,
       1.        , 1.        , 1.        , 1.        , 1.        ,
       1.        , 1.        , 1.        , 1.        , 1.        ,
       1.        , 1.        , 1.        , 1.        , 1.        ])}"
"{'position_t_minus_1': [40, 121], 'position': [40, 122], 'action': 1, 'current_world_width': 80, 'width_to_left_wall': 39, 'width_to_right_wall': 40, 'obstacles_positions': [[25, 10], [19, 28]]}",10,False
"{'position_t_minus_1': array([0.49382716]), 'position_t': array([0.49382716]), 'action': array([0.5]), 'width_to_walls': array([0.49382716, 0.50617284]), 'obstacles_positions': array([0.34615385, 0.36666667, 0.26923077, 0.96666667, 1.        ,
       1.        , 1.        , 1.        , 1.        , 1.        ,
       1.        , 1.        , 1.        , 1.        , 1.        ,
       1.        , 1.        , 1.        , 1.        , 1.        ,
       1.        , 1.        , 1.        , 1.        , 1.        ,
       1.        , 1.        , 1.        , 1.        , 1.        ,
       1.        , 1.        , 1.        , 1.        , 1.        ,
       1.        , 1.        , 1.        , 1.        , 1.        ])}"
"{'position_t_minus_1': [40, 122], 'position': [40, 123], 'action': 1, 'current_world_width': 80, 'width_to_left_wall': 39, 'width_to_right_wall': 40, 'obstacles_positions': [[25, 9], [19, 27]]}",10,False
"{'position_t_minus_1': array([0.49382716]), 'position_t': array([0.49382716]), 'action': array([0.5]), 'width_to_walls': array([0.49382716, 0.50617284]), 'obstacles_positions': array([0.34615385, 0.33333333, 0.26923077, 0.93333333, 1.        ,
       1.        , 1.        , 1.        , 1.        , 1.        ,
       1.        , 1.        , 1.        , 1.        , 1.        ,
       1.        , 1.        , 1.        , 1.        , 1.        ,
       1.        , 1.        , 1.        , 1.        , 1.        ,
       1.        , 1.        , 1.        , 1.        , 1.        ,
       1.        , 1.        , 1.        , 1.        , 1.        ,
       1.        , 1.        , 1.        , 1.        , 1.        ])}"
"{'position_t_minus_1': [40, 123], 'position': [40, 124], 'action': 1, 'current_world_width': 80, 'width_to_left_wall': 39, 'width_to_right_wall': 40, 'obstacles_positions': [[25, 8], [19, 26]]}",10,False
"{'position_t_minus_1': array([0.49382716]), 'position_t': array([0.49382716]), 'action': array([0.5]), 'width_to_walls': array([0.49382716, 0.50617284]), 'obstacles_positions': array([0.34615385, 0.3       , 0.26923077, 0.9       , 1.        ,
       1.        , 1.        , 1.        , 1.        , 1.        ,
       1.        , 1.        , 1.        , 1.        , 1.        ,
       1.        , 1.        , 1.        , 1.        , 1.        ,
       1.        , 1.        , 1.        , 1.        , 1.        ,
       1.        , 1.        , 1.        , 1.        , 1.        ,
       1.        , 1.        , 1.        , 1.        , 1.        ,
       1.        , 1.        , 1.        , 1.        , 1.        ])}"
"{'position_t_minus_1': [40, 124], 'position': [40, 125], 'action': 1, 'current_world_width': 80, 'width_to_left_wall': 39, 'width_to_right_wall': 40, 'obstacles_positions': [[25, 7], [19, 25]]}",10,False
"{'position_t_minus_1': array([0.49382716]), 'position_t': array([0.49382716]), 'action': array([0.5]), 'width_to_walls': array([0.49382716, 0.50617284]), 'obstacles_positions': array([0.34615385, 0.26666667, 0.26923077, 0.86666667, 1.        ,
       1.        , 1.        , 1.        , 1.        , 1.        ,
       1.        , 1.        , 1.        , 1.        , 1.        ,
       1.        , 1.        , 1.        , 1.        , 1.        ,
       1.        , 1.        , 1.        , 1.        , 1.        ,
       1.        , 1.        , 1.        , 1.        , 1.        ,
       1.        , 1.        , 1.        , 1.        , 1.        ,
       1.        , 1.        , 1.        , 1.        , 1.        ])}"
"{'position_t_minus_1': [40, 125], 'position': [40, 126], 'action': 1, 'current_world_width': 80, 'width_to_left_wall': 39, 'width_to_right_wall': 40, 'obstacles_positions': [[25, 6], [19, 24]]}",10,False
"{'position_t_minus_1': array([0.49382716]), 'position_t': array([0.49382716]), 'action': array([0.5]), 'width_to_walls': array([0.49382716, 0.50617284]), 'obstacles_positions': array([0.34615385, 0.23333333, 0.26923077, 0.83333333, 1.        ,
       1.        , 1.        , 1.        , 1.        , 1.        ,
       1.        , 1.        , 1.        , 1.        , 1.        ,
       1.        , 1.        , 1.        , 1.        , 1.        ,
       1.        , 1.        , 1.        , 1.        , 1.        ,
       1.        , 1.        , 1.        , 1.        , 1.        ,
       1.        , 1.        , 1.        , 1.        , 1.        ,
       1.        , 1.        , 1.        , 1.        , 1.        ])}"
"{'position_t_minus_1': [40, 126], 'position': [40, 127], 'action': 1, 'current_world_width': 80, 'width_to_left_wall': 39, 'width_to_right_wall': 40, 'obstacles_positions': [[25, 5], [19, 23]]}",10,False
"{'position_t_minus_1': array([0.49382716]), 'position_t': array([0.49382716]), 'action': array([0.5]), 'width_to_walls': array([0.49382716, 0.50617284]), 'obstacles_positions': array([0.34615385, 0.2       , 0.26923077, 0.8       , 1.        ,
       1.        , 1.        , 1.        , 1.        , 1.        ,
       1.        , 1.        , 1.        , 1.        , 1.        ,
       1.        , 1.        , 1.        , 1.        , 1.        ,
       1.        , 1.        , 1.        , 1.        , 1.        ,
       1.        , 1.        , 1.        , 1.        , 1.        ,
       1.        , 1.        , 1.        , 1.        , 1.        ,
       1.        , 1.        , 1.        , 1.        , 1.        ])}"
"{'position_t_minus_1': [40, 127], 'position': [40, 128], 'action': 1, 'current_world_width': 80, 'width_to_left_wall': 39, 'width_to_right_wall': 40, 'obstacles_positions': [[25, 4], [19, 22]]}",10,False
"{'position_t_minus_1': array([0.49382716]), 'position_t': array([0.49382716]), 'action': array([0.5]), 'width_to_walls': array([0.49382716, 0.50617284]), 'obstacles_positions': array([0.34615385, 0.16666667, 0.26923077, 0.76666667, 1.        ,
       1.        , 1.        , 1.        , 1.        , 1.        ,
       1.        , 1.        , 1.        , 1.        , 1.        ,
       1.        , 1.        , 1.        , 1.        , 1.        ,
       1.        , 1.        , 1.        , 1.        , 1.        ,
       1.        , 1.        , 1.        , 1.        , 1.        ,
       1.        , 1.        , 1.        , 1.        , 1.        ,
       1.        , 1.        , 1.        , 1.        , 1.        ])}"
"{'position_t_minus_1': [40, 128], 'position': [40, 129], 'action': 1, 'current_world_width': 80, 'width_to_left_wall': 39, 'width_to_right_wall': 40, 'obstacles_positions': [[25, 3], [19, 21]]}",10,False
"{'position_t_minus_1': array([0.49382716]), 'position_t': array([0.49382716]), 'action': array([0.5]), 'width_to_walls': array([0.49382716, 0.50617284]), 'obstacles_positions': array([0.34615385, 0.13333333, 0.26923077, 0.73333333, 1.        ,
       1.        , 1.        , 1.        , 1.        , 1.        ,
       1.        , 1.        , 1.        , 1.        , 1.        ,
       1.        , 1.        , 1.        , 1.        , 1.        ,
       1.        , 1.        , 1.        , 1.        , 1.        ,
       1.        , 1.        , 1.        , 1.        , 1.        ,
       1.        , 1.        , 1.        , 1.        , 1.        ,
       1.        , 1.        , 1.        , 1.        , 1.        ])}"
"{'position_t_minus_1': [40, 129], 'position': [40, 130], 'action': 1, 'current_world_width': 80, 'width_to_left_wall': 39, 'width_to_right_wall': 40, 'obstacles_positions': [[25, 2], [19, 20]]}",10,False
"{'position_t_minus_1': array([0.49382716]), 'position_t': array([0.49382716]), 'action': array([0.5]), 'width_to_walls': array([0.49382716, 0.50617284]), 'obstacles_positions': array([0.34615385, 0.1       , 0.26923077, 0.7       , 1.        ,
       1.        , 1.        , 1.        , 1.        , 1.        ,
       1.        , 1.        , 1.        , 1.        , 1.        ,
       1.        , 1.        , 1.        , 1.        , 1.        ,
       1.        , 1.        , 1.        , 1.        , 1.        ,
       1.        , 1.        , 1.        , 1.        , 1.        ,
       1.        , 1.        , 1.        , 1.        , 1.        ,
       1.        , 1.        , 1.        , 1.        , 1.        ])}"
"{'position_t_minus_1': [40, 130], 'position': [40, 131], 'action': 1, 'current_world_width': 80, 'width_to_left_wall': 39, 'width_to_right_wall': 40, 'obstacles_positions': [[25, 1], [19, 19]]}",10,False
"{'position_t_minus_1': array([0.49382716]), 'position_t': array([0.49382716]), 'action': array([0.5]), 'width_to_walls': array([0.49382716, 0.50617284]), 'obstacles_positions': array([0.34615385, 0.06666667, 0.26923077, 0.66666667, 1.        ,
       1.        , 1.        , 1.        , 1.        , 1.        ,
       1.        , 1.        , 1.        , 1.        , 1.        ,
       1.        , 1.        , 1.        , 1.        , 1.        ,
       1.        , 1.        , 1.        , 1.        , 1.        ,
       1.        , 1.        , 1.        , 1.        , 1.        ,
       1.        , 1.        , 1.        , 1.        , 1.        ,
       1.        , 1.        , 1.        , 1.        , 1.        ])}"
"{'position_t_minus_1': [40, 131], 'position': [40, 132], 'action': 1, 'current_world_width': 80, 'width_to_left_wall': 39, 'width_to_right_wall': 40, 'obstacles_positions': [[25, 0], [19, 18]]}",10,False
"{'position_t_minus_1': array([0.49382716]), 'position_t': array([0.49382716]), 'action': array([0.5]), 'width_to_walls': array([0.49382716, 0.50617284]), 'obstacles_positions': array([0.34615385, 0.03333333, 0.26923077, 0.63333333, 1.        ,
       1.        , 1.        , 1.        , 1.        , 1.        ,
       1.        , 1.        , 1.        , 1.        , 1.        ,
       1.        , 1.        , 1.        , 1.        , 1.        ,
       1.        , 1.        , 1.        , 1.        , 1.        ,
       1.        , 1.        , 1.        , 1.        , 1.        ,
       1.        , 1.        , 1.        , 1.        , 1.        ,
       1.        , 1.        , 1.        , 1.        , 1.        ])}"
"{'position_t_minus_1': [40, 132], 'position': [40, 133], 'action': 1, 'current_world_width': 80, 'width_to_left_wall': 39, 'width_to_right_wall': 40, 'obstacles_positions': [[25, -1], [19, 17]]}",10,False
"{'position_t_minus_1': array([0.49382716]), 'position_t': array([0.49382716]), 'action': array([0.5]), 'width_to_walls': array([0.49382716, 0.50617284]), 'obstacles_positions': array([0.34615385, 0.        , 0.26923077, 0.6       , 1.        ,
       1.        , 1.        , 1.        , 1.        , 1.        ,
       1.        , 1.        , 1.        , 1.        , 1.        ,
       1.        , 1.        , 1.        , 1.        , 1.        ,
       1.        , 1.        , 1.        , 1.        , 1.        ,
       1.        , 1.        , 1.        , 1.        , 1.        ,
       1.        , 1.        , 1.        , 1.        , 1.        ,
       1.        , 1.        , 1.        , 1.        , 1.        ])}"
"{'position_t_minus_1': [40, 133], 'position': [40, 134], 'action': 1, 'current_world_width': 80, 'width_to_left_wall': 39, 'width_to_right_wall': 40, 'obstacles_positions': [[25, -1], [19, 16]]}",10,False
"{'position_t_minus_1': array([0.49382716]), 'position_t': array([0.49382716]), 'action': array([0.5]), 'width_to_walls': array([0.49382716, 0.50617284]), 'obstacles_positions': array([0.34615385, 0.        , 0.26923077, 0.56666667, 1.        ,
       1.        , 1.        , 1.        , 1.        , 1.        ,
       1.        , 1.        , 1.        , 1.        , 1.        ,
       1.        , 1.        , 1.        , 1.        , 1.        ,
       1.        , 1.        , 1.        , 1.        , 1.        ,
       1.        , 1.        , 1.        , 1.        , 1.        ,
       1.        , 1.        , 1.        , 1.        , 1.        ,
       1.        , 1.        , 1.        , 1.        , 1.        ])}"
"{'position_t_minus_1': [40, 134], 'position': [40, 135], 'action': 1, 'current_world_width': 80, 'width_to_left_wall': 39, 'width_to_right_wall': 40, 'obstacles_positions': [[25, -1], [19, 15]]}",10,False
"{'position_t_minus_1': array([0.49382716]), 'position_t': array([0.49382716]), 'action': array([0.5]), 'width_to_walls': array([0.49382716, 0.50617284]), 'obstacles_positions': array([0.34615385, 0.        , 0.26923077, 0.53333333, 1.        ,
       1.        , 1.        , 1.        , 1.        , 1.        ,
       1.        , 1.        , 1.        , 1.        , 1.        ,
       1.        , 1.        , 1.        , 1.        , 1.        ,
       1.        , 1.        , 1.        , 1.        , 1.        ,
       1.        , 1.        , 1.        , 1.        , 1.        ,
       1.        , 1.        , 1.        , 1.        , 1.        ,
       1.        , 1.        , 1.        , 1.        , 1.        ])}"
"{'position_t_minus_1': [40, 135], 'position': [40, 136], 'action': 1, 'current_world_width': 80, 'width_to_left_wall': 39, 'width_to_right_wall': 40, 'obstacles_positions': [[19, 14]]}",10,False
"{'position_t_minus_1': array([0.49382716]), 'position_t': array([0.49382716]), 'action': array([0.5]), 'width_to_walls': array([0.49382716, 0.50617284]), 'obstacles_positions': array([0.26923077, 0.5       , 1.        , 1.        , 1.        ,
       1.        , 1.        , 1.        , 1.        , 1.        ,
       1.        , 1.        , 1.        , 1.        , 1.        ,
       1.        , 1.        , 1.        , 1.        , 1.        ,
       1.        , 1.        , 1.        , 1.        , 1.        ,
       1.        , 1.        , 1.        , 1.        , 1.        ,
       1.        , 1.        , 1.        , 1.        , 1.        ,
       1.        , 1.        , 1.        , 1.        , 1.        ])}"
"{'position_t_minus_1': [40, 136], 'position': [40, 137], 'action': 1, 'current_world_width': 80, 'width_to_left_wall': 39, 'width_to_right_wall': 40, 'obstacles_positions': [[19, 13]]}",10,False
"{'position_t_minus_1': array([0.49382716]), 'position_t': array([0.49382716]), 'action': array([0.5]), 'width_to_walls': array([0.49382716, 0.50617284]), 'obstacles_positions': array([0.26923077, 0.46666667, 1.        , 1.        , 1.        ,
       1.        , 1.        , 1.        , 1.        , 1.        ,
       1.        , 1.        , 1.        , 1.        , 1.        ,
       1.        , 1.        , 1.        , 1.        , 1.        ,
       1.        , 1.        , 1.        , 1.        , 1.        ,
       1.        , 1.        , 1.        , 1.        , 1.        ,
       1.        , 1.        , 1.        , 1.        , 1.        ,
       1.        , 1.        , 1.        , 1.        , 1.        ])}"
"{'position_t_minus_1': [40, 137], 'position': [40, 138], 'action': 1, 'current_world_width': 80, 'width_to_left_wall': 39, 'width_to_right_wall': 40, 'obstacles_positions': [[19, 12]]}",10,False
"{'position_t_minus_1': array([0.49382716]), 'position_t': array([0.49382716]), 'action': array([0.5]), 'width_to_walls': array([0.49382716, 0.50617284]), 'obstacles_positions': array([0.26923077, 0.43333333, 1.        , 1.        , 1.        ,
       1.        , 1.        , 1.        , 1.        , 1.        ,
       1.        , 1.        , 1.        , 1.        , 1.        ,
       1.        , 1.        , 1.        , 1.        , 1.        ,
       1.        , 1.        , 1.        , 1.        , 1.        ,
       1.        , 1.        , 1.        , 1.        , 1.        ,
       1.        , 1.        , 1.        , 1.        , 1.        ,
       1.        , 1.        , 1.        , 1.        , 1.        ])}"
"{'position_t_minus_1': [40, 138], 'position': [40, 139], 'action': 1, 'current_world_width': 80, 'width_to_left_wall': 39, 'width_to_right_wall': 40, 'obstacles_positions': [[19, 11]]}",10,False
"{'position_t_minus_1': array([0.49382716]), 'position_t': array([0.49382716]), 'action': array([0.5]), 'width_to_walls': array([0.49382716, 0.50617284]), 'obstacles_positions': array([0.26923077, 0.4       , 1.        , 1.        , 1.        ,
       1.        , 1.        , 1.        , 1.        , 1.        ,
       1.        , 1.        , 1.        , 1.        , 1.        ,
       1.        , 1.        , 1.        , 1.        , 1.        ,
       1.        , 1.        , 1.        , 1.        , 1.        ,
       1.        , 1.        , 1.        , 1.        , 1.        ,
       1.        , 1.        , 1.        , 1.        , 1.        ,
       1.        , 1.        , 1.        , 1.        , 1.        ])}"
"{'position_t_minus_1': [40, 139], 'position': [40, 140], 'action': 1, 'current_world_width': 80, 'width_to_left_wall': 39, 'width_to_right_wall': 40, 'obstacles_positions': [[19, 10]]}",10,False
"{'position_t_minus_1': array([0.49382716]), 'position_t': array([0.49382716]), 'action': array([0.5]), 'width_to_walls': array([0.49382716, 0.50617284]), 'obstacles_positions': array([0.26923077, 0.36666667, 1.        , 1.        , 1.        ,
       1.        , 1.        , 1.        , 1.        , 1.        ,
       1.        , 1.        , 1.        , 1.        , 1.        ,
       1.        , 1.        , 1.        , 1.        , 1.        ,
       1.        , 1.        , 1.        , 1.        , 1.        ,
       1.        , 1.        , 1.        , 1.        , 1.        ,
       1.        , 1.        , 1.        , 1.        , 1.        ,
       1.        , 1.        , 1.        , 1.        , 1.        ])}"
"{'position_t_minus_1': [40, 140], 'position': [40, 141], 'action': 1, 'current_world_width': 80, 'width_to_left_wall': 39, 'width_to_right_wall': 40, 'obstacles_positions': [[19, 9]]}",10,False
"{'position_t_minus_1': array([0.49382716]), 'position_t': array([0.49382716]), 'action': array([0.5]), 'width_to_walls': array([0.49382716, 0.50617284]), 'obstacles_positions': array([0.26923077, 0.33333333, 1.        , 1.        , 1.        ,
       1.        , 1.        , 1.        , 1.        , 1.        ,
       1.        , 1.        , 1.        , 1.        , 1.        ,
       1.        , 1.        , 1.        , 1.        , 1.        ,
       1.        , 1.        , 1.        , 1.        , 1.        ,
       1.        , 1.        , 1.        , 1.        , 1.        ,
       1.        , 1.        , 1.        , 1.        , 1.        ,
       1.        , 1.        , 1.        , 1.        , 1.        ])}"
"{'position_t_minus_1': [40, 141], 'position': [40, 142], 'action': 1, 'current_world_width': 80, 'width_to_left_wall': 39, 'width_to_right_wall': 40, 'obstacles_positions': [[19, 8]]}",10,False
"{'position_t_minus_1': array([0.49382716]), 'position_t': array([0.49382716]), 'action': array([0.5]), 'width_to_walls': array([0.49382716, 0.50617284]), 'obstacles_positions': array([0.26923077, 0.3       , 1.        , 1.        , 1.        ,
       1.        , 1.        , 1.        , 1.        , 1.        ,
       1.        , 1.        , 1.        , 1.        , 1.        ,
       1.        , 1.        , 1.        , 1.        , 1.        ,
       1.        , 1.        , 1.        , 1.        , 1.        ,
       1.        , 1.        , 1.        , 1.        , 1.        ,
       1.        , 1.        , 1.        , 1.        , 1.        ,
       1.        , 1.        , 1.        , 1.        , 1.        ])}"
"{'position_t_minus_1': [40, 142], 'position': [40, 143], 'action': 1, 'current_world_width': 80, 'width_to_left_wall': 39, 'width_to_right_wall': 40, 'obstacles_positions': [[19, 7]]}",10,False
"{'position_t_minus_1': array([0.49382716]), 'position_t': array([0.49382716]), 'action': array([0.5]), 'width_to_walls': array([0.49382716, 0.50617284]), 'obstacles_positions': array([0.26923077, 0.26666667, 1.        , 1.        , 1.        ,
       1.        , 1.        , 1.        , 1.        , 1.        ,
       1.        , 1.        , 1.        , 1.        , 1.        ,
       1.        , 1.        , 1.        , 1.        , 1.        ,
       1.        , 1.        , 1.        , 1.        , 1.        ,
       1.        , 1.        , 1.        , 1.        , 1.        ,
       1.        , 1.        , 1.        , 1.        , 1.        ,
       1.        , 1.        , 1.        , 1.        , 1.        ])}"
"{'position_t_minus_1': [40, 143], 'position': [40, 144], 'action': 1, 'current_world_width': 80, 'width_to_left_wall': 39, 'width_to_right_wall': 40, 'obstacles_positions': [[19, 6], [3, 29]]}",10,False
"{'position_t_minus_1': array([0.49382716]), 'position_t': array([0.49382716]), 'action': array([0.5]), 'width_to_walls': array([0.49382716, 0.50617284]), 'obstacles_positions': array([0.26923077, 0.23333333, 0.06410256, 1.        , 1.        ,
       1.        , 1.        , 1.        , 1.        , 1.        ,
       1.        , 1.        , 1.        , 1.        , 1.        ,
       1.        , 1.        , 1.        , 1.        , 1.        ,
       1.        , 1.        , 1.        , 1.        , 1.        ,
       1.        , 1.        , 1.        , 1.        , 1.        ,
       1.        , 1.        , 1.        , 1.        , 1.        ,
       1.        , 1.        , 1.        , 1.        , 1.        ])}"
"{'position_t_minus_1': [40, 144], 'position': [40, 145], 'action': 1, 'current_world_width': 80, 'width_to_left_wall': 39, 'width_to_right_wall': 40, 'obstacles_positions': [[19, 5], [3, 28]]}",10,False
"{'position_t_minus_1': array([0.49382716]), 'position_t': array([0.49382716]), 'action': array([0.5]), 'width_to_walls': array([0.49382716, 0.50617284]), 'obstacles_positions': array([0.26923077, 0.2       , 0.06410256, 0.96666667, 1.        ,
       1.        , 1.        , 1.        , 1.        , 1.        ,
       1.        , 1.        , 1.        , 1.        , 1.        ,
       1.        , 1.        , 1.        , 1.        , 1.        ,
       1.        , 1.        , 1.        , 1.        , 1.        ,
       1.        , 1.        , 1.        , 1.        , 1.        ,
       1.        , 1.        , 1.        , 1.        , 1.        ,
       1.        , 1.        , 1.        , 1.        , 1.        ])}"
"{'position_t_minus_1': [40, 145], 'position': [40, 146], 'action': 1, 'current_world_width': 80, 'width_to_left_wall': 39, 'width_to_right_wall': 40, 'obstacles_positions': [[19, 4], [3, 27]]}",10,False
"{'position_t_minus_1': array([0.49382716]), 'position_t': array([0.49382716]), 'action': array([0.5]), 'width_to_walls': array([0.49382716, 0.50617284]), 'obstacles_positions': array([0.26923077, 0.16666667, 0.06410256, 0.93333333, 1.        ,
       1.        , 1.        , 1.        , 1.        , 1.        ,
       1.        , 1.        , 1.        , 1.        , 1.        ,
       1.        , 1.        , 1.        , 1.        , 1.        ,
       1.        , 1.        , 1.        , 1.        , 1.        ,
       1.        , 1.        , 1.        , 1.        , 1.        ,
       1.        , 1.        , 1.        , 1.        , 1.        ,
       1.        , 1.        , 1.        , 1.        , 1.        ])}"
"{'position_t_minus_1': [40, 146], 'position': [40, 147], 'action': 1, 'current_world_width': 80, 'width_to_left_wall': 39, 'width_to_right_wall': 40, 'obstacles_positions': [[19, 3], [3, 26]]}",10,False
"{'position_t_minus_1': array([0.49382716]), 'position_t': array([0.49382716]), 'action': array([0.5]), 'width_to_walls': array([0.49382716, 0.50617284]), 'obstacles_positions': array([0.26923077, 0.13333333, 0.06410256, 0.9       , 1.        ,
       1.        , 1.        , 1.        , 1.        , 1.        ,
       1.        , 1.        , 1.        , 1.        , 1.        ,
       1.        , 1.        , 1.        , 1.        , 1.        ,
       1.        , 1.        , 1.        , 1.        , 1.        ,
       1.        , 1.        , 1.        , 1.        , 1.        ,
       1.        , 1.        , 1.        , 1.        , 1.        ,
       1.        , 1.        , 1.        , 1.        , 1.        ])}"
"{'position_t_minus_1': [40, 147], 'position': [40, 148], 'action': 1, 'current_world_width': 80, 'width_to_left_wall': 39, 'width_to_right_wall': 40, 'obstacles_positions': [[19, 2], [3, 25]]}",10,False
"{'position_t_minus_1': array([0.49382716]), 'position_t': array([0.49382716]), 'action': array([0.5]), 'width_to_walls': array([0.49382716, 0.50617284]), 'obstacles_positions': array([0.26923077, 0.1       , 0.06410256, 0.86666667, 1.        ,
       1.        , 1.        , 1.        , 1.        , 1.        ,
       1.        , 1.        , 1.        , 1.        , 1.        ,
       1.        , 1.        , 1.        , 1.        , 1.        ,
       1.        , 1.        , 1.        , 1.        , 1.        ,
       1.        , 1.        , 1.        , 1.        , 1.        ,
       1.        , 1.        , 1.        , 1.        , 1.        ,
       1.        , 1.        , 1.        , 1.        , 1.        ])}"
"{'position_t_minus_1': [40, 148], 'position': [40, 149], 'action': 1, 'current_world_width': 80, 'width_to_left_wall': 39, 'width_to_right_wall': 40, 'obstacles_positions': [[19, 1], [3, 24]]}",10,False
"{'position_t_minus_1': array([0.49382716]), 'position_t': array([0.49382716]), 'action': array([0.5]), 'width_to_walls': array([0.49382716, 0.50617284]), 'obstacles_positions': array([0.26923077, 0.06666667, 0.06410256, 0.83333333, 1.        ,
       1.        , 1.        , 1.        , 1.        , 1.        ,
       1.        , 1.        , 1.        , 1.        , 1.        ,
       1.        , 1.        , 1.        , 1.        , 1.        ,
       1.        , 1.        , 1.        , 1.        , 1.        ,
       1.        , 1.        , 1.        , 1.        , 1.        ,
       1.        , 1.        , 1.        , 1.        , 1.        ,
       1.        , 1.        , 1.        , 1.        , 1.        ])}"
"{'position_t_minus_1': [40, 149], 'position': [40, 150], 'action': 1, 'current_world_width': 80, 'width_to_left_wall': 39, 'width_to_right_wall': 40, 'obstacles_positions': [[19, 0], [3, 23]]}",10,False
"{'position_t_minus_1': array([0.49382716]), 'position_t': array([0.49382716]), 'action': array([0.5]), 'width_to_walls': array([0.49382716, 0.50617284]), 'obstacles_positions': array([0.26923077, 0.03333333, 0.06410256, 0.8       , 1.        ,
       1.        , 1.        , 1.        , 1.        , 1.        ,
       1.        , 1.        , 1.        , 1.        , 1.        ,
       1.        , 1.        , 1.        , 1.        , 1.        ,
       1.        , 1.        , 1.        , 1.        , 1.        ,
       1.        , 1.        , 1.        , 1.        , 1.        ,
       1.        , 1.        , 1.        , 1.        , 1.        ,
       1.        , 1.        , 1.        , 1.        , 1.        ])}"
"{'position_t_minus_1': [40, 150], 'position': [40, 151], 'action': 1, 'current_world_width': 80, 'width_to_left_wall': 39, 'width_to_right_wall': 40, 'obstacles_positions': [[19, -1], [3, 22]]}",10,False
"{'position_t_minus_1': array([0.49382716]), 'position_t': array([0.49382716]), 'action': array([0.5]), 'width_to_walls': array([0.49382716, 0.50617284]), 'obstacles_positions': array([0.26923077, 0.        , 0.06410256, 0.76666667, 1.        ,
       1.        , 1.        , 1.        , 1.        , 1.        ,
       1.        , 1.        , 1.        , 1.        , 1.        ,
       1.        , 1.        , 1.        , 1.        , 1.        ,
       1.        , 1.        , 1.        , 1.        , 1.        ,
       1.        , 1.        , 1.        , 1.        , 1.        ,
       1.        , 1.        , 1.        , 1.        , 1.        ,
       1.        , 1.        , 1.        , 1.        , 1.        ])}"
"{'position_t_minus_1': [40, 151], 'position': [40, 152], 'action': 1, 'current_world_width': 80, 'width_to_left_wall': 39, 'width_to_right_wall': 40, 'obstacles_positions': [[19, -1], [3, 21]]}",10,False
"{'position_t_minus_1': array([0.49382716]), 'position_t': array([0.49382716]), 'action': array([0.5]), 'width_to_walls': array([0.49382716, 0.50617284]), 'obstacles_positions': array([0.26923077, 0.        , 0.06410256, 0.73333333, 1.        ,
       1.        , 1.        , 1.        , 1.        , 1.        ,
       1.        , 1.        , 1.        , 1.        , 1.        ,
       1.        , 1.        , 1.        , 1.        , 1.        ,
       1.        , 1.        , 1.        , 1.        , 1.        ,
       1.        , 1.        , 1.        , 1.        , 1.        ,
       1.        , 1.        , 1.        , 1.        , 1.        ,
       1.        , 1.        , 1.        , 1.        , 1.        ])}"
"{'position_t_minus_1': [40, 152], 'position': [40, 153], 'action': 1, 'current_world_width': 80, 'width_to_left_wall': 39, 'width_to_right_wall': 40, 'obstacles_positions': [[19, -1], [3, 20]]}",10,False
"{'position_t_minus_1': array([0.49382716]), 'position_t': array([0.49382716]), 'action': array([0.5]), 'width_to_walls': array([0.49382716, 0.50617284]), 'obstacles_positions': array([0.26923077, 0.        , 0.06410256, 0.7       , 1.        ,
       1.        , 1.        , 1.        , 1.        , 1.        ,
       1.        , 1.        , 1.        , 1.        , 1.        ,
       1.        , 1.        , 1.        , 1.        , 1.        ,
       1.        , 1.        , 1.        , 1.        , 1.        ,
       1.        , 1.        , 1.        , 1.        , 1.        ,
       1.        , 1.        , 1.        , 1.        , 1.        ,
       1.        , 1.        , 1.        , 1.        , 1.        ])}"
"{'position_t_minus_1': [40, 153], 'position': [40, 154], 'action': 1, 'current_world_width': 80, 'width_to_left_wall': 39, 'width_to_right_wall': 40, 'obstacles_positions': [[3, 19]]}",10,False
"{'position_t_minus_1': array([0.49382716]), 'position_t': array([0.49382716]), 'action': array([0.5]), 'width_to_walls': array([0.49382716, 0.50617284]), 'obstacles_positions': array([0.06410256, 0.66666667, 1.        , 1.        , 1.        ,
       1.        , 1.        , 1.        , 1.        , 1.        ,
       1.        , 1.        , 1.        , 1.        , 1.        ,
       1.        , 1.        , 1.        , 1.        , 1.        ,
       1.        , 1.        , 1.        , 1.        , 1.        ,
       1.        , 1.        , 1.        , 1.        , 1.        ,
       1.        , 1.        , 1.        , 1.        , 1.        ,
       1.        , 1.        , 1.        , 1.        , 1.        ])}"
"{'position_t_minus_1': [40, 154], 'position': [40, 155], 'action': 1, 'current_world_width': 80, 'width_to_left_wall': 39, 'width_to_right_wall': 40, 'obstacles_positions': [[3, 18]]}",10,False
"{'position_t_minus_1': array([0.49382716]), 'position_t': array([0.49382716]), 'action': array([0.5]), 'width_to_walls': array([0.49382716, 0.50617284]), 'obstacles_positions': array([0.06410256, 0.63333333, 1.        , 1.        , 1.        ,
       1.        , 1.        , 1.        , 1.        , 1.        ,
       1.        , 1.        , 1.        , 1.        , 1.        ,
       1.        , 1.        , 1.        , 1.        , 1.        ,
       1.        , 1.        , 1.        , 1.        , 1.        ,
       1.        , 1.        , 1.        , 1.        , 1.        ,
       1.        , 1.        , 1.        , 1.        , 1.        ,
       1.        , 1.        , 1.        , 1.        , 1.        ])}"
"{'position_t_minus_1': [40, 155], 'position': [40, 156], 'action': 1, 'current_world_width': 80, 'width_to_left_wall': 39, 'width_to_right_wall': 40, 'obstacles_positions': [[3, 17]]}",10,False
"{'position_t_minus_1': array([0.49382716]), 'position_t': array([0.49382716]), 'action': array([0.5]), 'width_to_walls': array([0.49382716, 0.50617284]), 'obstacles_positions': array([0.06410256, 0.6       , 1.        , 1.        , 1.        ,
       1.        , 1.        , 1.        , 1.        , 1.        ,
       1.        , 1.        , 1.        , 1.        , 1.        ,
       1.        , 1.        , 1.        , 1.        , 1.        ,
       1.        , 1.        , 1.        , 1.        , 1.        ,
       1.        , 1.        , 1.        , 1.        , 1.        ,
       1.        , 1.        , 1.        , 1.        , 1.        ,
       1.        , 1.        , 1.        , 1.        , 1.        ])}"
"{'position_t_minus_1': [40, 156], 'position': [40, 157], 'action': 1, 'current_world_width': 80, 'width_to_left_wall': 39, 'width_to_right_wall': 40, 'obstacles_positions': [[3, 16]]}",10,False
"{'position_t_minus_1': array([0.49382716]), 'position_t': array([0.49382716]), 'action': array([0.5]), 'width_to_walls': array([0.49382716, 0.50617284]), 'obstacles_positions': array([0.06410256, 0.56666667, 1.        , 1.        , 1.        ,
       1.        , 1.        , 1.        , 1.        , 1.        ,
       1.        , 1.        , 1.        , 1.        , 1.        ,
       1.        , 1.        , 1.        , 1.        , 1.        ,
       1.        , 1.        , 1.        , 1.        , 1.        ,
       1.        , 1.        , 1.        , 1.        , 1.        ,
       1.        , 1.        , 1.        , 1.        , 1.        ,
       1.        , 1.        , 1.        , 1.        , 1.        ])}"
"{'position_t_minus_1': [40, 157], 'position': [40, 158], 'action': 1, 'current_world_width': 80, 'width_to_left_wall': 39, 'width_to_right_wall': 40, 'obstacles_positions': [[3, 15]]}",10,False
"{'position_t_minus_1': array([0.49382716]), 'position_t': array([0.49382716]), 'action': array([0.5]), 'width_to_walls': array([0.49382716, 0.50617284]), 'obstacles_positions': array([0.06410256, 0.53333333, 1.        , 1.        , 1.        ,
       1.        , 1.        , 1.        , 1.        , 1.        ,
       1.        , 1.        , 1.        , 1.        , 1.        ,
       1.        , 1.        , 1.        , 1.        , 1.        ,
       1.        , 1.        , 1.        , 1.        , 1.        ,
       1.        , 1.        , 1.        , 1.        , 1.        ,
       1.        , 1.        , 1.        , 1.        , 1.        ,
       1.        , 1.        , 1.        , 1.        , 1.        ])}"
"{'position_t_minus_1': [40, 158], 'position': [40, 159], 'action': 1, 'current_world_width': 80, 'width_to_left_wall': 39, 'width_to_right_wall': 40, 'obstacles_positions': [[3, 14]]}",10,False
"{'position_t_minus_1': array([0.49382716]), 'position_t': array([0.49382716]), 'action': array([0.5]), 'width_to_walls': array([0.49382716, 0.50617284]), 'obstacles_positions': array([0.06410256, 0.5       , 1.        , 1.        , 1.        ,
       1.        , 1.        , 1.        , 1.        , 1.        ,
       1.        , 1.        , 1.        , 1.        , 1.        ,
       1.        , 1.        , 1.        , 1.        , 1.        ,
       1.        , 1.        , 1.        , 1.        , 1.        ,
       1.        , 1.        , 1.        , 1.        , 1.        ,
       1.        , 1.        , 1.        , 1.        , 1.        ,
       1.        , 1.        , 1.        , 1.        , 1.        ])}"
"{'position_t_minus_1': [40, 159], 'position': [40, 160], 'action': 1, 'current_world_width': 80, 'width_to_left_wall': 39, 'width_to_right_wall': 40, 'obstacles_positions': [[3, 13]]}",10,False
"{'position_t_minus_1': array([0.49382716]), 'position_t': array([0.49382716]), 'action': array([0.5]), 'width_to_walls': array([0.49382716, 0.50617284]), 'obstacles_positions': array([0.06410256, 0.46666667, 1.        , 1.        , 1.        ,
       1.        , 1.        , 1.        , 1.        , 1.        ,
       1.        , 1.        , 1.        , 1.        , 1.        ,
       1.        , 1.        , 1.        , 1.        , 1.        ,
       1.        , 1.        , 1.        , 1.        , 1.        ,
       1.        , 1.        , 1.        , 1.        , 1.        ,
       1.        , 1.        , 1.        , 1.        , 1.        ,
       1.        , 1.        , 1.        , 1.        , 1.        ])}"
"{'position_t_minus_1': [40, 160], 'position': [40, 161], 'action': 1, 'current_world_width': 80, 'width_to_left_wall': 39, 'width_to_right_wall': 40, 'obstacles_positions': [[3, 12]]}",10,False
"{'position_t_minus_1': array([0.49382716]), 'position_t': array([0.49382716]), 'action': array([0.5]), 'width_to_walls': array([0.49382716, 0.50617284]), 'obstacles_positions': array([0.06410256, 0.43333333, 1.        , 1.        , 1.        ,
       1.        , 1.        , 1.        , 1.        , 1.        ,
       1.        , 1.        , 1.        , 1.        , 1.        ,
       1.        , 1.        , 1.        , 1.        , 1.        ,
       1.        , 1.        , 1.        , 1.        , 1.        ,
       1.        , 1.        , 1.        , 1.        , 1.        ,
       1.        , 1.        , 1.        , 1.        , 1.        ,
       1.        , 1.        , 1.        , 1.        , 1.        ])}"
"{'position_t_minus_1': [40, 161], 'position': [40, 162], 'action': 1, 'current_world_width': 80, 'width_to_left_wall': 39, 'width_to_right_wall': 40, 'obstacles_positions': [[3, 11]]}",10,False
"{'position_t_minus_1': array([0.49382716]), 'position_t': array([0.49382716]), 'action': array([0.5]), 'width_to_walls': array([0.49382716, 0.50617284]), 'obstacles_positions': array([0.06410256, 0.4       , 1.        , 1.        , 1.        ,
       1.        , 1.        , 1.        , 1.        , 1.        ,
       1.        , 1.        , 1.        , 1.        , 1.        ,
       1.        , 1.        , 1.        , 1.        , 1.        ,
       1.        , 1.        , 1.        , 1.        , 1.        ,
       1.        , 1.        , 1.        , 1.        , 1.        ,
       1.        , 1.        , 1.        , 1.        , 1.        ,
       1.        , 1.        , 1.        , 1.        , 1.        ])}"
"{'position_t_minus_1': [40, 162], 'position': [40, 163], 'action': 1, 'current_world_width': 80, 'width_to_left_wall': 39, 'width_to_right_wall': 40, 'obstacles_positions': [[3, 10]]}",10,False
"{'position_t_minus_1': array([0.49382716]), 'position_t': array([0.49382716]), 'action': array([0.5]), 'width_to_walls': array([0.49382716, 0.50617284]), 'obstacles_positions': array([0.06410256, 0.36666667, 1.        , 1.        , 1.        ,
       1.        , 1.        , 1.        , 1.        , 1.        ,
       1.        , 1.        , 1.        , 1.        , 1.        ,
       1.        , 1.        , 1.        , 1.        , 1.        ,
       1.        , 1.        , 1.        , 1.        , 1.        ,
       1.        , 1.        , 1.        , 1.        , 1.        ,
       1.        , 1.        , 1.        , 1.        , 1.        ,
       1.        , 1.        , 1.        , 1.        , 1.        ])}"
"{'position_t_minus_1': [40, 163], 'position': [40, 164], 'action': 1, 'current_world_width': 80, 'width_to_left_wall': 39, 'width_to_right_wall': 40, 'obstacles_positions': [[3, 9]]}",10,False
"{'position_t_minus_1': array([0.49382716]), 'position_t': array([0.49382716]), 'action': array([0.5]), 'width_to_walls': array([0.49382716, 0.50617284]), 'obstacles_positions': array([0.06410256, 0.33333333, 1.        , 1.        , 1.        ,
       1.        , 1.        , 1.        , 1.        , 1.        ,
       1.        , 1.        , 1.        , 1.        , 1.        ,
       1.        , 1.        , 1.        , 1.        , 1.        ,
       1.        , 1.        , 1.        , 1.        , 1.        ,
       1.        , 1.        , 1.        , 1.        , 1.        ,
       1.        , 1.        , 1.        , 1.        , 1.        ,
       1.        , 1.        , 1.        , 1.        , 1.        ])}"
"{'position_t_minus_1': [40, 164], 'position': [40, 165], 'action': 1, 'current_world_width': 80, 'width_to_left_wall': 39, 'width_to_right_wall': 40, 'obstacles_positions': [[3, 8], [34, 29]]}",10,False
"{'position_t_minus_1': array([0.49382716]), 'position_t': array([0.49382716]), 'action': array([0.5]), 'width_to_walls': array([0.49382716, 0.50617284]), 'obstacles_positions': array([0.06410256, 0.3       , 0.46153846, 1.        , 1.        ,
       1.        , 1.        , 1.        , 1.        , 1.        ,
       1.        , 1.        , 1.        , 1.        , 1.        ,
       1.        , 1.        , 1.        , 1.        , 1.        ,
       1.        , 1.        , 1.        , 1.        , 1.        ,
       1.        , 1.        , 1.        , 1.        , 1.        ,
       1.        , 1.        , 1.        , 1.        , 1.        ,
       1.        , 1.        , 1.        , 1.        , 1.        ])}"
"{'position_t_minus_1': [40, 165], 'position': [40, 166], 'action': 1, 'current_world_width': 80, 'width_to_left_wall': 39, 'width_to_right_wall': 40, 'obstacles_positions': [[3, 7], [34, 28]]}",10,False
"{'position_t_minus_1': array([0.49382716]), 'position_t': array([0.49382716]), 'action': array([0.5]), 'width_to_walls': array([0.49382716, 0.50617284]), 'obstacles_positions': array([0.06410256, 0.26666667, 0.46153846, 0.96666667, 1.        ,
       1.        , 1.        , 1.        , 1.        , 1.        ,
       1.        , 1.        , 1.        , 1.        , 1.        ,
       1.        , 1.        , 1.        , 1.        , 1.        ,
       1.        , 1.        , 1.        , 1.        , 1.        ,
       1.        , 1.        , 1.        , 1.        , 1.        ,
       1.        , 1.        , 1.        , 1.        , 1.        ,
       1.        , 1.        , 1.        , 1.        , 1.        ])}"
"{'position_t_minus_1': [40, 166], 'position': [40, 167], 'action': 1, 'current_world_width': 80, 'width_to_left_wall': 39, 'width_to_right_wall': 40, 'obstacles_positions': [[3, 6], [34, 27]]}",10,False
"{'position_t_minus_1': array([0.49382716]), 'position_t': array([0.49382716]), 'action': array([0.5]), 'width_to_walls': array([0.49382716, 0.50617284]), 'obstacles_positions': array([0.06410256, 0.23333333, 0.46153846, 0.93333333, 1.        ,
       1.        , 1.        , 1.        , 1.        , 1.        ,
       1.        , 1.        , 1.        , 1.        , 1.        ,
       1.        , 1.        , 1.        , 1.        , 1.        ,
       1.        , 1.        , 1.        , 1.        , 1.        ,
       1.        , 1.        , 1.        , 1.        , 1.        ,
       1.        , 1.        , 1.        , 1.        , 1.        ,
       1.        , 1.        , 1.        , 1.        , 1.        ])}"
"{'position_t_minus_1': [40, 167], 'position': [40, 168], 'action': 1, 'current_world_width': 80, 'width_to_left_wall': 39, 'width_to_right_wall': 40, 'obstacles_positions': [[3, 5], [34, 26]]}",10,False
"{'position_t_minus_1': array([0.49382716]), 'position_t': array([0.49382716]), 'action': array([0.5]), 'width_to_walls': array([0.49382716, 0.50617284]), 'obstacles_positions': array([0.06410256, 0.2       , 0.46153846, 0.9       , 1.        ,
       1.        , 1.        , 1.        , 1.        , 1.        ,
       1.        , 1.        , 1.        , 1.        , 1.        ,
       1.        , 1.        , 1.        , 1.        , 1.        ,
       1.        , 1.        , 1.        , 1.        , 1.        ,
       1.        , 1.        , 1.        , 1.        , 1.        ,
       1.        , 1.        , 1.        , 1.        , 1.        ,
       1.        , 1.        , 1.        , 1.        , 1.        ])}"
"{'position_t_minus_1': [40, 168], 'position': [40, 169], 'action': 1, 'current_world_width': 80, 'width_to_left_wall': 39, 'width_to_right_wall': 40, 'obstacles_positions': [[3, 4], [34, 25]]}",10,False
"{'position_t_minus_1': array([0.49382716]), 'position_t': array([0.49382716]), 'action': array([0.5]), 'width_to_walls': array([0.49382716, 0.50617284]), 'obstacles_positions': array([0.06410256, 0.16666667, 0.46153846, 0.86666667, 1.        ,
       1.        , 1.        , 1.        , 1.        , 1.        ,
       1.        , 1.        , 1.        , 1.        , 1.        ,
       1.        , 1.        , 1.        , 1.        , 1.        ,
       1.        , 1.        , 1.        , 1.        , 1.        ,
       1.        , 1.        , 1.        , 1.        , 1.        ,
       1.        , 1.        , 1.        , 1.        , 1.        ,
       1.        , 1.        , 1.        , 1.        , 1.        ])}"
"{'position_t_minus_1': [40, 169], 'position': [40, 170], 'action': 1, 'current_world_width': 80, 'width_to_left_wall': 39, 'width_to_right_wall': 40, 'obstacles_positions': [[3, 3], [34, 24]]}",10,False
"{'position_t_minus_1': array([0.49382716]), 'position_t': array([0.49382716]), 'action': array([0.5]), 'width_to_walls': array([0.49382716, 0.50617284]), 'obstacles_positions': array([0.06410256, 0.13333333, 0.46153846, 0.83333333, 1.        ,
       1.        , 1.        , 1.        , 1.        , 1.        ,
       1.        , 1.        , 1.        , 1.        , 1.        ,
       1.        , 1.        , 1.        , 1.        , 1.        ,
       1.        , 1.        , 1.        , 1.        , 1.        ,
       1.        , 1.        , 1.        , 1.        , 1.        ,
       1.        , 1.        , 1.        , 1.        , 1.        ,
       1.        , 1.        , 1.        , 1.        , 1.        ])}"
"{'position_t_minus_1': [40, 170], 'position': [40, 171], 'action': 1, 'current_world_width': 80, 'width_to_left_wall': 39, 'width_to_right_wall': 40, 'obstacles_positions': [[3, 2], [34, 23]]}",0,False
"{'position_t_minus_1': array([0.49382716]), 'position_t': array([0.49382716]), 'action': array([0.5]), 'width_to_walls': array([0.49382716, 0.50617284]), 'obstacles_positions': array([0.06410256, 0.1       , 0.46153846, 0.8       , 1.        ,
       1.        , 1.        , 1.        , 1.        , 1.        ,
       1.        , 1.        , 1.        , 1.        , 1.        ,
       1.        , 1.        , 1.        , 1.        , 1.        ,
       1.        , 1.        , 1.        , 1.        , 1.        ,
       1.        , 1.        , 1.        , 1.        , 1.        ,
       1.        , 1.        , 1.        , 1.        , 1.        ,
       1.        , 1.        , 1.        , 1.        , 1.        ])}"
"{'position_t_minus_1': [40, 171], 'position': [40, 172], 'action': 1, 'current_world_width': 80, 'width_to_left_wall': 39, 'width_to_right_wall': 40, 'obstacles_positions': [[3, 1], [34, 22]]}",0,False
"{'position_t_minus_1': array([0.49382716]), 'position_t': array([0.49382716]), 'action': array([0.5]), 'width_to_walls': array([0.49382716, 0.50617284]), 'obstacles_positions': array([0.06410256, 0.06666667, 0.46153846, 0.76666667, 1.        ,
       1.        , 1.        , 1.        , 1.        , 1.        ,
       1.        , 1.        , 1.        , 1.        , 1.        ,
       1.        , 1.        , 1.        , 1.        , 1.        ,
       1.        , 1.        , 1.        , 1.        , 1.        ,
       1.        , 1.        , 1.        , 1.        , 1.        ,
       1.        , 1.        , 1.        , 1.        , 1.        ,
       1.        , 1.        , 1.        , 1.        , 1.        ])}"
"{'position_t_minus_1': [40, 172], 'position': [40, 173], 'action': 1, 'current_world_width': 80, 'width_to_left_wall': 39, 'width_to_right_wall': 40, 'obstacles_positions': [[3, 0], [34, 21]]}",0,False
"{'position_t_minus_1': array([0.49382716]), 'position_t': array([0.49382716]), 'action': array([0.5]), 'width_to_walls': array([0.49382716, 0.50617284]), 'obstacles_positions': array([0.06410256, 0.03333333, 0.46153846, 0.73333333, 1.        ,
       1.        , 1.        , 1.        , 1.        , 1.        ,
       1.        , 1.        , 1.        , 1.        , 1.        ,
       1.        , 1.        , 1.        , 1.        , 1.        ,
       1.        , 1.        , 1.        , 1.        , 1.        ,
       1.        , 1.        , 1.        , 1.        , 1.        ,
       1.        , 1.        , 1.        , 1.        , 1.        ,
       1.        , 1.        , 1.        , 1.        , 1.        ])}"
"{'position_t_minus_1': [40, 173], 'position': [40, 174], 'action': 1, 'current_world_width': 80, 'width_to_left_wall': 39, 'width_to_right_wall': 40, 'obstacles_positions': [[3, -1], [34, 20]]}",0,False
"{'position_t_minus_1': array([0.49382716]), 'position_t': array([0.49382716]), 'action': array([0.5]), 'width_to_walls': array([0.49382716, 0.50617284]), 'obstacles_positions': array([0.06410256, 0.        , 0.46153846, 0.7       , 1.        ,
       1.        , 1.        , 1.        , 1.        , 1.        ,
       1.        , 1.        , 1.        , 1.        , 1.        ,
       1.        , 1.        , 1.        , 1.        , 1.        ,
       1.        , 1.        , 1.        , 1.        , 1.        ,
       1.        , 1.        , 1.        , 1.        , 1.        ,
       1.        , 1.        , 1.        , 1.        , 1.        ,
       1.        , 1.        , 1.        , 1.        , 1.        ])}"
"{'position_t_minus_1': [40, 174], 'position': [40, 175], 'action': 1, 'current_world_width': 80, 'width_to_left_wall': 39, 'width_to_right_wall': 40, 'obstacles_positions': [[3, -1], [34, 19]]}",0,False
"{'position_t_minus_1': array([0.49382716]), 'position_t': array([0.49382716]), 'action': array([0.5]), 'width_to_walls': array([0.49382716, 0.50617284]), 'obstacles_positions': array([0.06410256, 0.        , 0.46153846, 0.66666667, 1.        ,
       1.        , 1.        , 1.        , 1.        , 1.        ,
       1.        , 1.        , 1.        , 1.        , 1.        ,
       1.        , 1.        , 1.        , 1.        , 1.        ,
       1.        , 1.        , 1.        , 1.        , 1.        ,
       1.        , 1.        , 1.        , 1.        , 1.        ,
       1.        , 1.        , 1.        , 1.        , 1.        ,
       1.        , 1.        , 1.        , 1.        , 1.        ])}"
"{'position_t_minus_1': [40, 175], 'position': [40, 176], 'action': 1, 'current_world_width': 80, 'width_to_left_wall': 39, 'width_to_right_wall': 40, 'obstacles_positions': [[3, -1], [34, 18]]}",0,False
"{'position_t_minus_1': array([0.49382716]), 'position_t': array([0.49382716]), 'action': array([0.5]), 'width_to_walls': array([0.49382716, 0.50617284]), 'obstacles_positions': array([0.06410256, 0.        , 0.46153846, 0.63333333, 1.        ,
       1.        , 1.        , 1.        , 1.        , 1.        ,
       1.        , 1.        , 1.        , 1.        , 1.        ,
       1.        , 1.        , 1.        , 1.        , 1.        ,
       1.        , 1.        , 1.        , 1.        , 1.        ,
       1.        , 1.        , 1.        , 1.        , 1.        ,
       1.        , 1.        , 1.        , 1.        , 1.        ,
       1.        , 1.        , 1.        , 1.        , 1.        ])}"
"{'position_t_minus_1': [40, 176], 'position': [40, 177], 'action': 1, 'current_world_width': 80, 'width_to_left_wall': 39, 'width_to_right_wall': 40, 'obstacles_positions': [[34, 17]]}",10,False
"{'position_t_minus_1': array([0.49382716]), 'position_t': array([0.49382716]), 'action': array([0.5]), 'width_to_walls': array([0.49382716, 0.50617284]), 'obstacles_positions': array([0.46153846, 0.6       , 1.        , 1.        , 1.        ,
       1.        , 1.        , 1.        , 1.        , 1.        ,
       1.        , 1.        , 1.        , 1.        , 1.        ,
       1.        , 1.        , 1.        , 1.        , 1.        ,
       1.        , 1.        , 1.        , 1.        , 1.        ,
       1.        , 1.        , 1.        , 1.        , 1.        ,
       1.        , 1.        , 1.        , 1.        , 1.        ,
       1.        , 1.        , 1.        , 1.        , 1.        ])}"
"{'position_t_minus_1': [40, 177], 'position': [40, 178], 'action': 1, 'current_world_width': 80, 'width_to_left_wall': 39, 'width_to_right_wall': 40, 'obstacles_positions': [[34, 16]]}",10,False
"{'position_t_minus_1': array([0.49382716]), 'position_t': array([0.49382716]), 'action': array([0.5]), 'width_to_walls': array([0.49382716, 0.50617284]), 'obstacles_positions': array([0.46153846, 0.56666667, 1.        , 1.        , 1.        ,
       1.        , 1.        , 1.        , 1.        , 1.        ,
       1.        , 1.        , 1.        , 1.        , 1.        ,
       1.        , 1.        , 1.        , 1.        , 1.        ,
       1.        , 1.        , 1.        , 1.        , 1.        ,
       1.        , 1.        , 1.        , 1.        , 1.        ,
       1.        , 1.        , 1.        , 1.        , 1.        ,
       1.        , 1.        , 1.        , 1.        , 1.        ])}"
"{'position_t_minus_1': [40, 178], 'position': [40, 179], 'action': 1, 'current_world_width': 80, 'width_to_left_wall': 39, 'width_to_right_wall': 40, 'obstacles_positions': [[34, 15]]}",10,False
"{'position_t_minus_1': array([0.49382716]), 'position_t': array([0.49382716]), 'action': array([0.5]), 'width_to_walls': array([0.49382716, 0.50617284]), 'obstacles_positions': array([0.46153846, 0.53333333, 1.        , 1.        , 1.        ,
       1.        , 1.        , 1.        , 1.        , 1.        ,
       1.        , 1.        , 1.        , 1.        , 1.        ,
       1.        , 1.        , 1.        , 1.        , 1.        ,
       1.        , 1.        , 1.        , 1.        , 1.        ,
       1.        , 1.        , 1.        , 1.        , 1.        ,
       1.        , 1.        , 1.        , 1.        , 1.        ,
       1.        , 1.        , 1.        , 1.        , 1.        ])}"
"{'position_t_minus_1': [40, 179], 'position': [40, 180], 'action': 1, 'current_world_width': 80, 'width_to_left_wall': 39, 'width_to_right_wall': 40, 'obstacles_positions': [[34, 14]]}",10,False
"{'position_t_minus_1': array([0.49382716]), 'position_t': array([0.49382716]), 'action': array([0.5]), 'width_to_walls': array([0.49382716, 0.50617284]), 'obstacles_positions': array([0.46153846, 0.5       , 1.        , 1.        , 1.        ,
       1.        , 1.        , 1.        , 1.        , 1.        ,
       1.        , 1.        , 1.        , 1.        , 1.        ,
       1.        , 1.        , 1.        , 1.        , 1.        ,
       1.        , 1.        , 1.        , 1.        , 1.        ,
       1.        , 1.        , 1.        , 1.        , 1.        ,
       1.        , 1.        , 1.        , 1.        , 1.        ,
       1.        , 1.        , 1.        , 1.        , 1.        ])}"
"{'position_t_minus_1': [40, 180], 'position': [40, 181], 'action': 1, 'current_world_width': 80, 'width_to_left_wall': 39, 'width_to_right_wall': 40, 'obstacles_positions': [[34, 13]]}",10,False
"{'position_t_minus_1': array([0.49382716]), 'position_t': array([0.49382716]), 'action': array([0.5]), 'width_to_walls': array([0.49382716, 0.50617284]), 'obstacles_positions': array([0.46153846, 0.46666667, 1.        , 1.        , 1.        ,
       1.        , 1.        , 1.        , 1.        , 1.        ,
       1.        , 1.        , 1.        , 1.        , 1.        ,
       1.        , 1.        , 1.        , 1.        , 1.        ,
       1.        , 1.        , 1.        , 1.        , 1.        ,
       1.        , 1.        , 1.        , 1.        , 1.        ,
       1.        , 1.        , 1.        , 1.        , 1.        ,
       1.        , 1.        , 1.        , 1.        , 1.        ])}"
"{'position_t_minus_1': [40, 181], 'position': [40, 182], 'action': 1, 'current_world_width': 80, 'width_to_left_wall': 39, 'width_to_right_wall': 40, 'obstacles_positions': [[34, 12]]}",10,False
"{'position_t_minus_1': array([0.49382716]), 'position_t': array([0.49382716]), 'action': array([0.5]), 'width_to_walls': array([0.49382716, 0.50617284]), 'obstacles_positions': array([0.46153846, 0.43333333, 1.        , 1.        , 1.        ,
       1.        , 1.        , 1.        , 1.        , 1.        ,
       1.        , 1.        , 1.        , 1.        , 1.        ,
       1.        , 1.        , 1.        , 1.        , 1.        ,
       1.        , 1.        , 1.        , 1.        , 1.        ,
       1.        , 1.        , 1.        , 1.        , 1.        ,
       1.        , 1.        , 1.        , 1.        , 1.        ,
       1.        , 1.        , 1.        , 1.        , 1.        ])}"
"{'position_t_minus_1': [40, 182], 'position': [40, 183], 'action': 1, 'current_world_width': 80, 'width_to_left_wall': 39, 'width_to_right_wall': 40, 'obstacles_positions': [[34, 11]]}",10,False
"{'position_t_minus_1': array([0.49382716]), 'position_t': array([0.49382716]), 'action': array([0.5]), 'width_to_walls': array([0.49382716, 0.50617284]), 'obstacles_positions': array([0.46153846, 0.4       , 1.        , 1.        , 1.        ,
       1.        , 1.        , 1.        , 1.        , 1.        ,
       1.        , 1.        , 1.        , 1.        , 1.        ,
       1.        , 1.        , 1.        , 1.        , 1.        ,
       1.        , 1.        , 1.        , 1.        , 1.        ,
       1.        , 1.        , 1.        , 1.        , 1.        ,
       1.        , 1.        , 1.        , 1.        , 1.        ,
       1.        , 1.        , 1.        , 1.        , 1.        ])}"
"{'position_t_minus_1': [40, 183], 'position': [40, 184], 'action': 1, 'current_world_width': 80, 'width_to_left_wall': 39, 'width_to_right_wall': 40, 'obstacles_positions': [[34, 10]]}",10,False
"{'position_t_minus_1': array([0.49382716]), 'position_t': array([0.49382716]), 'action': array([0.5]), 'width_to_walls': array([0.49382716, 0.50617284]), 'obstacles_positions': array([0.46153846, 0.36666667, 1.        , 1.        , 1.        ,
       1.        , 1.        , 1.        , 1.        , 1.        ,
       1.        , 1.        , 1.        , 1.        , 1.        ,
       1.        , 1.        , 1.        , 1.        , 1.        ,
       1.        , 1.        , 1.        , 1.        , 1.        ,
       1.        , 1.        , 1.        , 1.        , 1.        ,
       1.        , 1.        , 1.        , 1.        , 1.        ,
       1.        , 1.        , 1.        , 1.        , 1.        ])}"
"{'position_t_minus_1': [40, 184], 'position': [40, 185], 'action': 1, 'current_world_width': 80, 'width_to_left_wall': 39, 'width_to_right_wall': 40, 'obstacles_positions': [[34, 9]]}",10,False
"{'position_t_minus_1': array([0.49382716]), 'position_t': array([0.49382716]), 'action': array([0.5]), 'width_to_walls': array([0.49382716, 0.50617284]), 'obstacles_positions': array([0.46153846, 0.33333333, 1.        , 1.        , 1.        ,
       1.        , 1.        , 1.        , 1.        , 1.        ,
       1.        , 1.        , 1.        , 1.        , 1.        ,
       1.        , 1.        , 1.        , 1.        , 1.        ,
       1.        , 1.        , 1.        , 1.        , 1.        ,
       1.        , 1.        , 1.        , 1.        , 1.        ,
       1.        , 1.        , 1.        , 1.        , 1.        ,
       1.        , 1.        , 1.        , 1.        , 1.        ])}"
"{'position_t_minus_1': [40, 185], 'position': [40, 186], 'action': 1, 'current_world_width': 80, 'width_to_left_wall': 39, 'width_to_right_wall': 40, 'obstacles_positions': [[34, 8]]}",10,False
"{'position_t_minus_1': array([0.49382716]), 'position_t': array([0.49382716]), 'action': array([0.5]), 'width_to_walls': array([0.49382716, 0.50617284]), 'obstacles_positions': array([0.46153846, 0.3       , 1.        , 1.        , 1.        ,
       1.        , 1.        , 1.        , 1.        , 1.        ,
       1.        , 1.        , 1.        , 1.        , 1.        ,
       1.        , 1.        , 1.        , 1.        , 1.        ,
       1.        , 1.        , 1.        , 1.        , 1.        ,
       1.        , 1.        , 1.        , 1.        , 1.        ,
       1.        , 1.        , 1.        , 1.        , 1.        ,
       1.        , 1.        , 1.        , 1.        , 1.        ])}"
"{'position_t_minus_1': [40, 186], 'position': [40, 187], 'action': 1, 'current_world_width': 80, 'width_to_left_wall': 39, 'width_to_right_wall': 40, 'obstacles_positions': [[34, 7], [33, 29]]}",10,False
"{'position_t_minus_1': array([0.49382716]), 'position_t': array([0.49382716]), 'action': array([0.5]), 'width_to_walls': array([0.49382716, 0.50617284]), 'obstacles_positions': array([0.46153846, 0.26666667, 0.44871795, 1.        , 1.        ,
       1.        , 1.        , 1.        , 1.        , 1.        ,
       1.        , 1.        , 1.        , 1.        , 1.        ,
       1.        , 1.        , 1.        , 1.        , 1.        ,
       1.        , 1.        , 1.        , 1.        , 1.        ,
       1.        , 1.        , 1.        , 1.        , 1.        ,
       1.        , 1.        , 1.        , 1.        , 1.        ,
       1.        , 1.        , 1.        , 1.        , 1.        ])}"
"{'position_t_minus_1': [40, 187], 'position': [40, 188], 'action': 1, 'current_world_width': 80, 'width_to_left_wall': 39, 'width_to_right_wall': 40, 'obstacles_positions': [[34, 6], [33, 28]]}",10,False
"{'position_t_minus_1': array([0.49382716]), 'position_t': array([0.49382716]), 'action': array([0.5]), 'width_to_walls': array([0.49382716, 0.50617284]), 'obstacles_positions': array([0.46153846, 0.23333333, 0.44871795, 0.96666667, 1.        ,
       1.        , 1.        , 1.        , 1.        , 1.        ,
       1.        , 1.        , 1.        , 1.        , 1.        ,
       1.        , 1.        , 1.        , 1.        , 1.        ,
       1.        , 1.        , 1.        , 1.        , 1.        ,
       1.        , 1.        , 1.        , 1.        , 1.        ,
       1.        , 1.        , 1.        , 1.        , 1.        ,
       1.        , 1.        , 1.        , 1.        , 1.        ])}"
"{'position_t_minus_1': [40, 188], 'position': [40, 189], 'action': 1, 'current_world_width': 80, 'width_to_left_wall': 39, 'width_to_right_wall': 40, 'obstacles_positions': [[34, 5], [33, 27]]}",10,False
"{'position_t_minus_1': array([0.49382716]), 'position_t': array([0.49382716]), 'action': array([0.5]), 'width_to_walls': array([0.49382716, 0.50617284]), 'obstacles_positions': array([0.46153846, 0.2       , 0.44871795, 0.93333333, 1.        ,
       1.        , 1.        , 1.        , 1.        , 1.        ,
       1.        , 1.        , 1.        , 1.        , 1.        ,
       1.        , 1.        , 1.        , 1.        , 1.        ,
       1.        , 1.        , 1.        , 1.        , 1.        ,
       1.        , 1.        , 1.        , 1.        , 1.        ,
       1.        , 1.        , 1.        , 1.        , 1.        ,
       1.        , 1.        , 1.        , 1.        , 1.        ])}"
"{'position_t_minus_1': [40, 189], 'position': [40, 190], 'action': 1, 'current_world_width': 80, 'width_to_left_wall': 39, 'width_to_right_wall': 40, 'obstacles_positions': [[34, 4], [33, 26]]}",10,False
"{'position_t_minus_1': array([0.49382716]), 'position_t': array([0.49382716]), 'action': array([0.5]), 'width_to_walls': array([0.49382716, 0.50617284]), 'obstacles_positions': array([0.46153846, 0.16666667, 0.44871795, 0.9       , 1.        ,
       1.        , 1.        , 1.        , 1.        , 1.        ,
       1.        , 1.        , 1.        , 1.        , 1.        ,
       1.        , 1.        , 1.        , 1.        , 1.        ,
       1.        , 1.        , 1.        , 1.        , 1.        ,
       1.        , 1.        , 1.        , 1.        , 1.        ,
       1.        , 1.        , 1.        , 1.        , 1.        ,
       1.        , 1.        , 1.        , 1.        , 1.        ])}"
"{'position_t_minus_1': [40, 190], 'position': [40, 191], 'action': 1, 'current_world_width': 80, 'width_to_left_wall': 39, 'width_to_right_wall': 40, 'obstacles_positions': [[34, 3], [33, 25]]}",10,False
"{'position_t_minus_1': array([0.49382716]), 'position_t': array([0.49382716]), 'action': array([0.5]), 'width_to_walls': array([0.49382716, 0.50617284]), 'obstacles_positions': array([0.46153846, 0.13333333, 0.44871795, 0.86666667, 1.        ,
       1.        , 1.        , 1.        , 1.        , 1.        ,
       1.        , 1.        , 1.        , 1.        , 1.        ,
       1.        , 1.        , 1.        , 1.        , 1.        ,
       1.        , 1.        , 1.        , 1.        , 1.        ,
       1.        , 1.        , 1.        , 1.        , 1.        ,
       1.        , 1.        , 1.        , 1.        , 1.        ,
       1.        , 1.        , 1.        , 1.        , 1.        ])}"
"{'position_t_minus_1': [40, 191], 'position': [40, 192], 'action': 1, 'current_world_width': 80, 'width_to_left_wall': 39, 'width_to_right_wall': 40, 'obstacles_positions': [[34, 2], [33, 24]]}",10,False
"{'position_t_minus_1': array([0.49382716]), 'position_t': array([0.49382716]), 'action': array([0.5]), 'width_to_walls': array([0.49382716, 0.50617284]), 'obstacles_positions': array([0.46153846, 0.1       , 0.44871795, 0.83333333, 1.        ,
       1.        , 1.        , 1.        , 1.        , 1.        ,
       1.        , 1.        , 1.        , 1.        , 1.        ,
       1.        , 1.        , 1.        , 1.        , 1.        ,
       1.        , 1.        , 1.        , 1.        , 1.        ,
       1.        , 1.        , 1.        , 1.        , 1.        ,
       1.        , 1.        , 1.        , 1.        , 1.        ,
       1.        , 1.        , 1.        , 1.        , 1.        ])}"
"{'position_t_minus_1': [40, 192], 'position': [40, 193], 'action': 1, 'current_world_width': 80, 'width_to_left_wall': 39, 'width_to_right_wall': 40, 'obstacles_positions': [[34, 1], [33, 23]]}",10,False
"{'position_t_minus_1': array([0.49382716]), 'position_t': array([0.49382716]), 'action': array([0.5]), 'width_to_walls': array([0.49382716, 0.50617284]), 'obstacles_positions': array([0.46153846, 0.06666667, 0.44871795, 0.8       , 1.        ,
       1.        , 1.        , 1.        , 1.        , 1.        ,
       1.        , 1.        , 1.        , 1.        , 1.        ,
       1.        , 1.        , 1.        , 1.        , 1.        ,
       1.        , 1.        , 1.        , 1.        , 1.        ,
       1.        , 1.        , 1.        , 1.        , 1.        ,
       1.        , 1.        , 1.        , 1.        , 1.        ,
       1.        , 1.        , 1.        , 1.        , 1.        ])}"
"{'position_t_minus_1': [40, 193], 'position': [40, 194], 'action': 1, 'current_world_width': 80, 'width_to_left_wall': 39, 'width_to_right_wall': 40, 'obstacles_positions': [[34, 0], [33, 22]]}",10,False
"{'position_t_minus_1': array([0.49382716]), 'position_t': array([0.49382716]), 'action': array([0.5]), 'width_to_walls': array([0.49382716, 0.50617284]), 'obstacles_positions': array([0.46153846, 0.03333333, 0.44871795, 0.76666667, 1.        ,
       1.        , 1.        , 1.        , 1.        , 1.        ,
       1.        , 1.        , 1.        , 1.        , 1.        ,
       1.        , 1.        , 1.        , 1.        , 1.        ,
       1.        , 1.        , 1.        , 1.        , 1.        ,
       1.        , 1.        , 1.        , 1.        , 1.        ,
       1.        , 1.        , 1.        , 1.        , 1.        ,
       1.        , 1.        , 1.        , 1.        , 1.        ])}"
"{'position_t_minus_1': [40, 194], 'position': [40, 195], 'action': 1, 'current_world_width': 80, 'width_to_left_wall': 39, 'width_to_right_wall': 40, 'obstacles_positions': [[34, -1], [33, 21]]}",10,False
"{'position_t_minus_1': array([0.49382716]), 'position_t': array([0.49382716]), 'action': array([0.5]), 'width_to_walls': array([0.49382716, 0.50617284]), 'obstacles_positions': array([0.46153846, 0.        , 0.44871795, 0.73333333, 1.        ,
       1.        , 1.        , 1.        , 1.        , 1.        ,
       1.        , 1.        , 1.        , 1.        , 1.        ,
       1.        , 1.        , 1.        , 1.        , 1.        ,
       1.        , 1.        , 1.        , 1.        , 1.        ,
       1.        , 1.        , 1.        , 1.        , 1.        ,
       1.        , 1.        , 1.        , 1.        , 1.        ,
       1.        , 1.        , 1.        , 1.        , 1.        ])}"
"{'position_t_minus_1': [40, 195], 'position': [40, 196], 'action': 1, 'current_world_width': 80, 'width_to_left_wall': 39, 'width_to_right_wall': 40, 'obstacles_positions': [[34, -1], [33, 20]]}",10,False
"{'position_t_minus_1': array([0.49382716]), 'position_t': array([0.49382716]), 'action': array([0.5]), 'width_to_walls': array([0.49382716, 0.50617284]), 'obstacles_positions': array([0.46153846, 0.        , 0.44871795, 0.7       , 1.        ,
       1.        , 1.        , 1.        , 1.        , 1.        ,
       1.        , 1.        , 1.        , 1.        , 1.        ,
       1.        , 1.        , 1.        , 1.        , 1.        ,
       1.        , 1.        , 1.        , 1.        , 1.        ,
       1.        , 1.        , 1.        , 1.        , 1.        ,
       1.        , 1.        , 1.        , 1.        , 1.        ,
       1.        , 1.        , 1.        , 1.        , 1.        ])}"
"{'position_t_minus_1': [40, 196], 'position': [40, 197], 'action': 1, 'current_world_width': 80, 'width_to_left_wall': 39, 'width_to_right_wall': 40, 'obstacles_positions': [[34, -1], [33, 19]]}",10,False
"{'position_t_minus_1': array([0.49382716]), 'position_t': array([0.49382716]), 'action': array([0.5]), 'width_to_walls': array([0.49382716, 0.50617284]), 'obstacles_positions': array([0.46153846, 0.        , 0.44871795, 0.66666667, 1.        ,
       1.        , 1.        , 1.        , 1.        , 1.        ,
       1.        , 1.        , 1.        , 1.        , 1.        ,
       1.        , 1.        , 1.        , 1.        , 1.        ,
       1.        , 1.        , 1.        , 1.        , 1.        ,
       1.        , 1.        , 1.        , 1.        , 1.        ,
       1.        , 1.        , 1.        , 1.        , 1.        ,
       1.        , 1.        , 1.        , 1.        , 1.        ])}"
"{'position_t_minus_1': [40, 197], 'position': [40, 198], 'action': 1, 'current_world_width': 80, 'width_to_left_wall': 39, 'width_to_right_wall': 40, 'obstacles_positions': [[33, 18]]}",10,False
"{'position_t_minus_1': array([0.49382716]), 'position_t': array([0.49382716]), 'action': array([0.5]), 'width_to_walls': array([0.49382716, 0.50617284]), 'obstacles_positions': array([0.44871795, 0.63333333, 1.        , 1.        , 1.        ,
       1.        , 1.        , 1.        , 1.        , 1.        ,
       1.        , 1.        , 1.        , 1.        , 1.        ,
       1.        , 1.        , 1.        , 1.        , 1.        ,
       1.        , 1.        , 1.        , 1.        , 1.        ,
       1.        , 1.        , 1.        , 1.        , 1.        ,
       1.        , 1.        , 1.        , 1.        , 1.        ,
       1.        , 1.        , 1.        , 1.        , 1.        ])}"
"{'position_t_minus_1': [40, 198], 'position': [40, 199], 'action': 1, 'current_world_width': 80, 'width_to_left_wall': 39, 'width_to_right_wall': 40, 'obstacles_positions': [[33, 17]]}",10,False
"{'position_t_minus_1': array([0.49382716]), 'position_t': array([0.49382716]), 'action': array([0.5]), 'width_to_walls': array([0.49382716, 0.50617284]), 'obstacles_positions': array([0.44871795, 0.6       , 1.        , 1.        , 1.        ,
       1.        , 1.        , 1.        , 1.        , 1.        ,
       1.        , 1.        , 1.        , 1.        , 1.        ,
       1.        , 1.        , 1.        , 1.        , 1.        ,
       1.        , 1.        , 1.        , 1.        , 1.        ,
       1.        , 1.        , 1.        , 1.        , 1.        ,
       1.        , 1.        , 1.        , 1.        , 1.        ,
       1.        , 1.        , 1.        , 1.        , 1.        ])}"
"{'position_t_minus_1': [40, 199], 'position': [40, 200], 'action': 1, 'current_world_width': 80, 'width_to_left_wall': 39, 'width_to_right_wall': 40, 'obstacles_positions': [[33, 16]]}",10,False
"{'position_t_minus_1': array([0.49382716]), 'position_t': array([0.49382716]), 'action': array([0.5]), 'width_to_walls': array([0.49382716, 0.50617284]), 'obstacles_positions': array([0.44871795, 0.56666667, 1.        , 1.        , 1.        ,
       1.        , 1.        , 1.        , 1.        , 1.        ,
       1.        , 1.        , 1.        , 1.        , 1.        ,
       1.        , 1.        , 1.        , 1.        , 1.        ,
       1.        , 1.        , 1.        , 1.        , 1.        ,
       1.        , 1.        , 1.        , 1.        , 1.        ,
       1.        , 1.        , 1.        , 1.        , 1.        ,
       1.        , 1.        , 1.        , 1.        , 1.        ])}"
"{'position_t_minus_1': [40, 200], 'position': [40, 201], 'action': 1, 'current_world_width': 80, 'width_to_left_wall': 39, 'width_to_right_wall': 40, 'obstacles_positions': [[33, 15], [-1, 29]]}",10,False
"{'position_t_minus_1': array([0.49382716]), 'position_t': array([0.49382716]), 'action': array([0.5]), 'width_to_walls': array([0.49382716, 0.50617284]), 'obstacles_positions': array([0.44871795, 0.53333333, 0.01282051, 1.        , 1.        ,
       1.        , 1.        , 1.        , 1.        , 1.        ,
       1.        , 1.        , 1.        , 1.        , 1.        ,
       1.        , 1.        , 1.        , 1.        , 1.        ,
       1.        , 1.        , 1.        , 1.        , 1.        ,
       1.        , 1.        , 1.        , 1.        , 1.        ,
       1.        , 1.        , 1.        , 1.        , 1.        ,
       1.        , 1.        , 1.        , 1.        , 1.        ])}"
"{'position_t_minus_1': [40, 201], 'position': [40, 202], 'action': 1, 'current_world_width': 80, 'width_to_left_wall': 39, 'width_to_right_wall': 40, 'obstacles_positions': [[33, 14], [-1, 28]]}",10,False
"{'position_t_minus_1': array([0.49382716]), 'position_t': array([0.49382716]), 'action': array([0.5]), 'width_to_walls': array([0.49382716, 0.50617284]), 'obstacles_positions': array([0.44871795, 0.5       , 0.01282051, 0.96666667, 1.        ,
       1.        , 1.        , 1.        , 1.        , 1.        ,
       1.        , 1.        , 1.        , 1.        , 1.        ,
       1.        , 1.        , 1.        , 1.        , 1.        ,
       1.        , 1.        , 1.        , 1.        , 1.        ,
       1.        , 1.        , 1.        , 1.        , 1.        ,
       1.        , 1.        , 1.        , 1.        , 1.        ,
       1.        , 1.        , 1.        , 1.        , 1.        ])}"
"{'position_t_minus_1': [40, 202], 'position': [40, 203], 'action': 1, 'current_world_width': 80, 'width_to_left_wall': 39, 'width_to_right_wall': 40, 'obstacles_positions': [[33, 13], [-1, 27]]}",10,False
"{'position_t_minus_1': array([0.49382716]), 'position_t': array([0.49382716]), 'action': array([0.5]), 'width_to_walls': array([0.49382716, 0.50617284]), 'obstacles_positions': array([0.44871795, 0.46666667, 0.01282051, 0.93333333, 1.        ,
       1.        , 1.        , 1.        , 1.        , 1.        ,
       1.        , 1.        , 1.        , 1.        , 1.        ,
       1.        , 1.        , 1.        , 1.        , 1.        ,
       1.        , 1.        , 1.        , 1.        , 1.        ,
       1.        , 1.        , 1.        , 1.        , 1.        ,
       1.        , 1.        , 1.        , 1.        , 1.        ,
       1.        , 1.        , 1.        , 1.        , 1.        ])}"
"{'position_t_minus_1': [40, 203], 'position': [40, 204], 'action': 1, 'current_world_width': 80, 'width_to_left_wall': 39, 'width_to_right_wall': 40, 'obstacles_positions': [[33, 12], [-1, 26]]}",10,False
"{'position_t_minus_1': array([0.49382716]), 'position_t': array([0.49382716]), 'action': array([0.5]), 'width_to_walls': array([0.49382716, 0.50617284]), 'obstacles_positions': array([0.44871795, 0.43333333, 0.01282051, 0.9       , 1.        ,
       1.        , 1.        , 1.        , 1.        , 1.        ,
       1.        , 1.        , 1.        , 1.        , 1.        ,
       1.        , 1.        , 1.        , 1.        , 1.        ,
       1.        , 1.        , 1.        , 1.        , 1.        ,
       1.        , 1.        , 1.        , 1.        , 1.        ,
       1.        , 1.        , 1.        , 1.        , 1.        ,
       1.        , 1.        , 1.        , 1.        , 1.        ])}"
"{'position_t_minus_1': [40, 204], 'position': [40, 205], 'action': 1, 'current_world_width': 80, 'width_to_left_wall': 39, 'width_to_right_wall': 40, 'obstacles_positions': [[33, 11], [-1, 25]]}",10,False
"{'position_t_minus_1': array([0.49382716]), 'position_t': array([0.49382716]), 'action': array([0.5]), 'width_to_walls': array([0.49382716, 0.50617284]), 'obstacles_positions': array([0.44871795, 0.4       , 0.01282051, 0.86666667, 1.        ,
       1.        , 1.        , 1.        , 1.        , 1.        ,
       1.        , 1.        , 1.        , 1.        , 1.        ,
       1.        , 1.        , 1.        , 1.        , 1.        ,
       1.        , 1.        , 1.        , 1.        , 1.        ,
       1.        , 1.        , 1.        , 1.        , 1.        ,
       1.        , 1.        , 1.        , 1.        , 1.        ,
       1.        , 1.        , 1.        , 1.        , 1.        ])}"
"{'position_t_minus_1': [40, 205], 'position': [40, 206], 'action': 1, 'current_world_width': 80, 'width_to_left_wall': 39, 'width_to_right_wall': 40, 'obstacles_positions': [[33, 10], [-1, 24]]}",10,False
"{'position_t_minus_1': array([0.49382716]), 'position_t': array([0.49382716]), 'action': array([0.5]), 'width_to_walls': array([0.49382716, 0.50617284]), 'obstacles_positions': array([0.44871795, 0.36666667, 0.01282051, 0.83333333, 1.        ,
       1.        , 1.        , 1.        , 1.        , 1.        ,
       1.        , 1.        , 1.        , 1.        , 1.        ,
       1.        , 1.        , 1.        , 1.        , 1.        ,
       1.        , 1.        , 1.        , 1.        , 1.        ,
       1.        , 1.        , 1.        , 1.        , 1.        ,
       1.        , 1.        , 1.        , 1.        , 1.        ,
       1.        , 1.        , 1.        , 1.        , 1.        ])}"
"{'position_t_minus_1': [40, 206], 'position': [40, 207], 'action': 1, 'current_world_width': 80, 'width_to_left_wall': 39, 'width_to_right_wall': 40, 'obstacles_positions': [[33, 9], [-1, 23]]}",10,False
"{'position_t_minus_1': array([0.49382716]), 'position_t': array([0.49382716]), 'action': array([0.5]), 'width_to_walls': array([0.49382716, 0.50617284]), 'obstacles_positions': array([0.44871795, 0.33333333, 0.01282051, 0.8       , 1.        ,
       1.        , 1.        , 1.        , 1.        , 1.        ,
       1.        , 1.        , 1.        , 1.        , 1.        ,
       1.        , 1.        , 1.        , 1.        , 1.        ,
       1.        , 1.        , 1.        , 1.        , 1.        ,
       1.        , 1.        , 1.        , 1.        , 1.        ,
       1.        , 1.        , 1.        , 1.        , 1.        ,
       1.        , 1.        , 1.        , 1.        , 1.        ])}"
"{'position_t_minus_1': [40, 207], 'position': [40, 208], 'action': 1, 'current_world_width': 80, 'width_to_left_wall': 39, 'width_to_right_wall': 40, 'obstacles_positions': [[33, 8], [-1, 22]]}",10,False
"{'position_t_minus_1': array([0.49382716]), 'position_t': array([0.49382716]), 'action': array([0.5]), 'width_to_walls': array([0.49382716, 0.50617284]), 'obstacles_positions': array([0.44871795, 0.3       , 0.01282051, 0.76666667, 1.        ,
       1.        , 1.        , 1.        , 1.        , 1.        ,
       1.        , 1.        , 1.        , 1.        , 1.        ,
       1.        , 1.        , 1.        , 1.        , 1.        ,
       1.        , 1.        , 1.        , 1.        , 1.        ,
       1.        , 1.        , 1.        , 1.        , 1.        ,
       1.        , 1.        , 1.        , 1.        , 1.        ,
       1.        , 1.        , 1.        , 1.        , 1.        ])}"
"{'position_t_minus_1': [40, 208], 'position': [40, 209], 'action': 1, 'current_world_width': 80, 'width_to_left_wall': 39, 'width_to_right_wall': 40, 'obstacles_positions': [[33, 7], [-1, 21]]}",10,False
"{'position_t_minus_1': array([0.49382716]), 'position_t': array([0.49382716]), 'action': array([0.5]), 'width_to_walls': array([0.49382716, 0.50617284]), 'obstacles_positions': array([0.44871795, 0.26666667, 0.01282051, 0.73333333, 1.        ,
       1.        , 1.        , 1.        , 1.        , 1.        ,
       1.        , 1.        , 1.        , 1.        , 1.        ,
       1.        , 1.        , 1.        , 1.        , 1.        ,
       1.        , 1.        , 1.        , 1.        , 1.        ,
       1.        , 1.        , 1.        , 1.        , 1.        ,
       1.        , 1.        , 1.        , 1.        , 1.        ,
       1.        , 1.        , 1.        , 1.        , 1.        ])}"
"{'position_t_minus_1': [40, 209], 'position': [40, 210], 'action': 1, 'current_world_width': 80, 'width_to_left_wall': 39, 'width_to_right_wall': 40, 'obstacles_positions': [[33, 6], [-1, 20]]}",10,False
"{'position_t_minus_1': array([0.49382716]), 'position_t': array([0.49382716]), 'action': array([0.5]), 'width_to_walls': array([0.49382716, 0.50617284]), 'obstacles_positions': array([0.44871795, 0.23333333, 0.01282051, 0.7       , 1.        ,
       1.        , 1.        , 1.        , 1.        , 1.        ,
       1.        , 1.        , 1.        , 1.        , 1.        ,
       1.        , 1.        , 1.        , 1.        , 1.        ,
       1.        , 1.        , 1.        , 1.        , 1.        ,
       1.        , 1.        , 1.        , 1.        , 1.        ,
       1.        , 1.        , 1.        , 1.        , 1.        ,
       1.        , 1.        , 1.        , 1.        , 1.        ])}"
"{'position_t_minus_1': [40, 210], 'position': [40, 211], 'action': 1, 'current_world_width': 80, 'width_to_left_wall': 39, 'width_to_right_wall': 40, 'obstacles_positions': [[33, 5], [-1, 19]]}",10,False
"{'position_t_minus_1': array([0.49382716]), 'position_t': array([0.49382716]), 'action': array([0.5]), 'width_to_walls': array([0.49382716, 0.50617284]), 'obstacles_positions': array([0.44871795, 0.2       , 0.01282051, 0.66666667, 1.        ,
       1.        , 1.        , 1.        , 1.        , 1.        ,
       1.        , 1.        , 1.        , 1.        , 1.        ,
       1.        , 1.        , 1.        , 1.        , 1.        ,
       1.        , 1.        , 1.        , 1.        , 1.        ,
       1.        , 1.        , 1.        , 1.        , 1.        ,
       1.        , 1.        , 1.        , 1.        , 1.        ,
       1.        , 1.        , 1.        , 1.        , 1.        ])}"
"{'position_t_minus_1': [40, 211], 'position': [40, 212], 'action': 1, 'current_world_width': 80, 'width_to_left_wall': 39, 'width_to_right_wall': 40, 'obstacles_positions': [[33, 4], [-1, 18]]}",10,False
"{'position_t_minus_1': array([0.49382716]), 'position_t': array([0.49382716]), 'action': array([0.5]), 'width_to_walls': array([0.49382716, 0.50617284]), 'obstacles_positions': array([0.44871795, 0.16666667, 0.01282051, 0.63333333, 1.        ,
       1.        , 1.        , 1.        , 1.        , 1.        ,
       1.        , 1.        , 1.        , 1.        , 1.        ,
       1.        , 1.        , 1.        , 1.        , 1.        ,
       1.        , 1.        , 1.        , 1.        , 1.        ,
       1.        , 1.        , 1.        , 1.        , 1.        ,
       1.        , 1.        , 1.        , 1.        , 1.        ,
       1.        , 1.        , 1.        , 1.        , 1.        ])}"
"{'position_t_minus_1': [40, 212], 'position': [40, 213], 'action': 1, 'current_world_width': 80, 'width_to_left_wall': 39, 'width_to_right_wall': 40, 'obstacles_positions': [[33, 3], [-1, 17]]}",10,False
"{'position_t_minus_1': array([0.49382716]), 'position_t': array([0.49382716]), 'action': array([0.5]), 'width_to_walls': array([0.49382716, 0.50617284]), 'obstacles_positions': array([0.44871795, 0.13333333, 0.01282051, 0.6       , 1.        ,
       1.        , 1.        , 1.        , 1.        , 1.        ,
       1.        , 1.        , 1.        , 1.        , 1.        ,
       1.        , 1.        , 1.        , 1.        , 1.        ,
       1.        , 1.        , 1.        , 1.        , 1.        ,
       1.        , 1.        , 1.        , 1.        , 1.        ,
       1.        , 1.        , 1.        , 1.        , 1.        ,
       1.        , 1.        , 1.        , 1.        , 1.        ])}"
"{'position_t_minus_1': [40, 213], 'position': [40, 214], 'action': 1, 'current_world_width': 80, 'width_to_left_wall': 39, 'width_to_right_wall': 40, 'obstacles_positions': [[33, 2], [-1, 16]]}",10,False
"{'position_t_minus_1': array([0.49382716]), 'position_t': array([0.49382716]), 'action': array([0.5]), 'width_to_walls': array([0.49382716, 0.50617284]), 'obstacles_positions': array([0.44871795, 0.1       , 0.01282051, 0.56666667, 1.        ,
       1.        , 1.        , 1.        , 1.        , 1.        ,
       1.        , 1.        , 1.        , 1.        , 1.        ,
       1.        , 1.        , 1.        , 1.        , 1.        ,
       1.        , 1.        , 1.        , 1.        , 1.        ,
       1.        , 1.        , 1.        , 1.        , 1.        ,
       1.        , 1.        , 1.        , 1.        , 1.        ,
       1.        , 1.        , 1.        , 1.        , 1.        ])}"
"{'position_t_minus_1': [40, 214], 'position': [40, 215], 'action': 1, 'current_world_width': 80, 'width_to_left_wall': 39, 'width_to_right_wall': 40, 'obstacles_positions': [[33, 1], [-1, 15]]}",10,False
"{'position_t_minus_1': array([0.49382716]), 'position_t': array([0.49382716]), 'action': array([0.5]), 'width_to_walls': array([0.49382716, 0.50617284]), 'obstacles_positions': array([0.44871795, 0.06666667, 0.01282051, 0.53333333, 1.        ,
       1.        , 1.        , 1.        , 1.        , 1.        ,
       1.        , 1.        , 1.        , 1.        , 1.        ,
       1.        , 1.        , 1.        , 1.        , 1.        ,
       1.        , 1.        , 1.        , 1.        , 1.        ,
       1.        , 1.        , 1.        , 1.        , 1.        ,
       1.        , 1.        , 1.        , 1.        , 1.        ,
       1.        , 1.        , 1.        , 1.        , 1.        ])}"
"{'position_t_minus_1': [40, 215], 'position': [40, 216], 'action': 1, 'current_world_width': 80, 'width_to_left_wall': 39, 'width_to_right_wall': 40, 'obstacles_positions': [[33, 0], [-1, 14]]}",10,False
"{'position_t_minus_1': array([0.49382716]), 'position_t': array([0.49382716]), 'action': array([0.5]), 'width_to_walls': array([0.49382716, 0.50617284]), 'obstacles_positions': array([0.44871795, 0.03333333, 0.01282051, 0.5       , 1.        ,
       1.        , 1.        , 1.        , 1.        , 1.        ,
       1.        , 1.        , 1.        , 1.        , 1.        ,
       1.        , 1.        , 1.        , 1.        , 1.        ,
       1.        , 1.        , 1.        , 1.        , 1.        ,
       1.        , 1.        , 1.        , 1.        , 1.        ,
       1.        , 1.        , 1.        , 1.        , 1.        ,
       1.        , 1.        , 1.        , 1.        , 1.        ])}"
"{'position_t_minus_1': [40, 216], 'position': [40, 217], 'action': 1, 'current_world_width': 80, 'width_to_left_wall': 39, 'width_to_right_wall': 40, 'obstacles_positions': [[33, -1], [-1, 13]]}",10,False
"{'position_t_minus_1': array([0.49382716]), 'position_t': array([0.49382716]), 'action': array([0.5]), 'width_to_walls': array([0.49382716, 0.50617284]), 'obstacles_positions': array([0.44871795, 0.        , 0.01282051, 0.46666667, 1.        ,
       1.        , 1.        , 1.        , 1.        , 1.        ,
       1.        , 1.        , 1.        , 1.        , 1.        ,
       1.        , 1.        , 1.        , 1.        , 1.        ,
       1.        , 1.        , 1.        , 1.        , 1.        ,
       1.        , 1.        , 1.        , 1.        , 1.        ,
       1.        , 1.        , 1.        , 1.        , 1.        ,
       1.        , 1.        , 1.        , 1.        , 1.        ])}"
"{'position_t_minus_1': [40, 217], 'position': [40, 218], 'action': 1, 'current_world_width': 80, 'width_to_left_wall': 39, 'width_to_right_wall': 40, 'obstacles_positions': [[33, -1], [-1, 12]]}",10,False
"{'position_t_minus_1': array([0.49382716]), 'position_t': array([0.49382716]), 'action': array([0.5]), 'width_to_walls': array([0.49382716, 0.50617284]), 'obstacles_positions': array([0.44871795, 0.        , 0.01282051, 0.43333333, 1.        ,
       1.        , 1.        , 1.        , 1.        , 1.        ,
       1.        , 1.        , 1.        , 1.        , 1.        ,
       1.        , 1.        , 1.        , 1.        , 1.        ,
       1.        , 1.        , 1.        , 1.        , 1.        ,
       1.        , 1.        , 1.        , 1.        , 1.        ,
       1.        , 1.        , 1.        , 1.        , 1.        ,
       1.        , 1.        , 1.        , 1.        , 1.        ])}"
"{'position_t_minus_1': [40, 218], 'position': [40, 219], 'action': 1, 'current_world_width': 80, 'width_to_left_wall': 39, 'width_to_right_wall': 40, 'obstacles_positions': [[33, -1], [-1, 11]]}",10,False
"{'position_t_minus_1': array([0.49382716]), 'position_t': array([0.49382716]), 'action': array([0.5]), 'width_to_walls': array([0.49382716, 0.50617284]), 'obstacles_positions': array([0.44871795, 0.        , 0.01282051, 0.4       , 1.        ,
       1.        , 1.        , 1.        , 1.        , 1.        ,
       1.        , 1.        , 1.        , 1.        , 1.        ,
       1.        , 1.        , 1.        , 1.        , 1.        ,
       1.        , 1.        , 1.        , 1.        , 1.        ,
       1.        , 1.        , 1.        , 1.        , 1.        ,
       1.        , 1.        , 1.        , 1.        , 1.        ,
       1.        , 1.        , 1.        , 1.        , 1.        ])}"
"{'position_t_minus_1': [40, 219], 'position': [40, 220], 'action': 1, 'current_world_width': 80, 'width_to_left_wall': 39, 'width_to_right_wall': 40, 'obstacles_positions': [[-1, 10]]}",10,False
"{'position_t_minus_1': array([0.49382716]), 'position_t': array([0.49382716]), 'action': array([0.5]), 'width_to_walls': array([0.49382716, 0.50617284]), 'obstacles_positions': array([0.01282051, 0.36666667, 1.        , 1.        , 1.        ,
       1.        , 1.        , 1.        , 1.        , 1.        ,
       1.        , 1.        , 1.        , 1.        , 1.        ,
       1.        , 1.        , 1.        , 1.        , 1.        ,
       1.        , 1.        , 1.        , 1.        , 1.        ,
       1.        , 1.        , 1.        , 1.        , 1.        ,
       1.        , 1.        , 1.        , 1.        , 1.        ,
       1.        , 1.        , 1.        , 1.        , 1.        ])}"
"{'position_t_minus_1': [40, 220], 'position': [40, 221], 'action': 1, 'current_world_width': 80, 'width_to_left_wall': 39, 'width_to_right_wall': 40, 'obstacles_positions': [[-1, 9]]}",10,False
"{'position_t_minus_1': array([0.49382716]), 'position_t': array([0.49382716]), 'action': array([0.5]), 'width_to_walls': array([0.49382716, 0.50617284]), 'obstacles_positions': array([0.01282051, 0.33333333, 1.        , 1.        , 1.        ,
       1.        , 1.        , 1.        , 1.        , 1.        ,
       1.        , 1.        , 1.        , 1.        , 1.        ,
       1.        , 1.        , 1.        , 1.        , 1.        ,
       1.        , 1.        , 1.        , 1.        , 1.        ,
       1.        , 1.        , 1.        , 1.        , 1.        ,
       1.        , 1.        , 1.        , 1.        , 1.        ,
       1.        , 1.        , 1.        , 1.        , 1.        ])}"
"{'position_t_minus_1': [40, 221], 'position': [40, 222], 'action': 1, 'current_world_width': 80, 'width_to_left_wall': 39, 'width_to_right_wall': 40, 'obstacles_positions': [[-1, 8], [15, 29]]}",10,False
"{'position_t_minus_1': array([0.49382716]), 'position_t': array([0.49382716]), 'action': array([0.5]), 'width_to_walls': array([0.49382716, 0.50617284]), 'obstacles_positions': array([0.01282051, 0.3       , 0.21794872, 1.        , 1.        ,
       1.        , 1.        , 1.        , 1.        , 1.        ,
       1.        , 1.        , 1.        , 1.        , 1.        ,
       1.        , 1.        , 1.        , 1.        , 1.        ,
       1.        , 1.        , 1.        , 1.        , 1.        ,
       1.        , 1.        , 1.        , 1.        , 1.        ,
       1.        , 1.        , 1.        , 1.        , 1.        ,
       1.        , 1.        , 1.        , 1.        , 1.        ])}"
"{'position_t_minus_1': [40, 222], 'position': [40, 223], 'action': 1, 'current_world_width': 80, 'width_to_left_wall': 39, 'width_to_right_wall': 40, 'obstacles_positions': [[-1, 7], [15, 28]]}",10,False
"{'position_t_minus_1': array([0.49382716]), 'position_t': array([0.49382716]), 'action': array([0.5]), 'width_to_walls': array([0.49382716, 0.50617284]), 'obstacles_positions': array([0.01282051, 0.26666667, 0.21794872, 0.96666667, 1.        ,
       1.        , 1.        , 1.        , 1.        , 1.        ,
       1.        , 1.        , 1.        , 1.        , 1.        ,
       1.        , 1.        , 1.        , 1.        , 1.        ,
       1.        , 1.        , 1.        , 1.        , 1.        ,
       1.        , 1.        , 1.        , 1.        , 1.        ,
       1.        , 1.        , 1.        , 1.        , 1.        ,
       1.        , 1.        , 1.        , 1.        , 1.        ])}"
"{'position_t_minus_1': [40, 223], 'position': [40, 224], 'action': 1, 'current_world_width': 80, 'width_to_left_wall': 39, 'width_to_right_wall': 40, 'obstacles_positions': [[-1, 6], [15, 27]]}",10,False
"{'position_t_minus_1': array([0.49382716]), 'position_t': array([0.49382716]), 'action': array([0.5]), 'width_to_walls': array([0.49382716, 0.50617284]), 'obstacles_positions': array([0.01282051, 0.23333333, 0.21794872, 0.93333333, 1.        ,
       1.        , 1.        , 1.        , 1.        , 1.        ,
       1.        , 1.        , 1.        , 1.        , 1.        ,
       1.        , 1.        , 1.        , 1.        , 1.        ,
       1.        , 1.        , 1.        , 1.        , 1.        ,
       1.        , 1.        , 1.        , 1.        , 1.        ,
       1.        , 1.        , 1.        , 1.        , 1.        ,
       1.        , 1.        , 1.        , 1.        , 1.        ])}"
"{'position_t_minus_1': [40, 224], 'position': [40, 225], 'action': 1, 'current_world_width': 80, 'width_to_left_wall': 39, 'width_to_right_wall': 40, 'obstacles_positions': [[-1, 5], [15, 26]]}",10,False
"{'position_t_minus_1': array([0.49382716]), 'position_t': array([0.49382716]), 'action': array([0.5]), 'width_to_walls': array([0.49382716, 0.50617284]), 'obstacles_positions': array([0.01282051, 0.2       , 0.21794872, 0.9       , 1.        ,
       1.        , 1.        , 1.        , 1.        , 1.        ,
       1.        , 1.        , 1.        , 1.        , 1.        ,
       1.        , 1.        , 1.        , 1.        , 1.        ,
       1.        , 1.        , 1.        , 1.        , 1.        ,
       1.        , 1.        , 1.        , 1.        , 1.        ,
       1.        , 1.        , 1.        , 1.        , 1.        ,
       1.        , 1.        , 1.        , 1.        , 1.        ])}"
"{'position_t_minus_1': [40, 225], 'position': [40, 226], 'action': 1, 'current_world_width': 80, 'width_to_left_wall': 39, 'width_to_right_wall': 40, 'obstacles_positions': [[-1, 4], [15, 25]]}",10,False
"{'position_t_minus_1': array([0.49382716]), 'position_t': array([0.49382716]), 'action': array([0.5]), 'width_to_walls': array([0.49382716, 0.50617284]), 'obstacles_positions': array([0.01282051, 0.16666667, 0.21794872, 0.86666667, 1.        ,
       1.        , 1.        , 1.        , 1.        , 1.        ,
       1.        , 1.        , 1.        , 1.        , 1.        ,
       1.        , 1.        , 1.        , 1.        , 1.        ,
       1.        , 1.        , 1.        , 1.        , 1.        ,
       1.        , 1.        , 1.        , 1.        , 1.        ,
       1.        , 1.        , 1.        , 1.        , 1.        ,
       1.        , 1.        , 1.        , 1.        , 1.        ])}"
"{'position_t_minus_1': [40, 226], 'position': [40, 227], 'action': 1, 'current_world_width': 80, 'width_to_left_wall': 39, 'width_to_right_wall': 40, 'obstacles_positions': [[-1, 3], [15, 24]]}",10,False
"{'position_t_minus_1': array([0.49382716]), 'position_t': array([0.49382716]), 'action': array([0.5]), 'width_to_walls': array([0.49382716, 0.50617284]), 'obstacles_positions': array([0.01282051, 0.13333333, 0.21794872, 0.83333333, 1.        ,
       1.        , 1.        , 1.        , 1.        , 1.        ,
       1.        , 1.        , 1.        , 1.        , 1.        ,
       1.        , 1.        , 1.        , 1.        , 1.        ,
       1.        , 1.        , 1.        , 1.        , 1.        ,
       1.        , 1.        , 1.        , 1.        , 1.        ,
       1.        , 1.        , 1.        , 1.        , 1.        ,
       1.        , 1.        , 1.        , 1.        , 1.        ])}"
"{'position_t_minus_1': [40, 227], 'position': [40, 228], 'action': 1, 'current_world_width': 80, 'width_to_left_wall': 39, 'width_to_right_wall': 40, 'obstacles_positions': [[-1, 2], [15, 23]]}",0,False
"{'position_t_minus_1': array([0.49382716]), 'position_t': array([0.49382716]), 'action': array([0.5]), 'width_to_walls': array([0.49382716, 0.50617284]), 'obstacles_positions': array([0.01282051, 0.1       , 0.21794872, 0.8       , 1.        ,
       1.        , 1.        , 1.        , 1.        , 1.        ,
       1.        , 1.        , 1.        , 1.        , 1.        ,
       1.        , 1.        , 1.        , 1.        , 1.        ,
       1.        , 1.        , 1.        , 1.        , 1.        ,
       1.        , 1.        , 1.        , 1.        , 1.        ,
       1.        , 1.        , 1.        , 1.        , 1.        ,
       1.        , 1.        , 1.        , 1.        , 1.        ])}"
"{'position_t_minus_1': [40, 228], 'position': [40, 229], 'action': 1, 'current_world_width': 80, 'width_to_left_wall': 39, 'width_to_right_wall': 40, 'obstacles_positions': [[-1, 1], [15, 22]]}",0,False
"{'position_t_minus_1': array([0.49382716]), 'position_t': array([0.49382716]), 'action': array([0.5]), 'width_to_walls': array([0.49382716, 0.50617284]), 'obstacles_positions': array([0.01282051, 0.06666667, 0.21794872, 0.76666667, 1.        ,
       1.        , 1.        , 1.        , 1.        , 1.        ,
       1.        , 1.        , 1.        , 1.        , 1.        ,
       1.        , 1.        , 1.        , 1.        , 1.        ,
       1.        , 1.        , 1.        , 1.        , 1.        ,
       1.        , 1.        , 1.        , 1.        , 1.        ,
       1.        , 1.        , 1.        , 1.        , 1.        ,
       1.        , 1.        , 1.        , 1.        , 1.        ])}"
"{'position_t_minus_1': [40, 229], 'position': [40, 230], 'action': 1, 'current_world_width': 80, 'width_to_left_wall': 39, 'width_to_right_wall': 40, 'obstacles_positions': [[-1, 0], [15, 21]]}",0,False
"{'position_t_minus_1': array([0.49382716]), 'position_t': array([0.49382716]), 'action': array([0.5]), 'width_to_walls': array([0.49382716, 0.50617284]), 'obstacles_positions': array([0.01282051, 0.03333333, 0.21794872, 0.73333333, 1.        ,
       1.        , 1.        , 1.        , 1.        , 1.        ,
       1.        , 1.        , 1.        , 1.        , 1.        ,
       1.        , 1.        , 1.        , 1.        , 1.        ,
       1.        , 1.        , 1.        , 1.        , 1.        ,
       1.        , 1.        , 1.        , 1.        , 1.        ,
       1.        , 1.        , 1.        , 1.        , 1.        ,
       1.        , 1.        , 1.        , 1.        , 1.        ])}"
"{'position_t_minus_1': [40, 230], 'position': [40, 231], 'action': 1, 'current_world_width': 80, 'width_to_left_wall': 39, 'width_to_right_wall': 40, 'obstacles_positions': [[-1, -1], [15, 20]]}",-100,True
"{'position_t_minus_1': array([0.49382716]), 'position_t': array([0.49382716]), 'action': array([0.5]), 'width_to_walls': array([0.49382716, 0.50617284]), 'obstacles_positions': array([0.01282051, 0.        , 0.21794872, 0.7       , 1.        ,
       1.        , 1.        , 1.        , 1.        , 1.        ,
       1.        , 1.        , 1.        , 1.        , 1.        ,
       1.        , 1.        , 1.        , 1.        , 1.        ,
       1.        , 1.        , 1.        , 1.        , 1.        ,
       1.        , 1.        , 1.        , 1.        , 1.        ,
       1.        , 1.        , 1.        , 1.        , 1.        ,
       1.        , 1.        , 1.        , 1.        , 1.        ])}"
