"{'position_t_minus_1': [40, 30], 'position': [39, 31], 'action': 0, 'drift': [[1, -1], [1, 0], [1, 1], [1, 2], [1, 3], [1, 4], [1, 5], [1, 6], [1, 7], [1, 8], [1, 9], [1, 10], [1, 11], [1, 12], [1, 13], [1, 14], [1, 15], [1, 16], [1, 17], [1, 18], [1, 19], [1, 20], [1, 21], [1, 22], [1, 23], [1, 24], [1, 25], [1, 26], [1, 27], [1, 28], [1, 29]], 'width_to_walls': [[38, 41, -1], [38, 41, 0], [38, 41, 1], [38, 41, 2], [38, 41, 3], [38, 41, 4], [38, 41, 5], [38, 41, 6], [38, 41, 7], [38, 41, 8], [38, 41, 9], [38, 41, 10], [38, 41, 11], [38, 41, 12], [38, 41, 13], [38, 41, 14], [38, 41, 15], [38, 41, 16], [38, 41, 17], [38, 41, 18], [38, 41, 19], [38, 41, 20], [38, 41, 21], [38, 41, 22], [38, 41, 23], [38, 41, 24], [38, 41, 25], [38, 41, 26], [38, 41, 27], [38, 41, 28], [38, 41, 29]], 'obstacles_positions': []}",20,False
"{'position_t_minus_1': array([0.49382716]), 'position_t': array([0.48148148]), 'action': array([0.]), 'drift': array([0.5       , 0.        , 0.5       , 0.03333333, 0.5       ,
       0.06666667, 0.5       , 0.1       , 0.5       , 0.13333333,
       0.5       , 0.16666667, 0.5       , 0.2       , 0.5       ,
       0.23333333, 0.5       , 0.26666667, 0.5       , 0.3       ,
       0.5       , 0.33333333, 0.5       , 0.36666667, 0.5       ,
       0.4       , 0.5       , 0.43333333, 0.5       , 0.46666667,
       0.5       , 0.5       , 0.5       , 0.53333333, 0.5       ,
       0.56666667, 0.5       , 0.6       , 0.5       , 0.63333333,
       0.5       , 0.66666667, 0.5       , 0.7       , 0.5       ,
       0.73333333, 0.5       , 0.76666667, 0.5       , 0.8       ,
       0.5       , 0.83333333, 0.5       , 0.86666667, 0.5       ,
       0.9       , 0.5       , 0.93333333, 0.5       , 0.96666667,
       0.5       , 1.        ]), 'obstacles_positions': array([1., 1., 1., 1., 1., 1., 1., 1., 1., 1., 1., 1., 1., 1., 1., 1., 1.,
       1., 1., 1., 1., 1., 1., 1., 1., 1., 1., 1., 1., 1., 1., 1., 1., 1.,
       1., 1., 1., 1., 1., 1.]), 'width_to_walls': array([0.48148148, 0.51851852, 0.        , 0.48148148, 0.51851852,
       0.03333333, 0.48148148, 0.51851852, 0.06666667, 0.48148148,
       0.51851852, 0.1       , 0.48148148, 0.51851852, 0.13333333,
       0.48148148, 0.51851852, 0.16666667, 0.48148148, 0.51851852,
       0.2       , 0.48148148, 0.51851852, 0.23333333, 0.48148148,
       0.51851852, 0.26666667, 0.48148148, 0.51851852, 0.3       ,
       0.48148148, 0.51851852, 0.33333333, 0.48148148, 0.51851852,
       0.36666667, 0.48148148, 0.51851852, 0.4       , 0.48148148,
       0.51851852, 0.43333333, 0.48148148, 0.51851852, 0.46666667,
       0.48148148, 0.51851852, 0.5       , 0.48148148, 0.51851852,
       0.53333333, 0.48148148, 0.51851852, 0.56666667, 0.48148148,
       0.51851852, 0.6       , 0.48148148, 0.51851852, 0.63333333,
       0.48148148, 0.51851852, 0.66666667, 0.48148148, 0.51851852,
       0.7       , 0.48148148, 0.51851852, 0.73333333, 0.48148148,
       0.51851852, 0.76666667, 0.48148148, 0.51851852, 0.8       ,
       0.48148148, 0.51851852, 0.83333333, 0.48148148, 0.51851852,
       0.86666667, 0.48148148, 0.51851852, 0.9       , 0.48148148,
       0.51851852, 0.93333333, 0.48148148, 0.51851852, 0.96666667,
       0.48148148, 0.51851852, 1.        ])}"
"{'position_t_minus_1': [39, 31], 'position': [39, 32], 'action': 1, 'drift': [[1, -1], [1, 0], [1, 1], [1, 2], [1, 3], [1, 4], [1, 5], [1, 6], [1, 7], [1, 8], [1, 9], [1, 10], [1, 11], [1, 12], [1, 13], [1, 14], [1, 15], [1, 16], [1, 17], [1, 18], [1, 19], [1, 20], [1, 21], [1, 22], [1, 23], [1, 24], [1, 25], [1, 26], [1, 27], [1, 28], [1, 29]], 'width_to_walls': [[38, 41, -1], [38, 41, 0], [38, 41, 1], [38, 41, 2], [38, 41, 3], [38, 41, 4], [38, 41, 5], [38, 41, 6], [38, 41, 7], [38, 41, 8], [38, 41, 9], [38, 41, 10], [38, 41, 11], [38, 41, 12], [38, 41, 13], [38, 41, 14], [38, 41, 15], [38, 41, 16], [38, 41, 17], [38, 41, 18], [38, 41, 19], [38, 41, 20], [38, 41, 21], [38, 41, 22], [38, 41, 23], [38, 41, 24], [38, 41, 25], [38, 41, 26], [38, 41, 27], [38, 41, 28], [37, 40, 29]], 'obstacles_positions': []}",20,False
"{'position_t_minus_1': array([0.48148148]), 'position_t': array([0.48148148]), 'action': array([0.5]), 'drift': array([0.5       , 0.        , 0.5       , 0.03333333, 0.5       ,
       0.06666667, 0.5       , 0.1       , 0.5       , 0.13333333,
       0.5       , 0.16666667, 0.5       , 0.2       , 0.5       ,
       0.23333333, 0.5       , 0.26666667, 0.5       , 0.3       ,
       0.5       , 0.33333333, 0.5       , 0.36666667, 0.5       ,
       0.4       , 0.5       , 0.43333333, 0.5       , 0.46666667,
       0.5       , 0.5       , 0.5       , 0.53333333, 0.5       ,
       0.56666667, 0.5       , 0.6       , 0.5       , 0.63333333,
       0.5       , 0.66666667, 0.5       , 0.7       , 0.5       ,
       0.73333333, 0.5       , 0.76666667, 0.5       , 0.8       ,
       0.5       , 0.83333333, 0.5       , 0.86666667, 0.5       ,
       0.9       , 0.5       , 0.93333333, 0.5       , 0.96666667,
       0.5       , 1.        ]), 'obstacles_positions': array([1., 1., 1., 1., 1., 1., 1., 1., 1., 1., 1., 1., 1., 1., 1., 1., 1.,
       1., 1., 1., 1., 1., 1., 1., 1., 1., 1., 1., 1., 1., 1., 1., 1., 1.,
       1., 1., 1., 1., 1., 1.]), 'width_to_walls': array([0.48148148, 0.51851852, 0.        , 0.48148148, 0.51851852,
       0.03333333, 0.48148148, 0.51851852, 0.06666667, 0.48148148,
       0.51851852, 0.1       , 0.48148148, 0.51851852, 0.13333333,
       0.48148148, 0.51851852, 0.16666667, 0.48148148, 0.51851852,
       0.2       , 0.48148148, 0.51851852, 0.23333333, 0.48148148,
       0.51851852, 0.26666667, 0.48148148, 0.51851852, 0.3       ,
       0.48148148, 0.51851852, 0.33333333, 0.48148148, 0.51851852,
       0.36666667, 0.48148148, 0.51851852, 0.4       , 0.48148148,
       0.51851852, 0.43333333, 0.48148148, 0.51851852, 0.46666667,
       0.48148148, 0.51851852, 0.5       , 0.48148148, 0.51851852,
       0.53333333, 0.48148148, 0.51851852, 0.56666667, 0.48148148,
       0.51851852, 0.6       , 0.48148148, 0.51851852, 0.63333333,
       0.48148148, 0.51851852, 0.66666667, 0.48148148, 0.51851852,
       0.7       , 0.48148148, 0.51851852, 0.73333333, 0.48148148,
       0.51851852, 0.76666667, 0.48148148, 0.51851852, 0.8       ,
       0.48148148, 0.51851852, 0.83333333, 0.48148148, 0.51851852,
       0.86666667, 0.48148148, 0.51851852, 0.9       , 0.48148148,
       0.51851852, 0.93333333, 0.48148148, 0.51851852, 0.96666667,
       0.48148148, 0.51851852, 1.        ])}"
"{'position_t_minus_1': [39, 32], 'position': [40, 33], 'action': 2, 'drift': [[1, -1], [1, 0], [1, 1], [1, 2], [1, 3], [1, 4], [1, 5], [1, 6], [1, 7], [1, 8], [1, 9], [1, 10], [1, 11], [1, 12], [1, 13], [1, 14], [1, 15], [1, 16], [1, 17], [1, 18], [1, 19], [1, 20], [1, 21], [1, 22], [1, 23], [1, 24], [1, 25], [1, 26], [1, 27], [1, 28], [1, 29]], 'width_to_walls': [[39, 40, -1], [39, 40, 0], [39, 40, 1], [39, 40, 2], [39, 40, 3], [39, 40, 4], [39, 40, 5], [39, 40, 6], [39, 40, 7], [39, 40, 8], [39, 40, 9], [39, 40, 10], [39, 40, 11], [39, 40, 12], [39, 40, 13], [39, 40, 14], [39, 40, 15], [39, 40, 16], [39, 40, 17], [39, 40, 18], [39, 40, 19], [39, 40, 20], [39, 40, 21], [39, 40, 22], [39, 40, 23], [39, 40, 24], [39, 40, 25], [39, 40, 26], [39, 40, 27], [38, 39, 28], [37, 38, 29]], 'obstacles_positions': []}",20,False
"{'position_t_minus_1': array([0.48148148]), 'position_t': array([0.49382716]), 'action': array([1.]), 'drift': array([0.5       , 0.        , 0.5       , 0.03333333, 0.5       ,
       0.06666667, 0.5       , 0.1       , 0.5       , 0.13333333,
       0.5       , 0.16666667, 0.5       , 0.2       , 0.5       ,
       0.23333333, 0.5       , 0.26666667, 0.5       , 0.3       ,
       0.5       , 0.33333333, 0.5       , 0.36666667, 0.5       ,
       0.4       , 0.5       , 0.43333333, 0.5       , 0.46666667,
       0.5       , 0.5       , 0.5       , 0.53333333, 0.5       ,
       0.56666667, 0.5       , 0.6       , 0.5       , 0.63333333,
       0.5       , 0.66666667, 0.5       , 0.7       , 0.5       ,
       0.73333333, 0.5       , 0.76666667, 0.5       , 0.8       ,
       0.5       , 0.83333333, 0.5       , 0.86666667, 0.5       ,
       0.9       , 0.5       , 0.93333333, 0.5       , 0.96666667,
       0.5       , 1.        ]), 'obstacles_positions': array([1., 1., 1., 1., 1., 1., 1., 1., 1., 1., 1., 1., 1., 1., 1., 1., 1.,
       1., 1., 1., 1., 1., 1., 1., 1., 1., 1., 1., 1., 1., 1., 1., 1., 1.,
       1., 1., 1., 1., 1., 1.]), 'width_to_walls': array([0.49382716, 0.50617284, 0.        , 0.49382716, 0.50617284,
       0.03333333, 0.49382716, 0.50617284, 0.06666667, 0.49382716,
       0.50617284, 0.1       , 0.49382716, 0.50617284, 0.13333333,
       0.49382716, 0.50617284, 0.16666667, 0.49382716, 0.50617284,
       0.2       , 0.49382716, 0.50617284, 0.23333333, 0.49382716,
       0.50617284, 0.26666667, 0.49382716, 0.50617284, 0.3       ,
       0.49382716, 0.50617284, 0.33333333, 0.49382716, 0.50617284,
       0.36666667, 0.49382716, 0.50617284, 0.4       , 0.49382716,
       0.50617284, 0.43333333, 0.49382716, 0.50617284, 0.46666667,
       0.49382716, 0.50617284, 0.5       , 0.49382716, 0.50617284,
       0.53333333, 0.49382716, 0.50617284, 0.56666667, 0.49382716,
       0.50617284, 0.6       , 0.49382716, 0.50617284, 0.63333333,
       0.49382716, 0.50617284, 0.66666667, 0.49382716, 0.50617284,
       0.7       , 0.49382716, 0.50617284, 0.73333333, 0.49382716,
       0.50617284, 0.76666667, 0.49382716, 0.50617284, 0.8       ,
       0.49382716, 0.50617284, 0.83333333, 0.49382716, 0.50617284,
       0.86666667, 0.49382716, 0.50617284, 0.9       , 0.49382716,
       0.50617284, 0.93333333, 0.49382716, 0.50617284, 0.96666667,
       0.49382716, 0.50617284, 1.        ])}"
"{'position_t_minus_1': [40, 33], 'position': [41, 34], 'action': 2, 'drift': [[1, -1], [1, 0], [1, 1], [1, 2], [1, 3], [1, 4], [1, 5], [1, 6], [1, 7], [1, 8], [1, 9], [1, 10], [1, 11], [1, 12], [1, 13], [1, 14], [1, 15], [1, 16], [1, 17], [1, 18], [1, 19], [1, 20], [1, 21], [1, 22], [1, 23], [1, 24], [1, 25], [1, 26], [1, 27], [1, 28], [1, 29]], 'width_to_walls': [[40, 39, -1], [40, 39, 0], [40, 39, 1], [40, 39, 2], [40, 39, 3], [40, 39, 4], [40, 39, 5], [40, 39, 6], [40, 39, 7], [40, 39, 8], [40, 39, 9], [40, 39, 10], [40, 39, 11], [40, 39, 12], [40, 39, 13], [40, 39, 14], [40, 39, 15], [40, 39, 16], [40, 39, 17], [40, 39, 18], [40, 39, 19], [40, 39, 20], [40, 39, 21], [40, 39, 22], [40, 39, 23], [40, 39, 24], [40, 39, 25], [40, 39, 26], [39, 38, 27], [38, 37, 28], [37, 36, 29]], 'obstacles_positions': []}",20,False
"{'position_t_minus_1': array([0.49382716]), 'position_t': array([0.50617284]), 'action': array([1.]), 'drift': array([0.5       , 0.        , 0.5       , 0.03333333, 0.5       ,
       0.06666667, 0.5       , 0.1       , 0.5       , 0.13333333,
       0.5       , 0.16666667, 0.5       , 0.2       , 0.5       ,
       0.23333333, 0.5       , 0.26666667, 0.5       , 0.3       ,
       0.5       , 0.33333333, 0.5       , 0.36666667, 0.5       ,
       0.4       , 0.5       , 0.43333333, 0.5       , 0.46666667,
       0.5       , 0.5       , 0.5       , 0.53333333, 0.5       ,
       0.56666667, 0.5       , 0.6       , 0.5       , 0.63333333,
       0.5       , 0.66666667, 0.5       , 0.7       , 0.5       ,
       0.73333333, 0.5       , 0.76666667, 0.5       , 0.8       ,
       0.5       , 0.83333333, 0.5       , 0.86666667, 0.5       ,
       0.9       , 0.5       , 0.93333333, 0.5       , 0.96666667,
       0.5       , 1.        ]), 'obstacles_positions': array([1., 1., 1., 1., 1., 1., 1., 1., 1., 1., 1., 1., 1., 1., 1., 1., 1.,
       1., 1., 1., 1., 1., 1., 1., 1., 1., 1., 1., 1., 1., 1., 1., 1., 1.,
       1., 1., 1., 1., 1., 1.]), 'width_to_walls': array([0.50617284, 0.49382716, 0.        , 0.50617284, 0.49382716,
       0.03333333, 0.50617284, 0.49382716, 0.06666667, 0.50617284,
       0.49382716, 0.1       , 0.50617284, 0.49382716, 0.13333333,
       0.50617284, 0.49382716, 0.16666667, 0.50617284, 0.49382716,
       0.2       , 0.50617284, 0.49382716, 0.23333333, 0.50617284,
       0.49382716, 0.26666667, 0.50617284, 0.49382716, 0.3       ,
       0.50617284, 0.49382716, 0.33333333, 0.50617284, 0.49382716,
       0.36666667, 0.50617284, 0.49382716, 0.4       , 0.50617284,
       0.49382716, 0.43333333, 0.50617284, 0.49382716, 0.46666667,
       0.50617284, 0.49382716, 0.5       , 0.50617284, 0.49382716,
       0.53333333, 0.50617284, 0.49382716, 0.56666667, 0.50617284,
       0.49382716, 0.6       , 0.50617284, 0.49382716, 0.63333333,
       0.50617284, 0.49382716, 0.66666667, 0.50617284, 0.49382716,
       0.7       , 0.50617284, 0.49382716, 0.73333333, 0.50617284,
       0.49382716, 0.76666667, 0.50617284, 0.49382716, 0.8       ,
       0.50617284, 0.49382716, 0.83333333, 0.50617284, 0.49382716,
       0.86666667, 0.50617284, 0.49382716, 0.9       , 0.50617284,
       0.49382716, 0.93333333, 0.50617284, 0.49382716, 0.96666667,
       0.50617284, 0.49382716, 1.        ])}"
"{'position_t_minus_1': [41, 34], 'position': [41, 35], 'action': 1, 'drift': [[1, -1], [1, 0], [1, 1], [1, 2], [1, 3], [1, 4], [1, 5], [1, 6], [1, 7], [1, 8], [1, 9], [1, 10], [1, 11], [1, 12], [1, 13], [1, 14], [1, 15], [1, 16], [1, 17], [1, 18], [1, 19], [1, 20], [1, 21], [1, 22], [1, 23], [1, 24], [1, 25], [1, 26], [1, 27], [1, 28], [1, 29]], 'width_to_walls': [[40, 39, -1], [40, 39, 0], [40, 39, 1], [40, 39, 2], [40, 39, 3], [40, 39, 4], [40, 39, 5], [40, 39, 6], [40, 39, 7], [40, 39, 8], [40, 39, 9], [40, 39, 10], [40, 39, 11], [40, 39, 12], [40, 39, 13], [40, 39, 14], [40, 39, 15], [40, 39, 16], [40, 39, 17], [40, 39, 18], [40, 39, 19], [40, 39, 20], [40, 39, 21], [40, 39, 22], [40, 39, 23], [40, 39, 24], [40, 39, 25], [39, 38, 26], [38, 37, 27], [37, 36, 28], [36, 35, 29]], 'obstacles_positions': []}",20,False
"{'position_t_minus_1': array([0.50617284]), 'position_t': array([0.50617284]), 'action': array([0.5]), 'drift': array([0.5       , 0.        , 0.5       , 0.03333333, 0.5       ,
       0.06666667, 0.5       , 0.1       , 0.5       , 0.13333333,
       0.5       , 0.16666667, 0.5       , 0.2       , 0.5       ,
       0.23333333, 0.5       , 0.26666667, 0.5       , 0.3       ,
       0.5       , 0.33333333, 0.5       , 0.36666667, 0.5       ,
       0.4       , 0.5       , 0.43333333, 0.5       , 0.46666667,
       0.5       , 0.5       , 0.5       , 0.53333333, 0.5       ,
       0.56666667, 0.5       , 0.6       , 0.5       , 0.63333333,
       0.5       , 0.66666667, 0.5       , 0.7       , 0.5       ,
       0.73333333, 0.5       , 0.76666667, 0.5       , 0.8       ,
       0.5       , 0.83333333, 0.5       , 0.86666667, 0.5       ,
       0.9       , 0.5       , 0.93333333, 0.5       , 0.96666667,
       0.5       , 1.        ]), 'obstacles_positions': array([1., 1., 1., 1., 1., 1., 1., 1., 1., 1., 1., 1., 1., 1., 1., 1., 1.,
       1., 1., 1., 1., 1., 1., 1., 1., 1., 1., 1., 1., 1., 1., 1., 1., 1.,
       1., 1., 1., 1., 1., 1.]), 'width_to_walls': array([0.50617284, 0.49382716, 0.        , 0.50617284, 0.49382716,
       0.03333333, 0.50617284, 0.49382716, 0.06666667, 0.50617284,
       0.49382716, 0.1       , 0.50617284, 0.49382716, 0.13333333,
       0.50617284, 0.49382716, 0.16666667, 0.50617284, 0.49382716,
       0.2       , 0.50617284, 0.49382716, 0.23333333, 0.50617284,
       0.49382716, 0.26666667, 0.50617284, 0.49382716, 0.3       ,
       0.50617284, 0.49382716, 0.33333333, 0.50617284, 0.49382716,
       0.36666667, 0.50617284, 0.49382716, 0.4       , 0.50617284,
       0.49382716, 0.43333333, 0.50617284, 0.49382716, 0.46666667,
       0.50617284, 0.49382716, 0.5       , 0.50617284, 0.49382716,
       0.53333333, 0.50617284, 0.49382716, 0.56666667, 0.50617284,
       0.49382716, 0.6       , 0.50617284, 0.49382716, 0.63333333,
       0.50617284, 0.49382716, 0.66666667, 0.50617284, 0.49382716,
       0.7       , 0.50617284, 0.49382716, 0.73333333, 0.50617284,
       0.49382716, 0.76666667, 0.50617284, 0.49382716, 0.8       ,
       0.50617284, 0.49382716, 0.83333333, 0.50617284, 0.49382716,
       0.86666667, 0.50617284, 0.49382716, 0.9       , 0.50617284,
       0.49382716, 0.93333333, 0.50617284, 0.49382716, 0.96666667,
       0.50617284, 0.49382716, 1.        ])}"
"{'position_t_minus_1': [41, 35], 'position': [40, 36], 'action': 0, 'drift': [[1, -1], [1, 0], [1, 1], [1, 2], [1, 3], [1, 4], [1, 5], [1, 6], [1, 7], [1, 8], [1, 9], [1, 10], [1, 11], [1, 12], [1, 13], [1, 14], [1, 15], [1, 16], [1, 17], [1, 18], [1, 19], [1, 20], [1, 21], [1, 22], [1, 23], [1, 24], [1, 25], [1, 26], [1, 27], [1, 28], [1, 29]], 'width_to_walls': [[39, 40, -1], [39, 40, 0], [39, 40, 1], [39, 40, 2], [39, 40, 3], [39, 40, 4], [39, 40, 5], [39, 40, 6], [39, 40, 7], [39, 40, 8], [39, 40, 9], [39, 40, 10], [39, 40, 11], [39, 40, 12], [39, 40, 13], [39, 40, 14], [39, 40, 15], [39, 40, 16], [39, 40, 17], [39, 40, 18], [39, 40, 19], [39, 40, 20], [39, 40, 21], [39, 40, 22], [39, 40, 23], [39, 40, 24], [38, 39, 25], [37, 38, 26], [36, 37, 27], [35, 36, 28], [34, 35, 29]], 'obstacles_positions': []}",20,False
"{'position_t_minus_1': array([0.50617284]), 'position_t': array([0.49382716]), 'action': array([0.]), 'drift': array([0.5       , 0.        , 0.5       , 0.03333333, 0.5       ,
       0.06666667, 0.5       , 0.1       , 0.5       , 0.13333333,
       0.5       , 0.16666667, 0.5       , 0.2       , 0.5       ,
       0.23333333, 0.5       , 0.26666667, 0.5       , 0.3       ,
       0.5       , 0.33333333, 0.5       , 0.36666667, 0.5       ,
       0.4       , 0.5       , 0.43333333, 0.5       , 0.46666667,
       0.5       , 0.5       , 0.5       , 0.53333333, 0.5       ,
       0.56666667, 0.5       , 0.6       , 0.5       , 0.63333333,
       0.5       , 0.66666667, 0.5       , 0.7       , 0.5       ,
       0.73333333, 0.5       , 0.76666667, 0.5       , 0.8       ,
       0.5       , 0.83333333, 0.5       , 0.86666667, 0.5       ,
       0.9       , 0.5       , 0.93333333, 0.5       , 0.96666667,
       0.5       , 1.        ]), 'obstacles_positions': array([1., 1., 1., 1., 1., 1., 1., 1., 1., 1., 1., 1., 1., 1., 1., 1., 1.,
       1., 1., 1., 1., 1., 1., 1., 1., 1., 1., 1., 1., 1., 1., 1., 1., 1.,
       1., 1., 1., 1., 1., 1.]), 'width_to_walls': array([0.49382716, 0.50617284, 0.        , 0.49382716, 0.50617284,
       0.03333333, 0.49382716, 0.50617284, 0.06666667, 0.49382716,
       0.50617284, 0.1       , 0.49382716, 0.50617284, 0.13333333,
       0.49382716, 0.50617284, 0.16666667, 0.49382716, 0.50617284,
       0.2       , 0.49382716, 0.50617284, 0.23333333, 0.49382716,
       0.50617284, 0.26666667, 0.49382716, 0.50617284, 0.3       ,
       0.49382716, 0.50617284, 0.33333333, 0.49382716, 0.50617284,
       0.36666667, 0.49382716, 0.50617284, 0.4       , 0.49382716,
       0.50617284, 0.43333333, 0.49382716, 0.50617284, 0.46666667,
       0.49382716, 0.50617284, 0.5       , 0.49382716, 0.50617284,
       0.53333333, 0.49382716, 0.50617284, 0.56666667, 0.49382716,
       0.50617284, 0.6       , 0.49382716, 0.50617284, 0.63333333,
       0.49382716, 0.50617284, 0.66666667, 0.49382716, 0.50617284,
       0.7       , 0.49382716, 0.50617284, 0.73333333, 0.49382716,
       0.50617284, 0.76666667, 0.49382716, 0.50617284, 0.8       ,
       0.49382716, 0.50617284, 0.83333333, 0.49382716, 0.50617284,
       0.86666667, 0.49382716, 0.50617284, 0.9       , 0.49382716,
       0.50617284, 0.93333333, 0.49382716, 0.50617284, 0.96666667,
       0.49382716, 0.50617284, 1.        ])}"
"{'position_t_minus_1': [40, 36], 'position': [39, 37], 'action': 0, 'drift': [[1, -1], [1, 0], [1, 1], [1, 2], [1, 3], [1, 4], [1, 5], [1, 6], [1, 7], [1, 8], [1, 9], [1, 10], [1, 11], [1, 12], [1, 13], [1, 14], [1, 15], [1, 16], [1, 17], [1, 18], [1, 19], [1, 20], [1, 21], [1, 22], [1, 23], [1, 24], [1, 25], [1, 26], [1, 27], [1, 28], [1, 29]], 'width_to_walls': [[38, 41, -1], [38, 41, 0], [38, 41, 1], [38, 41, 2], [38, 41, 3], [38, 41, 4], [38, 41, 5], [38, 41, 6], [38, 41, 7], [38, 41, 8], [38, 41, 9], [38, 41, 10], [38, 41, 11], [38, 41, 12], [38, 41, 13], [38, 41, 14], [38, 41, 15], [38, 41, 16], [38, 41, 17], [38, 41, 18], [38, 41, 19], [38, 41, 20], [38, 41, 21], [38, 41, 22], [38, 41, 23], [37, 40, 24], [36, 39, 25], [35, 38, 26], [34, 37, 27], [33, 36, 28], [32, 35, 29]], 'obstacles_positions': []}",20,False
"{'position_t_minus_1': array([0.49382716]), 'position_t': array([0.48148148]), 'action': array([0.]), 'drift': array([0.5       , 0.        , 0.5       , 0.03333333, 0.5       ,
       0.06666667, 0.5       , 0.1       , 0.5       , 0.13333333,
       0.5       , 0.16666667, 0.5       , 0.2       , 0.5       ,
       0.23333333, 0.5       , 0.26666667, 0.5       , 0.3       ,
       0.5       , 0.33333333, 0.5       , 0.36666667, 0.5       ,
       0.4       , 0.5       , 0.43333333, 0.5       , 0.46666667,
       0.5       , 0.5       , 0.5       , 0.53333333, 0.5       ,
       0.56666667, 0.5       , 0.6       , 0.5       , 0.63333333,
       0.5       , 0.66666667, 0.5       , 0.7       , 0.5       ,
       0.73333333, 0.5       , 0.76666667, 0.5       , 0.8       ,
       0.5       , 0.83333333, 0.5       , 0.86666667, 0.5       ,
       0.9       , 0.5       , 0.93333333, 0.5       , 0.96666667,
       0.5       , 1.        ]), 'obstacles_positions': array([1., 1., 1., 1., 1., 1., 1., 1., 1., 1., 1., 1., 1., 1., 1., 1., 1.,
       1., 1., 1., 1., 1., 1., 1., 1., 1., 1., 1., 1., 1., 1., 1., 1., 1.,
       1., 1., 1., 1., 1., 1.]), 'width_to_walls': array([0.48148148, 0.51851852, 0.        , 0.48148148, 0.51851852,
       0.03333333, 0.48148148, 0.51851852, 0.06666667, 0.48148148,
       0.51851852, 0.1       , 0.48148148, 0.51851852, 0.13333333,
       0.48148148, 0.51851852, 0.16666667, 0.48148148, 0.51851852,
       0.2       , 0.48148148, 0.51851852, 0.23333333, 0.48148148,
       0.51851852, 0.26666667, 0.48148148, 0.51851852, 0.3       ,
       0.48148148, 0.51851852, 0.33333333, 0.48148148, 0.51851852,
       0.36666667, 0.48148148, 0.51851852, 0.4       , 0.48148148,
       0.51851852, 0.43333333, 0.48148148, 0.51851852, 0.46666667,
       0.48148148, 0.51851852, 0.5       , 0.48148148, 0.51851852,
       0.53333333, 0.48148148, 0.51851852, 0.56666667, 0.48148148,
       0.51851852, 0.6       , 0.48148148, 0.51851852, 0.63333333,
       0.48148148, 0.51851852, 0.66666667, 0.48148148, 0.51851852,
       0.7       , 0.48148148, 0.51851852, 0.73333333, 0.48148148,
       0.51851852, 0.76666667, 0.48148148, 0.51851852, 0.8       ,
       0.48148148, 0.51851852, 0.83333333, 0.48148148, 0.51851852,
       0.86666667, 0.48148148, 0.51851852, 0.9       , 0.48148148,
       0.51851852, 0.93333333, 0.48148148, 0.51851852, 0.96666667,
       0.48148148, 0.51851852, 1.        ])}"
"{'position_t_minus_1': [39, 37], 'position': [39, 38], 'action': 1, 'drift': [[1, -1], [1, 0], [1, 1], [1, 2], [1, 3], [1, 4], [1, 5], [1, 6], [1, 7], [1, 8], [1, 9], [1, 10], [1, 11], [1, 12], [1, 13], [1, 14], [1, 15], [1, 16], [1, 17], [1, 18], [1, 19], [1, 20], [1, 21], [1, 22], [1, 23], [1, 24], [1, 25], [1, 26], [1, 27], [1, 28], [1, 29]], 'width_to_walls': [[38, 41, -1], [38, 41, 0], [38, 41, 1], [38, 41, 2], [38, 41, 3], [38, 41, 4], [38, 41, 5], [38, 41, 6], [38, 41, 7], [38, 41, 8], [38, 41, 9], [38, 41, 10], [38, 41, 11], [38, 41, 12], [38, 41, 13], [38, 41, 14], [38, 41, 15], [38, 41, 16], [38, 41, 17], [38, 41, 18], [38, 41, 19], [38, 41, 20], [38, 41, 21], [38, 41, 22], [37, 40, 23], [36, 39, 24], [35, 38, 25], [34, 37, 26], [33, 36, 27], [32, 35, 28], [31, 34, 29]], 'obstacles_positions': []}",20,False
"{'position_t_minus_1': array([0.48148148]), 'position_t': array([0.48148148]), 'action': array([0.5]), 'drift': array([0.5       , 0.        , 0.5       , 0.03333333, 0.5       ,
       0.06666667, 0.5       , 0.1       , 0.5       , 0.13333333,
       0.5       , 0.16666667, 0.5       , 0.2       , 0.5       ,
       0.23333333, 0.5       , 0.26666667, 0.5       , 0.3       ,
       0.5       , 0.33333333, 0.5       , 0.36666667, 0.5       ,
       0.4       , 0.5       , 0.43333333, 0.5       , 0.46666667,
       0.5       , 0.5       , 0.5       , 0.53333333, 0.5       ,
       0.56666667, 0.5       , 0.6       , 0.5       , 0.63333333,
       0.5       , 0.66666667, 0.5       , 0.7       , 0.5       ,
       0.73333333, 0.5       , 0.76666667, 0.5       , 0.8       ,
       0.5       , 0.83333333, 0.5       , 0.86666667, 0.5       ,
       0.9       , 0.5       , 0.93333333, 0.5       , 0.96666667,
       0.5       , 1.        ]), 'obstacles_positions': array([1., 1., 1., 1., 1., 1., 1., 1., 1., 1., 1., 1., 1., 1., 1., 1., 1.,
       1., 1., 1., 1., 1., 1., 1., 1., 1., 1., 1., 1., 1., 1., 1., 1., 1.,
       1., 1., 1., 1., 1., 1.]), 'width_to_walls': array([0.48148148, 0.51851852, 0.        , 0.48148148, 0.51851852,
       0.03333333, 0.48148148, 0.51851852, 0.06666667, 0.48148148,
       0.51851852, 0.1       , 0.48148148, 0.51851852, 0.13333333,
       0.48148148, 0.51851852, 0.16666667, 0.48148148, 0.51851852,
       0.2       , 0.48148148, 0.51851852, 0.23333333, 0.48148148,
       0.51851852, 0.26666667, 0.48148148, 0.51851852, 0.3       ,
       0.48148148, 0.51851852, 0.33333333, 0.48148148, 0.51851852,
       0.36666667, 0.48148148, 0.51851852, 0.4       , 0.48148148,
       0.51851852, 0.43333333, 0.48148148, 0.51851852, 0.46666667,
       0.48148148, 0.51851852, 0.5       , 0.48148148, 0.51851852,
       0.53333333, 0.48148148, 0.51851852, 0.56666667, 0.48148148,
       0.51851852, 0.6       , 0.48148148, 0.51851852, 0.63333333,
       0.48148148, 0.51851852, 0.66666667, 0.48148148, 0.51851852,
       0.7       , 0.48148148, 0.51851852, 0.73333333, 0.48148148,
       0.51851852, 0.76666667, 0.48148148, 0.51851852, 0.8       ,
       0.48148148, 0.51851852, 0.83333333, 0.48148148, 0.51851852,
       0.86666667, 0.48148148, 0.51851852, 0.9       , 0.48148148,
       0.51851852, 0.93333333, 0.48148148, 0.51851852, 0.96666667,
       0.48148148, 0.51851852, 1.        ])}"
"{'position_t_minus_1': [39, 38], 'position': [39, 39], 'action': 1, 'drift': [[1, -1], [1, 0], [1, 1], [1, 2], [1, 3], [1, 4], [1, 5], [1, 6], [1, 7], [1, 8], [1, 9], [1, 10], [1, 11], [1, 12], [1, 13], [1, 14], [1, 15], [1, 16], [1, 17], [1, 18], [1, 19], [1, 20], [1, 21], [1, 22], [1, 23], [1, 24], [1, 25], [1, 26], [1, 27], [1, 28], [1, 29]], 'width_to_walls': [[38, 41, -1], [38, 41, 0], [38, 41, 1], [38, 41, 2], [38, 41, 3], [38, 41, 4], [38, 41, 5], [38, 41, 6], [38, 41, 7], [38, 41, 8], [38, 41, 9], [38, 41, 10], [38, 41, 11], [38, 41, 12], [38, 41, 13], [38, 41, 14], [38, 41, 15], [38, 41, 16], [38, 41, 17], [38, 41, 18], [38, 41, 19], [38, 41, 20], [38, 41, 21], [37, 40, 22], [36, 39, 23], [35, 38, 24], [34, 37, 25], [33, 36, 26], [32, 35, 27], [31, 34, 28], [30, 33, 29]], 'obstacles_positions': []}",20,False
"{'position_t_minus_1': array([0.48148148]), 'position_t': array([0.48148148]), 'action': array([0.5]), 'drift': array([0.5       , 0.        , 0.5       , 0.03333333, 0.5       ,
       0.06666667, 0.5       , 0.1       , 0.5       , 0.13333333,
       0.5       , 0.16666667, 0.5       , 0.2       , 0.5       ,
       0.23333333, 0.5       , 0.26666667, 0.5       , 0.3       ,
       0.5       , 0.33333333, 0.5       , 0.36666667, 0.5       ,
       0.4       , 0.5       , 0.43333333, 0.5       , 0.46666667,
       0.5       , 0.5       , 0.5       , 0.53333333, 0.5       ,
       0.56666667, 0.5       , 0.6       , 0.5       , 0.63333333,
       0.5       , 0.66666667, 0.5       , 0.7       , 0.5       ,
       0.73333333, 0.5       , 0.76666667, 0.5       , 0.8       ,
       0.5       , 0.83333333, 0.5       , 0.86666667, 0.5       ,
       0.9       , 0.5       , 0.93333333, 0.5       , 0.96666667,
       0.5       , 1.        ]), 'obstacles_positions': array([1., 1., 1., 1., 1., 1., 1., 1., 1., 1., 1., 1., 1., 1., 1., 1., 1.,
       1., 1., 1., 1., 1., 1., 1., 1., 1., 1., 1., 1., 1., 1., 1., 1., 1.,
       1., 1., 1., 1., 1., 1.]), 'width_to_walls': array([0.48148148, 0.51851852, 0.        , 0.48148148, 0.51851852,
       0.03333333, 0.48148148, 0.51851852, 0.06666667, 0.48148148,
       0.51851852, 0.1       , 0.48148148, 0.51851852, 0.13333333,
       0.48148148, 0.51851852, 0.16666667, 0.48148148, 0.51851852,
       0.2       , 0.48148148, 0.51851852, 0.23333333, 0.48148148,
       0.51851852, 0.26666667, 0.48148148, 0.51851852, 0.3       ,
       0.48148148, 0.51851852, 0.33333333, 0.48148148, 0.51851852,
       0.36666667, 0.48148148, 0.51851852, 0.4       , 0.48148148,
       0.51851852, 0.43333333, 0.48148148, 0.51851852, 0.46666667,
       0.48148148, 0.51851852, 0.5       , 0.48148148, 0.51851852,
       0.53333333, 0.48148148, 0.51851852, 0.56666667, 0.48148148,
       0.51851852, 0.6       , 0.48148148, 0.51851852, 0.63333333,
       0.48148148, 0.51851852, 0.66666667, 0.48148148, 0.51851852,
       0.7       , 0.48148148, 0.51851852, 0.73333333, 0.48148148,
       0.51851852, 0.76666667, 0.48148148, 0.51851852, 0.8       ,
       0.48148148, 0.51851852, 0.83333333, 0.48148148, 0.51851852,
       0.86666667, 0.48148148, 0.51851852, 0.9       , 0.48148148,
       0.51851852, 0.93333333, 0.48148148, 0.51851852, 0.96666667,
       0.48148148, 0.51851852, 1.        ])}"
"{'position_t_minus_1': [39, 39], 'position': [40, 40], 'action': 2, 'drift': [[1, -1], [1, 0], [1, 1], [1, 2], [1, 3], [1, 4], [1, 5], [1, 6], [1, 7], [1, 8], [1, 9], [1, 10], [1, 11], [1, 12], [1, 13], [1, 14], [1, 15], [1, 16], [1, 17], [1, 18], [1, 19], [1, 20], [1, 21], [1, 22], [1, 23], [1, 24], [1, 25], [1, 26], [1, 27], [1, 28], [1, 29]], 'width_to_walls': [[39, 40, -1], [39, 40, 0], [39, 40, 1], [39, 40, 2], [39, 40, 3], [39, 40, 4], [39, 40, 5], [39, 40, 6], [39, 40, 7], [39, 40, 8], [39, 40, 9], [39, 40, 10], [39, 40, 11], [39, 40, 12], [39, 40, 13], [39, 40, 14], [39, 40, 15], [39, 40, 16], [39, 40, 17], [39, 40, 18], [39, 40, 19], [39, 40, 20], [38, 39, 21], [37, 38, 22], [36, 37, 23], [35, 36, 24], [34, 35, 25], [33, 34, 26], [32, 33, 27], [31, 32, 28], [30, 31, 29]], 'obstacles_positions': []}",20,False
"{'position_t_minus_1': array([0.48148148]), 'position_t': array([0.49382716]), 'action': array([1.]), 'drift': array([0.5       , 0.        , 0.5       , 0.03333333, 0.5       ,
       0.06666667, 0.5       , 0.1       , 0.5       , 0.13333333,
       0.5       , 0.16666667, 0.5       , 0.2       , 0.5       ,
       0.23333333, 0.5       , 0.26666667, 0.5       , 0.3       ,
       0.5       , 0.33333333, 0.5       , 0.36666667, 0.5       ,
       0.4       , 0.5       , 0.43333333, 0.5       , 0.46666667,
       0.5       , 0.5       , 0.5       , 0.53333333, 0.5       ,
       0.56666667, 0.5       , 0.6       , 0.5       , 0.63333333,
       0.5       , 0.66666667, 0.5       , 0.7       , 0.5       ,
       0.73333333, 0.5       , 0.76666667, 0.5       , 0.8       ,
       0.5       , 0.83333333, 0.5       , 0.86666667, 0.5       ,
       0.9       , 0.5       , 0.93333333, 0.5       , 0.96666667,
       0.5       , 1.        ]), 'obstacles_positions': array([1., 1., 1., 1., 1., 1., 1., 1., 1., 1., 1., 1., 1., 1., 1., 1., 1.,
       1., 1., 1., 1., 1., 1., 1., 1., 1., 1., 1., 1., 1., 1., 1., 1., 1.,
       1., 1., 1., 1., 1., 1.]), 'width_to_walls': array([0.49382716, 0.50617284, 0.        , 0.49382716, 0.50617284,
       0.03333333, 0.49382716, 0.50617284, 0.06666667, 0.49382716,
       0.50617284, 0.1       , 0.49382716, 0.50617284, 0.13333333,
       0.49382716, 0.50617284, 0.16666667, 0.49382716, 0.50617284,
       0.2       , 0.49382716, 0.50617284, 0.23333333, 0.49382716,
       0.50617284, 0.26666667, 0.49382716, 0.50617284, 0.3       ,
       0.49382716, 0.50617284, 0.33333333, 0.49382716, 0.50617284,
       0.36666667, 0.49382716, 0.50617284, 0.4       , 0.49382716,
       0.50617284, 0.43333333, 0.49382716, 0.50617284, 0.46666667,
       0.49382716, 0.50617284, 0.5       , 0.49382716, 0.50617284,
       0.53333333, 0.49382716, 0.50617284, 0.56666667, 0.49382716,
       0.50617284, 0.6       , 0.49382716, 0.50617284, 0.63333333,
       0.49382716, 0.50617284, 0.66666667, 0.49382716, 0.50617284,
       0.7       , 0.49382716, 0.50617284, 0.73333333, 0.49382716,
       0.50617284, 0.76666667, 0.49382716, 0.50617284, 0.8       ,
       0.49382716, 0.50617284, 0.83333333, 0.49382716, 0.50617284,
       0.86666667, 0.49382716, 0.50617284, 0.9       , 0.49382716,
       0.50617284, 0.93333333, 0.49382716, 0.50617284, 0.96666667,
       0.49382716, 0.50617284, 1.        ])}"
"{'position_t_minus_1': [40, 40], 'position': [40, 41], 'action': 1, 'drift': [[1, -1], [1, 0], [1, 1], [1, 2], [1, 3], [1, 4], [1, 5], [1, 6], [1, 7], [1, 8], [1, 9], [1, 10], [1, 11], [1, 12], [1, 13], [1, 14], [1, 15], [1, 16], [1, 17], [1, 18], [1, 19], [1, 20], [1, 21], [1, 22], [1, 23], [1, 24], [1, 25], [1, 26], [1, 27], [1, 28], [1, 29]], 'width_to_walls': [[39, 40, -1], [39, 40, 0], [39, 40, 1], [39, 40, 2], [39, 40, 3], [39, 40, 4], [39, 40, 5], [39, 40, 6], [39, 40, 7], [39, 40, 8], [39, 40, 9], [39, 40, 10], [39, 40, 11], [39, 40, 12], [39, 40, 13], [39, 40, 14], [39, 40, 15], [39, 40, 16], [39, 40, 17], [39, 40, 18], [39, 40, 19], [38, 39, 20], [37, 38, 21], [36, 37, 22], [35, 36, 23], [34, 35, 24], [33, 34, 25], [32, 33, 26], [31, 32, 27], [30, 31, 28], [29, 30, 29]], 'obstacles_positions': []}",20,False
"{'position_t_minus_1': array([0.49382716]), 'position_t': array([0.49382716]), 'action': array([0.5]), 'drift': array([0.5       , 0.        , 0.5       , 0.03333333, 0.5       ,
       0.06666667, 0.5       , 0.1       , 0.5       , 0.13333333,
       0.5       , 0.16666667, 0.5       , 0.2       , 0.5       ,
       0.23333333, 0.5       , 0.26666667, 0.5       , 0.3       ,
       0.5       , 0.33333333, 0.5       , 0.36666667, 0.5       ,
       0.4       , 0.5       , 0.43333333, 0.5       , 0.46666667,
       0.5       , 0.5       , 0.5       , 0.53333333, 0.5       ,
       0.56666667, 0.5       , 0.6       , 0.5       , 0.63333333,
       0.5       , 0.66666667, 0.5       , 0.7       , 0.5       ,
       0.73333333, 0.5       , 0.76666667, 0.5       , 0.8       ,
       0.5       , 0.83333333, 0.5       , 0.86666667, 0.5       ,
       0.9       , 0.5       , 0.93333333, 0.5       , 0.96666667,
       0.5       , 1.        ]), 'obstacles_positions': array([1., 1., 1., 1., 1., 1., 1., 1., 1., 1., 1., 1., 1., 1., 1., 1., 1.,
       1., 1., 1., 1., 1., 1., 1., 1., 1., 1., 1., 1., 1., 1., 1., 1., 1.,
       1., 1., 1., 1., 1., 1.]), 'width_to_walls': array([0.49382716, 0.50617284, 0.        , 0.49382716, 0.50617284,
       0.03333333, 0.49382716, 0.50617284, 0.06666667, 0.49382716,
       0.50617284, 0.1       , 0.49382716, 0.50617284, 0.13333333,
       0.49382716, 0.50617284, 0.16666667, 0.49382716, 0.50617284,
       0.2       , 0.49382716, 0.50617284, 0.23333333, 0.49382716,
       0.50617284, 0.26666667, 0.49382716, 0.50617284, 0.3       ,
       0.49382716, 0.50617284, 0.33333333, 0.49382716, 0.50617284,
       0.36666667, 0.49382716, 0.50617284, 0.4       , 0.49382716,
       0.50617284, 0.43333333, 0.49382716, 0.50617284, 0.46666667,
       0.49382716, 0.50617284, 0.5       , 0.49382716, 0.50617284,
       0.53333333, 0.49382716, 0.50617284, 0.56666667, 0.49382716,
       0.50617284, 0.6       , 0.49382716, 0.50617284, 0.63333333,
       0.49382716, 0.50617284, 0.66666667, 0.49382716, 0.50617284,
       0.7       , 0.49382716, 0.50617284, 0.73333333, 0.49382716,
       0.50617284, 0.76666667, 0.49382716, 0.50617284, 0.8       ,
       0.49382716, 0.50617284, 0.83333333, 0.49382716, 0.50617284,
       0.86666667, 0.49382716, 0.50617284, 0.9       , 0.49382716,
       0.50617284, 0.93333333, 0.49382716, 0.50617284, 0.96666667,
       0.49382716, 0.50617284, 1.        ])}"
"{'position_t_minus_1': [40, 41], 'position': [41, 42], 'action': 2, 'drift': [[1, -1], [1, 0], [1, 1], [1, 2], [1, 3], [1, 4], [1, 5], [1, 6], [1, 7], [1, 8], [1, 9], [1, 10], [1, 11], [1, 12], [1, 13], [1, 14], [1, 15], [1, 16], [1, 17], [1, 18], [1, 19], [1, 20], [1, 21], [1, 22], [1, 23], [1, 24], [1, 25], [1, 26], [1, 27], [1, 28], [1, 29]], 'width_to_walls': [[40, 39, -1], [40, 39, 0], [40, 39, 1], [40, 39, 2], [40, 39, 3], [40, 39, 4], [40, 39, 5], [40, 39, 6], [40, 39, 7], [40, 39, 8], [40, 39, 9], [40, 39, 10], [40, 39, 11], [40, 39, 12], [40, 39, 13], [40, 39, 14], [40, 39, 15], [40, 39, 16], [40, 39, 17], [40, 39, 18], [39, 38, 19], [38, 37, 20], [37, 36, 21], [36, 35, 22], [35, 34, 23], [34, 33, 24], [33, 32, 25], [32, 31, 26], [31, 30, 27], [30, 29, 28], [29, 28, 29]], 'obstacles_positions': []}",20,False
"{'position_t_minus_1': array([0.49382716]), 'position_t': array([0.50617284]), 'action': array([1.]), 'drift': array([0.5       , 0.        , 0.5       , 0.03333333, 0.5       ,
       0.06666667, 0.5       , 0.1       , 0.5       , 0.13333333,
       0.5       , 0.16666667, 0.5       , 0.2       , 0.5       ,
       0.23333333, 0.5       , 0.26666667, 0.5       , 0.3       ,
       0.5       , 0.33333333, 0.5       , 0.36666667, 0.5       ,
       0.4       , 0.5       , 0.43333333, 0.5       , 0.46666667,
       0.5       , 0.5       , 0.5       , 0.53333333, 0.5       ,
       0.56666667, 0.5       , 0.6       , 0.5       , 0.63333333,
       0.5       , 0.66666667, 0.5       , 0.7       , 0.5       ,
       0.73333333, 0.5       , 0.76666667, 0.5       , 0.8       ,
       0.5       , 0.83333333, 0.5       , 0.86666667, 0.5       ,
       0.9       , 0.5       , 0.93333333, 0.5       , 0.96666667,
       0.5       , 1.        ]), 'obstacles_positions': array([1., 1., 1., 1., 1., 1., 1., 1., 1., 1., 1., 1., 1., 1., 1., 1., 1.,
       1., 1., 1., 1., 1., 1., 1., 1., 1., 1., 1., 1., 1., 1., 1., 1., 1.,
       1., 1., 1., 1., 1., 1.]), 'width_to_walls': array([0.50617284, 0.49382716, 0.        , 0.50617284, 0.49382716,
       0.03333333, 0.50617284, 0.49382716, 0.06666667, 0.50617284,
       0.49382716, 0.1       , 0.50617284, 0.49382716, 0.13333333,
       0.50617284, 0.49382716, 0.16666667, 0.50617284, 0.49382716,
       0.2       , 0.50617284, 0.49382716, 0.23333333, 0.50617284,
       0.49382716, 0.26666667, 0.50617284, 0.49382716, 0.3       ,
       0.50617284, 0.49382716, 0.33333333, 0.50617284, 0.49382716,
       0.36666667, 0.50617284, 0.49382716, 0.4       , 0.50617284,
       0.49382716, 0.43333333, 0.50617284, 0.49382716, 0.46666667,
       0.50617284, 0.49382716, 0.5       , 0.50617284, 0.49382716,
       0.53333333, 0.50617284, 0.49382716, 0.56666667, 0.50617284,
       0.49382716, 0.6       , 0.50617284, 0.49382716, 0.63333333,
       0.50617284, 0.49382716, 0.66666667, 0.50617284, 0.49382716,
       0.7       , 0.50617284, 0.49382716, 0.73333333, 0.50617284,
       0.49382716, 0.76666667, 0.50617284, 0.49382716, 0.8       ,
       0.50617284, 0.49382716, 0.83333333, 0.50617284, 0.49382716,
       0.86666667, 0.50617284, 0.49382716, 0.9       , 0.50617284,
       0.49382716, 0.93333333, 0.50617284, 0.49382716, 0.96666667,
       0.50617284, 0.49382716, 1.        ])}"
"{'position_t_minus_1': [41, 42], 'position': [42, 43], 'action': 2, 'drift': [[1, -1], [1, 0], [1, 1], [1, 2], [1, 3], [1, 4], [1, 5], [1, 6], [1, 7], [1, 8], [1, 9], [1, 10], [1, 11], [1, 12], [1, 13], [1, 14], [1, 15], [1, 16], [1, 17], [1, 18], [1, 19], [1, 20], [1, 21], [1, 22], [1, 23], [1, 24], [1, 25], [1, 26], [1, 27], [1, 28], [1, 29]], 'width_to_walls': [[41, 38, -1], [41, 38, 0], [41, 38, 1], [41, 38, 2], [41, 38, 3], [41, 38, 4], [41, 38, 5], [41, 38, 6], [41, 38, 7], [41, 38, 8], [41, 38, 9], [41, 38, 10], [41, 38, 11], [41, 38, 12], [41, 38, 13], [41, 38, 14], [41, 38, 15], [41, 38, 16], [41, 38, 17], [40, 37, 18], [39, 36, 19], [38, 35, 20], [37, 34, 21], [36, 33, 22], [35, 32, 23], [34, 31, 24], [33, 30, 25], [32, 29, 26], [31, 28, 27], [30, 27, 28], [29, 26, 29]], 'obstacles_positions': []}",20,False
"{'position_t_minus_1': array([0.50617284]), 'position_t': array([0.51851852]), 'action': array([1.]), 'drift': array([0.5       , 0.        , 0.5       , 0.03333333, 0.5       ,
       0.06666667, 0.5       , 0.1       , 0.5       , 0.13333333,
       0.5       , 0.16666667, 0.5       , 0.2       , 0.5       ,
       0.23333333, 0.5       , 0.26666667, 0.5       , 0.3       ,
       0.5       , 0.33333333, 0.5       , 0.36666667, 0.5       ,
       0.4       , 0.5       , 0.43333333, 0.5       , 0.46666667,
       0.5       , 0.5       , 0.5       , 0.53333333, 0.5       ,
       0.56666667, 0.5       , 0.6       , 0.5       , 0.63333333,
       0.5       , 0.66666667, 0.5       , 0.7       , 0.5       ,
       0.73333333, 0.5       , 0.76666667, 0.5       , 0.8       ,
       0.5       , 0.83333333, 0.5       , 0.86666667, 0.5       ,
       0.9       , 0.5       , 0.93333333, 0.5       , 0.96666667,
       0.5       , 1.        ]), 'obstacles_positions': array([1., 1., 1., 1., 1., 1., 1., 1., 1., 1., 1., 1., 1., 1., 1., 1., 1.,
       1., 1., 1., 1., 1., 1., 1., 1., 1., 1., 1., 1., 1., 1., 1., 1., 1.,
       1., 1., 1., 1., 1., 1.]), 'width_to_walls': array([0.51851852, 0.48148148, 0.        , 0.51851852, 0.48148148,
       0.03333333, 0.51851852, 0.48148148, 0.06666667, 0.51851852,
       0.48148148, 0.1       , 0.51851852, 0.48148148, 0.13333333,
       0.51851852, 0.48148148, 0.16666667, 0.51851852, 0.48148148,
       0.2       , 0.51851852, 0.48148148, 0.23333333, 0.51851852,
       0.48148148, 0.26666667, 0.51851852, 0.48148148, 0.3       ,
       0.51851852, 0.48148148, 0.33333333, 0.51851852, 0.48148148,
       0.36666667, 0.51851852, 0.48148148, 0.4       , 0.51851852,
       0.48148148, 0.43333333, 0.51851852, 0.48148148, 0.46666667,
       0.51851852, 0.48148148, 0.5       , 0.51851852, 0.48148148,
       0.53333333, 0.51851852, 0.48148148, 0.56666667, 0.51851852,
       0.48148148, 0.6       , 0.51851852, 0.48148148, 0.63333333,
       0.51851852, 0.48148148, 0.66666667, 0.51851852, 0.48148148,
       0.7       , 0.51851852, 0.48148148, 0.73333333, 0.51851852,
       0.48148148, 0.76666667, 0.51851852, 0.48148148, 0.8       ,
       0.51851852, 0.48148148, 0.83333333, 0.51851852, 0.48148148,
       0.86666667, 0.51851852, 0.48148148, 0.9       , 0.51851852,
       0.48148148, 0.93333333, 0.51851852, 0.48148148, 0.96666667,
       0.51851852, 0.48148148, 1.        ])}"
"{'position_t_minus_1': [42, 43], 'position': [42, 44], 'action': 1, 'drift': [[1, -1], [1, 0], [1, 1], [1, 2], [1, 3], [1, 4], [1, 5], [1, 6], [1, 7], [1, 8], [1, 9], [1, 10], [1, 11], [1, 12], [1, 13], [1, 14], [1, 15], [1, 16], [1, 17], [1, 18], [1, 19], [1, 20], [1, 21], [1, 22], [1, 23], [1, 24], [1, 25], [1, 26], [1, 27], [1, 28], [1, 29]], 'width_to_walls': [[41, 38, -1], [41, 38, 0], [41, 38, 1], [41, 38, 2], [41, 38, 3], [41, 38, 4], [41, 38, 5], [41, 38, 6], [41, 38, 7], [41, 38, 8], [41, 38, 9], [41, 38, 10], [41, 38, 11], [41, 38, 12], [41, 38, 13], [41, 38, 14], [41, 38, 15], [41, 38, 16], [40, 37, 17], [39, 36, 18], [38, 35, 19], [37, 34, 20], [36, 33, 21], [35, 32, 22], [34, 31, 23], [33, 30, 24], [32, 29, 25], [31, 28, 26], [30, 27, 27], [29, 26, 28], [28, 25, 29]], 'obstacles_positions': []}",20,False
"{'position_t_minus_1': array([0.51851852]), 'position_t': array([0.51851852]), 'action': array([0.5]), 'drift': array([0.5       , 0.        , 0.5       , 0.03333333, 0.5       ,
       0.06666667, 0.5       , 0.1       , 0.5       , 0.13333333,
       0.5       , 0.16666667, 0.5       , 0.2       , 0.5       ,
       0.23333333, 0.5       , 0.26666667, 0.5       , 0.3       ,
       0.5       , 0.33333333, 0.5       , 0.36666667, 0.5       ,
       0.4       , 0.5       , 0.43333333, 0.5       , 0.46666667,
       0.5       , 0.5       , 0.5       , 0.53333333, 0.5       ,
       0.56666667, 0.5       , 0.6       , 0.5       , 0.63333333,
       0.5       , 0.66666667, 0.5       , 0.7       , 0.5       ,
       0.73333333, 0.5       , 0.76666667, 0.5       , 0.8       ,
       0.5       , 0.83333333, 0.5       , 0.86666667, 0.5       ,
       0.9       , 0.5       , 0.93333333, 0.5       , 0.96666667,
       0.5       , 1.        ]), 'obstacles_positions': array([1., 1., 1., 1., 1., 1., 1., 1., 1., 1., 1., 1., 1., 1., 1., 1., 1.,
       1., 1., 1., 1., 1., 1., 1., 1., 1., 1., 1., 1., 1., 1., 1., 1., 1.,
       1., 1., 1., 1., 1., 1.]), 'width_to_walls': array([0.51851852, 0.48148148, 0.        , 0.51851852, 0.48148148,
       0.03333333, 0.51851852, 0.48148148, 0.06666667, 0.51851852,
       0.48148148, 0.1       , 0.51851852, 0.48148148, 0.13333333,
       0.51851852, 0.48148148, 0.16666667, 0.51851852, 0.48148148,
       0.2       , 0.51851852, 0.48148148, 0.23333333, 0.51851852,
       0.48148148, 0.26666667, 0.51851852, 0.48148148, 0.3       ,
       0.51851852, 0.48148148, 0.33333333, 0.51851852, 0.48148148,
       0.36666667, 0.51851852, 0.48148148, 0.4       , 0.51851852,
       0.48148148, 0.43333333, 0.51851852, 0.48148148, 0.46666667,
       0.51851852, 0.48148148, 0.5       , 0.51851852, 0.48148148,
       0.53333333, 0.51851852, 0.48148148, 0.56666667, 0.51851852,
       0.48148148, 0.6       , 0.51851852, 0.48148148, 0.63333333,
       0.51851852, 0.48148148, 0.66666667, 0.51851852, 0.48148148,
       0.7       , 0.51851852, 0.48148148, 0.73333333, 0.51851852,
       0.48148148, 0.76666667, 0.51851852, 0.48148148, 0.8       ,
       0.51851852, 0.48148148, 0.83333333, 0.51851852, 0.48148148,
       0.86666667, 0.51851852, 0.48148148, 0.9       , 0.51851852,
       0.48148148, 0.93333333, 0.51851852, 0.48148148, 0.96666667,
       0.51851852, 0.48148148, 1.        ])}"
"{'position_t_minus_1': [42, 44], 'position': [43, 45], 'action': 2, 'drift': [[1, -1], [1, 0], [1, 1], [1, 2], [1, 3], [1, 4], [1, 5], [1, 6], [1, 7], [1, 8], [1, 9], [1, 10], [1, 11], [1, 12], [1, 13], [1, 14], [1, 15], [1, 16], [1, 17], [1, 18], [1, 19], [1, 20], [1, 21], [1, 22], [1, 23], [1, 24], [1, 25], [1, 26], [1, 27], [1, 28], [1, 29]], 'width_to_walls': [[42, 37, -1], [42, 37, 0], [42, 37, 1], [42, 37, 2], [42, 37, 3], [42, 37, 4], [42, 37, 5], [42, 37, 6], [42, 37, 7], [42, 37, 8], [42, 37, 9], [42, 37, 10], [42, 37, 11], [42, 37, 12], [42, 37, 13], [42, 37, 14], [42, 37, 15], [41, 36, 16], [40, 35, 17], [39, 34, 18], [38, 33, 19], [37, 32, 20], [36, 31, 21], [35, 30, 22], [34, 29, 23], [33, 28, 24], [32, 27, 25], [31, 26, 26], [30, 25, 27], [29, 24, 28], [28, 23, 29]], 'obstacles_positions': []}",20,False
"{'position_t_minus_1': array([0.51851852]), 'position_t': array([0.5308642]), 'action': array([1.]), 'drift': array([0.5       , 0.        , 0.5       , 0.03333333, 0.5       ,
       0.06666667, 0.5       , 0.1       , 0.5       , 0.13333333,
       0.5       , 0.16666667, 0.5       , 0.2       , 0.5       ,
       0.23333333, 0.5       , 0.26666667, 0.5       , 0.3       ,
       0.5       , 0.33333333, 0.5       , 0.36666667, 0.5       ,
       0.4       , 0.5       , 0.43333333, 0.5       , 0.46666667,
       0.5       , 0.5       , 0.5       , 0.53333333, 0.5       ,
       0.56666667, 0.5       , 0.6       , 0.5       , 0.63333333,
       0.5       , 0.66666667, 0.5       , 0.7       , 0.5       ,
       0.73333333, 0.5       , 0.76666667, 0.5       , 0.8       ,
       0.5       , 0.83333333, 0.5       , 0.86666667, 0.5       ,
       0.9       , 0.5       , 0.93333333, 0.5       , 0.96666667,
       0.5       , 1.        ]), 'obstacles_positions': array([1., 1., 1., 1., 1., 1., 1., 1., 1., 1., 1., 1., 1., 1., 1., 1., 1.,
       1., 1., 1., 1., 1., 1., 1., 1., 1., 1., 1., 1., 1., 1., 1., 1., 1.,
       1., 1., 1., 1., 1., 1.]), 'width_to_walls': array([0.5308642 , 0.4691358 , 0.        , 0.5308642 , 0.4691358 ,
       0.03333333, 0.5308642 , 0.4691358 , 0.06666667, 0.5308642 ,
       0.4691358 , 0.1       , 0.5308642 , 0.4691358 , 0.13333333,
       0.5308642 , 0.4691358 , 0.16666667, 0.5308642 , 0.4691358 ,
       0.2       , 0.5308642 , 0.4691358 , 0.23333333, 0.5308642 ,
       0.4691358 , 0.26666667, 0.5308642 , 0.4691358 , 0.3       ,
       0.5308642 , 0.4691358 , 0.33333333, 0.5308642 , 0.4691358 ,
       0.36666667, 0.5308642 , 0.4691358 , 0.4       , 0.5308642 ,
       0.4691358 , 0.43333333, 0.5308642 , 0.4691358 , 0.46666667,
       0.5308642 , 0.4691358 , 0.5       , 0.5308642 , 0.4691358 ,
       0.53333333, 0.5308642 , 0.4691358 , 0.56666667, 0.5308642 ,
       0.4691358 , 0.6       , 0.5308642 , 0.4691358 , 0.63333333,
       0.5308642 , 0.4691358 , 0.66666667, 0.5308642 , 0.4691358 ,
       0.7       , 0.5308642 , 0.4691358 , 0.73333333, 0.5308642 ,
       0.4691358 , 0.76666667, 0.5308642 , 0.4691358 , 0.8       ,
       0.5308642 , 0.4691358 , 0.83333333, 0.5308642 , 0.4691358 ,
       0.86666667, 0.5308642 , 0.4691358 , 0.9       , 0.5308642 ,
       0.4691358 , 0.93333333, 0.5308642 , 0.4691358 , 0.96666667,
       0.5308642 , 0.4691358 , 1.        ])}"
"{'position_t_minus_1': [43, 45], 'position': [44, 46], 'action': 2, 'drift': [[1, -1], [1, 0], [1, 1], [1, 2], [1, 3], [1, 4], [1, 5], [1, 6], [1, 7], [1, 8], [1, 9], [1, 10], [1, 11], [1, 12], [1, 13], [1, 14], [1, 15], [1, 16], [1, 17], [1, 18], [1, 19], [1, 20], [1, 21], [1, 22], [1, 23], [1, 24], [1, 25], [1, 26], [1, 27], [1, 28], [1, 29]], 'width_to_walls': [[43, 36, -1], [43, 36, 0], [43, 36, 1], [43, 36, 2], [43, 36, 3], [43, 36, 4], [43, 36, 5], [43, 36, 6], [43, 36, 7], [43, 36, 8], [43, 36, 9], [43, 36, 10], [43, 36, 11], [43, 36, 12], [43, 36, 13], [43, 36, 14], [42, 35, 15], [41, 34, 16], [40, 33, 17], [39, 32, 18], [38, 31, 19], [37, 30, 20], [36, 29, 21], [35, 28, 22], [34, 27, 23], [33, 26, 24], [32, 25, 25], [31, 24, 26], [30, 23, 27], [29, 22, 28], [28, 21, 29]], 'obstacles_positions': []}",20,False
"{'position_t_minus_1': array([0.5308642]), 'position_t': array([0.54320988]), 'action': array([1.]), 'drift': array([0.5       , 0.        , 0.5       , 0.03333333, 0.5       ,
       0.06666667, 0.5       , 0.1       , 0.5       , 0.13333333,
       0.5       , 0.16666667, 0.5       , 0.2       , 0.5       ,
       0.23333333, 0.5       , 0.26666667, 0.5       , 0.3       ,
       0.5       , 0.33333333, 0.5       , 0.36666667, 0.5       ,
       0.4       , 0.5       , 0.43333333, 0.5       , 0.46666667,
       0.5       , 0.5       , 0.5       , 0.53333333, 0.5       ,
       0.56666667, 0.5       , 0.6       , 0.5       , 0.63333333,
       0.5       , 0.66666667, 0.5       , 0.7       , 0.5       ,
       0.73333333, 0.5       , 0.76666667, 0.5       , 0.8       ,
       0.5       , 0.83333333, 0.5       , 0.86666667, 0.5       ,
       0.9       , 0.5       , 0.93333333, 0.5       , 0.96666667,
       0.5       , 1.        ]), 'obstacles_positions': array([1., 1., 1., 1., 1., 1., 1., 1., 1., 1., 1., 1., 1., 1., 1., 1., 1.,
       1., 1., 1., 1., 1., 1., 1., 1., 1., 1., 1., 1., 1., 1., 1., 1., 1.,
       1., 1., 1., 1., 1., 1.]), 'width_to_walls': array([0.54320988, 0.45679012, 0.        , 0.54320988, 0.45679012,
       0.03333333, 0.54320988, 0.45679012, 0.06666667, 0.54320988,
       0.45679012, 0.1       , 0.54320988, 0.45679012, 0.13333333,
       0.54320988, 0.45679012, 0.16666667, 0.54320988, 0.45679012,
       0.2       , 0.54320988, 0.45679012, 0.23333333, 0.54320988,
       0.45679012, 0.26666667, 0.54320988, 0.45679012, 0.3       ,
       0.54320988, 0.45679012, 0.33333333, 0.54320988, 0.45679012,
       0.36666667, 0.54320988, 0.45679012, 0.4       , 0.54320988,
       0.45679012, 0.43333333, 0.54320988, 0.45679012, 0.46666667,
       0.54320988, 0.45679012, 0.5       , 0.54320988, 0.45679012,
       0.53333333, 0.54320988, 0.45679012, 0.56666667, 0.54320988,
       0.45679012, 0.6       , 0.54320988, 0.45679012, 0.63333333,
       0.54320988, 0.45679012, 0.66666667, 0.54320988, 0.45679012,
       0.7       , 0.54320988, 0.45679012, 0.73333333, 0.54320988,
       0.45679012, 0.76666667, 0.54320988, 0.45679012, 0.8       ,
       0.54320988, 0.45679012, 0.83333333, 0.54320988, 0.45679012,
       0.86666667, 0.54320988, 0.45679012, 0.9       , 0.54320988,
       0.45679012, 0.93333333, 0.54320988, 0.45679012, 0.96666667,
       0.54320988, 0.45679012, 1.        ])}"
"{'position_t_minus_1': [44, 46], 'position': [45, 47], 'action': 2, 'drift': [[1, -1], [1, 0], [1, 1], [1, 2], [1, 3], [1, 4], [1, 5], [1, 6], [1, 7], [1, 8], [1, 9], [1, 10], [1, 11], [1, 12], [1, 13], [1, 14], [1, 15], [1, 16], [1, 17], [1, 18], [1, 19], [1, 20], [1, 21], [1, 22], [1, 23], [1, 24], [1, 25], [1, 26], [1, 27], [1, 28], [1, 29]], 'width_to_walls': [[44, 35, -1], [44, 35, 0], [44, 35, 1], [44, 35, 2], [44, 35, 3], [44, 35, 4], [44, 35, 5], [44, 35, 6], [44, 35, 7], [44, 35, 8], [44, 35, 9], [44, 35, 10], [44, 35, 11], [44, 35, 12], [44, 35, 13], [43, 34, 14], [42, 33, 15], [41, 32, 16], [40, 31, 17], [39, 30, 18], [38, 29, 19], [37, 28, 20], [36, 27, 21], [35, 26, 22], [34, 25, 23], [33, 24, 24], [32, 23, 25], [31, 22, 26], [30, 21, 27], [29, 20, 28], [28, 19, 29]], 'obstacles_positions': []}",20,False
"{'position_t_minus_1': array([0.54320988]), 'position_t': array([0.55555556]), 'action': array([1.]), 'drift': array([0.5       , 0.        , 0.5       , 0.03333333, 0.5       ,
       0.06666667, 0.5       , 0.1       , 0.5       , 0.13333333,
       0.5       , 0.16666667, 0.5       , 0.2       , 0.5       ,
       0.23333333, 0.5       , 0.26666667, 0.5       , 0.3       ,
       0.5       , 0.33333333, 0.5       , 0.36666667, 0.5       ,
       0.4       , 0.5       , 0.43333333, 0.5       , 0.46666667,
       0.5       , 0.5       , 0.5       , 0.53333333, 0.5       ,
       0.56666667, 0.5       , 0.6       , 0.5       , 0.63333333,
       0.5       , 0.66666667, 0.5       , 0.7       , 0.5       ,
       0.73333333, 0.5       , 0.76666667, 0.5       , 0.8       ,
       0.5       , 0.83333333, 0.5       , 0.86666667, 0.5       ,
       0.9       , 0.5       , 0.93333333, 0.5       , 0.96666667,
       0.5       , 1.        ]), 'obstacles_positions': array([1., 1., 1., 1., 1., 1., 1., 1., 1., 1., 1., 1., 1., 1., 1., 1., 1.,
       1., 1., 1., 1., 1., 1., 1., 1., 1., 1., 1., 1., 1., 1., 1., 1., 1.,
       1., 1., 1., 1., 1., 1.]), 'width_to_walls': array([0.55555556, 0.44444444, 0.        , 0.55555556, 0.44444444,
       0.03333333, 0.55555556, 0.44444444, 0.06666667, 0.55555556,
       0.44444444, 0.1       , 0.55555556, 0.44444444, 0.13333333,
       0.55555556, 0.44444444, 0.16666667, 0.55555556, 0.44444444,
       0.2       , 0.55555556, 0.44444444, 0.23333333, 0.55555556,
       0.44444444, 0.26666667, 0.55555556, 0.44444444, 0.3       ,
       0.55555556, 0.44444444, 0.33333333, 0.55555556, 0.44444444,
       0.36666667, 0.55555556, 0.44444444, 0.4       , 0.55555556,
       0.44444444, 0.43333333, 0.55555556, 0.44444444, 0.46666667,
       0.55555556, 0.44444444, 0.5       , 0.55555556, 0.44444444,
       0.53333333, 0.55555556, 0.44444444, 0.56666667, 0.55555556,
       0.44444444, 0.6       , 0.55555556, 0.44444444, 0.63333333,
       0.55555556, 0.44444444, 0.66666667, 0.55555556, 0.44444444,
       0.7       , 0.55555556, 0.44444444, 0.73333333, 0.55555556,
       0.44444444, 0.76666667, 0.55555556, 0.44444444, 0.8       ,
       0.55555556, 0.44444444, 0.83333333, 0.55555556, 0.44444444,
       0.86666667, 0.55555556, 0.44444444, 0.9       , 0.55555556,
       0.44444444, 0.93333333, 0.55555556, 0.44444444, 0.96666667,
       0.55555556, 0.44444444, 1.        ])}"
"{'position_t_minus_1': [45, 47], 'position': [45, 48], 'action': 1, 'drift': [[1, -1], [1, 0], [1, 1], [1, 2], [1, 3], [1, 4], [1, 5], [1, 6], [1, 7], [1, 8], [1, 9], [1, 10], [1, 11], [1, 12], [1, 13], [1, 14], [1, 15], [1, 16], [1, 17], [1, 18], [1, 19], [1, 20], [1, 21], [1, 22], [1, 23], [1, 24], [1, 25], [1, 26], [1, 27], [1, 28], [1, 29]], 'width_to_walls': [[44, 35, -1], [44, 35, 0], [44, 35, 1], [44, 35, 2], [44, 35, 3], [44, 35, 4], [44, 35, 5], [44, 35, 6], [44, 35, 7], [44, 35, 8], [44, 35, 9], [44, 35, 10], [44, 35, 11], [44, 35, 12], [43, 34, 13], [42, 33, 14], [41, 32, 15], [40, 31, 16], [39, 30, 17], [38, 29, 18], [37, 28, 19], [36, 27, 20], [35, 26, 21], [34, 25, 22], [33, 24, 23], [32, 23, 24], [31, 22, 25], [30, 21, 26], [29, 20, 27], [28, 19, 28], [27, 18, 29]], 'obstacles_positions': []}",20,False
"{'position_t_minus_1': array([0.55555556]), 'position_t': array([0.55555556]), 'action': array([0.5]), 'drift': array([0.5       , 0.        , 0.5       , 0.03333333, 0.5       ,
       0.06666667, 0.5       , 0.1       , 0.5       , 0.13333333,
       0.5       , 0.16666667, 0.5       , 0.2       , 0.5       ,
       0.23333333, 0.5       , 0.26666667, 0.5       , 0.3       ,
       0.5       , 0.33333333, 0.5       , 0.36666667, 0.5       ,
       0.4       , 0.5       , 0.43333333, 0.5       , 0.46666667,
       0.5       , 0.5       , 0.5       , 0.53333333, 0.5       ,
       0.56666667, 0.5       , 0.6       , 0.5       , 0.63333333,
       0.5       , 0.66666667, 0.5       , 0.7       , 0.5       ,
       0.73333333, 0.5       , 0.76666667, 0.5       , 0.8       ,
       0.5       , 0.83333333, 0.5       , 0.86666667, 0.5       ,
       0.9       , 0.5       , 0.93333333, 0.5       , 0.96666667,
       0.5       , 1.        ]), 'obstacles_positions': array([1., 1., 1., 1., 1., 1., 1., 1., 1., 1., 1., 1., 1., 1., 1., 1., 1.,
       1., 1., 1., 1., 1., 1., 1., 1., 1., 1., 1., 1., 1., 1., 1., 1., 1.,
       1., 1., 1., 1., 1., 1.]), 'width_to_walls': array([0.55555556, 0.44444444, 0.        , 0.55555556, 0.44444444,
       0.03333333, 0.55555556, 0.44444444, 0.06666667, 0.55555556,
       0.44444444, 0.1       , 0.55555556, 0.44444444, 0.13333333,
       0.55555556, 0.44444444, 0.16666667, 0.55555556, 0.44444444,
       0.2       , 0.55555556, 0.44444444, 0.23333333, 0.55555556,
       0.44444444, 0.26666667, 0.55555556, 0.44444444, 0.3       ,
       0.55555556, 0.44444444, 0.33333333, 0.55555556, 0.44444444,
       0.36666667, 0.55555556, 0.44444444, 0.4       , 0.55555556,
       0.44444444, 0.43333333, 0.55555556, 0.44444444, 0.46666667,
       0.55555556, 0.44444444, 0.5       , 0.55555556, 0.44444444,
       0.53333333, 0.55555556, 0.44444444, 0.56666667, 0.55555556,
       0.44444444, 0.6       , 0.55555556, 0.44444444, 0.63333333,
       0.55555556, 0.44444444, 0.66666667, 0.55555556, 0.44444444,
       0.7       , 0.55555556, 0.44444444, 0.73333333, 0.55555556,
       0.44444444, 0.76666667, 0.55555556, 0.44444444, 0.8       ,
       0.55555556, 0.44444444, 0.83333333, 0.55555556, 0.44444444,
       0.86666667, 0.55555556, 0.44444444, 0.9       , 0.55555556,
       0.44444444, 0.93333333, 0.55555556, 0.44444444, 0.96666667,
       0.55555556, 0.44444444, 1.        ])}"
"{'position_t_minus_1': [45, 48], 'position': [44, 49], 'action': 0, 'drift': [[1, -1], [1, 0], [1, 1], [1, 2], [1, 3], [1, 4], [1, 5], [1, 6], [1, 7], [1, 8], [1, 9], [1, 10], [1, 11], [1, 12], [1, 13], [1, 14], [1, 15], [1, 16], [1, 17], [1, 18], [1, 19], [1, 20], [1, 21], [1, 22], [1, 23], [1, 24], [1, 25], [1, 26], [1, 27], [1, 28], [1, 29]], 'width_to_walls': [[43, 36, -1], [43, 36, 0], [43, 36, 1], [43, 36, 2], [43, 36, 3], [43, 36, 4], [43, 36, 5], [43, 36, 6], [43, 36, 7], [43, 36, 8], [43, 36, 9], [43, 36, 10], [43, 36, 11], [42, 35, 12], [41, 34, 13], [40, 33, 14], [39, 32, 15], [38, 31, 16], [37, 30, 17], [36, 29, 18], [35, 28, 19], [34, 27, 20], [33, 26, 21], [32, 25, 22], [31, 24, 23], [30, 23, 24], [29, 22, 25], [28, 21, 26], [27, 20, 27], [26, 19, 28], [25, 18, 29]], 'obstacles_positions': []}",20,False
"{'position_t_minus_1': array([0.55555556]), 'position_t': array([0.54320988]), 'action': array([0.]), 'drift': array([0.5       , 0.        , 0.5       , 0.03333333, 0.5       ,
       0.06666667, 0.5       , 0.1       , 0.5       , 0.13333333,
       0.5       , 0.16666667, 0.5       , 0.2       , 0.5       ,
       0.23333333, 0.5       , 0.26666667, 0.5       , 0.3       ,
       0.5       , 0.33333333, 0.5       , 0.36666667, 0.5       ,
       0.4       , 0.5       , 0.43333333, 0.5       , 0.46666667,
       0.5       , 0.5       , 0.5       , 0.53333333, 0.5       ,
       0.56666667, 0.5       , 0.6       , 0.5       , 0.63333333,
       0.5       , 0.66666667, 0.5       , 0.7       , 0.5       ,
       0.73333333, 0.5       , 0.76666667, 0.5       , 0.8       ,
       0.5       , 0.83333333, 0.5       , 0.86666667, 0.5       ,
       0.9       , 0.5       , 0.93333333, 0.5       , 0.96666667,
       0.5       , 1.        ]), 'obstacles_positions': array([1., 1., 1., 1., 1., 1., 1., 1., 1., 1., 1., 1., 1., 1., 1., 1., 1.,
       1., 1., 1., 1., 1., 1., 1., 1., 1., 1., 1., 1., 1., 1., 1., 1., 1.,
       1., 1., 1., 1., 1., 1.]), 'width_to_walls': array([0.54320988, 0.45679012, 0.        , 0.54320988, 0.45679012,
       0.03333333, 0.54320988, 0.45679012, 0.06666667, 0.54320988,
       0.45679012, 0.1       , 0.54320988, 0.45679012, 0.13333333,
       0.54320988, 0.45679012, 0.16666667, 0.54320988, 0.45679012,
       0.2       , 0.54320988, 0.45679012, 0.23333333, 0.54320988,
       0.45679012, 0.26666667, 0.54320988, 0.45679012, 0.3       ,
       0.54320988, 0.45679012, 0.33333333, 0.54320988, 0.45679012,
       0.36666667, 0.54320988, 0.45679012, 0.4       , 0.54320988,
       0.45679012, 0.43333333, 0.54320988, 0.45679012, 0.46666667,
       0.54320988, 0.45679012, 0.5       , 0.54320988, 0.45679012,
       0.53333333, 0.54320988, 0.45679012, 0.56666667, 0.54320988,
       0.45679012, 0.6       , 0.54320988, 0.45679012, 0.63333333,
       0.54320988, 0.45679012, 0.66666667, 0.54320988, 0.45679012,
       0.7       , 0.54320988, 0.45679012, 0.73333333, 0.54320988,
       0.45679012, 0.76666667, 0.54320988, 0.45679012, 0.8       ,
       0.54320988, 0.45679012, 0.83333333, 0.54320988, 0.45679012,
       0.86666667, 0.54320988, 0.45679012, 0.9       , 0.54320988,
       0.45679012, 0.93333333, 0.54320988, 0.45679012, 0.96666667,
       0.54320988, 0.45679012, 1.        ])}"
"{'position_t_minus_1': [44, 49], 'position': [44, 50], 'action': 1, 'drift': [[1, -1], [1, 0], [1, 1], [1, 2], [1, 3], [1, 4], [1, 5], [1, 6], [1, 7], [1, 8], [1, 9], [1, 10], [1, 11], [1, 12], [1, 13], [1, 14], [1, 15], [1, 16], [1, 17], [1, 18], [1, 19], [1, 20], [1, 21], [1, 22], [1, 23], [1, 24], [1, 25], [1, 26], [1, 27], [1, 28], [1, 29]], 'width_to_walls': [[43, 36, -1], [43, 36, 0], [43, 36, 1], [43, 36, 2], [43, 36, 3], [43, 36, 4], [43, 36, 5], [43, 36, 6], [43, 36, 7], [43, 36, 8], [43, 36, 9], [43, 36, 10], [42, 35, 11], [41, 34, 12], [40, 33, 13], [39, 32, 14], [38, 31, 15], [37, 30, 16], [36, 29, 17], [35, 28, 18], [34, 27, 19], [33, 26, 20], [32, 25, 21], [31, 24, 22], [30, 23, 23], [29, 22, 24], [28, 21, 25], [27, 20, 26], [26, 19, 27], [25, 18, 28], [24, 17, 29]], 'obstacles_positions': []}",20,False
"{'position_t_minus_1': array([0.54320988]), 'position_t': array([0.54320988]), 'action': array([0.5]), 'drift': array([0.5       , 0.        , 0.5       , 0.03333333, 0.5       ,
       0.06666667, 0.5       , 0.1       , 0.5       , 0.13333333,
       0.5       , 0.16666667, 0.5       , 0.2       , 0.5       ,
       0.23333333, 0.5       , 0.26666667, 0.5       , 0.3       ,
       0.5       , 0.33333333, 0.5       , 0.36666667, 0.5       ,
       0.4       , 0.5       , 0.43333333, 0.5       , 0.46666667,
       0.5       , 0.5       , 0.5       , 0.53333333, 0.5       ,
       0.56666667, 0.5       , 0.6       , 0.5       , 0.63333333,
       0.5       , 0.66666667, 0.5       , 0.7       , 0.5       ,
       0.73333333, 0.5       , 0.76666667, 0.5       , 0.8       ,
       0.5       , 0.83333333, 0.5       , 0.86666667, 0.5       ,
       0.9       , 0.5       , 0.93333333, 0.5       , 0.96666667,
       0.5       , 1.        ]), 'obstacles_positions': array([1., 1., 1., 1., 1., 1., 1., 1., 1., 1., 1., 1., 1., 1., 1., 1., 1.,
       1., 1., 1., 1., 1., 1., 1., 1., 1., 1., 1., 1., 1., 1., 1., 1., 1.,
       1., 1., 1., 1., 1., 1.]), 'width_to_walls': array([0.54320988, 0.45679012, 0.        , 0.54320988, 0.45679012,
       0.03333333, 0.54320988, 0.45679012, 0.06666667, 0.54320988,
       0.45679012, 0.1       , 0.54320988, 0.45679012, 0.13333333,
       0.54320988, 0.45679012, 0.16666667, 0.54320988, 0.45679012,
       0.2       , 0.54320988, 0.45679012, 0.23333333, 0.54320988,
       0.45679012, 0.26666667, 0.54320988, 0.45679012, 0.3       ,
       0.54320988, 0.45679012, 0.33333333, 0.54320988, 0.45679012,
       0.36666667, 0.54320988, 0.45679012, 0.4       , 0.54320988,
       0.45679012, 0.43333333, 0.54320988, 0.45679012, 0.46666667,
       0.54320988, 0.45679012, 0.5       , 0.54320988, 0.45679012,
       0.53333333, 0.54320988, 0.45679012, 0.56666667, 0.54320988,
       0.45679012, 0.6       , 0.54320988, 0.45679012, 0.63333333,
       0.54320988, 0.45679012, 0.66666667, 0.54320988, 0.45679012,
       0.7       , 0.54320988, 0.45679012, 0.73333333, 0.54320988,
       0.45679012, 0.76666667, 0.54320988, 0.45679012, 0.8       ,
       0.54320988, 0.45679012, 0.83333333, 0.54320988, 0.45679012,
       0.86666667, 0.54320988, 0.45679012, 0.9       , 0.54320988,
       0.45679012, 0.93333333, 0.54320988, 0.45679012, 0.96666667,
       0.54320988, 0.45679012, 1.        ])}"
"{'position_t_minus_1': [44, 50], 'position': [44, 51], 'action': 1, 'drift': [[1, -1], [1, 0], [1, 1], [1, 2], [1, 3], [1, 4], [1, 5], [1, 6], [1, 7], [1, 8], [1, 9], [1, 10], [1, 11], [1, 12], [1, 13], [1, 14], [1, 15], [1, 16], [1, 17], [1, 18], [1, 19], [1, 20], [1, 21], [1, 22], [1, 23], [1, 24], [1, 25], [1, 26], [1, 27], [1, 28], [1, 29]], 'width_to_walls': [[43, 36, -1], [43, 36, 0], [43, 36, 1], [43, 36, 2], [43, 36, 3], [43, 36, 4], [43, 36, 5], [43, 36, 6], [43, 36, 7], [43, 36, 8], [43, 36, 9], [42, 35, 10], [41, 34, 11], [40, 33, 12], [39, 32, 13], [38, 31, 14], [37, 30, 15], [36, 29, 16], [35, 28, 17], [34, 27, 18], [33, 26, 19], [32, 25, 20], [31, 24, 21], [30, 23, 22], [29, 22, 23], [28, 21, 24], [27, 20, 25], [26, 19, 26], [25, 18, 27], [24, 17, 28], [23, 16, 29]], 'obstacles_positions': []}",20,False
"{'position_t_minus_1': array([0.54320988]), 'position_t': array([0.54320988]), 'action': array([0.5]), 'drift': array([0.5       , 0.        , 0.5       , 0.03333333, 0.5       ,
       0.06666667, 0.5       , 0.1       , 0.5       , 0.13333333,
       0.5       , 0.16666667, 0.5       , 0.2       , 0.5       ,
       0.23333333, 0.5       , 0.26666667, 0.5       , 0.3       ,
       0.5       , 0.33333333, 0.5       , 0.36666667, 0.5       ,
       0.4       , 0.5       , 0.43333333, 0.5       , 0.46666667,
       0.5       , 0.5       , 0.5       , 0.53333333, 0.5       ,
       0.56666667, 0.5       , 0.6       , 0.5       , 0.63333333,
       0.5       , 0.66666667, 0.5       , 0.7       , 0.5       ,
       0.73333333, 0.5       , 0.76666667, 0.5       , 0.8       ,
       0.5       , 0.83333333, 0.5       , 0.86666667, 0.5       ,
       0.9       , 0.5       , 0.93333333, 0.5       , 0.96666667,
       0.5       , 1.        ]), 'obstacles_positions': array([1., 1., 1., 1., 1., 1., 1., 1., 1., 1., 1., 1., 1., 1., 1., 1., 1.,
       1., 1., 1., 1., 1., 1., 1., 1., 1., 1., 1., 1., 1., 1., 1., 1., 1.,
       1., 1., 1., 1., 1., 1.]), 'width_to_walls': array([0.54320988, 0.45679012, 0.        , 0.54320988, 0.45679012,
       0.03333333, 0.54320988, 0.45679012, 0.06666667, 0.54320988,
       0.45679012, 0.1       , 0.54320988, 0.45679012, 0.13333333,
       0.54320988, 0.45679012, 0.16666667, 0.54320988, 0.45679012,
       0.2       , 0.54320988, 0.45679012, 0.23333333, 0.54320988,
       0.45679012, 0.26666667, 0.54320988, 0.45679012, 0.3       ,
       0.54320988, 0.45679012, 0.33333333, 0.54320988, 0.45679012,
       0.36666667, 0.54320988, 0.45679012, 0.4       , 0.54320988,
       0.45679012, 0.43333333, 0.54320988, 0.45679012, 0.46666667,
       0.54320988, 0.45679012, 0.5       , 0.54320988, 0.45679012,
       0.53333333, 0.54320988, 0.45679012, 0.56666667, 0.54320988,
       0.45679012, 0.6       , 0.54320988, 0.45679012, 0.63333333,
       0.54320988, 0.45679012, 0.66666667, 0.54320988, 0.45679012,
       0.7       , 0.54320988, 0.45679012, 0.73333333, 0.54320988,
       0.45679012, 0.76666667, 0.54320988, 0.45679012, 0.8       ,
       0.54320988, 0.45679012, 0.83333333, 0.54320988, 0.45679012,
       0.86666667, 0.54320988, 0.45679012, 0.9       , 0.54320988,
       0.45679012, 0.93333333, 0.54320988, 0.45679012, 0.96666667,
       0.54320988, 0.45679012, 1.        ])}"
"{'position_t_minus_1': [44, 51], 'position': [43, 52], 'action': 0, 'drift': [[1, -1], [1, 0], [1, 1], [1, 2], [1, 3], [1, 4], [1, 5], [1, 6], [1, 7], [1, 8], [1, 9], [1, 10], [1, 11], [1, 12], [1, 13], [1, 14], [1, 15], [1, 16], [1, 17], [1, 18], [1, 19], [1, 20], [1, 21], [1, 22], [1, 23], [1, 24], [1, 25], [1, 26], [1, 27], [1, 28], [1, 29]], 'width_to_walls': [[42, 37, -1], [42, 37, 0], [42, 37, 1], [42, 37, 2], [42, 37, 3], [42, 37, 4], [42, 37, 5], [42, 37, 6], [42, 37, 7], [42, 37, 8], [41, 36, 9], [40, 35, 10], [39, 34, 11], [38, 33, 12], [37, 32, 13], [36, 31, 14], [35, 30, 15], [34, 29, 16], [33, 28, 17], [32, 27, 18], [31, 26, 19], [30, 25, 20], [29, 24, 21], [28, 23, 22], [27, 22, 23], [26, 21, 24], [25, 20, 25], [24, 19, 26], [23, 18, 27], [22, 17, 28], [21, 16, 29]], 'obstacles_positions': []}",20,False
"{'position_t_minus_1': array([0.54320988]), 'position_t': array([0.5308642]), 'action': array([0.]), 'drift': array([0.5       , 0.        , 0.5       , 0.03333333, 0.5       ,
       0.06666667, 0.5       , 0.1       , 0.5       , 0.13333333,
       0.5       , 0.16666667, 0.5       , 0.2       , 0.5       ,
       0.23333333, 0.5       , 0.26666667, 0.5       , 0.3       ,
       0.5       , 0.33333333, 0.5       , 0.36666667, 0.5       ,
       0.4       , 0.5       , 0.43333333, 0.5       , 0.46666667,
       0.5       , 0.5       , 0.5       , 0.53333333, 0.5       ,
       0.56666667, 0.5       , 0.6       , 0.5       , 0.63333333,
       0.5       , 0.66666667, 0.5       , 0.7       , 0.5       ,
       0.73333333, 0.5       , 0.76666667, 0.5       , 0.8       ,
       0.5       , 0.83333333, 0.5       , 0.86666667, 0.5       ,
       0.9       , 0.5       , 0.93333333, 0.5       , 0.96666667,
       0.5       , 1.        ]), 'obstacles_positions': array([1., 1., 1., 1., 1., 1., 1., 1., 1., 1., 1., 1., 1., 1., 1., 1., 1.,
       1., 1., 1., 1., 1., 1., 1., 1., 1., 1., 1., 1., 1., 1., 1., 1., 1.,
       1., 1., 1., 1., 1., 1.]), 'width_to_walls': array([0.5308642 , 0.4691358 , 0.        , 0.5308642 , 0.4691358 ,
       0.03333333, 0.5308642 , 0.4691358 , 0.06666667, 0.5308642 ,
       0.4691358 , 0.1       , 0.5308642 , 0.4691358 , 0.13333333,
       0.5308642 , 0.4691358 , 0.16666667, 0.5308642 , 0.4691358 ,
       0.2       , 0.5308642 , 0.4691358 , 0.23333333, 0.5308642 ,
       0.4691358 , 0.26666667, 0.5308642 , 0.4691358 , 0.3       ,
       0.5308642 , 0.4691358 , 0.33333333, 0.5308642 , 0.4691358 ,
       0.36666667, 0.5308642 , 0.4691358 , 0.4       , 0.5308642 ,
       0.4691358 , 0.43333333, 0.5308642 , 0.4691358 , 0.46666667,
       0.5308642 , 0.4691358 , 0.5       , 0.5308642 , 0.4691358 ,
       0.53333333, 0.5308642 , 0.4691358 , 0.56666667, 0.5308642 ,
       0.4691358 , 0.6       , 0.5308642 , 0.4691358 , 0.63333333,
       0.5308642 , 0.4691358 , 0.66666667, 0.5308642 , 0.4691358 ,
       0.7       , 0.5308642 , 0.4691358 , 0.73333333, 0.5308642 ,
       0.4691358 , 0.76666667, 0.5308642 , 0.4691358 , 0.8       ,
       0.5308642 , 0.4691358 , 0.83333333, 0.5308642 , 0.4691358 ,
       0.86666667, 0.5308642 , 0.4691358 , 0.9       , 0.5308642 ,
       0.4691358 , 0.93333333, 0.5308642 , 0.4691358 , 0.96666667,
       0.5308642 , 0.4691358 , 1.        ])}"
"{'position_t_minus_1': [43, 52], 'position': [43, 53], 'action': 1, 'drift': [[1, -1], [1, 0], [1, 1], [1, 2], [1, 3], [1, 4], [1, 5], [1, 6], [1, 7], [1, 8], [1, 9], [1, 10], [1, 11], [1, 12], [1, 13], [1, 14], [1, 15], [1, 16], [1, 17], [1, 18], [1, 19], [1, 20], [1, 21], [1, 22], [1, 23], [1, 24], [1, 25], [1, 26], [1, 27], [1, 28], [1, 29]], 'width_to_walls': [[42, 37, -1], [42, 37, 0], [42, 37, 1], [42, 37, 2], [42, 37, 3], [42, 37, 4], [42, 37, 5], [42, 37, 6], [42, 37, 7], [41, 36, 8], [40, 35, 9], [39, 34, 10], [38, 33, 11], [37, 32, 12], [36, 31, 13], [35, 30, 14], [34, 29, 15], [33, 28, 16], [32, 27, 17], [31, 26, 18], [30, 25, 19], [29, 24, 20], [28, 23, 21], [27, 22, 22], [26, 21, 23], [25, 20, 24], [24, 19, 25], [23, 18, 26], [22, 17, 27], [21, 16, 28], [20, 15, 29]], 'obstacles_positions': []}",20,False
"{'position_t_minus_1': array([0.5308642]), 'position_t': array([0.5308642]), 'action': array([0.5]), 'drift': array([0.5       , 0.        , 0.5       , 0.03333333, 0.5       ,
       0.06666667, 0.5       , 0.1       , 0.5       , 0.13333333,
       0.5       , 0.16666667, 0.5       , 0.2       , 0.5       ,
       0.23333333, 0.5       , 0.26666667, 0.5       , 0.3       ,
       0.5       , 0.33333333, 0.5       , 0.36666667, 0.5       ,
       0.4       , 0.5       , 0.43333333, 0.5       , 0.46666667,
       0.5       , 0.5       , 0.5       , 0.53333333, 0.5       ,
       0.56666667, 0.5       , 0.6       , 0.5       , 0.63333333,
       0.5       , 0.66666667, 0.5       , 0.7       , 0.5       ,
       0.73333333, 0.5       , 0.76666667, 0.5       , 0.8       ,
       0.5       , 0.83333333, 0.5       , 0.86666667, 0.5       ,
       0.9       , 0.5       , 0.93333333, 0.5       , 0.96666667,
       0.5       , 1.        ]), 'obstacles_positions': array([1., 1., 1., 1., 1., 1., 1., 1., 1., 1., 1., 1., 1., 1., 1., 1., 1.,
       1., 1., 1., 1., 1., 1., 1., 1., 1., 1., 1., 1., 1., 1., 1., 1., 1.,
       1., 1., 1., 1., 1., 1.]), 'width_to_walls': array([0.5308642 , 0.4691358 , 0.        , 0.5308642 , 0.4691358 ,
       0.03333333, 0.5308642 , 0.4691358 , 0.06666667, 0.5308642 ,
       0.4691358 , 0.1       , 0.5308642 , 0.4691358 , 0.13333333,
       0.5308642 , 0.4691358 , 0.16666667, 0.5308642 , 0.4691358 ,
       0.2       , 0.5308642 , 0.4691358 , 0.23333333, 0.5308642 ,
       0.4691358 , 0.26666667, 0.5308642 , 0.4691358 , 0.3       ,
       0.5308642 , 0.4691358 , 0.33333333, 0.5308642 , 0.4691358 ,
       0.36666667, 0.5308642 , 0.4691358 , 0.4       , 0.5308642 ,
       0.4691358 , 0.43333333, 0.5308642 , 0.4691358 , 0.46666667,
       0.5308642 , 0.4691358 , 0.5       , 0.5308642 , 0.4691358 ,
       0.53333333, 0.5308642 , 0.4691358 , 0.56666667, 0.5308642 ,
       0.4691358 , 0.6       , 0.5308642 , 0.4691358 , 0.63333333,
       0.5308642 , 0.4691358 , 0.66666667, 0.5308642 , 0.4691358 ,
       0.7       , 0.5308642 , 0.4691358 , 0.73333333, 0.5308642 ,
       0.4691358 , 0.76666667, 0.5308642 , 0.4691358 , 0.8       ,
       0.5308642 , 0.4691358 , 0.83333333, 0.5308642 , 0.4691358 ,
       0.86666667, 0.5308642 , 0.4691358 , 0.9       , 0.5308642 ,
       0.4691358 , 0.93333333, 0.5308642 , 0.4691358 , 0.96666667,
       0.5308642 , 0.4691358 , 1.        ])}"
"{'position_t_minus_1': [43, 53], 'position': [43, 54], 'action': 1, 'drift': [[1, -1], [1, 0], [1, 1], [1, 2], [1, 3], [1, 4], [1, 5], [1, 6], [1, 7], [1, 8], [1, 9], [1, 10], [1, 11], [1, 12], [1, 13], [1, 14], [1, 15], [1, 16], [1, 17], [1, 18], [1, 19], [1, 20], [1, 21], [1, 22], [1, 23], [1, 24], [1, 25], [1, 26], [1, 27], [1, 28], [1, 29]], 'width_to_walls': [[42, 37, -1], [42, 37, 0], [42, 37, 1], [42, 37, 2], [42, 37, 3], [42, 37, 4], [42, 37, 5], [42, 37, 6], [41, 36, 7], [40, 35, 8], [39, 34, 9], [38, 33, 10], [37, 32, 11], [36, 31, 12], [35, 30, 13], [34, 29, 14], [33, 28, 15], [32, 27, 16], [31, 26, 17], [30, 25, 18], [29, 24, 19], [28, 23, 20], [27, 22, 21], [26, 21, 22], [25, 20, 23], [24, 19, 24], [23, 18, 25], [22, 17, 26], [21, 16, 27], [20, 15, 28], [19, 14, 29]], 'obstacles_positions': []}",20,False
"{'position_t_minus_1': array([0.5308642]), 'position_t': array([0.5308642]), 'action': array([0.5]), 'drift': array([0.5       , 0.        , 0.5       , 0.03333333, 0.5       ,
       0.06666667, 0.5       , 0.1       , 0.5       , 0.13333333,
       0.5       , 0.16666667, 0.5       , 0.2       , 0.5       ,
       0.23333333, 0.5       , 0.26666667, 0.5       , 0.3       ,
       0.5       , 0.33333333, 0.5       , 0.36666667, 0.5       ,
       0.4       , 0.5       , 0.43333333, 0.5       , 0.46666667,
       0.5       , 0.5       , 0.5       , 0.53333333, 0.5       ,
       0.56666667, 0.5       , 0.6       , 0.5       , 0.63333333,
       0.5       , 0.66666667, 0.5       , 0.7       , 0.5       ,
       0.73333333, 0.5       , 0.76666667, 0.5       , 0.8       ,
       0.5       , 0.83333333, 0.5       , 0.86666667, 0.5       ,
       0.9       , 0.5       , 0.93333333, 0.5       , 0.96666667,
       0.5       , 1.        ]), 'obstacles_positions': array([1., 1., 1., 1., 1., 1., 1., 1., 1., 1., 1., 1., 1., 1., 1., 1., 1.,
       1., 1., 1., 1., 1., 1., 1., 1., 1., 1., 1., 1., 1., 1., 1., 1., 1.,
       1., 1., 1., 1., 1., 1.]), 'width_to_walls': array([0.5308642 , 0.4691358 , 0.        , 0.5308642 , 0.4691358 ,
       0.03333333, 0.5308642 , 0.4691358 , 0.06666667, 0.5308642 ,
       0.4691358 , 0.1       , 0.5308642 , 0.4691358 , 0.13333333,
       0.5308642 , 0.4691358 , 0.16666667, 0.5308642 , 0.4691358 ,
       0.2       , 0.5308642 , 0.4691358 , 0.23333333, 0.5308642 ,
       0.4691358 , 0.26666667, 0.5308642 , 0.4691358 , 0.3       ,
       0.5308642 , 0.4691358 , 0.33333333, 0.5308642 , 0.4691358 ,
       0.36666667, 0.5308642 , 0.4691358 , 0.4       , 0.5308642 ,
       0.4691358 , 0.43333333, 0.5308642 , 0.4691358 , 0.46666667,
       0.5308642 , 0.4691358 , 0.5       , 0.5308642 , 0.4691358 ,
       0.53333333, 0.5308642 , 0.4691358 , 0.56666667, 0.5308642 ,
       0.4691358 , 0.6       , 0.5308642 , 0.4691358 , 0.63333333,
       0.5308642 , 0.4691358 , 0.66666667, 0.5308642 , 0.4691358 ,
       0.7       , 0.5308642 , 0.4691358 , 0.73333333, 0.5308642 ,
       0.4691358 , 0.76666667, 0.5308642 , 0.4691358 , 0.8       ,
       0.5308642 , 0.4691358 , 0.83333333, 0.5308642 , 0.4691358 ,
       0.86666667, 0.5308642 , 0.4691358 , 0.9       , 0.5308642 ,
       0.4691358 , 0.93333333, 0.5308642 , 0.4691358 , 0.96666667,
       0.5308642 , 0.4691358 , 1.        ])}"
"{'position_t_minus_1': [43, 54], 'position': [42, 55], 'action': 0, 'drift': [[1, -1], [1, 0], [1, 1], [1, 2], [1, 3], [1, 4], [1, 5], [1, 6], [1, 7], [1, 8], [1, 9], [1, 10], [1, 11], [1, 12], [1, 13], [1, 14], [1, 15], [1, 16], [1, 17], [1, 18], [1, 19], [1, 20], [1, 21], [1, 22], [1, 23], [1, 24], [1, 25], [1, 26], [1, 27], [1, 28], [1, 29]], 'width_to_walls': [[41, 38, -1], [41, 38, 0], [41, 38, 1], [41, 38, 2], [41, 38, 3], [41, 38, 4], [41, 38, 5], [40, 37, 6], [39, 36, 7], [38, 35, 8], [37, 34, 9], [36, 33, 10], [35, 32, 11], [34, 31, 12], [33, 30, 13], [32, 29, 14], [31, 28, 15], [30, 27, 16], [29, 26, 17], [28, 25, 18], [27, 24, 19], [26, 23, 20], [25, 22, 21], [24, 21, 22], [23, 20, 23], [22, 19, 24], [21, 18, 25], [20, 17, 26], [19, 16, 27], [18, 15, 28], [17, 14, 29]], 'obstacles_positions': []}",20,False
"{'position_t_minus_1': array([0.5308642]), 'position_t': array([0.51851852]), 'action': array([0.]), 'drift': array([0.5       , 0.        , 0.5       , 0.03333333, 0.5       ,
       0.06666667, 0.5       , 0.1       , 0.5       , 0.13333333,
       0.5       , 0.16666667, 0.5       , 0.2       , 0.5       ,
       0.23333333, 0.5       , 0.26666667, 0.5       , 0.3       ,
       0.5       , 0.33333333, 0.5       , 0.36666667, 0.5       ,
       0.4       , 0.5       , 0.43333333, 0.5       , 0.46666667,
       0.5       , 0.5       , 0.5       , 0.53333333, 0.5       ,
       0.56666667, 0.5       , 0.6       , 0.5       , 0.63333333,
       0.5       , 0.66666667, 0.5       , 0.7       , 0.5       ,
       0.73333333, 0.5       , 0.76666667, 0.5       , 0.8       ,
       0.5       , 0.83333333, 0.5       , 0.86666667, 0.5       ,
       0.9       , 0.5       , 0.93333333, 0.5       , 0.96666667,
       0.5       , 1.        ]), 'obstacles_positions': array([1., 1., 1., 1., 1., 1., 1., 1., 1., 1., 1., 1., 1., 1., 1., 1., 1.,
       1., 1., 1., 1., 1., 1., 1., 1., 1., 1., 1., 1., 1., 1., 1., 1., 1.,
       1., 1., 1., 1., 1., 1.]), 'width_to_walls': array([0.51851852, 0.48148148, 0.        , 0.51851852, 0.48148148,
       0.03333333, 0.51851852, 0.48148148, 0.06666667, 0.51851852,
       0.48148148, 0.1       , 0.51851852, 0.48148148, 0.13333333,
       0.51851852, 0.48148148, 0.16666667, 0.51851852, 0.48148148,
       0.2       , 0.51851852, 0.48148148, 0.23333333, 0.51851852,
       0.48148148, 0.26666667, 0.51851852, 0.48148148, 0.3       ,
       0.51851852, 0.48148148, 0.33333333, 0.51851852, 0.48148148,
       0.36666667, 0.51851852, 0.48148148, 0.4       , 0.51851852,
       0.48148148, 0.43333333, 0.51851852, 0.48148148, 0.46666667,
       0.51851852, 0.48148148, 0.5       , 0.51851852, 0.48148148,
       0.53333333, 0.51851852, 0.48148148, 0.56666667, 0.51851852,
       0.48148148, 0.6       , 0.51851852, 0.48148148, 0.63333333,
       0.51851852, 0.48148148, 0.66666667, 0.51851852, 0.48148148,
       0.7       , 0.51851852, 0.48148148, 0.73333333, 0.51851852,
       0.48148148, 0.76666667, 0.51851852, 0.48148148, 0.8       ,
       0.51851852, 0.48148148, 0.83333333, 0.51851852, 0.48148148,
       0.86666667, 0.51851852, 0.48148148, 0.9       , 0.51851852,
       0.48148148, 0.93333333, 0.51851852, 0.48148148, 0.96666667,
       0.51851852, 0.48148148, 1.        ])}"
"{'position_t_minus_1': [42, 55], 'position': [41, 56], 'action': 0, 'drift': [[1, -1], [1, 0], [1, 1], [1, 2], [1, 3], [1, 4], [1, 5], [1, 6], [1, 7], [1, 8], [1, 9], [1, 10], [1, 11], [1, 12], [1, 13], [1, 14], [1, 15], [1, 16], [1, 17], [1, 18], [1, 19], [1, 20], [1, 21], [1, 22], [1, 23], [1, 24], [1, 25], [1, 26], [1, 27], [1, 28], [1, 29]], 'width_to_walls': [[40, 39, -1], [40, 39, 0], [40, 39, 1], [40, 39, 2], [40, 39, 3], [40, 39, 4], [39, 38, 5], [38, 37, 6], [37, 36, 7], [36, 35, 8], [35, 34, 9], [34, 33, 10], [33, 32, 11], [32, 31, 12], [31, 30, 13], [30, 29, 14], [29, 28, 15], [28, 27, 16], [27, 26, 17], [26, 25, 18], [25, 24, 19], [24, 23, 20], [23, 22, 21], [22, 21, 22], [21, 20, 23], [20, 19, 24], [19, 18, 25], [18, 17, 26], [17, 16, 27], [16, 15, 28], [15, 14, 29]], 'obstacles_positions': []}",20,False
"{'position_t_minus_1': array([0.51851852]), 'position_t': array([0.50617284]), 'action': array([0.]), 'drift': array([0.5       , 0.        , 0.5       , 0.03333333, 0.5       ,
       0.06666667, 0.5       , 0.1       , 0.5       , 0.13333333,
       0.5       , 0.16666667, 0.5       , 0.2       , 0.5       ,
       0.23333333, 0.5       , 0.26666667, 0.5       , 0.3       ,
       0.5       , 0.33333333, 0.5       , 0.36666667, 0.5       ,
       0.4       , 0.5       , 0.43333333, 0.5       , 0.46666667,
       0.5       , 0.5       , 0.5       , 0.53333333, 0.5       ,
       0.56666667, 0.5       , 0.6       , 0.5       , 0.63333333,
       0.5       , 0.66666667, 0.5       , 0.7       , 0.5       ,
       0.73333333, 0.5       , 0.76666667, 0.5       , 0.8       ,
       0.5       , 0.83333333, 0.5       , 0.86666667, 0.5       ,
       0.9       , 0.5       , 0.93333333, 0.5       , 0.96666667,
       0.5       , 1.        ]), 'obstacles_positions': array([1., 1., 1., 1., 1., 1., 1., 1., 1., 1., 1., 1., 1., 1., 1., 1., 1.,
       1., 1., 1., 1., 1., 1., 1., 1., 1., 1., 1., 1., 1., 1., 1., 1., 1.,
       1., 1., 1., 1., 1., 1.]), 'width_to_walls': array([0.50617284, 0.49382716, 0.        , 0.50617284, 0.49382716,
       0.03333333, 0.50617284, 0.49382716, 0.06666667, 0.50617284,
       0.49382716, 0.1       , 0.50617284, 0.49382716, 0.13333333,
       0.50617284, 0.49382716, 0.16666667, 0.50617284, 0.49382716,
       0.2       , 0.50617284, 0.49382716, 0.23333333, 0.50617284,
       0.49382716, 0.26666667, 0.50617284, 0.49382716, 0.3       ,
       0.50617284, 0.49382716, 0.33333333, 0.50617284, 0.49382716,
       0.36666667, 0.50617284, 0.49382716, 0.4       , 0.50617284,
       0.49382716, 0.43333333, 0.50617284, 0.49382716, 0.46666667,
       0.50617284, 0.49382716, 0.5       , 0.50617284, 0.49382716,
       0.53333333, 0.50617284, 0.49382716, 0.56666667, 0.50617284,
       0.49382716, 0.6       , 0.50617284, 0.49382716, 0.63333333,
       0.50617284, 0.49382716, 0.66666667, 0.50617284, 0.49382716,
       0.7       , 0.50617284, 0.49382716, 0.73333333, 0.50617284,
       0.49382716, 0.76666667, 0.50617284, 0.49382716, 0.8       ,
       0.50617284, 0.49382716, 0.83333333, 0.50617284, 0.49382716,
       0.86666667, 0.50617284, 0.49382716, 0.9       , 0.50617284,
       0.49382716, 0.93333333, 0.50617284, 0.49382716, 0.96666667,
       0.50617284, 0.49382716, 1.        ])}"
"{'position_t_minus_1': [41, 56], 'position': [42, 57], 'action': 2, 'drift': [[1, -1], [1, 0], [1, 1], [1, 2], [1, 3], [1, 4], [1, 5], [1, 6], [1, 7], [1, 8], [1, 9], [1, 10], [1, 11], [1, 12], [1, 13], [1, 14], [1, 15], [1, 16], [1, 17], [1, 18], [1, 19], [1, 20], [1, 21], [1, 22], [1, 23], [1, 24], [1, 25], [1, 26], [1, 27], [1, 28], [1, 29]], 'width_to_walls': [[41, 38, -1], [41, 38, 0], [41, 38, 1], [41, 38, 2], [41, 38, 3], [40, 37, 4], [39, 36, 5], [38, 35, 6], [37, 34, 7], [36, 33, 8], [35, 32, 9], [34, 31, 10], [33, 30, 11], [32, 29, 12], [31, 28, 13], [30, 27, 14], [29, 26, 15], [28, 25, 16], [27, 24, 17], [26, 23, 18], [25, 22, 19], [24, 21, 20], [23, 20, 21], [22, 19, 22], [21, 18, 23], [20, 17, 24], [19, 16, 25], [18, 15, 26], [17, 14, 27], [16, 13, 28], [15, 12, 29]], 'obstacles_positions': []}",20,False
"{'position_t_minus_1': array([0.50617284]), 'position_t': array([0.51851852]), 'action': array([1.]), 'drift': array([0.5       , 0.        , 0.5       , 0.03333333, 0.5       ,
       0.06666667, 0.5       , 0.1       , 0.5       , 0.13333333,
       0.5       , 0.16666667, 0.5       , 0.2       , 0.5       ,
       0.23333333, 0.5       , 0.26666667, 0.5       , 0.3       ,
       0.5       , 0.33333333, 0.5       , 0.36666667, 0.5       ,
       0.4       , 0.5       , 0.43333333, 0.5       , 0.46666667,
       0.5       , 0.5       , 0.5       , 0.53333333, 0.5       ,
       0.56666667, 0.5       , 0.6       , 0.5       , 0.63333333,
       0.5       , 0.66666667, 0.5       , 0.7       , 0.5       ,
       0.73333333, 0.5       , 0.76666667, 0.5       , 0.8       ,
       0.5       , 0.83333333, 0.5       , 0.86666667, 0.5       ,
       0.9       , 0.5       , 0.93333333, 0.5       , 0.96666667,
       0.5       , 1.        ]), 'obstacles_positions': array([1., 1., 1., 1., 1., 1., 1., 1., 1., 1., 1., 1., 1., 1., 1., 1., 1.,
       1., 1., 1., 1., 1., 1., 1., 1., 1., 1., 1., 1., 1., 1., 1., 1., 1.,
       1., 1., 1., 1., 1., 1.]), 'width_to_walls': array([0.51851852, 0.48148148, 0.        , 0.51851852, 0.48148148,
       0.03333333, 0.51851852, 0.48148148, 0.06666667, 0.51851852,
       0.48148148, 0.1       , 0.51851852, 0.48148148, 0.13333333,
       0.51851852, 0.48148148, 0.16666667, 0.51851852, 0.48148148,
       0.2       , 0.51851852, 0.48148148, 0.23333333, 0.51851852,
       0.48148148, 0.26666667, 0.51851852, 0.48148148, 0.3       ,
       0.51851852, 0.48148148, 0.33333333, 0.51851852, 0.48148148,
       0.36666667, 0.51851852, 0.48148148, 0.4       , 0.51851852,
       0.48148148, 0.43333333, 0.51851852, 0.48148148, 0.46666667,
       0.51851852, 0.48148148, 0.5       , 0.51851852, 0.48148148,
       0.53333333, 0.51851852, 0.48148148, 0.56666667, 0.51851852,
       0.48148148, 0.6       , 0.51851852, 0.48148148, 0.63333333,
       0.51851852, 0.48148148, 0.66666667, 0.51851852, 0.48148148,
       0.7       , 0.51851852, 0.48148148, 0.73333333, 0.51851852,
       0.48148148, 0.76666667, 0.51851852, 0.48148148, 0.8       ,
       0.51851852, 0.48148148, 0.83333333, 0.51851852, 0.48148148,
       0.86666667, 0.51851852, 0.48148148, 0.9       , 0.51851852,
       0.48148148, 0.93333333, 0.51851852, 0.48148148, 0.96666667,
       0.51851852, 0.48148148, 1.        ])}"
"{'position_t_minus_1': [42, 57], 'position': [42, 58], 'action': 1, 'drift': [[1, -1], [1, 0], [1, 1], [1, 2], [1, 3], [1, 4], [1, 5], [1, 6], [1, 7], [1, 8], [1, 9], [1, 10], [1, 11], [1, 12], [1, 13], [1, 14], [1, 15], [1, 16], [1, 17], [1, 18], [1, 19], [1, 20], [1, 21], [1, 22], [1, 23], [1, 24], [1, 25], [1, 26], [1, 27], [1, 28], [1, 29]], 'width_to_walls': [[41, 38, -1], [41, 38, 0], [41, 38, 1], [41, 38, 2], [40, 37, 3], [39, 36, 4], [38, 35, 5], [37, 34, 6], [36, 33, 7], [35, 32, 8], [34, 31, 9], [33, 30, 10], [32, 29, 11], [31, 28, 12], [30, 27, 13], [29, 26, 14], [28, 25, 15], [27, 24, 16], [26, 23, 17], [25, 22, 18], [24, 21, 19], [23, 20, 20], [22, 19, 21], [21, 18, 22], [20, 17, 23], [19, 16, 24], [18, 15, 25], [17, 14, 26], [16, 13, 27], [15, 12, 28], [14, 11, 29]], 'obstacles_positions': []}",20,False
"{'position_t_minus_1': array([0.51851852]), 'position_t': array([0.51851852]), 'action': array([0.5]), 'drift': array([0.5       , 0.        , 0.5       , 0.03333333, 0.5       ,
       0.06666667, 0.5       , 0.1       , 0.5       , 0.13333333,
       0.5       , 0.16666667, 0.5       , 0.2       , 0.5       ,
       0.23333333, 0.5       , 0.26666667, 0.5       , 0.3       ,
       0.5       , 0.33333333, 0.5       , 0.36666667, 0.5       ,
       0.4       , 0.5       , 0.43333333, 0.5       , 0.46666667,
       0.5       , 0.5       , 0.5       , 0.53333333, 0.5       ,
       0.56666667, 0.5       , 0.6       , 0.5       , 0.63333333,
       0.5       , 0.66666667, 0.5       , 0.7       , 0.5       ,
       0.73333333, 0.5       , 0.76666667, 0.5       , 0.8       ,
       0.5       , 0.83333333, 0.5       , 0.86666667, 0.5       ,
       0.9       , 0.5       , 0.93333333, 0.5       , 0.96666667,
       0.5       , 1.        ]), 'obstacles_positions': array([1., 1., 1., 1., 1., 1., 1., 1., 1., 1., 1., 1., 1., 1., 1., 1., 1.,
       1., 1., 1., 1., 1., 1., 1., 1., 1., 1., 1., 1., 1., 1., 1., 1., 1.,
       1., 1., 1., 1., 1., 1.]), 'width_to_walls': array([0.51851852, 0.48148148, 0.        , 0.51851852, 0.48148148,
       0.03333333, 0.51851852, 0.48148148, 0.06666667, 0.51851852,
       0.48148148, 0.1       , 0.51851852, 0.48148148, 0.13333333,
       0.51851852, 0.48148148, 0.16666667, 0.51851852, 0.48148148,
       0.2       , 0.51851852, 0.48148148, 0.23333333, 0.51851852,
       0.48148148, 0.26666667, 0.51851852, 0.48148148, 0.3       ,
       0.51851852, 0.48148148, 0.33333333, 0.51851852, 0.48148148,
       0.36666667, 0.51851852, 0.48148148, 0.4       , 0.51851852,
       0.48148148, 0.43333333, 0.51851852, 0.48148148, 0.46666667,
       0.51851852, 0.48148148, 0.5       , 0.51851852, 0.48148148,
       0.53333333, 0.51851852, 0.48148148, 0.56666667, 0.51851852,
       0.48148148, 0.6       , 0.51851852, 0.48148148, 0.63333333,
       0.51851852, 0.48148148, 0.66666667, 0.51851852, 0.48148148,
       0.7       , 0.51851852, 0.48148148, 0.73333333, 0.51851852,
       0.48148148, 0.76666667, 0.51851852, 0.48148148, 0.8       ,
       0.51851852, 0.48148148, 0.83333333, 0.51851852, 0.48148148,
       0.86666667, 0.51851852, 0.48148148, 0.9       , 0.51851852,
       0.48148148, 0.93333333, 0.51851852, 0.48148148, 0.96666667,
       0.51851852, 0.48148148, 1.        ])}"
"{'position_t_minus_1': [42, 58], 'position': [43, 59], 'action': 2, 'drift': [[1, -1], [1, 0], [1, 1], [1, 2], [1, 3], [1, 4], [1, 5], [1, 6], [1, 7], [1, 8], [1, 9], [1, 10], [1, 11], [1, 12], [1, 13], [1, 14], [1, 15], [1, 16], [1, 17], [1, 18], [1, 19], [1, 20], [1, 21], [1, 22], [1, 23], [1, 24], [1, 25], [1, 26], [1, 27], [1, 28], [1, 29]], 'width_to_walls': [[42, 37, -1], [42, 37, 0], [42, 37, 1], [41, 36, 2], [40, 35, 3], [39, 34, 4], [38, 33, 5], [37, 32, 6], [36, 31, 7], [35, 30, 8], [34, 29, 9], [33, 28, 10], [32, 27, 11], [31, 26, 12], [30, 25, 13], [29, 24, 14], [28, 23, 15], [27, 22, 16], [26, 21, 17], [25, 20, 18], [24, 19, 19], [23, 18, 20], [22, 17, 21], [21, 16, 22], [20, 15, 23], [19, 14, 24], [18, 13, 25], [17, 12, 26], [16, 11, 27], [15, 10, 28], [14, 9, 29]], 'obstacles_positions': []}",20,False
"{'position_t_minus_1': array([0.51851852]), 'position_t': array([0.5308642]), 'action': array([1.]), 'drift': array([0.5       , 0.        , 0.5       , 0.03333333, 0.5       ,
       0.06666667, 0.5       , 0.1       , 0.5       , 0.13333333,
       0.5       , 0.16666667, 0.5       , 0.2       , 0.5       ,
       0.23333333, 0.5       , 0.26666667, 0.5       , 0.3       ,
       0.5       , 0.33333333, 0.5       , 0.36666667, 0.5       ,
       0.4       , 0.5       , 0.43333333, 0.5       , 0.46666667,
       0.5       , 0.5       , 0.5       , 0.53333333, 0.5       ,
       0.56666667, 0.5       , 0.6       , 0.5       , 0.63333333,
       0.5       , 0.66666667, 0.5       , 0.7       , 0.5       ,
       0.73333333, 0.5       , 0.76666667, 0.5       , 0.8       ,
       0.5       , 0.83333333, 0.5       , 0.86666667, 0.5       ,
       0.9       , 0.5       , 0.93333333, 0.5       , 0.96666667,
       0.5       , 1.        ]), 'obstacles_positions': array([1., 1., 1., 1., 1., 1., 1., 1., 1., 1., 1., 1., 1., 1., 1., 1., 1.,
       1., 1., 1., 1., 1., 1., 1., 1., 1., 1., 1., 1., 1., 1., 1., 1., 1.,
       1., 1., 1., 1., 1., 1.]), 'width_to_walls': array([0.5308642 , 0.4691358 , 0.        , 0.5308642 , 0.4691358 ,
       0.03333333, 0.5308642 , 0.4691358 , 0.06666667, 0.5308642 ,
       0.4691358 , 0.1       , 0.5308642 , 0.4691358 , 0.13333333,
       0.5308642 , 0.4691358 , 0.16666667, 0.5308642 , 0.4691358 ,
       0.2       , 0.5308642 , 0.4691358 , 0.23333333, 0.5308642 ,
       0.4691358 , 0.26666667, 0.5308642 , 0.4691358 , 0.3       ,
       0.5308642 , 0.4691358 , 0.33333333, 0.5308642 , 0.4691358 ,
       0.36666667, 0.5308642 , 0.4691358 , 0.4       , 0.5308642 ,
       0.4691358 , 0.43333333, 0.5308642 , 0.4691358 , 0.46666667,
       0.5308642 , 0.4691358 , 0.5       , 0.5308642 , 0.4691358 ,
       0.53333333, 0.5308642 , 0.4691358 , 0.56666667, 0.5308642 ,
       0.4691358 , 0.6       , 0.5308642 , 0.4691358 , 0.63333333,
       0.5308642 , 0.4691358 , 0.66666667, 0.5308642 , 0.4691358 ,
       0.7       , 0.5308642 , 0.4691358 , 0.73333333, 0.5308642 ,
       0.4691358 , 0.76666667, 0.5308642 , 0.4691358 , 0.8       ,
       0.5308642 , 0.4691358 , 0.83333333, 0.5308642 , 0.4691358 ,
       0.86666667, 0.5308642 , 0.4691358 , 0.9       , 0.5308642 ,
       0.4691358 , 0.93333333, 0.5308642 , 0.4691358 , 0.96666667,
       0.5308642 , 0.4691358 , 1.        ])}"
"{'position_t_minus_1': [43, 59], 'position': [44, 60], 'action': 2, 'drift': [[1, -1], [1, 0], [1, 1], [1, 2], [1, 3], [1, 4], [1, 5], [1, 6], [1, 7], [1, 8], [1, 9], [1, 10], [1, 11], [1, 12], [1, 13], [1, 14], [1, 15], [1, 16], [1, 17], [1, 18], [1, 19], [1, 20], [1, 21], [1, 22], [1, 23], [1, 24], [1, 25], [1, 26], [1, 27], [1, 28], [1, 29]], 'width_to_walls': [[43, 36, -1], [43, 36, 0], [42, 35, 1], [41, 34, 2], [40, 33, 3], [39, 32, 4], [38, 31, 5], [37, 30, 6], [36, 29, 7], [35, 28, 8], [34, 27, 9], [33, 26, 10], [32, 25, 11], [31, 24, 12], [30, 23, 13], [29, 22, 14], [28, 21, 15], [27, 20, 16], [26, 19, 17], [25, 18, 18], [24, 17, 19], [23, 16, 20], [22, 15, 21], [21, 14, 22], [20, 13, 23], [19, 12, 24], [18, 11, 25], [17, 10, 26], [16, 9, 27], [15, 8, 28], [14, 7, 29]], 'obstacles_positions': []}",20,False
"{'position_t_minus_1': array([0.5308642]), 'position_t': array([0.54320988]), 'action': array([1.]), 'drift': array([0.5       , 0.        , 0.5       , 0.03333333, 0.5       ,
       0.06666667, 0.5       , 0.1       , 0.5       , 0.13333333,
       0.5       , 0.16666667, 0.5       , 0.2       , 0.5       ,
       0.23333333, 0.5       , 0.26666667, 0.5       , 0.3       ,
       0.5       , 0.33333333, 0.5       , 0.36666667, 0.5       ,
       0.4       , 0.5       , 0.43333333, 0.5       , 0.46666667,
       0.5       , 0.5       , 0.5       , 0.53333333, 0.5       ,
       0.56666667, 0.5       , 0.6       , 0.5       , 0.63333333,
       0.5       , 0.66666667, 0.5       , 0.7       , 0.5       ,
       0.73333333, 0.5       , 0.76666667, 0.5       , 0.8       ,
       0.5       , 0.83333333, 0.5       , 0.86666667, 0.5       ,
       0.9       , 0.5       , 0.93333333, 0.5       , 0.96666667,
       0.5       , 1.        ]), 'obstacles_positions': array([1., 1., 1., 1., 1., 1., 1., 1., 1., 1., 1., 1., 1., 1., 1., 1., 1.,
       1., 1., 1., 1., 1., 1., 1., 1., 1., 1., 1., 1., 1., 1., 1., 1., 1.,
       1., 1., 1., 1., 1., 1.]), 'width_to_walls': array([0.54320988, 0.45679012, 0.        , 0.54320988, 0.45679012,
       0.03333333, 0.54320988, 0.45679012, 0.06666667, 0.54320988,
       0.45679012, 0.1       , 0.54320988, 0.45679012, 0.13333333,
       0.54320988, 0.45679012, 0.16666667, 0.54320988, 0.45679012,
       0.2       , 0.54320988, 0.45679012, 0.23333333, 0.54320988,
       0.45679012, 0.26666667, 0.54320988, 0.45679012, 0.3       ,
       0.54320988, 0.45679012, 0.33333333, 0.54320988, 0.45679012,
       0.36666667, 0.54320988, 0.45679012, 0.4       , 0.54320988,
       0.45679012, 0.43333333, 0.54320988, 0.45679012, 0.46666667,
       0.54320988, 0.45679012, 0.5       , 0.54320988, 0.45679012,
       0.53333333, 0.54320988, 0.45679012, 0.56666667, 0.54320988,
       0.45679012, 0.6       , 0.54320988, 0.45679012, 0.63333333,
       0.54320988, 0.45679012, 0.66666667, 0.54320988, 0.45679012,
       0.7       , 0.54320988, 0.45679012, 0.73333333, 0.54320988,
       0.45679012, 0.76666667, 0.54320988, 0.45679012, 0.8       ,
       0.54320988, 0.45679012, 0.83333333, 0.54320988, 0.45679012,
       0.86666667, 0.54320988, 0.45679012, 0.9       , 0.54320988,
       0.45679012, 0.93333333, 0.54320988, 0.45679012, 0.96666667,
       0.54320988, 0.45679012, 1.        ])}"
"{'position_t_minus_1': [44, 60], 'position': [43, 61], 'action': 0, 'drift': [[1, -1], [1, 0], [1, 1], [1, 2], [1, 3], [1, 4], [1, 5], [1, 6], [1, 7], [1, 8], [1, 9], [1, 10], [1, 11], [1, 12], [1, 13], [1, 14], [1, 15], [1, 16], [1, 17], [1, 18], [1, 19], [1, 20], [1, 21], [1, 22], [1, 23], [1, 24], [1, 25], [1, 26], [1, 27], [1, 28], [1, 29]], 'width_to_walls': [[42, 37, -1], [41, 36, 0], [40, 35, 1], [39, 34, 2], [38, 33, 3], [37, 32, 4], [36, 31, 5], [35, 30, 6], [34, 29, 7], [33, 28, 8], [32, 27, 9], [31, 26, 10], [30, 25, 11], [29, 24, 12], [28, 23, 13], [27, 22, 14], [26, 21, 15], [25, 20, 16], [24, 19, 17], [23, 18, 18], [22, 17, 19], [21, 16, 20], [20, 15, 21], [19, 14, 22], [18, 13, 23], [17, 12, 24], [16, 11, 25], [15, 10, 26], [14, 9, 27], [13, 8, 28], [12, 7, 29]], 'obstacles_positions': []}",20,False
"{'position_t_minus_1': array([0.54320988]), 'position_t': array([0.5308642]), 'action': array([0.]), 'drift': array([0.5       , 0.        , 0.5       , 0.03333333, 0.5       ,
       0.06666667, 0.5       , 0.1       , 0.5       , 0.13333333,
       0.5       , 0.16666667, 0.5       , 0.2       , 0.5       ,
       0.23333333, 0.5       , 0.26666667, 0.5       , 0.3       ,
       0.5       , 0.33333333, 0.5       , 0.36666667, 0.5       ,
       0.4       , 0.5       , 0.43333333, 0.5       , 0.46666667,
       0.5       , 0.5       , 0.5       , 0.53333333, 0.5       ,
       0.56666667, 0.5       , 0.6       , 0.5       , 0.63333333,
       0.5       , 0.66666667, 0.5       , 0.7       , 0.5       ,
       0.73333333, 0.5       , 0.76666667, 0.5       , 0.8       ,
       0.5       , 0.83333333, 0.5       , 0.86666667, 0.5       ,
       0.9       , 0.5       , 0.93333333, 0.5       , 0.96666667,
       0.5       , 1.        ]), 'obstacles_positions': array([1., 1., 1., 1., 1., 1., 1., 1., 1., 1., 1., 1., 1., 1., 1., 1., 1.,
       1., 1., 1., 1., 1., 1., 1., 1., 1., 1., 1., 1., 1., 1., 1., 1., 1.,
       1., 1., 1., 1., 1., 1.]), 'width_to_walls': array([0.5308642 , 0.4691358 , 0.        , 0.5308642 , 0.4691358 ,
       0.03333333, 0.5308642 , 0.4691358 , 0.06666667, 0.5308642 ,
       0.4691358 , 0.1       , 0.5308642 , 0.4691358 , 0.13333333,
       0.5308642 , 0.4691358 , 0.16666667, 0.5308642 , 0.4691358 ,
       0.2       , 0.5308642 , 0.4691358 , 0.23333333, 0.5308642 ,
       0.4691358 , 0.26666667, 0.5308642 , 0.4691358 , 0.3       ,
       0.5308642 , 0.4691358 , 0.33333333, 0.5308642 , 0.4691358 ,
       0.36666667, 0.5308642 , 0.4691358 , 0.4       , 0.5308642 ,
       0.4691358 , 0.43333333, 0.5308642 , 0.4691358 , 0.46666667,
       0.5308642 , 0.4691358 , 0.5       , 0.5308642 , 0.4691358 ,
       0.53333333, 0.5308642 , 0.4691358 , 0.56666667, 0.5308642 ,
       0.4691358 , 0.6       , 0.5308642 , 0.4691358 , 0.63333333,
       0.5308642 , 0.4691358 , 0.66666667, 0.5308642 , 0.4691358 ,
       0.7       , 0.5308642 , 0.4691358 , 0.73333333, 0.5308642 ,
       0.4691358 , 0.76666667, 0.5308642 , 0.4691358 , 0.8       ,
       0.5308642 , 0.4691358 , 0.83333333, 0.5308642 , 0.4691358 ,
       0.86666667, 0.5308642 , 0.4691358 , 0.9       , 0.5308642 ,
       0.4691358 , 0.93333333, 0.5308642 , 0.4691358 , 0.96666667,
       0.5308642 , 0.4691358 , 1.        ])}"
"{'position_t_minus_1': [43, 61], 'position': [42, 62], 'action': 0, 'drift': [[1, -1], [1, 0], [1, 1], [1, 2], [1, 3], [1, 4], [1, 5], [1, 6], [1, 7], [1, 8], [1, 9], [1, 10], [1, 11], [1, 12], [1, 13], [1, 14], [1, 15], [1, 16], [1, 17], [1, 18], [1, 19], [1, 20], [1, 21], [1, 22], [1, 23], [1, 24], [1, 25], [1, 26], [1, 27], [1, 28], [1, 29]], 'width_to_walls': [[40, 37, -1], [39, 36, 0], [38, 35, 1], [37, 34, 2], [36, 33, 3], [35, 32, 4], [34, 31, 5], [33, 30, 6], [32, 29, 7], [31, 28, 8], [30, 27, 9], [29, 26, 10], [28, 25, 11], [27, 24, 12], [26, 23, 13], [25, 22, 14], [24, 21, 15], [23, 20, 16], [22, 19, 17], [21, 18, 18], [20, 17, 19], [19, 16, 20], [18, 15, 21], [17, 14, 22], [16, 13, 23], [15, 12, 24], [14, 11, 25], [13, 10, 26], [12, 9, 27], [11, 8, 28], [10, 7, 29]], 'obstacles_positions': []}",20,False
"{'position_t_minus_1': array([0.5308642]), 'position_t': array([0.51851852]), 'action': array([0.]), 'drift': array([0.5       , 0.        , 0.5       , 0.03333333, 0.5       ,
       0.06666667, 0.5       , 0.1       , 0.5       , 0.13333333,
       0.5       , 0.16666667, 0.5       , 0.2       , 0.5       ,
       0.23333333, 0.5       , 0.26666667, 0.5       , 0.3       ,
       0.5       , 0.33333333, 0.5       , 0.36666667, 0.5       ,
       0.4       , 0.5       , 0.43333333, 0.5       , 0.46666667,
       0.5       , 0.5       , 0.5       , 0.53333333, 0.5       ,
       0.56666667, 0.5       , 0.6       , 0.5       , 0.63333333,
       0.5       , 0.66666667, 0.5       , 0.7       , 0.5       ,
       0.73333333, 0.5       , 0.76666667, 0.5       , 0.8       ,
       0.5       , 0.83333333, 0.5       , 0.86666667, 0.5       ,
       0.9       , 0.5       , 0.93333333, 0.5       , 0.96666667,
       0.5       , 1.        ]), 'obstacles_positions': array([1., 1., 1., 1., 1., 1., 1., 1., 1., 1., 1., 1., 1., 1., 1., 1., 1.,
       1., 1., 1., 1., 1., 1., 1., 1., 1., 1., 1., 1., 1., 1., 1., 1., 1.,
       1., 1., 1., 1., 1., 1.]), 'width_to_walls': array([0.51851852, 0.48148148, 0.        , 0.51851852, 0.48148148,
       0.03333333, 0.51851852, 0.48148148, 0.06666667, 0.51851852,
       0.48148148, 0.1       , 0.51851852, 0.48148148, 0.13333333,
       0.51851852, 0.48148148, 0.16666667, 0.51851852, 0.48148148,
       0.2       , 0.51851852, 0.48148148, 0.23333333, 0.51851852,
       0.48148148, 0.26666667, 0.51851852, 0.48148148, 0.3       ,
       0.51851852, 0.48148148, 0.33333333, 0.51851852, 0.48148148,
       0.36666667, 0.51851852, 0.48148148, 0.4       , 0.51851852,
       0.48148148, 0.43333333, 0.51851852, 0.48148148, 0.46666667,
       0.51851852, 0.48148148, 0.5       , 0.51851852, 0.48148148,
       0.53333333, 0.51851852, 0.48148148, 0.56666667, 0.51851852,
       0.48148148, 0.6       , 0.51851852, 0.48148148, 0.63333333,
       0.51851852, 0.48148148, 0.66666667, 0.51851852, 0.48148148,
       0.7       , 0.51851852, 0.48148148, 0.73333333, 0.51851852,
       0.48148148, 0.76666667, 0.51851852, 0.48148148, 0.8       ,
       0.51851852, 0.48148148, 0.83333333, 0.51851852, 0.48148148,
       0.86666667, 0.51851852, 0.48148148, 0.9       , 0.51851852,
       0.48148148, 0.93333333, 0.51851852, 0.48148148, 0.96666667,
       0.51851852, 0.48148148, 1.        ])}"
"{'position_t_minus_1': [42, 62], 'position': [43, 63], 'action': 2, 'drift': [[1, -1], [1, 0], [1, 1], [1, 2], [1, 3], [1, 4], [1, 5], [1, 6], [1, 7], [1, 8], [1, 9], [1, 10], [1, 11], [1, 12], [1, 13], [1, 14], [1, 15], [1, 16], [1, 17], [1, 18], [1, 19], [1, 20], [1, 21], [1, 22], [1, 23], [1, 24], [1, 25], [1, 26], [1, 27], [1, 28], [1, 29]], 'width_to_walls': [[40, 35, -1], [39, 34, 0], [38, 33, 1], [37, 32, 2], [36, 31, 3], [35, 30, 4], [34, 29, 5], [33, 28, 6], [32, 27, 7], [31, 26, 8], [30, 25, 9], [29, 24, 10], [28, 23, 11], [27, 22, 12], [26, 21, 13], [25, 20, 14], [24, 19, 15], [23, 18, 16], [22, 17, 17], [21, 16, 18], [20, 15, 19], [19, 14, 20], [18, 13, 21], [17, 12, 22], [16, 11, 23], [15, 10, 24], [14, 9, 25], [13, 8, 26], [12, 7, 27], [11, 6, 28], [10, 5, 29]], 'obstacles_positions': []}",20,False
"{'position_t_minus_1': array([0.51851852]), 'position_t': array([0.5308642]), 'action': array([1.]), 'drift': array([0.5       , 0.        , 0.5       , 0.03333333, 0.5       ,
       0.06666667, 0.5       , 0.1       , 0.5       , 0.13333333,
       0.5       , 0.16666667, 0.5       , 0.2       , 0.5       ,
       0.23333333, 0.5       , 0.26666667, 0.5       , 0.3       ,
       0.5       , 0.33333333, 0.5       , 0.36666667, 0.5       ,
       0.4       , 0.5       , 0.43333333, 0.5       , 0.46666667,
       0.5       , 0.5       , 0.5       , 0.53333333, 0.5       ,
       0.56666667, 0.5       , 0.6       , 0.5       , 0.63333333,
       0.5       , 0.66666667, 0.5       , 0.7       , 0.5       ,
       0.73333333, 0.5       , 0.76666667, 0.5       , 0.8       ,
       0.5       , 0.83333333, 0.5       , 0.86666667, 0.5       ,
       0.9       , 0.5       , 0.93333333, 0.5       , 0.96666667,
       0.5       , 1.        ]), 'obstacles_positions': array([1., 1., 1., 1., 1., 1., 1., 1., 1., 1., 1., 1., 1., 1., 1., 1., 1.,
       1., 1., 1., 1., 1., 1., 1., 1., 1., 1., 1., 1., 1., 1., 1., 1., 1.,
       1., 1., 1., 1., 1., 1.]), 'width_to_walls': array([0.5308642 , 0.4691358 , 0.        , 0.5308642 , 0.4691358 ,
       0.03333333, 0.5308642 , 0.4691358 , 0.06666667, 0.5308642 ,
       0.4691358 , 0.1       , 0.5308642 , 0.4691358 , 0.13333333,
       0.5308642 , 0.4691358 , 0.16666667, 0.5308642 , 0.4691358 ,
       0.2       , 0.5308642 , 0.4691358 , 0.23333333, 0.5308642 ,
       0.4691358 , 0.26666667, 0.5308642 , 0.4691358 , 0.3       ,
       0.5308642 , 0.4691358 , 0.33333333, 0.5308642 , 0.4691358 ,
       0.36666667, 0.5308642 , 0.4691358 , 0.4       , 0.5308642 ,
       0.4691358 , 0.43333333, 0.5308642 , 0.4691358 , 0.46666667,
       0.5308642 , 0.4691358 , 0.5       , 0.5308642 , 0.4691358 ,
       0.53333333, 0.5308642 , 0.4691358 , 0.56666667, 0.5308642 ,
       0.4691358 , 0.6       , 0.5308642 , 0.4691358 , 0.63333333,
       0.5308642 , 0.4691358 , 0.66666667, 0.5308642 , 0.4691358 ,
       0.7       , 0.5308642 , 0.4691358 , 0.73333333, 0.5308642 ,
       0.4691358 , 0.76666667, 0.5308642 , 0.4691358 , 0.8       ,
       0.5308642 , 0.4691358 , 0.83333333, 0.5308642 , 0.4691358 ,
       0.86666667, 0.5308642 , 0.4691358 , 0.9       , 0.5308642 ,
       0.4691358 , 0.93333333, 0.5308642 , 0.4691358 , 0.96666667,
       0.5308642 , 0.4691358 , 1.        ])}"
"{'position_t_minus_1': [43, 63], 'position': [43, 64], 'action': 1, 'drift': [[1, -1], [1, 0], [1, 1], [1, 2], [1, 3], [1, 4], [1, 5], [1, 6], [1, 7], [1, 8], [1, 9], [1, 10], [1, 11], [1, 12], [1, 13], [1, 14], [1, 15], [1, 16], [1, 17], [1, 18], [1, 19], [1, 20], [1, 21], [1, 22], [1, 23], [1, 24], [1, 25], [1, 26], [1, 27], [1, 28], [1, 29]], 'width_to_walls': [[39, 34, -1], [38, 33, 0], [37, 32, 1], [36, 31, 2], [35, 30, 3], [34, 29, 4], [33, 28, 5], [32, 27, 6], [31, 26, 7], [30, 25, 8], [29, 24, 9], [28, 23, 10], [27, 22, 11], [26, 21, 12], [25, 20, 13], [24, 19, 14], [23, 18, 15], [22, 17, 16], [21, 16, 17], [20, 15, 18], [19, 14, 19], [18, 13, 20], [17, 12, 21], [16, 11, 22], [15, 10, 23], [14, 9, 24], [13, 8, 25], [12, 7, 26], [11, 6, 27], [10, 5, 28], [9, 4, 29]], 'obstacles_positions': []}",20,False
"{'position_t_minus_1': array([0.5308642]), 'position_t': array([0.5308642]), 'action': array([0.5]), 'drift': array([0.5       , 0.        , 0.5       , 0.03333333, 0.5       ,
       0.06666667, 0.5       , 0.1       , 0.5       , 0.13333333,
       0.5       , 0.16666667, 0.5       , 0.2       , 0.5       ,
       0.23333333, 0.5       , 0.26666667, 0.5       , 0.3       ,
       0.5       , 0.33333333, 0.5       , 0.36666667, 0.5       ,
       0.4       , 0.5       , 0.43333333, 0.5       , 0.46666667,
       0.5       , 0.5       , 0.5       , 0.53333333, 0.5       ,
       0.56666667, 0.5       , 0.6       , 0.5       , 0.63333333,
       0.5       , 0.66666667, 0.5       , 0.7       , 0.5       ,
       0.73333333, 0.5       , 0.76666667, 0.5       , 0.8       ,
       0.5       , 0.83333333, 0.5       , 0.86666667, 0.5       ,
       0.9       , 0.5       , 0.93333333, 0.5       , 0.96666667,
       0.5       , 1.        ]), 'obstacles_positions': array([1., 1., 1., 1., 1., 1., 1., 1., 1., 1., 1., 1., 1., 1., 1., 1., 1.,
       1., 1., 1., 1., 1., 1., 1., 1., 1., 1., 1., 1., 1., 1., 1., 1., 1.,
       1., 1., 1., 1., 1., 1.]), 'width_to_walls': array([0.5308642 , 0.4691358 , 0.        , 0.5308642 , 0.4691358 ,
       0.03333333, 0.5308642 , 0.4691358 , 0.06666667, 0.5308642 ,
       0.4691358 , 0.1       , 0.5308642 , 0.4691358 , 0.13333333,
       0.5308642 , 0.4691358 , 0.16666667, 0.5308642 , 0.4691358 ,
       0.2       , 0.5308642 , 0.4691358 , 0.23333333, 0.5308642 ,
       0.4691358 , 0.26666667, 0.5308642 , 0.4691358 , 0.3       ,
       0.5308642 , 0.4691358 , 0.33333333, 0.5308642 , 0.4691358 ,
       0.36666667, 0.5308642 , 0.4691358 , 0.4       , 0.5308642 ,
       0.4691358 , 0.43333333, 0.5308642 , 0.4691358 , 0.46666667,
       0.5308642 , 0.4691358 , 0.5       , 0.5308642 , 0.4691358 ,
       0.53333333, 0.5308642 , 0.4691358 , 0.56666667, 0.5308642 ,
       0.4691358 , 0.6       , 0.5308642 , 0.4691358 , 0.63333333,
       0.5308642 , 0.4691358 , 0.66666667, 0.5308642 , 0.4691358 ,
       0.7       , 0.5308642 , 0.4691358 , 0.73333333, 0.5308642 ,
       0.4691358 , 0.76666667, 0.5308642 , 0.4691358 , 0.8       ,
       0.5308642 , 0.4691358 , 0.83333333, 0.5308642 , 0.4691358 ,
       0.86666667, 0.5308642 , 0.4691358 , 0.9       , 0.5308642 ,
       0.4691358 , 0.93333333, 0.5308642 , 0.4691358 , 0.96666667,
       0.5308642 , 0.4691358 , 1.        ])}"
"{'position_t_minus_1': [43, 64], 'position': [44, 65], 'action': 2, 'drift': [[1, -1], [1, 0], [1, 1], [1, 2], [1, 3], [1, 4], [1, 5], [1, 6], [1, 7], [1, 8], [1, 9], [1, 10], [1, 11], [1, 12], [1, 13], [1, 14], [1, 15], [1, 16], [1, 17], [1, 18], [1, 19], [1, 20], [1, 21], [1, 22], [1, 23], [1, 24], [1, 25], [1, 26], [1, 27], [1, 28], [1, 29]], 'width_to_walls': [[39, 32, -1], [38, 31, 0], [37, 30, 1], [36, 29, 2], [35, 28, 3], [34, 27, 4], [33, 26, 5], [32, 25, 6], [31, 24, 7], [30, 23, 8], [29, 22, 9], [28, 21, 10], [27, 20, 11], [26, 19, 12], [25, 18, 13], [24, 17, 14], [23, 16, 15], [22, 15, 16], [21, 14, 17], [20, 13, 18], [19, 12, 19], [18, 11, 20], [17, 10, 21], [16, 9, 22], [15, 8, 23], [14, 7, 24], [13, 6, 25], [12, 5, 26], [11, 4, 27], [10, 3, 28], [9, 2, 29]], 'obstacles_positions': []}",20,False
"{'position_t_minus_1': array([0.5308642]), 'position_t': array([0.54320988]), 'action': array([1.]), 'drift': array([0.5       , 0.        , 0.5       , 0.03333333, 0.5       ,
       0.06666667, 0.5       , 0.1       , 0.5       , 0.13333333,
       0.5       , 0.16666667, 0.5       , 0.2       , 0.5       ,
       0.23333333, 0.5       , 0.26666667, 0.5       , 0.3       ,
       0.5       , 0.33333333, 0.5       , 0.36666667, 0.5       ,
       0.4       , 0.5       , 0.43333333, 0.5       , 0.46666667,
       0.5       , 0.5       , 0.5       , 0.53333333, 0.5       ,
       0.56666667, 0.5       , 0.6       , 0.5       , 0.63333333,
       0.5       , 0.66666667, 0.5       , 0.7       , 0.5       ,
       0.73333333, 0.5       , 0.76666667, 0.5       , 0.8       ,
       0.5       , 0.83333333, 0.5       , 0.86666667, 0.5       ,
       0.9       , 0.5       , 0.93333333, 0.5       , 0.96666667,
       0.5       , 1.        ]), 'obstacles_positions': array([1., 1., 1., 1., 1., 1., 1., 1., 1., 1., 1., 1., 1., 1., 1., 1., 1.,
       1., 1., 1., 1., 1., 1., 1., 1., 1., 1., 1., 1., 1., 1., 1., 1., 1.,
       1., 1., 1., 1., 1., 1.]), 'width_to_walls': array([0.54320988, 0.45679012, 0.        , 0.54320988, 0.45679012,
       0.03333333, 0.54320988, 0.45679012, 0.06666667, 0.54320988,
       0.45679012, 0.1       , 0.54320988, 0.45679012, 0.13333333,
       0.54320988, 0.45679012, 0.16666667, 0.54320988, 0.45679012,
       0.2       , 0.54320988, 0.45679012, 0.23333333, 0.54320988,
       0.45679012, 0.26666667, 0.54320988, 0.45679012, 0.3       ,
       0.54320988, 0.45679012, 0.33333333, 0.54320988, 0.45679012,
       0.36666667, 0.54320988, 0.45679012, 0.4       , 0.54320988,
       0.45679012, 0.43333333, 0.54320988, 0.45679012, 0.46666667,
       0.54320988, 0.45679012, 0.5       , 0.54320988, 0.45679012,
       0.53333333, 0.54320988, 0.45679012, 0.56666667, 0.54320988,
       0.45679012, 0.6       , 0.54320988, 0.45679012, 0.63333333,
       0.54320988, 0.45679012, 0.66666667, 0.54320988, 0.45679012,
       0.7       , 0.54320988, 0.45679012, 0.73333333, 0.54320988,
       0.45679012, 0.76666667, 0.54320988, 0.45679012, 0.8       ,
       0.54320988, 0.45679012, 0.83333333, 0.54320988, 0.45679012,
       0.86666667, 0.54320988, 0.45679012, 0.9       , 0.54320988,
       0.45679012, 0.93333333, 0.54320988, 0.45679012, 0.96666667,
       0.54320988, 0.45679012, 1.        ])}"
"{'position_t_minus_1': [44, 65], 'position': [45, 66], 'action': 2, 'drift': [[1, -1], [1, 0], [1, 1], [1, 2], [1, 3], [1, 4], [1, 5], [1, 6], [1, 7], [1, 8], [1, 9], [1, 10], [1, 11], [1, 12], [1, 13], [1, 14], [1, 15], [1, 16], [1, 17], [1, 18], [1, 19], [1, 20], [1, 21], [1, 22], [1, 23], [1, 24], [1, 25], [1, 26], [1, 27], [1, 28], [1, 29]], 'width_to_walls': [[39, 30, -1], [38, 29, 0], [37, 28, 1], [36, 27, 2], [35, 26, 3], [34, 25, 4], [33, 24, 5], [32, 23, 6], [31, 22, 7], [30, 21, 8], [29, 20, 9], [28, 19, 10], [27, 18, 11], [26, 17, 12], [25, 16, 13], [24, 15, 14], [23, 14, 15], [22, 13, 16], [21, 12, 17], [20, 11, 18], [19, 10, 19], [18, 9, 20], [17, 8, 21], [16, 7, 22], [15, 6, 23], [14, 5, 24], [13, 4, 25], [12, 3, 26], [11, 2, 27], [10, 1, 28], [9, 0, 29]], 'obstacles_positions': []}",20,False
"{'position_t_minus_1': array([0.54320988]), 'position_t': array([0.55555556]), 'action': array([1.]), 'drift': array([0.5       , 0.        , 0.5       , 0.03333333, 0.5       ,
       0.06666667, 0.5       , 0.1       , 0.5       , 0.13333333,
       0.5       , 0.16666667, 0.5       , 0.2       , 0.5       ,
       0.23333333, 0.5       , 0.26666667, 0.5       , 0.3       ,
       0.5       , 0.33333333, 0.5       , 0.36666667, 0.5       ,
       0.4       , 0.5       , 0.43333333, 0.5       , 0.46666667,
       0.5       , 0.5       , 0.5       , 0.53333333, 0.5       ,
       0.56666667, 0.5       , 0.6       , 0.5       , 0.63333333,
       0.5       , 0.66666667, 0.5       , 0.7       , 0.5       ,
       0.73333333, 0.5       , 0.76666667, 0.5       , 0.8       ,
       0.5       , 0.83333333, 0.5       , 0.86666667, 0.5       ,
       0.9       , 0.5       , 0.93333333, 0.5       , 0.96666667,
       0.5       , 1.        ]), 'obstacles_positions': array([1., 1., 1., 1., 1., 1., 1., 1., 1., 1., 1., 1., 1., 1., 1., 1., 1.,
       1., 1., 1., 1., 1., 1., 1., 1., 1., 1., 1., 1., 1., 1., 1., 1., 1.,
       1., 1., 1., 1., 1., 1.]), 'width_to_walls': array([0.55555556, 0.44444444, 0.        , 0.55555556, 0.44444444,
       0.03333333, 0.55555556, 0.44444444, 0.06666667, 0.55555556,
       0.44444444, 0.1       , 0.55555556, 0.44444444, 0.13333333,
       0.55555556, 0.44444444, 0.16666667, 0.55555556, 0.44444444,
       0.2       , 0.55555556, 0.44444444, 0.23333333, 0.55555556,
       0.44444444, 0.26666667, 0.55555556, 0.44444444, 0.3       ,
       0.55555556, 0.44444444, 0.33333333, 0.55555556, 0.44444444,
       0.36666667, 0.55555556, 0.44444444, 0.4       , 0.55555556,
       0.44444444, 0.43333333, 0.55555556, 0.44444444, 0.46666667,
       0.55555556, 0.44444444, 0.5       , 0.55555556, 0.44444444,
       0.53333333, 0.55555556, 0.44444444, 0.56666667, 0.55555556,
       0.44444444, 0.6       , 0.55555556, 0.44444444, 0.63333333,
       0.55555556, 0.44444444, 0.66666667, 0.55555556, 0.44444444,
       0.7       , 0.55555556, 0.44444444, 0.73333333, 0.55555556,
       0.44444444, 0.76666667, 0.55555556, 0.44444444, 0.8       ,
       0.55555556, 0.44444444, 0.83333333, 0.55555556, 0.44444444,
       0.86666667, 0.55555556, 0.44444444, 0.9       , 0.55555556,
       0.44444444, 0.93333333, 0.55555556, 0.44444444, 0.96666667,
       0.55555556, 0.44444444, 1.        ])}"
"{'position_t_minus_1': [45, 66], 'position': [45, 67], 'action': 1, 'drift': [[1, -1], [1, 0], [1, 1], [1, 2], [1, 3], [1, 4], [1, 5], [1, 6], [1, 7], [1, 8], [1, 9], [1, 10], [1, 11], [1, 12], [1, 13], [1, 14], [1, 15], [1, 16], [1, 17], [1, 18], [1, 19], [1, 20], [1, 21], [1, 22], [1, 23], [1, 24], [1, 25], [1, 26], [1, 27], [1, 28], [1, 29]], 'width_to_walls': [[38, 29, -1], [37, 28, 0], [36, 27, 1], [35, 26, 2], [34, 25, 3], [33, 24, 4], [32, 23, 5], [31, 22, 6], [30, 21, 7], [29, 20, 8], [28, 19, 9], [27, 18, 10], [26, 17, 11], [25, 16, 12], [24, 15, 13], [23, 14, 14], [22, 13, 15], [21, 12, 16], [20, 11, 17], [19, 10, 18], [18, 9, 19], [17, 8, 20], [16, 7, 21], [15, 6, 22], [14, 5, 23], [13, 4, 24], [12, 3, 25], [11, 2, 26], [10, 1, 27], [9, 0, 28], [8, -1, 29]], 'obstacles_positions': []}",20,False
"{'position_t_minus_1': array([0.55555556]), 'position_t': array([0.55555556]), 'action': array([0.5]), 'drift': array([0.5       , 0.        , 0.5       , 0.03333333, 0.5       ,
       0.06666667, 0.5       , 0.1       , 0.5       , 0.13333333,
       0.5       , 0.16666667, 0.5       , 0.2       , 0.5       ,
       0.23333333, 0.5       , 0.26666667, 0.5       , 0.3       ,
       0.5       , 0.33333333, 0.5       , 0.36666667, 0.5       ,
       0.4       , 0.5       , 0.43333333, 0.5       , 0.46666667,
       0.5       , 0.5       , 0.5       , 0.53333333, 0.5       ,
       0.56666667, 0.5       , 0.6       , 0.5       , 0.63333333,
       0.5       , 0.66666667, 0.5       , 0.7       , 0.5       ,
       0.73333333, 0.5       , 0.76666667, 0.5       , 0.8       ,
       0.5       , 0.83333333, 0.5       , 0.86666667, 0.5       ,
       0.9       , 0.5       , 0.93333333, 0.5       , 0.96666667,
       0.5       , 1.        ]), 'obstacles_positions': array([1., 1., 1., 1., 1., 1., 1., 1., 1., 1., 1., 1., 1., 1., 1., 1., 1.,
       1., 1., 1., 1., 1., 1., 1., 1., 1., 1., 1., 1., 1., 1., 1., 1., 1.,
       1., 1., 1., 1., 1., 1.]), 'width_to_walls': array([0.55555556, 0.44444444, 0.        , 0.55555556, 0.44444444,
       0.03333333, 0.55555556, 0.44444444, 0.06666667, 0.55555556,
       0.44444444, 0.1       , 0.55555556, 0.44444444, 0.13333333,
       0.55555556, 0.44444444, 0.16666667, 0.55555556, 0.44444444,
       0.2       , 0.55555556, 0.44444444, 0.23333333, 0.55555556,
       0.44444444, 0.26666667, 0.55555556, 0.44444444, 0.3       ,
       0.55555556, 0.44444444, 0.33333333, 0.55555556, 0.44444444,
       0.36666667, 0.55555556, 0.44444444, 0.4       , 0.55555556,
       0.44444444, 0.43333333, 0.55555556, 0.44444444, 0.46666667,
       0.55555556, 0.44444444, 0.5       , 0.55555556, 0.44444444,
       0.53333333, 0.55555556, 0.44444444, 0.56666667, 0.55555556,
       0.44444444, 0.6       , 0.55555556, 0.44444444, 0.63333333,
       0.55555556, 0.44444444, 0.66666667, 0.55555556, 0.44444444,
       0.7       , 0.55555556, 0.44444444, 0.73333333, 0.55555556,
       0.44444444, 0.76666667, 0.55555556, 0.44444444, 0.8       ,
       0.55555556, 0.44444444, 0.83333333, 0.55555556, 0.44444444,
       0.86666667, 0.55555556, 0.44444444, 0.9       , 0.55555556,
       0.44444444, 0.93333333, 0.55555556, 0.44444444, 0.96666667,
       0.55555556, 0.44444444, 1.        ])}"
"{'position_t_minus_1': [45, 67], 'position': [45, 68], 'action': 1, 'drift': [[1, -1], [1, 0], [1, 1], [1, 2], [1, 3], [1, 4], [1, 5], [1, 6], [1, 7], [1, 8], [1, 9], [1, 10], [1, 11], [1, 12], [1, 13], [1, 14], [1, 15], [1, 16], [1, 17], [1, 18], [1, 19], [1, 20], [1, 21], [1, 22], [1, 23], [1, 24], [1, 25], [1, 26], [1, 27], [1, 28], [1, 29]], 'width_to_walls': [[37, 28, -1], [36, 27, 0], [35, 26, 1], [34, 25, 2], [33, 24, 3], [32, 23, 4], [31, 22, 5], [30, 21, 6], [29, 20, 7], [28, 19, 8], [27, 18, 9], [26, 17, 10], [25, 16, 11], [24, 15, 12], [23, 14, 13], [22, 13, 14], [21, 12, 15], [20, 11, 16], [19, 10, 17], [18, 9, 18], [17, 8, 19], [16, 7, 20], [15, 6, 21], [14, 5, 22], [13, 4, 23], [12, 3, 24], [11, 2, 25], [10, 1, 26], [9, 0, 27], [8, -1, 28], [7, -2, 29]], 'obstacles_positions': []}",20,False
"{'position_t_minus_1': array([0.55555556]), 'position_t': array([0.55555556]), 'action': array([0.5]), 'drift': array([0.5       , 0.        , 0.5       , 0.03333333, 0.5       ,
       0.06666667, 0.5       , 0.1       , 0.5       , 0.13333333,
       0.5       , 0.16666667, 0.5       , 0.2       , 0.5       ,
       0.23333333, 0.5       , 0.26666667, 0.5       , 0.3       ,
       0.5       , 0.33333333, 0.5       , 0.36666667, 0.5       ,
       0.4       , 0.5       , 0.43333333, 0.5       , 0.46666667,
       0.5       , 0.5       , 0.5       , 0.53333333, 0.5       ,
       0.56666667, 0.5       , 0.6       , 0.5       , 0.63333333,
       0.5       , 0.66666667, 0.5       , 0.7       , 0.5       ,
       0.73333333, 0.5       , 0.76666667, 0.5       , 0.8       ,
       0.5       , 0.83333333, 0.5       , 0.86666667, 0.5       ,
       0.9       , 0.5       , 0.93333333, 0.5       , 0.96666667,
       0.5       , 1.        ]), 'obstacles_positions': array([1., 1., 1., 1., 1., 1., 1., 1., 1., 1., 1., 1., 1., 1., 1., 1., 1.,
       1., 1., 1., 1., 1., 1., 1., 1., 1., 1., 1., 1., 1., 1., 1., 1., 1.,
       1., 1., 1., 1., 1., 1.]), 'width_to_walls': array([0.55555556, 0.44444444, 0.        , 0.55555556, 0.44444444,
       0.03333333, 0.55555556, 0.44444444, 0.06666667, 0.55555556,
       0.44444444, 0.1       , 0.55555556, 0.44444444, 0.13333333,
       0.55555556, 0.44444444, 0.16666667, 0.55555556, 0.44444444,
       0.2       , 0.55555556, 0.44444444, 0.23333333, 0.55555556,
       0.44444444, 0.26666667, 0.55555556, 0.44444444, 0.3       ,
       0.55555556, 0.44444444, 0.33333333, 0.55555556, 0.44444444,
       0.36666667, 0.55555556, 0.44444444, 0.4       , 0.55555556,
       0.44444444, 0.43333333, 0.55555556, 0.44444444, 0.46666667,
       0.55555556, 0.44444444, 0.5       , 0.55555556, 0.44444444,
       0.53333333, 0.55555556, 0.44444444, 0.56666667, 0.55555556,
       0.44444444, 0.6       , 0.55555556, 0.44444444, 0.63333333,
       0.55555556, 0.44444444, 0.66666667, 0.55555556, 0.44444444,
       0.7       , 0.55555556, 0.44444444, 0.73333333, 0.55555556,
       0.44444444, 0.76666667, 0.55555556, 0.44444444, 0.8       ,
       0.55555556, 0.44444444, 0.83333333, 0.55555556, 0.44444444,
       0.86666667, 0.55555556, 0.44444444, 0.9       , 0.55555556,
       0.44444444, 0.93333333, 0.55555556, 0.44444444, 0.96666667,
       0.55555556, 0.44444444, 1.        ])}"
"{'position_t_minus_1': [45, 68], 'position': [44, 69], 'action': 0, 'drift': [[1, -1], [1, 0], [1, 1], [1, 2], [1, 3], [1, 4], [1, 5], [1, 6], [1, 7], [1, 8], [1, 9], [1, 10], [1, 11], [1, 12], [1, 13], [1, 14], [1, 15], [1, 16], [1, 17], [1, 18], [1, 19], [1, 20], [1, 21], [1, 22], [1, 23], [1, 24], [1, 25], [1, 26], [1, 27], [1, 28], [1, 29]], 'width_to_walls': [[35, 28, -1], [34, 27, 0], [33, 26, 1], [32, 25, 2], [31, 24, 3], [30, 23, 4], [29, 22, 5], [28, 21, 6], [27, 20, 7], [26, 19, 8], [25, 18, 9], [24, 17, 10], [23, 16, 11], [22, 15, 12], [21, 14, 13], [20, 13, 14], [19, 12, 15], [18, 11, 16], [17, 10, 17], [16, 9, 18], [15, 8, 19], [14, 7, 20], [13, 6, 21], [12, 5, 22], [11, 4, 23], [10, 3, 24], [9, 2, 25], [8, 1, 26], [7, 0, 27], [6, -1, 28], [5, -2, 29]], 'obstacles_positions': []}",20,False
"{'position_t_minus_1': array([0.55555556]), 'position_t': array([0.54320988]), 'action': array([0.]), 'drift': array([0.5       , 0.        , 0.5       , 0.03333333, 0.5       ,
       0.06666667, 0.5       , 0.1       , 0.5       , 0.13333333,
       0.5       , 0.16666667, 0.5       , 0.2       , 0.5       ,
       0.23333333, 0.5       , 0.26666667, 0.5       , 0.3       ,
       0.5       , 0.33333333, 0.5       , 0.36666667, 0.5       ,
       0.4       , 0.5       , 0.43333333, 0.5       , 0.46666667,
       0.5       , 0.5       , 0.5       , 0.53333333, 0.5       ,
       0.56666667, 0.5       , 0.6       , 0.5       , 0.63333333,
       0.5       , 0.66666667, 0.5       , 0.7       , 0.5       ,
       0.73333333, 0.5       , 0.76666667, 0.5       , 0.8       ,
       0.5       , 0.83333333, 0.5       , 0.86666667, 0.5       ,
       0.9       , 0.5       , 0.93333333, 0.5       , 0.96666667,
       0.5       , 1.        ]), 'obstacles_positions': array([1., 1., 1., 1., 1., 1., 1., 1., 1., 1., 1., 1., 1., 1., 1., 1., 1.,
       1., 1., 1., 1., 1., 1., 1., 1., 1., 1., 1., 1., 1., 1., 1., 1., 1.,
       1., 1., 1., 1., 1., 1.]), 'width_to_walls': array([0.54320988, 0.45679012, 0.        , 0.54320988, 0.45679012,
       0.03333333, 0.54320988, 0.45679012, 0.06666667, 0.54320988,
       0.45679012, 0.1       , 0.54320988, 0.45679012, 0.13333333,
       0.54320988, 0.45679012, 0.16666667, 0.54320988, 0.45679012,
       0.2       , 0.54320988, 0.45679012, 0.23333333, 0.54320988,
       0.45679012, 0.26666667, 0.54320988, 0.45679012, 0.3       ,
       0.54320988, 0.45679012, 0.33333333, 0.54320988, 0.45679012,
       0.36666667, 0.54320988, 0.45679012, 0.4       , 0.54320988,
       0.45679012, 0.43333333, 0.54320988, 0.45679012, 0.46666667,
       0.54320988, 0.45679012, 0.5       , 0.54320988, 0.45679012,
       0.53333333, 0.54320988, 0.45679012, 0.56666667, 0.54320988,
       0.45679012, 0.6       , 0.54320988, 0.45679012, 0.63333333,
       0.54320988, 0.45679012, 0.66666667, 0.54320988, 0.45679012,
       0.7       , 0.54320988, 0.45679012, 0.73333333, 0.54320988,
       0.45679012, 0.76666667, 0.54320988, 0.45679012, 0.8       ,
       0.54320988, 0.45679012, 0.83333333, 0.54320988, 0.45679012,
       0.86666667, 0.54320988, 0.45679012, 0.9       , 0.54320988,
       0.45679012, 0.93333333, 0.54320988, 0.45679012, 0.96666667,
       0.54320988, 0.45679012, 1.        ])}"
"{'position_t_minus_1': [44, 69], 'position': [45, 70], 'action': 2, 'drift': [[1, -1], [1, 0], [1, 1], [1, 2], [1, 3], [1, 4], [1, 5], [1, 6], [1, 7], [1, 8], [1, 9], [1, 10], [1, 11], [1, 12], [1, 13], [1, 14], [1, 15], [1, 16], [1, 17], [1, 18], [1, 19], [1, 20], [1, 21], [1, 22], [1, 23], [1, 24], [1, 25], [1, 26], [1, 27], [1, 28], [1, 29]], 'width_to_walls': [[35, 26, -1], [34, 25, 0], [33, 24, 1], [32, 23, 2], [31, 22, 3], [30, 21, 4], [29, 20, 5], [28, 19, 6], [27, 18, 7], [26, 17, 8], [25, 16, 9], [24, 15, 10], [23, 14, 11], [22, 13, 12], [21, 12, 13], [20, 11, 14], [19, 10, 15], [18, 9, 16], [17, 8, 17], [16, 7, 18], [15, 6, 19], [14, 5, 20], [13, 4, 21], [12, 3, 22], [11, 2, 23], [10, 1, 24], [9, 0, 25], [8, -1, 26], [7, -2, 27], [6, -3, 28], [5, -4, 29]], 'obstacles_positions': []}",20,False
"{'position_t_minus_1': array([0.54320988]), 'position_t': array([0.55555556]), 'action': array([1.]), 'drift': array([0.5       , 0.        , 0.5       , 0.03333333, 0.5       ,
       0.06666667, 0.5       , 0.1       , 0.5       , 0.13333333,
       0.5       , 0.16666667, 0.5       , 0.2       , 0.5       ,
       0.23333333, 0.5       , 0.26666667, 0.5       , 0.3       ,
       0.5       , 0.33333333, 0.5       , 0.36666667, 0.5       ,
       0.4       , 0.5       , 0.43333333, 0.5       , 0.46666667,
       0.5       , 0.5       , 0.5       , 0.53333333, 0.5       ,
       0.56666667, 0.5       , 0.6       , 0.5       , 0.63333333,
       0.5       , 0.66666667, 0.5       , 0.7       , 0.5       ,
       0.73333333, 0.5       , 0.76666667, 0.5       , 0.8       ,
       0.5       , 0.83333333, 0.5       , 0.86666667, 0.5       ,
       0.9       , 0.5       , 0.93333333, 0.5       , 0.96666667,
       0.5       , 1.        ]), 'obstacles_positions': array([1., 1., 1., 1., 1., 1., 1., 1., 1., 1., 1., 1., 1., 1., 1., 1., 1.,
       1., 1., 1., 1., 1., 1., 1., 1., 1., 1., 1., 1., 1., 1., 1., 1., 1.,
       1., 1., 1., 1., 1., 1.]), 'width_to_walls': array([0.55555556, 0.44444444, 0.        , 0.55555556, 0.44444444,
       0.03333333, 0.55555556, 0.44444444, 0.06666667, 0.55555556,
       0.44444444, 0.1       , 0.55555556, 0.44444444, 0.13333333,
       0.55555556, 0.44444444, 0.16666667, 0.55555556, 0.44444444,
       0.2       , 0.55555556, 0.44444444, 0.23333333, 0.55555556,
       0.44444444, 0.26666667, 0.55555556, 0.44444444, 0.3       ,
       0.55555556, 0.44444444, 0.33333333, 0.55555556, 0.44444444,
       0.36666667, 0.55555556, 0.44444444, 0.4       , 0.55555556,
       0.44444444, 0.43333333, 0.55555556, 0.44444444, 0.46666667,
       0.55555556, 0.44444444, 0.5       , 0.55555556, 0.44444444,
       0.53333333, 0.55555556, 0.44444444, 0.56666667, 0.55555556,
       0.44444444, 0.6       , 0.55555556, 0.44444444, 0.63333333,
       0.55555556, 0.44444444, 0.66666667, 0.55555556, 0.44444444,
       0.7       , 0.55555556, 0.44444444, 0.73333333, 0.55555556,
       0.44444444, 0.76666667, 0.55555556, 0.44444444, 0.8       ,
       0.55555556, 0.44444444, 0.83333333, 0.55555556, 0.44444444,
       0.86666667, 0.55555556, 0.44444444, 0.9       , 0.55555556,
       0.44444444, 0.93333333, 0.55555556, 0.44444444, 0.96666667,
       0.55555556, 0.44444444, 1.        ])}"
"{'position_t_minus_1': [45, 70], 'position': [44, 71], 'action': 0, 'drift': [[1, -1], [1, 0], [1, 1], [1, 2], [1, 3], [1, 4], [1, 5], [1, 6], [1, 7], [1, 8], [1, 9], [1, 10], [1, 11], [1, 12], [1, 13], [1, 14], [1, 15], [1, 16], [1, 17], [1, 18], [1, 19], [1, 20], [1, 21], [1, 22], [1, 23], [1, 24], [1, 25], [1, 26], [1, 27], [1, 28], [1, 29]], 'width_to_walls': [[33, 26, -1], [32, 25, 0], [31, 24, 1], [30, 23, 2], [29, 22, 3], [28, 21, 4], [27, 20, 5], [26, 19, 6], [25, 18, 7], [24, 17, 8], [23, 16, 9], [22, 15, 10], [21, 14, 11], [20, 13, 12], [19, 12, 13], [18, 11, 14], [17, 10, 15], [16, 9, 16], [15, 8, 17], [14, 7, 18], [13, 6, 19], [12, 5, 20], [11, 4, 21], [10, 3, 22], [9, 2, 23], [8, 1, 24], [7, 0, 25], [6, -1, 26], [5, -2, 27], [4, -3, 28], [4, -3, 29]], 'obstacles_positions': []}",20,False
"{'position_t_minus_1': array([0.55555556]), 'position_t': array([0.54320988]), 'action': array([0.]), 'drift': array([0.5       , 0.        , 0.5       , 0.03333333, 0.5       ,
       0.06666667, 0.5       , 0.1       , 0.5       , 0.13333333,
       0.5       , 0.16666667, 0.5       , 0.2       , 0.5       ,
       0.23333333, 0.5       , 0.26666667, 0.5       , 0.3       ,
       0.5       , 0.33333333, 0.5       , 0.36666667, 0.5       ,
       0.4       , 0.5       , 0.43333333, 0.5       , 0.46666667,
       0.5       , 0.5       , 0.5       , 0.53333333, 0.5       ,
       0.56666667, 0.5       , 0.6       , 0.5       , 0.63333333,
       0.5       , 0.66666667, 0.5       , 0.7       , 0.5       ,
       0.73333333, 0.5       , 0.76666667, 0.5       , 0.8       ,
       0.5       , 0.83333333, 0.5       , 0.86666667, 0.5       ,
       0.9       , 0.5       , 0.93333333, 0.5       , 0.96666667,
       0.5       , 1.        ]), 'obstacles_positions': array([1., 1., 1., 1., 1., 1., 1., 1., 1., 1., 1., 1., 1., 1., 1., 1., 1.,
       1., 1., 1., 1., 1., 1., 1., 1., 1., 1., 1., 1., 1., 1., 1., 1., 1.,
       1., 1., 1., 1., 1., 1.]), 'width_to_walls': array([0.54320988, 0.45679012, 0.        , 0.54320988, 0.45679012,
       0.03333333, 0.54320988, 0.45679012, 0.06666667, 0.54320988,
       0.45679012, 0.1       , 0.54320988, 0.45679012, 0.13333333,
       0.54320988, 0.45679012, 0.16666667, 0.54320988, 0.45679012,
       0.2       , 0.54320988, 0.45679012, 0.23333333, 0.54320988,
       0.45679012, 0.26666667, 0.54320988, 0.45679012, 0.3       ,
       0.54320988, 0.45679012, 0.33333333, 0.54320988, 0.45679012,
       0.36666667, 0.54320988, 0.45679012, 0.4       , 0.54320988,
       0.45679012, 0.43333333, 0.54320988, 0.45679012, 0.46666667,
       0.54320988, 0.45679012, 0.5       , 0.54320988, 0.45679012,
       0.53333333, 0.54320988, 0.45679012, 0.56666667, 0.54320988,
       0.45679012, 0.6       , 0.54320988, 0.45679012, 0.63333333,
       0.54320988, 0.45679012, 0.66666667, 0.54320988, 0.45679012,
       0.7       , 0.54320988, 0.45679012, 0.73333333, 0.54320988,
       0.45679012, 0.76666667, 0.54320988, 0.45679012, 0.8       ,
       0.54320988, 0.45679012, 0.83333333, 0.54320988, 0.45679012,
       0.86666667, 0.54320988, 0.45679012, 0.9       , 0.54320988,
       0.45679012, 0.93333333, 0.54320988, 0.45679012, 0.96666667,
       0.54320988, 0.45679012, 1.        ])}"
"{'position_t_minus_1': [44, 71], 'position': [45, 72], 'action': 2, 'drift': [[1, -1], [1, 0], [1, 1], [1, 2], [1, 3], [1, 4], [1, 5], [1, 6], [1, 7], [1, 8], [1, 9], [1, 10], [1, 11], [1, 12], [1, 13], [1, 14], [1, 15], [1, 16], [1, 17], [1, 18], [1, 19], [1, 20], [1, 21], [1, 22], [1, 23], [1, 24], [1, 25], [1, 26], [1, 27], [1, 28], [1, 29]], 'width_to_walls': [[33, 24, -1], [32, 23, 0], [31, 22, 1], [30, 21, 2], [29, 20, 3], [28, 19, 4], [27, 18, 5], [26, 17, 6], [25, 16, 7], [24, 15, 8], [23, 14, 9], [22, 13, 10], [21, 12, 11], [20, 11, 12], [19, 10, 13], [18, 9, 14], [17, 8, 15], [16, 7, 16], [15, 6, 17], [14, 5, 18], [13, 4, 19], [12, 3, 20], [11, 2, 21], [10, 1, 22], [9, 0, 23], [8, -1, 24], [7, -2, 25], [6, -3, 26], [5, -4, 27], [5, -4, 28], [5, -4, 29]], 'obstacles_positions': []}",20,False
"{'position_t_minus_1': array([0.54320988]), 'position_t': array([0.55555556]), 'action': array([1.]), 'drift': array([0.5       , 0.        , 0.5       , 0.03333333, 0.5       ,
       0.06666667, 0.5       , 0.1       , 0.5       , 0.13333333,
       0.5       , 0.16666667, 0.5       , 0.2       , 0.5       ,
       0.23333333, 0.5       , 0.26666667, 0.5       , 0.3       ,
       0.5       , 0.33333333, 0.5       , 0.36666667, 0.5       ,
       0.4       , 0.5       , 0.43333333, 0.5       , 0.46666667,
       0.5       , 0.5       , 0.5       , 0.53333333, 0.5       ,
       0.56666667, 0.5       , 0.6       , 0.5       , 0.63333333,
       0.5       , 0.66666667, 0.5       , 0.7       , 0.5       ,
       0.73333333, 0.5       , 0.76666667, 0.5       , 0.8       ,
       0.5       , 0.83333333, 0.5       , 0.86666667, 0.5       ,
       0.9       , 0.5       , 0.93333333, 0.5       , 0.96666667,
       0.5       , 1.        ]), 'obstacles_positions': array([1., 1., 1., 1., 1., 1., 1., 1., 1., 1., 1., 1., 1., 1., 1., 1., 1.,
       1., 1., 1., 1., 1., 1., 1., 1., 1., 1., 1., 1., 1., 1., 1., 1., 1.,
       1., 1., 1., 1., 1., 1.]), 'width_to_walls': array([0.55555556, 0.44444444, 0.        , 0.55555556, 0.44444444,
       0.03333333, 0.55555556, 0.44444444, 0.06666667, 0.55555556,
       0.44444444, 0.1       , 0.55555556, 0.44444444, 0.13333333,
       0.55555556, 0.44444444, 0.16666667, 0.55555556, 0.44444444,
       0.2       , 0.55555556, 0.44444444, 0.23333333, 0.55555556,
       0.44444444, 0.26666667, 0.55555556, 0.44444444, 0.3       ,
       0.55555556, 0.44444444, 0.33333333, 0.55555556, 0.44444444,
       0.36666667, 0.55555556, 0.44444444, 0.4       , 0.55555556,
       0.44444444, 0.43333333, 0.55555556, 0.44444444, 0.46666667,
       0.55555556, 0.44444444, 0.5       , 0.55555556, 0.44444444,
       0.53333333, 0.55555556, 0.44444444, 0.56666667, 0.55555556,
       0.44444444, 0.6       , 0.55555556, 0.44444444, 0.63333333,
       0.55555556, 0.44444444, 0.66666667, 0.55555556, 0.44444444,
       0.7       , 0.55555556, 0.44444444, 0.73333333, 0.55555556,
       0.44444444, 0.76666667, 0.55555556, 0.44444444, 0.8       ,
       0.55555556, 0.44444444, 0.83333333, 0.55555556, 0.44444444,
       0.86666667, 0.55555556, 0.44444444, 0.9       , 0.55555556,
       0.44444444, 0.93333333, 0.55555556, 0.44444444, 0.96666667,
       0.55555556, 0.44444444, 1.        ])}"
"{'position_t_minus_1': [45, 72], 'position': [44, 73], 'action': 0, 'drift': [[1, -1], [1, 0], [1, 1], [1, 2], [1, 3], [1, 4], [1, 5], [1, 6], [1, 7], [1, 8], [1, 9], [1, 10], [1, 11], [1, 12], [1, 13], [1, 14], [1, 15], [1, 16], [1, 17], [1, 18], [1, 19], [1, 20], [1, 21], [1, 22], [1, 23], [1, 24], [1, 25], [1, 26], [1, 27], [1, 28], [1, 29]], 'width_to_walls': [[31, 24, -1], [30, 23, 0], [29, 22, 1], [28, 21, 2], [27, 20, 3], [26, 19, 4], [25, 18, 5], [24, 17, 6], [23, 16, 7], [22, 15, 8], [21, 14, 9], [20, 13, 10], [19, 12, 11], [18, 11, 12], [17, 10, 13], [16, 9, 14], [15, 8, 15], [14, 7, 16], [13, 6, 17], [12, 5, 18], [11, 4, 19], [10, 3, 20], [9, 2, 21], [8, 1, 22], [7, 0, 23], [6, -1, 24], [5, -2, 25], [4, -3, 26], [4, -3, 27], [4, -3, 28], [4, -3, 29]], 'obstacles_positions': []}",20,False
"{'position_t_minus_1': array([0.55555556]), 'position_t': array([0.54320988]), 'action': array([0.]), 'drift': array([0.5       , 0.        , 0.5       , 0.03333333, 0.5       ,
       0.06666667, 0.5       , 0.1       , 0.5       , 0.13333333,
       0.5       , 0.16666667, 0.5       , 0.2       , 0.5       ,
       0.23333333, 0.5       , 0.26666667, 0.5       , 0.3       ,
       0.5       , 0.33333333, 0.5       , 0.36666667, 0.5       ,
       0.4       , 0.5       , 0.43333333, 0.5       , 0.46666667,
       0.5       , 0.5       , 0.5       , 0.53333333, 0.5       ,
       0.56666667, 0.5       , 0.6       , 0.5       , 0.63333333,
       0.5       , 0.66666667, 0.5       , 0.7       , 0.5       ,
       0.73333333, 0.5       , 0.76666667, 0.5       , 0.8       ,
       0.5       , 0.83333333, 0.5       , 0.86666667, 0.5       ,
       0.9       , 0.5       , 0.93333333, 0.5       , 0.96666667,
       0.5       , 1.        ]), 'obstacles_positions': array([1., 1., 1., 1., 1., 1., 1., 1., 1., 1., 1., 1., 1., 1., 1., 1., 1.,
       1., 1., 1., 1., 1., 1., 1., 1., 1., 1., 1., 1., 1., 1., 1., 1., 1.,
       1., 1., 1., 1., 1., 1.]), 'width_to_walls': array([0.54320988, 0.45679012, 0.        , 0.54320988, 0.45679012,
       0.03333333, 0.54320988, 0.45679012, 0.06666667, 0.54320988,
       0.45679012, 0.1       , 0.54320988, 0.45679012, 0.13333333,
       0.54320988, 0.45679012, 0.16666667, 0.54320988, 0.45679012,
       0.2       , 0.54320988, 0.45679012, 0.23333333, 0.54320988,
       0.45679012, 0.26666667, 0.54320988, 0.45679012, 0.3       ,
       0.54320988, 0.45679012, 0.33333333, 0.54320988, 0.45679012,
       0.36666667, 0.54320988, 0.45679012, 0.4       , 0.54320988,
       0.45679012, 0.43333333, 0.54320988, 0.45679012, 0.46666667,
       0.54320988, 0.45679012, 0.5       , 0.54320988, 0.45679012,
       0.53333333, 0.54320988, 0.45679012, 0.56666667, 0.54320988,
       0.45679012, 0.6       , 0.54320988, 0.45679012, 0.63333333,
       0.54320988, 0.45679012, 0.66666667, 0.54320988, 0.45679012,
       0.7       , 0.54320988, 0.45679012, 0.73333333, 0.54320988,
       0.45679012, 0.76666667, 0.54320988, 0.45679012, 0.8       ,
       0.54320988, 0.45679012, 0.83333333, 0.54320988, 0.45679012,
       0.86666667, 0.54320988, 0.45679012, 0.9       , 0.54320988,
       0.45679012, 0.93333333, 0.54320988, 0.45679012, 0.96666667,
       0.54320988, 0.45679012, 1.        ])}"
"{'position_t_minus_1': [44, 73], 'position': [44, 74], 'action': 1, 'drift': [[1, -1], [1, 0], [1, 1], [1, 2], [1, 3], [1, 4], [1, 5], [1, 6], [1, 7], [1, 8], [1, 9], [1, 10], [1, 11], [1, 12], [1, 13], [1, 14], [1, 15], [1, 16], [1, 17], [1, 18], [1, 19], [1, 20], [1, 21], [1, 22], [1, 23], [1, 24], [1, 25], [1, 26], [1, 27], [1, 28], [1, 29]], 'width_to_walls': [[30, 23, -1], [29, 22, 0], [28, 21, 1], [27, 20, 2], [26, 19, 3], [25, 18, 4], [24, 17, 5], [23, 16, 6], [22, 15, 7], [21, 14, 8], [20, 13, 9], [19, 12, 10], [18, 11, 11], [17, 10, 12], [16, 9, 13], [15, 8, 14], [14, 7, 15], [13, 6, 16], [12, 5, 17], [11, 4, 18], [10, 3, 19], [9, 2, 20], [8, 1, 21], [7, 0, 22], [6, -1, 23], [5, -2, 24], [4, -3, 25], [4, -3, 26], [4, -3, 27], [4, -3, 28], [4, -3, 29]], 'obstacles_positions': []}",20,False
"{'position_t_minus_1': array([0.54320988]), 'position_t': array([0.54320988]), 'action': array([0.5]), 'drift': array([0.5       , 0.        , 0.5       , 0.03333333, 0.5       ,
       0.06666667, 0.5       , 0.1       , 0.5       , 0.13333333,
       0.5       , 0.16666667, 0.5       , 0.2       , 0.5       ,
       0.23333333, 0.5       , 0.26666667, 0.5       , 0.3       ,
       0.5       , 0.33333333, 0.5       , 0.36666667, 0.5       ,
       0.4       , 0.5       , 0.43333333, 0.5       , 0.46666667,
       0.5       , 0.5       , 0.5       , 0.53333333, 0.5       ,
       0.56666667, 0.5       , 0.6       , 0.5       , 0.63333333,
       0.5       , 0.66666667, 0.5       , 0.7       , 0.5       ,
       0.73333333, 0.5       , 0.76666667, 0.5       , 0.8       ,
       0.5       , 0.83333333, 0.5       , 0.86666667, 0.5       ,
       0.9       , 0.5       , 0.93333333, 0.5       , 0.96666667,
       0.5       , 1.        ]), 'obstacles_positions': array([1., 1., 1., 1., 1., 1., 1., 1., 1., 1., 1., 1., 1., 1., 1., 1., 1.,
       1., 1., 1., 1., 1., 1., 1., 1., 1., 1., 1., 1., 1., 1., 1., 1., 1.,
       1., 1., 1., 1., 1., 1.]), 'width_to_walls': array([0.54320988, 0.45679012, 0.        , 0.54320988, 0.45679012,
       0.03333333, 0.54320988, 0.45679012, 0.06666667, 0.54320988,
       0.45679012, 0.1       , 0.54320988, 0.45679012, 0.13333333,
       0.54320988, 0.45679012, 0.16666667, 0.54320988, 0.45679012,
       0.2       , 0.54320988, 0.45679012, 0.23333333, 0.54320988,
       0.45679012, 0.26666667, 0.54320988, 0.45679012, 0.3       ,
       0.54320988, 0.45679012, 0.33333333, 0.54320988, 0.45679012,
       0.36666667, 0.54320988, 0.45679012, 0.4       , 0.54320988,
       0.45679012, 0.43333333, 0.54320988, 0.45679012, 0.46666667,
       0.54320988, 0.45679012, 0.5       , 0.54320988, 0.45679012,
       0.53333333, 0.54320988, 0.45679012, 0.56666667, 0.54320988,
       0.45679012, 0.6       , 0.54320988, 0.45679012, 0.63333333,
       0.54320988, 0.45679012, 0.66666667, 0.54320988, 0.45679012,
       0.7       , 0.54320988, 0.45679012, 0.73333333, 0.54320988,
       0.45679012, 0.76666667, 0.54320988, 0.45679012, 0.8       ,
       0.54320988, 0.45679012, 0.83333333, 0.54320988, 0.45679012,
       0.86666667, 0.54320988, 0.45679012, 0.9       , 0.54320988,
       0.45679012, 0.93333333, 0.54320988, 0.45679012, 0.96666667,
       0.54320988, 0.45679012, 1.        ])}"
"{'position_t_minus_1': [44, 74], 'position': [44, 75], 'action': 1, 'drift': [[1, -1], [1, 0], [1, 1], [1, 2], [1, 3], [1, 4], [1, 5], [1, 6], [1, 7], [1, 8], [1, 9], [1, 10], [1, 11], [1, 12], [1, 13], [1, 14], [1, 15], [1, 16], [1, 17], [1, 18], [1, 19], [1, 20], [1, 21], [1, 22], [1, 23], [1, 24], [1, 25], [1, 26], [1, 27], [1, 28], [1, 29]], 'width_to_walls': [[29, 22, -1], [28, 21, 0], [27, 20, 1], [26, 19, 2], [25, 18, 3], [24, 17, 4], [23, 16, 5], [22, 15, 6], [21, 14, 7], [20, 13, 8], [19, 12, 9], [18, 11, 10], [17, 10, 11], [16, 9, 12], [15, 8, 13], [14, 7, 14], [13, 6, 15], [12, 5, 16], [11, 4, 17], [10, 3, 18], [9, 2, 19], [8, 1, 20], [7, 0, 21], [6, -1, 22], [5, -2, 23], [4, -3, 24], [4, -3, 25], [4, -3, 26], [4, -3, 27], [4, -3, 28], [4, -3, 29]], 'obstacles_positions': []}",20,False
"{'position_t_minus_1': array([0.54320988]), 'position_t': array([0.54320988]), 'action': array([0.5]), 'drift': array([0.5       , 0.        , 0.5       , 0.03333333, 0.5       ,
       0.06666667, 0.5       , 0.1       , 0.5       , 0.13333333,
       0.5       , 0.16666667, 0.5       , 0.2       , 0.5       ,
       0.23333333, 0.5       , 0.26666667, 0.5       , 0.3       ,
       0.5       , 0.33333333, 0.5       , 0.36666667, 0.5       ,
       0.4       , 0.5       , 0.43333333, 0.5       , 0.46666667,
       0.5       , 0.5       , 0.5       , 0.53333333, 0.5       ,
       0.56666667, 0.5       , 0.6       , 0.5       , 0.63333333,
       0.5       , 0.66666667, 0.5       , 0.7       , 0.5       ,
       0.73333333, 0.5       , 0.76666667, 0.5       , 0.8       ,
       0.5       , 0.83333333, 0.5       , 0.86666667, 0.5       ,
       0.9       , 0.5       , 0.93333333, 0.5       , 0.96666667,
       0.5       , 1.        ]), 'obstacles_positions': array([1., 1., 1., 1., 1., 1., 1., 1., 1., 1., 1., 1., 1., 1., 1., 1., 1.,
       1., 1., 1., 1., 1., 1., 1., 1., 1., 1., 1., 1., 1., 1., 1., 1., 1.,
       1., 1., 1., 1., 1., 1.]), 'width_to_walls': array([0.54320988, 0.45679012, 0.        , 0.54320988, 0.45679012,
       0.03333333, 0.54320988, 0.45679012, 0.06666667, 0.54320988,
       0.45679012, 0.1       , 0.54320988, 0.45679012, 0.13333333,
       0.54320988, 0.45679012, 0.16666667, 0.54320988, 0.45679012,
       0.2       , 0.54320988, 0.45679012, 0.23333333, 0.54320988,
       0.45679012, 0.26666667, 0.54320988, 0.45679012, 0.3       ,
       0.54320988, 0.45679012, 0.33333333, 0.54320988, 0.45679012,
       0.36666667, 0.54320988, 0.45679012, 0.4       , 0.54320988,
       0.45679012, 0.43333333, 0.54320988, 0.45679012, 0.46666667,
       0.54320988, 0.45679012, 0.5       , 0.54320988, 0.45679012,
       0.53333333, 0.54320988, 0.45679012, 0.56666667, 0.54320988,
       0.45679012, 0.6       , 0.54320988, 0.45679012, 0.63333333,
       0.54320988, 0.45679012, 0.66666667, 0.54320988, 0.45679012,
       0.7       , 0.54320988, 0.45679012, 0.73333333, 0.54320988,
       0.45679012, 0.76666667, 0.54320988, 0.45679012, 0.8       ,
       0.54320988, 0.45679012, 0.83333333, 0.54320988, 0.45679012,
       0.86666667, 0.54320988, 0.45679012, 0.9       , 0.54320988,
       0.45679012, 0.93333333, 0.54320988, 0.45679012, 0.96666667,
       0.54320988, 0.45679012, 1.        ])}"
"{'position_t_minus_1': [44, 75], 'position': [45, 76], 'action': 2, 'drift': [[1, -1], [1, 0], [1, 1], [1, 2], [1, 3], [1, 4], [1, 5], [1, 6], [1, 7], [1, 8], [1, 9], [1, 10], [1, 11], [1, 12], [1, 13], [1, 14], [1, 15], [1, 16], [1, 17], [1, 18], [1, 19], [1, 20], [1, 21], [1, 22], [1, 23], [1, 24], [1, 25], [1, 26], [1, 27], [1, 28], [1, 29]], 'width_to_walls': [[29, 20, -1], [28, 19, 0], [27, 18, 1], [26, 17, 2], [25, 16, 3], [24, 15, 4], [23, 14, 5], [22, 13, 6], [21, 12, 7], [20, 11, 8], [19, 10, 9], [18, 9, 10], [17, 8, 11], [16, 7, 12], [15, 6, 13], [14, 5, 14], [13, 4, 15], [12, 3, 16], [11, 2, 17], [10, 1, 18], [9, 0, 19], [8, -1, 20], [7, -2, 21], [6, -3, 22], [5, -4, 23], [5, -4, 24], [5, -4, 25], [5, -4, 26], [5, -4, 27], [5, -4, 28], [5, -4, 29]], 'obstacles_positions': []}",20,False
"{'position_t_minus_1': array([0.54320988]), 'position_t': array([0.55555556]), 'action': array([1.]), 'drift': array([0.5       , 0.        , 0.5       , 0.03333333, 0.5       ,
       0.06666667, 0.5       , 0.1       , 0.5       , 0.13333333,
       0.5       , 0.16666667, 0.5       , 0.2       , 0.5       ,
       0.23333333, 0.5       , 0.26666667, 0.5       , 0.3       ,
       0.5       , 0.33333333, 0.5       , 0.36666667, 0.5       ,
       0.4       , 0.5       , 0.43333333, 0.5       , 0.46666667,
       0.5       , 0.5       , 0.5       , 0.53333333, 0.5       ,
       0.56666667, 0.5       , 0.6       , 0.5       , 0.63333333,
       0.5       , 0.66666667, 0.5       , 0.7       , 0.5       ,
       0.73333333, 0.5       , 0.76666667, 0.5       , 0.8       ,
       0.5       , 0.83333333, 0.5       , 0.86666667, 0.5       ,
       0.9       , 0.5       , 0.93333333, 0.5       , 0.96666667,
       0.5       , 1.        ]), 'obstacles_positions': array([1., 1., 1., 1., 1., 1., 1., 1., 1., 1., 1., 1., 1., 1., 1., 1., 1.,
       1., 1., 1., 1., 1., 1., 1., 1., 1., 1., 1., 1., 1., 1., 1., 1., 1.,
       1., 1., 1., 1., 1., 1.]), 'width_to_walls': array([0.55555556, 0.44444444, 0.        , 0.55555556, 0.44444444,
       0.03333333, 0.55555556, 0.44444444, 0.06666667, 0.55555556,
       0.44444444, 0.1       , 0.55555556, 0.44444444, 0.13333333,
       0.55555556, 0.44444444, 0.16666667, 0.55555556, 0.44444444,
       0.2       , 0.55555556, 0.44444444, 0.23333333, 0.55555556,
       0.44444444, 0.26666667, 0.55555556, 0.44444444, 0.3       ,
       0.55555556, 0.44444444, 0.33333333, 0.55555556, 0.44444444,
       0.36666667, 0.55555556, 0.44444444, 0.4       , 0.55555556,
       0.44444444, 0.43333333, 0.55555556, 0.44444444, 0.46666667,
       0.55555556, 0.44444444, 0.5       , 0.55555556, 0.44444444,
       0.53333333, 0.55555556, 0.44444444, 0.56666667, 0.55555556,
       0.44444444, 0.6       , 0.55555556, 0.44444444, 0.63333333,
       0.55555556, 0.44444444, 0.66666667, 0.55555556, 0.44444444,
       0.7       , 0.55555556, 0.44444444, 0.73333333, 0.55555556,
       0.44444444, 0.76666667, 0.55555556, 0.44444444, 0.8       ,
       0.55555556, 0.44444444, 0.83333333, 0.55555556, 0.44444444,
       0.86666667, 0.55555556, 0.44444444, 0.9       , 0.55555556,
       0.44444444, 0.93333333, 0.55555556, 0.44444444, 0.96666667,
       0.55555556, 0.44444444, 1.        ])}"
"{'position_t_minus_1': [45, 76], 'position': [46, 77], 'action': 2, 'drift': [[1, -1], [1, 0], [1, 1], [1, 2], [1, 3], [1, 4], [1, 5], [1, 6], [1, 7], [1, 8], [1, 9], [1, 10], [1, 11], [1, 12], [1, 13], [1, 14], [1, 15], [1, 16], [1, 17], [1, 18], [1, 19], [1, 20], [1, 21], [1, 22], [1, 23], [1, 24], [1, 25], [1, 26], [1, 27], [1, 28], [1, 29]], 'width_to_walls': [[29, 18, -1], [28, 17, 0], [27, 16, 1], [26, 15, 2], [25, 14, 3], [24, 13, 4], [23, 12, 5], [22, 11, 6], [21, 10, 7], [20, 9, 8], [19, 8, 9], [18, 7, 10], [17, 6, 11], [16, 5, 12], [15, 4, 13], [14, 3, 14], [13, 2, 15], [12, 1, 16], [11, 0, 17], [10, -1, 18], [9, -2, 19], [8, -3, 20], [7, -4, 21], [6, -5, 22], [6, -5, 23], [6, -5, 24], [6, -5, 25], [6, -5, 26], [6, -5, 27], [6, -5, 28], [7, -4, 29]], 'obstacles_positions': []}",20,False
"{'position_t_minus_1': array([0.55555556]), 'position_t': array([0.56790123]), 'action': array([1.]), 'drift': array([0.5       , 0.        , 0.5       , 0.03333333, 0.5       ,
       0.06666667, 0.5       , 0.1       , 0.5       , 0.13333333,
       0.5       , 0.16666667, 0.5       , 0.2       , 0.5       ,
       0.23333333, 0.5       , 0.26666667, 0.5       , 0.3       ,
       0.5       , 0.33333333, 0.5       , 0.36666667, 0.5       ,
       0.4       , 0.5       , 0.43333333, 0.5       , 0.46666667,
       0.5       , 0.5       , 0.5       , 0.53333333, 0.5       ,
       0.56666667, 0.5       , 0.6       , 0.5       , 0.63333333,
       0.5       , 0.66666667, 0.5       , 0.7       , 0.5       ,
       0.73333333, 0.5       , 0.76666667, 0.5       , 0.8       ,
       0.5       , 0.83333333, 0.5       , 0.86666667, 0.5       ,
       0.9       , 0.5       , 0.93333333, 0.5       , 0.96666667,
       0.5       , 1.        ]), 'obstacles_positions': array([1., 1., 1., 1., 1., 1., 1., 1., 1., 1., 1., 1., 1., 1., 1., 1., 1.,
       1., 1., 1., 1., 1., 1., 1., 1., 1., 1., 1., 1., 1., 1., 1., 1., 1.,
       1., 1., 1., 1., 1., 1.]), 'width_to_walls': array([0.56790123, 0.43209877, 0.        , 0.56790123, 0.43209877,
       0.03333333, 0.56790123, 0.43209877, 0.06666667, 0.56790123,
       0.43209877, 0.1       , 0.56790123, 0.43209877, 0.13333333,
       0.56790123, 0.43209877, 0.16666667, 0.56790123, 0.43209877,
       0.2       , 0.56790123, 0.43209877, 0.23333333, 0.56790123,
       0.43209877, 0.26666667, 0.56790123, 0.43209877, 0.3       ,
       0.56790123, 0.43209877, 0.33333333, 0.56790123, 0.43209877,
       0.36666667, 0.56790123, 0.43209877, 0.4       , 0.56790123,
       0.43209877, 0.43333333, 0.56790123, 0.43209877, 0.46666667,
       0.56790123, 0.43209877, 0.5       , 0.56790123, 0.43209877,
       0.53333333, 0.56790123, 0.43209877, 0.56666667, 0.56790123,
       0.43209877, 0.6       , 0.56790123, 0.43209877, 0.63333333,
       0.56790123, 0.43209877, 0.66666667, 0.56790123, 0.43209877,
       0.7       , 0.56790123, 0.43209877, 0.73333333, 0.56790123,
       0.43209877, 0.76666667, 0.56790123, 0.43209877, 0.8       ,
       0.56790123, 0.43209877, 0.83333333, 0.56790123, 0.43209877,
       0.86666667, 0.56790123, 0.43209877, 0.9       , 0.56790123,
       0.43209877, 0.93333333, 0.56790123, 0.43209877, 0.96666667,
       0.56790123, 0.43209877, 1.        ])}"
"{'position_t_minus_1': [46, 77], 'position': [46, 78], 'action': 1, 'drift': [[1, -1], [1, 0], [1, 1], [1, 2], [1, 3], [1, 4], [1, 5], [1, 6], [1, 7], [1, 8], [1, 9], [1, 10], [1, 11], [1, 12], [1, 13], [1, 14], [1, 15], [1, 16], [1, 17], [1, 18], [1, 19], [1, 20], [1, 21], [1, 22], [1, 23], [1, 24], [1, 25], [1, 26], [1, 27], [1, 28], [1, 29]], 'width_to_walls': [[28, 17, -1], [27, 16, 0], [26, 15, 1], [25, 14, 2], [24, 13, 3], [23, 12, 4], [22, 11, 5], [21, 10, 6], [20, 9, 7], [19, 8, 8], [18, 7, 9], [17, 6, 10], [16, 5, 11], [15, 4, 12], [14, 3, 13], [13, 2, 14], [12, 1, 15], [11, 0, 16], [10, -1, 17], [9, -2, 18], [8, -3, 19], [7, -4, 20], [6, -5, 21], [6, -5, 22], [6, -5, 23], [6, -5, 24], [6, -5, 25], [6, -5, 26], [6, -5, 27], [7, -4, 28], [8, -3, 29]], 'obstacles_positions': []}",20,False
"{'position_t_minus_1': array([0.56790123]), 'position_t': array([0.56790123]), 'action': array([0.5]), 'drift': array([0.5       , 0.        , 0.5       , 0.03333333, 0.5       ,
       0.06666667, 0.5       , 0.1       , 0.5       , 0.13333333,
       0.5       , 0.16666667, 0.5       , 0.2       , 0.5       ,
       0.23333333, 0.5       , 0.26666667, 0.5       , 0.3       ,
       0.5       , 0.33333333, 0.5       , 0.36666667, 0.5       ,
       0.4       , 0.5       , 0.43333333, 0.5       , 0.46666667,
       0.5       , 0.5       , 0.5       , 0.53333333, 0.5       ,
       0.56666667, 0.5       , 0.6       , 0.5       , 0.63333333,
       0.5       , 0.66666667, 0.5       , 0.7       , 0.5       ,
       0.73333333, 0.5       , 0.76666667, 0.5       , 0.8       ,
       0.5       , 0.83333333, 0.5       , 0.86666667, 0.5       ,
       0.9       , 0.5       , 0.93333333, 0.5       , 0.96666667,
       0.5       , 1.        ]), 'obstacles_positions': array([1., 1., 1., 1., 1., 1., 1., 1., 1., 1., 1., 1., 1., 1., 1., 1., 1.,
       1., 1., 1., 1., 1., 1., 1., 1., 1., 1., 1., 1., 1., 1., 1., 1., 1.,
       1., 1., 1., 1., 1., 1.]), 'width_to_walls': array([0.56790123, 0.43209877, 0.        , 0.56790123, 0.43209877,
       0.03333333, 0.56790123, 0.43209877, 0.06666667, 0.56790123,
       0.43209877, 0.1       , 0.56790123, 0.43209877, 0.13333333,
       0.56790123, 0.43209877, 0.16666667, 0.56790123, 0.43209877,
       0.2       , 0.56790123, 0.43209877, 0.23333333, 0.56790123,
       0.43209877, 0.26666667, 0.56790123, 0.43209877, 0.3       ,
       0.56790123, 0.43209877, 0.33333333, 0.56790123, 0.43209877,
       0.36666667, 0.56790123, 0.43209877, 0.4       , 0.56790123,
       0.43209877, 0.43333333, 0.56790123, 0.43209877, 0.46666667,
       0.56790123, 0.43209877, 0.5       , 0.56790123, 0.43209877,
       0.53333333, 0.56790123, 0.43209877, 0.56666667, 0.56790123,
       0.43209877, 0.6       , 0.56790123, 0.43209877, 0.63333333,
       0.56790123, 0.43209877, 0.66666667, 0.56790123, 0.43209877,
       0.7       , 0.56790123, 0.43209877, 0.73333333, 0.56790123,
       0.43209877, 0.76666667, 0.56790123, 0.43209877, 0.8       ,
       0.56790123, 0.43209877, 0.83333333, 0.56790123, 0.43209877,
       0.86666667, 0.56790123, 0.43209877, 0.9       , 0.56790123,
       0.43209877, 0.93333333, 0.56790123, 0.43209877, 0.96666667,
       0.56790123, 0.43209877, 1.        ])}"
"{'position_t_minus_1': [46, 78], 'position': [47, 79], 'action': 2, 'drift': [[1, -1], [1, 0], [1, 1], [1, 2], [1, 3], [1, 4], [1, 5], [1, 6], [1, 7], [1, 8], [1, 9], [1, 10], [1, 11], [1, 12], [1, 13], [1, 14], [1, 15], [1, 16], [1, 17], [1, 18], [1, 19], [1, 20], [1, 21], [1, 22], [1, 23], [1, 24], [1, 25], [1, 26], [1, 27], [1, 28], [1, 29]], 'width_to_walls': [[28, 15, -1], [27, 14, 0], [26, 13, 1], [25, 12, 2], [24, 11, 3], [23, 10, 4], [22, 9, 5], [21, 8, 6], [20, 7, 7], [19, 6, 8], [18, 5, 9], [17, 4, 10], [16, 3, 11], [15, 2, 12], [14, 1, 13], [13, 0, 14], [12, -1, 15], [11, -2, 16], [10, -3, 17], [9, -4, 18], [8, -5, 19], [7, -6, 20], [7, -6, 21], [7, -6, 22], [7, -6, 23], [7, -6, 24], [7, -6, 25], [7, -6, 26], [8, -5, 27], [9, -4, 28], [10, -3, 29]], 'obstacles_positions': []}",20,False
"{'position_t_minus_1': array([0.56790123]), 'position_t': array([0.58024691]), 'action': array([1.]), 'drift': array([0.5       , 0.        , 0.5       , 0.03333333, 0.5       ,
       0.06666667, 0.5       , 0.1       , 0.5       , 0.13333333,
       0.5       , 0.16666667, 0.5       , 0.2       , 0.5       ,
       0.23333333, 0.5       , 0.26666667, 0.5       , 0.3       ,
       0.5       , 0.33333333, 0.5       , 0.36666667, 0.5       ,
       0.4       , 0.5       , 0.43333333, 0.5       , 0.46666667,
       0.5       , 0.5       , 0.5       , 0.53333333, 0.5       ,
       0.56666667, 0.5       , 0.6       , 0.5       , 0.63333333,
       0.5       , 0.66666667, 0.5       , 0.7       , 0.5       ,
       0.73333333, 0.5       , 0.76666667, 0.5       , 0.8       ,
       0.5       , 0.83333333, 0.5       , 0.86666667, 0.5       ,
       0.9       , 0.5       , 0.93333333, 0.5       , 0.96666667,
       0.5       , 1.        ]), 'obstacles_positions': array([1., 1., 1., 1., 1., 1., 1., 1., 1., 1., 1., 1., 1., 1., 1., 1., 1.,
       1., 1., 1., 1., 1., 1., 1., 1., 1., 1., 1., 1., 1., 1., 1., 1., 1.,
       1., 1., 1., 1., 1., 1.]), 'width_to_walls': array([0.58024691, 0.41975309, 0.        , 0.58024691, 0.41975309,
       0.03333333, 0.58024691, 0.41975309, 0.06666667, 0.58024691,
       0.41975309, 0.1       , 0.58024691, 0.41975309, 0.13333333,
       0.58024691, 0.41975309, 0.16666667, 0.58024691, 0.41975309,
       0.2       , 0.58024691, 0.41975309, 0.23333333, 0.58024691,
       0.41975309, 0.26666667, 0.58024691, 0.41975309, 0.3       ,
       0.58024691, 0.41975309, 0.33333333, 0.58024691, 0.41975309,
       0.36666667, 0.58024691, 0.41975309, 0.4       , 0.58024691,
       0.41975309, 0.43333333, 0.58024691, 0.41975309, 0.46666667,
       0.58024691, 0.41975309, 0.5       , 0.58024691, 0.41975309,
       0.53333333, 0.58024691, 0.41975309, 0.56666667, 0.58024691,
       0.41975309, 0.6       , 0.58024691, 0.41975309, 0.63333333,
       0.58024691, 0.41975309, 0.66666667, 0.58024691, 0.41975309,
       0.7       , 0.58024691, 0.41975309, 0.73333333, 0.58024691,
       0.41975309, 0.76666667, 0.58024691, 0.41975309, 0.8       ,
       0.58024691, 0.41975309, 0.83333333, 0.58024691, 0.41975309,
       0.86666667, 0.58024691, 0.41975309, 0.9       , 0.58024691,
       0.41975309, 0.93333333, 0.58024691, 0.41975309, 0.96666667,
       0.58024691, 0.41975309, 1.        ])}"
"{'position_t_minus_1': [47, 79], 'position': [46, 80], 'action': 0, 'drift': [[1, -1], [1, 0], [1, 1], [1, 2], [1, 3], [1, 4], [1, 5], [1, 6], [1, 7], [1, 8], [1, 9], [1, 10], [1, 11], [1, 12], [1, 13], [1, 14], [1, 15], [1, 16], [1, 17], [1, 18], [1, 19], [1, 20], [1, 21], [1, 22], [1, 23], [1, 24], [1, 25], [1, 26], [1, 27], [1, 28], [1, 29]], 'width_to_walls': [[26, 15, -1], [25, 14, 0], [24, 13, 1], [23, 12, 2], [22, 11, 3], [21, 10, 4], [20, 9, 5], [19, 8, 6], [18, 7, 7], [17, 6, 8], [16, 5, 9], [15, 4, 10], [14, 3, 11], [13, 2, 12], [12, 1, 13], [11, 0, 14], [10, -1, 15], [9, -2, 16], [8, -3, 17], [7, -4, 18], [6, -5, 19], [6, -5, 20], [6, -5, 21], [6, -5, 22], [6, -5, 23], [6, -5, 24], [6, -5, 25], [7, -4, 26], [8, -3, 27], [9, -2, 28], [10, -1, 29]], 'obstacles_positions': []}",20,False
"{'position_t_minus_1': array([0.58024691]), 'position_t': array([0.56790123]), 'action': array([0.]), 'drift': array([0.5       , 0.        , 0.5       , 0.03333333, 0.5       ,
       0.06666667, 0.5       , 0.1       , 0.5       , 0.13333333,
       0.5       , 0.16666667, 0.5       , 0.2       , 0.5       ,
       0.23333333, 0.5       , 0.26666667, 0.5       , 0.3       ,
       0.5       , 0.33333333, 0.5       , 0.36666667, 0.5       ,
       0.4       , 0.5       , 0.43333333, 0.5       , 0.46666667,
       0.5       , 0.5       , 0.5       , 0.53333333, 0.5       ,
       0.56666667, 0.5       , 0.6       , 0.5       , 0.63333333,
       0.5       , 0.66666667, 0.5       , 0.7       , 0.5       ,
       0.73333333, 0.5       , 0.76666667, 0.5       , 0.8       ,
       0.5       , 0.83333333, 0.5       , 0.86666667, 0.5       ,
       0.9       , 0.5       , 0.93333333, 0.5       , 0.96666667,
       0.5       , 1.        ]), 'obstacles_positions': array([1., 1., 1., 1., 1., 1., 1., 1., 1., 1., 1., 1., 1., 1., 1., 1., 1.,
       1., 1., 1., 1., 1., 1., 1., 1., 1., 1., 1., 1., 1., 1., 1., 1., 1.,
       1., 1., 1., 1., 1., 1.]), 'width_to_walls': array([0.56790123, 0.43209877, 0.        , 0.56790123, 0.43209877,
       0.03333333, 0.56790123, 0.43209877, 0.06666667, 0.56790123,
       0.43209877, 0.1       , 0.56790123, 0.43209877, 0.13333333,
       0.56790123, 0.43209877, 0.16666667, 0.56790123, 0.43209877,
       0.2       , 0.56790123, 0.43209877, 0.23333333, 0.56790123,
       0.43209877, 0.26666667, 0.56790123, 0.43209877, 0.3       ,
       0.56790123, 0.43209877, 0.33333333, 0.56790123, 0.43209877,
       0.36666667, 0.56790123, 0.43209877, 0.4       , 0.56790123,
       0.43209877, 0.43333333, 0.56790123, 0.43209877, 0.46666667,
       0.56790123, 0.43209877, 0.5       , 0.56790123, 0.43209877,
       0.53333333, 0.56790123, 0.43209877, 0.56666667, 0.56790123,
       0.43209877, 0.6       , 0.56790123, 0.43209877, 0.63333333,
       0.56790123, 0.43209877, 0.66666667, 0.56790123, 0.43209877,
       0.7       , 0.56790123, 0.43209877, 0.73333333, 0.56790123,
       0.43209877, 0.76666667, 0.56790123, 0.43209877, 0.8       ,
       0.56790123, 0.43209877, 0.83333333, 0.56790123, 0.43209877,
       0.86666667, 0.56790123, 0.43209877, 0.9       , 0.56790123,
       0.43209877, 0.93333333, 0.56790123, 0.43209877, 0.96666667,
       0.56790123, 0.43209877, 1.        ])}"
"{'position_t_minus_1': [46, 80], 'position': [47, 81], 'action': 2, 'drift': [[1, -1], [1, 0], [1, 1], [1, 2], [1, 3], [1, 4], [1, 5], [1, 6], [1, 7], [1, 8], [1, 9], [1, 10], [1, 11], [1, 12], [1, 13], [1, 14], [1, 15], [1, 16], [1, 17], [1, 18], [1, 19], [1, 20], [1, 21], [1, 22], [1, 23], [1, 24], [1, 25], [1, 26], [1, 27], [1, 28], [1, 29]], 'width_to_walls': [[26, 13, -1], [25, 12, 0], [24, 11, 1], [23, 10, 2], [22, 9, 3], [21, 8, 4], [20, 7, 5], [19, 6, 6], [18, 5, 7], [17, 4, 8], [16, 3, 9], [15, 2, 10], [14, 1, 11], [13, 0, 12], [12, -1, 13], [11, -2, 14], [10, -3, 15], [9, -4, 16], [8, -5, 17], [7, -6, 18], [7, -6, 19], [7, -6, 20], [7, -6, 21], [7, -6, 22], [7, -6, 23], [7, -6, 24], [8, -5, 25], [9, -4, 26], [10, -3, 27], [11, -2, 28], [12, -1, 29]], 'obstacles_positions': []}",20,False
"{'position_t_minus_1': array([0.56790123]), 'position_t': array([0.58024691]), 'action': array([1.]), 'drift': array([0.5       , 0.        , 0.5       , 0.03333333, 0.5       ,
       0.06666667, 0.5       , 0.1       , 0.5       , 0.13333333,
       0.5       , 0.16666667, 0.5       , 0.2       , 0.5       ,
       0.23333333, 0.5       , 0.26666667, 0.5       , 0.3       ,
       0.5       , 0.33333333, 0.5       , 0.36666667, 0.5       ,
       0.4       , 0.5       , 0.43333333, 0.5       , 0.46666667,
       0.5       , 0.5       , 0.5       , 0.53333333, 0.5       ,
       0.56666667, 0.5       , 0.6       , 0.5       , 0.63333333,
       0.5       , 0.66666667, 0.5       , 0.7       , 0.5       ,
       0.73333333, 0.5       , 0.76666667, 0.5       , 0.8       ,
       0.5       , 0.83333333, 0.5       , 0.86666667, 0.5       ,
       0.9       , 0.5       , 0.93333333, 0.5       , 0.96666667,
       0.5       , 1.        ]), 'obstacles_positions': array([1., 1., 1., 1., 1., 1., 1., 1., 1., 1., 1., 1., 1., 1., 1., 1., 1.,
       1., 1., 1., 1., 1., 1., 1., 1., 1., 1., 1., 1., 1., 1., 1., 1., 1.,
       1., 1., 1., 1., 1., 1.]), 'width_to_walls': array([0.58024691, 0.41975309, 0.        , 0.58024691, 0.41975309,
       0.03333333, 0.58024691, 0.41975309, 0.06666667, 0.58024691,
       0.41975309, 0.1       , 0.58024691, 0.41975309, 0.13333333,
       0.58024691, 0.41975309, 0.16666667, 0.58024691, 0.41975309,
       0.2       , 0.58024691, 0.41975309, 0.23333333, 0.58024691,
       0.41975309, 0.26666667, 0.58024691, 0.41975309, 0.3       ,
       0.58024691, 0.41975309, 0.33333333, 0.58024691, 0.41975309,
       0.36666667, 0.58024691, 0.41975309, 0.4       , 0.58024691,
       0.41975309, 0.43333333, 0.58024691, 0.41975309, 0.46666667,
       0.58024691, 0.41975309, 0.5       , 0.58024691, 0.41975309,
       0.53333333, 0.58024691, 0.41975309, 0.56666667, 0.58024691,
       0.41975309, 0.6       , 0.58024691, 0.41975309, 0.63333333,
       0.58024691, 0.41975309, 0.66666667, 0.58024691, 0.41975309,
       0.7       , 0.58024691, 0.41975309, 0.73333333, 0.58024691,
       0.41975309, 0.76666667, 0.58024691, 0.41975309, 0.8       ,
       0.58024691, 0.41975309, 0.83333333, 0.58024691, 0.41975309,
       0.86666667, 0.58024691, 0.41975309, 0.9       , 0.58024691,
       0.41975309, 0.93333333, 0.58024691, 0.41975309, 0.96666667,
       0.58024691, 0.41975309, 1.        ])}"
"{'position_t_minus_1': [47, 81], 'position': [47, 82], 'action': 1, 'drift': [[1, -1], [1, 0], [1, 1], [1, 2], [1, 3], [1, 4], [1, 5], [1, 6], [1, 7], [1, 8], [1, 9], [1, 10], [1, 11], [1, 12], [1, 13], [1, 14], [1, 15], [1, 16], [1, 17], [1, 18], [1, 19], [1, 20], [1, 21], [1, 22], [1, 23], [1, 24], [1, 25], [1, 26], [1, 27], [1, 28], [1, 29]], 'width_to_walls': [[25, 12, -1], [24, 11, 0], [23, 10, 1], [22, 9, 2], [21, 8, 3], [20, 7, 4], [19, 6, 5], [18, 5, 6], [17, 4, 7], [16, 3, 8], [15, 2, 9], [14, 1, 10], [13, 0, 11], [12, -1, 12], [11, -2, 13], [10, -3, 14], [9, -4, 15], [8, -5, 16], [7, -6, 17], [7, -6, 18], [7, -6, 19], [7, -6, 20], [7, -6, 21], [7, -6, 22], [7, -6, 23], [8, -5, 24], [9, -4, 25], [10, -3, 26], [11, -2, 27], [12, -1, 28], [13, 0, 29]], 'obstacles_positions': []}",20,False
"{'position_t_minus_1': array([0.58024691]), 'position_t': array([0.58024691]), 'action': array([0.5]), 'drift': array([0.5       , 0.        , 0.5       , 0.03333333, 0.5       ,
       0.06666667, 0.5       , 0.1       , 0.5       , 0.13333333,
       0.5       , 0.16666667, 0.5       , 0.2       , 0.5       ,
       0.23333333, 0.5       , 0.26666667, 0.5       , 0.3       ,
       0.5       , 0.33333333, 0.5       , 0.36666667, 0.5       ,
       0.4       , 0.5       , 0.43333333, 0.5       , 0.46666667,
       0.5       , 0.5       , 0.5       , 0.53333333, 0.5       ,
       0.56666667, 0.5       , 0.6       , 0.5       , 0.63333333,
       0.5       , 0.66666667, 0.5       , 0.7       , 0.5       ,
       0.73333333, 0.5       , 0.76666667, 0.5       , 0.8       ,
       0.5       , 0.83333333, 0.5       , 0.86666667, 0.5       ,
       0.9       , 0.5       , 0.93333333, 0.5       , 0.96666667,
       0.5       , 1.        ]), 'obstacles_positions': array([1., 1., 1., 1., 1., 1., 1., 1., 1., 1., 1., 1., 1., 1., 1., 1., 1.,
       1., 1., 1., 1., 1., 1., 1., 1., 1., 1., 1., 1., 1., 1., 1., 1., 1.,
       1., 1., 1., 1., 1., 1.]), 'width_to_walls': array([0.58024691, 0.41975309, 0.        , 0.58024691, 0.41975309,
       0.03333333, 0.58024691, 0.41975309, 0.06666667, 0.58024691,
       0.41975309, 0.1       , 0.58024691, 0.41975309, 0.13333333,
       0.58024691, 0.41975309, 0.16666667, 0.58024691, 0.41975309,
       0.2       , 0.58024691, 0.41975309, 0.23333333, 0.58024691,
       0.41975309, 0.26666667, 0.58024691, 0.41975309, 0.3       ,
       0.58024691, 0.41975309, 0.33333333, 0.58024691, 0.41975309,
       0.36666667, 0.58024691, 0.41975309, 0.4       , 0.58024691,
       0.41975309, 0.43333333, 0.58024691, 0.41975309, 0.46666667,
       0.58024691, 0.41975309, 0.5       , 0.58024691, 0.41975309,
       0.53333333, 0.58024691, 0.41975309, 0.56666667, 0.58024691,
       0.41975309, 0.6       , 0.58024691, 0.41975309, 0.63333333,
       0.58024691, 0.41975309, 0.66666667, 0.58024691, 0.41975309,
       0.7       , 0.58024691, 0.41975309, 0.73333333, 0.58024691,
       0.41975309, 0.76666667, 0.58024691, 0.41975309, 0.8       ,
       0.58024691, 0.41975309, 0.83333333, 0.58024691, 0.41975309,
       0.86666667, 0.58024691, 0.41975309, 0.9       , 0.58024691,
       0.41975309, 0.93333333, 0.58024691, 0.41975309, 0.96666667,
       0.58024691, 0.41975309, 1.        ])}"
"{'position_t_minus_1': [47, 82], 'position': [48, 83], 'action': 2, 'drift': [[1, -1], [1, 0], [1, 1], [1, 2], [1, 3], [1, 4], [1, 5], [1, 6], [1, 7], [1, 8], [1, 9], [1, 10], [1, 11], [1, 12], [1, 13], [1, 14], [1, 15], [1, 16], [1, 17], [1, 18], [1, 19], [1, 20], [1, 21], [1, 22], [1, 23], [1, 24], [1, 25], [1, 26], [1, 27], [1, 28], [1, 29]], 'width_to_walls': [[25, 10, -1], [24, 9, 0], [23, 8, 1], [22, 7, 2], [21, 6, 3], [20, 5, 4], [19, 4, 5], [18, 3, 6], [17, 2, 7], [16, 1, 8], [15, 0, 9], [14, -1, 10], [13, -2, 11], [12, -3, 12], [11, -4, 13], [10, -5, 14], [9, -6, 15], [8, -7, 16], [8, -7, 17], [8, -7, 18], [8, -7, 19], [8, -7, 20], [8, -7, 21], [8, -7, 22], [9, -6, 23], [10, -5, 24], [11, -4, 25], [12, -3, 26], [13, -2, 27], [14, -1, 28], [15, 0, 29]], 'obstacles_positions': []}",20,False
"{'position_t_minus_1': array([0.58024691]), 'position_t': array([0.59259259]), 'action': array([1.]), 'drift': array([0.5       , 0.        , 0.5       , 0.03333333, 0.5       ,
       0.06666667, 0.5       , 0.1       , 0.5       , 0.13333333,
       0.5       , 0.16666667, 0.5       , 0.2       , 0.5       ,
       0.23333333, 0.5       , 0.26666667, 0.5       , 0.3       ,
       0.5       , 0.33333333, 0.5       , 0.36666667, 0.5       ,
       0.4       , 0.5       , 0.43333333, 0.5       , 0.46666667,
       0.5       , 0.5       , 0.5       , 0.53333333, 0.5       ,
       0.56666667, 0.5       , 0.6       , 0.5       , 0.63333333,
       0.5       , 0.66666667, 0.5       , 0.7       , 0.5       ,
       0.73333333, 0.5       , 0.76666667, 0.5       , 0.8       ,
       0.5       , 0.83333333, 0.5       , 0.86666667, 0.5       ,
       0.9       , 0.5       , 0.93333333, 0.5       , 0.96666667,
       0.5       , 1.        ]), 'obstacles_positions': array([1., 1., 1., 1., 1., 1., 1., 1., 1., 1., 1., 1., 1., 1., 1., 1., 1.,
       1., 1., 1., 1., 1., 1., 1., 1., 1., 1., 1., 1., 1., 1., 1., 1., 1.,
       1., 1., 1., 1., 1., 1.]), 'width_to_walls': array([0.59259259, 0.40740741, 0.        , 0.59259259, 0.40740741,
       0.03333333, 0.59259259, 0.40740741, 0.06666667, 0.59259259,
       0.40740741, 0.1       , 0.59259259, 0.40740741, 0.13333333,
       0.59259259, 0.40740741, 0.16666667, 0.59259259, 0.40740741,
       0.2       , 0.59259259, 0.40740741, 0.23333333, 0.59259259,
       0.40740741, 0.26666667, 0.59259259, 0.40740741, 0.3       ,
       0.59259259, 0.40740741, 0.33333333, 0.59259259, 0.40740741,
       0.36666667, 0.59259259, 0.40740741, 0.4       , 0.59259259,
       0.40740741, 0.43333333, 0.59259259, 0.40740741, 0.46666667,
       0.59259259, 0.40740741, 0.5       , 0.59259259, 0.40740741,
       0.53333333, 0.59259259, 0.40740741, 0.56666667, 0.59259259,
       0.40740741, 0.6       , 0.59259259, 0.40740741, 0.63333333,
       0.59259259, 0.40740741, 0.66666667, 0.59259259, 0.40740741,
       0.7       , 0.59259259, 0.40740741, 0.73333333, 0.59259259,
       0.40740741, 0.76666667, 0.59259259, 0.40740741, 0.8       ,
       0.59259259, 0.40740741, 0.83333333, 0.59259259, 0.40740741,
       0.86666667, 0.59259259, 0.40740741, 0.9       , 0.59259259,
       0.40740741, 0.93333333, 0.59259259, 0.40740741, 0.96666667,
       0.59259259, 0.40740741, 1.        ])}"
"{'position_t_minus_1': [48, 83], 'position': [48, 84], 'action': 1, 'drift': [[1, -1], [1, 0], [1, 1], [1, 2], [1, 3], [1, 4], [1, 5], [1, 6], [1, 7], [1, 8], [1, 9], [1, 10], [1, 11], [1, 12], [1, 13], [1, 14], [1, 15], [1, 16], [1, 17], [1, 18], [1, 19], [1, 20], [1, 21], [1, 22], [1, 23], [1, 24], [1, 25], [1, 26], [1, 27], [1, 28], [1, 29]], 'width_to_walls': [[24, 9, -1], [23, 8, 0], [22, 7, 1], [21, 6, 2], [20, 5, 3], [19, 4, 4], [18, 3, 5], [17, 2, 6], [16, 1, 7], [15, 0, 8], [14, -1, 9], [13, -2, 10], [12, -3, 11], [11, -4, 12], [10, -5, 13], [9, -6, 14], [8, -7, 15], [8, -7, 16], [8, -7, 17], [8, -7, 18], [8, -7, 19], [8, -7, 20], [8, -7, 21], [9, -6, 22], [10, -5, 23], [11, -4, 24], [12, -3, 25], [13, -2, 26], [14, -1, 27], [15, 0, 28], [16, 1, 29]], 'obstacles_positions': []}",20,False
"{'position_t_minus_1': array([0.59259259]), 'position_t': array([0.59259259]), 'action': array([0.5]), 'drift': array([0.5       , 0.        , 0.5       , 0.03333333, 0.5       ,
       0.06666667, 0.5       , 0.1       , 0.5       , 0.13333333,
       0.5       , 0.16666667, 0.5       , 0.2       , 0.5       ,
       0.23333333, 0.5       , 0.26666667, 0.5       , 0.3       ,
       0.5       , 0.33333333, 0.5       , 0.36666667, 0.5       ,
       0.4       , 0.5       , 0.43333333, 0.5       , 0.46666667,
       0.5       , 0.5       , 0.5       , 0.53333333, 0.5       ,
       0.56666667, 0.5       , 0.6       , 0.5       , 0.63333333,
       0.5       , 0.66666667, 0.5       , 0.7       , 0.5       ,
       0.73333333, 0.5       , 0.76666667, 0.5       , 0.8       ,
       0.5       , 0.83333333, 0.5       , 0.86666667, 0.5       ,
       0.9       , 0.5       , 0.93333333, 0.5       , 0.96666667,
       0.5       , 1.        ]), 'obstacles_positions': array([1., 1., 1., 1., 1., 1., 1., 1., 1., 1., 1., 1., 1., 1., 1., 1., 1.,
       1., 1., 1., 1., 1., 1., 1., 1., 1., 1., 1., 1., 1., 1., 1., 1., 1.,
       1., 1., 1., 1., 1., 1.]), 'width_to_walls': array([0.59259259, 0.40740741, 0.        , 0.59259259, 0.40740741,
       0.03333333, 0.59259259, 0.40740741, 0.06666667, 0.59259259,
       0.40740741, 0.1       , 0.59259259, 0.40740741, 0.13333333,
       0.59259259, 0.40740741, 0.16666667, 0.59259259, 0.40740741,
       0.2       , 0.59259259, 0.40740741, 0.23333333, 0.59259259,
       0.40740741, 0.26666667, 0.59259259, 0.40740741, 0.3       ,
       0.59259259, 0.40740741, 0.33333333, 0.59259259, 0.40740741,
       0.36666667, 0.59259259, 0.40740741, 0.4       , 0.59259259,
       0.40740741, 0.43333333, 0.59259259, 0.40740741, 0.46666667,
       0.59259259, 0.40740741, 0.5       , 0.59259259, 0.40740741,
       0.53333333, 0.59259259, 0.40740741, 0.56666667, 0.59259259,
       0.40740741, 0.6       , 0.59259259, 0.40740741, 0.63333333,
       0.59259259, 0.40740741, 0.66666667, 0.59259259, 0.40740741,
       0.7       , 0.59259259, 0.40740741, 0.73333333, 0.59259259,
       0.40740741, 0.76666667, 0.59259259, 0.40740741, 0.8       ,
       0.59259259, 0.40740741, 0.83333333, 0.59259259, 0.40740741,
       0.86666667, 0.59259259, 0.40740741, 0.9       , 0.59259259,
       0.40740741, 0.93333333, 0.59259259, 0.40740741, 0.96666667,
       0.59259259, 0.40740741, 1.        ])}"
"{'position_t_minus_1': [48, 84], 'position': [48, 85], 'action': 1, 'drift': [[1, -1], [1, 0], [1, 1], [1, 2], [1, 3], [1, 4], [1, 5], [1, 6], [1, 7], [1, 8], [1, 9], [1, 10], [1, 11], [1, 12], [1, 13], [1, 14], [1, 15], [1, 16], [1, 17], [1, 18], [1, 19], [1, 20], [1, 21], [1, 22], [1, 23], [1, 24], [1, 25], [1, 26], [1, 27], [1, 28], [1, 29]], 'width_to_walls': [[23, 8, -1], [22, 7, 0], [21, 6, 1], [20, 5, 2], [19, 4, 3], [18, 3, 4], [17, 2, 5], [16, 1, 6], [15, 0, 7], [14, -1, 8], [13, -2, 9], [12, -3, 10], [11, -4, 11], [10, -5, 12], [9, -6, 13], [8, -7, 14], [8, -7, 15], [8, -7, 16], [8, -7, 17], [8, -7, 18], [8, -7, 19], [8, -7, 20], [9, -6, 21], [10, -5, 22], [11, -4, 23], [12, -3, 24], [13, -2, 25], [14, -1, 26], [15, 0, 27], [16, 1, 28], [17, 2, 29]], 'obstacles_positions': []}",20,False
"{'position_t_minus_1': array([0.59259259]), 'position_t': array([0.59259259]), 'action': array([0.5]), 'drift': array([0.5       , 0.        , 0.5       , 0.03333333, 0.5       ,
       0.06666667, 0.5       , 0.1       , 0.5       , 0.13333333,
       0.5       , 0.16666667, 0.5       , 0.2       , 0.5       ,
       0.23333333, 0.5       , 0.26666667, 0.5       , 0.3       ,
       0.5       , 0.33333333, 0.5       , 0.36666667, 0.5       ,
       0.4       , 0.5       , 0.43333333, 0.5       , 0.46666667,
       0.5       , 0.5       , 0.5       , 0.53333333, 0.5       ,
       0.56666667, 0.5       , 0.6       , 0.5       , 0.63333333,
       0.5       , 0.66666667, 0.5       , 0.7       , 0.5       ,
       0.73333333, 0.5       , 0.76666667, 0.5       , 0.8       ,
       0.5       , 0.83333333, 0.5       , 0.86666667, 0.5       ,
       0.9       , 0.5       , 0.93333333, 0.5       , 0.96666667,
       0.5       , 1.        ]), 'obstacles_positions': array([1., 1., 1., 1., 1., 1., 1., 1., 1., 1., 1., 1., 1., 1., 1., 1., 1.,
       1., 1., 1., 1., 1., 1., 1., 1., 1., 1., 1., 1., 1., 1., 1., 1., 1.,
       1., 1., 1., 1., 1., 1.]), 'width_to_walls': array([0.59259259, 0.40740741, 0.        , 0.59259259, 0.40740741,
       0.03333333, 0.59259259, 0.40740741, 0.06666667, 0.59259259,
       0.40740741, 0.1       , 0.59259259, 0.40740741, 0.13333333,
       0.59259259, 0.40740741, 0.16666667, 0.59259259, 0.40740741,
       0.2       , 0.59259259, 0.40740741, 0.23333333, 0.59259259,
       0.40740741, 0.26666667, 0.59259259, 0.40740741, 0.3       ,
       0.59259259, 0.40740741, 0.33333333, 0.59259259, 0.40740741,
       0.36666667, 0.59259259, 0.40740741, 0.4       , 0.59259259,
       0.40740741, 0.43333333, 0.59259259, 0.40740741, 0.46666667,
       0.59259259, 0.40740741, 0.5       , 0.59259259, 0.40740741,
       0.53333333, 0.59259259, 0.40740741, 0.56666667, 0.59259259,
       0.40740741, 0.6       , 0.59259259, 0.40740741, 0.63333333,
       0.59259259, 0.40740741, 0.66666667, 0.59259259, 0.40740741,
       0.7       , 0.59259259, 0.40740741, 0.73333333, 0.59259259,
       0.40740741, 0.76666667, 0.59259259, 0.40740741, 0.8       ,
       0.59259259, 0.40740741, 0.83333333, 0.59259259, 0.40740741,
       0.86666667, 0.59259259, 0.40740741, 0.9       , 0.59259259,
       0.40740741, 0.93333333, 0.59259259, 0.40740741, 0.96666667,
       0.59259259, 0.40740741, 1.        ])}"
"{'position_t_minus_1': [48, 85], 'position': [47, 86], 'action': 0, 'drift': [[1, -1], [1, 0], [1, 1], [1, 2], [1, 3], [1, 4], [1, 5], [1, 6], [1, 7], [1, 8], [1, 9], [1, 10], [1, 11], [1, 12], [1, 13], [1, 14], [1, 15], [1, 16], [1, 17], [1, 18], [1, 19], [1, 20], [1, 21], [1, 22], [1, 23], [1, 24], [1, 25], [1, 26], [1, 27], [1, 28], [1, 29]], 'width_to_walls': [[21, 8, -1], [20, 7, 0], [19, 6, 1], [18, 5, 2], [17, 4, 3], [16, 3, 4], [15, 2, 5], [14, 1, 6], [13, 0, 7], [12, -1, 8], [11, -2, 9], [10, -3, 10], [9, -4, 11], [8, -5, 12], [7, -6, 13], [7, -6, 14], [7, -6, 15], [7, -6, 16], [7, -6, 17], [7, -6, 18], [7, -6, 19], [8, -5, 20], [9, -4, 21], [10, -3, 22], [11, -2, 23], [12, -1, 24], [13, 0, 25], [14, 1, 26], [15, 2, 27], [16, 3, 28], [17, 4, 29]], 'obstacles_positions': []}",20,False
"{'position_t_minus_1': array([0.59259259]), 'position_t': array([0.58024691]), 'action': array([0.]), 'drift': array([0.5       , 0.        , 0.5       , 0.03333333, 0.5       ,
       0.06666667, 0.5       , 0.1       , 0.5       , 0.13333333,
       0.5       , 0.16666667, 0.5       , 0.2       , 0.5       ,
       0.23333333, 0.5       , 0.26666667, 0.5       , 0.3       ,
       0.5       , 0.33333333, 0.5       , 0.36666667, 0.5       ,
       0.4       , 0.5       , 0.43333333, 0.5       , 0.46666667,
       0.5       , 0.5       , 0.5       , 0.53333333, 0.5       ,
       0.56666667, 0.5       , 0.6       , 0.5       , 0.63333333,
       0.5       , 0.66666667, 0.5       , 0.7       , 0.5       ,
       0.73333333, 0.5       , 0.76666667, 0.5       , 0.8       ,
       0.5       , 0.83333333, 0.5       , 0.86666667, 0.5       ,
       0.9       , 0.5       , 0.93333333, 0.5       , 0.96666667,
       0.5       , 1.        ]), 'obstacles_positions': array([1., 1., 1., 1., 1., 1., 1., 1., 1., 1., 1., 1., 1., 1., 1., 1., 1.,
       1., 1., 1., 1., 1., 1., 1., 1., 1., 1., 1., 1., 1., 1., 1., 1., 1.,
       1., 1., 1., 1., 1., 1.]), 'width_to_walls': array([0.58024691, 0.41975309, 0.        , 0.58024691, 0.41975309,
       0.03333333, 0.58024691, 0.41975309, 0.06666667, 0.58024691,
       0.41975309, 0.1       , 0.58024691, 0.41975309, 0.13333333,
       0.58024691, 0.41975309, 0.16666667, 0.58024691, 0.41975309,
       0.2       , 0.58024691, 0.41975309, 0.23333333, 0.58024691,
       0.41975309, 0.26666667, 0.58024691, 0.41975309, 0.3       ,
       0.58024691, 0.41975309, 0.33333333, 0.58024691, 0.41975309,
       0.36666667, 0.58024691, 0.41975309, 0.4       , 0.58024691,
       0.41975309, 0.43333333, 0.58024691, 0.41975309, 0.46666667,
       0.58024691, 0.41975309, 0.5       , 0.58024691, 0.41975309,
       0.53333333, 0.58024691, 0.41975309, 0.56666667, 0.58024691,
       0.41975309, 0.6       , 0.58024691, 0.41975309, 0.63333333,
       0.58024691, 0.41975309, 0.66666667, 0.58024691, 0.41975309,
       0.7       , 0.58024691, 0.41975309, 0.73333333, 0.58024691,
       0.41975309, 0.76666667, 0.58024691, 0.41975309, 0.8       ,
       0.58024691, 0.41975309, 0.83333333, 0.58024691, 0.41975309,
       0.86666667, 0.58024691, 0.41975309, 0.9       , 0.58024691,
       0.41975309, 0.93333333, 0.58024691, 0.41975309, 0.96666667,
       0.58024691, 0.41975309, 1.        ])}"
"{'position_t_minus_1': [47, 86], 'position': [48, 87], 'action': 2, 'drift': [[1, -1], [1, 0], [1, 1], [1, 2], [1, 3], [1, 4], [1, 5], [1, 6], [1, 7], [1, 8], [1, 9], [1, 10], [1, 11], [1, 12], [1, 13], [1, 14], [1, 15], [1, 16], [1, 17], [1, 18], [1, 19], [1, 20], [1, 21], [1, 22], [1, 23], [1, 24], [1, 25], [1, 26], [1, 27], [1, 28], [1, 29]], 'width_to_walls': [[21, 6, -1], [20, 5, 0], [19, 4, 1], [18, 3, 2], [17, 2, 3], [16, 1, 4], [15, 0, 5], [14, -1, 6], [13, -2, 7], [12, -3, 8], [11, -4, 9], [10, -5, 10], [9, -6, 11], [8, -7, 12], [8, -7, 13], [8, -7, 14], [8, -7, 15], [8, -7, 16], [8, -7, 17], [8, -7, 18], [9, -6, 19], [10, -5, 20], [11, -4, 21], [12, -3, 22], [13, -2, 23], [14, -1, 24], [15, 0, 25], [16, 1, 26], [17, 2, 27], [18, 3, 28], [19, 4, 29]], 'obstacles_positions': []}",20,False
"{'position_t_minus_1': array([0.58024691]), 'position_t': array([0.59259259]), 'action': array([1.]), 'drift': array([0.5       , 0.        , 0.5       , 0.03333333, 0.5       ,
       0.06666667, 0.5       , 0.1       , 0.5       , 0.13333333,
       0.5       , 0.16666667, 0.5       , 0.2       , 0.5       ,
       0.23333333, 0.5       , 0.26666667, 0.5       , 0.3       ,
       0.5       , 0.33333333, 0.5       , 0.36666667, 0.5       ,
       0.4       , 0.5       , 0.43333333, 0.5       , 0.46666667,
       0.5       , 0.5       , 0.5       , 0.53333333, 0.5       ,
       0.56666667, 0.5       , 0.6       , 0.5       , 0.63333333,
       0.5       , 0.66666667, 0.5       , 0.7       , 0.5       ,
       0.73333333, 0.5       , 0.76666667, 0.5       , 0.8       ,
       0.5       , 0.83333333, 0.5       , 0.86666667, 0.5       ,
       0.9       , 0.5       , 0.93333333, 0.5       , 0.96666667,
       0.5       , 1.        ]), 'obstacles_positions': array([1., 1., 1., 1., 1., 1., 1., 1., 1., 1., 1., 1., 1., 1., 1., 1., 1.,
       1., 1., 1., 1., 1., 1., 1., 1., 1., 1., 1., 1., 1., 1., 1., 1., 1.,
       1., 1., 1., 1., 1., 1.]), 'width_to_walls': array([0.59259259, 0.40740741, 0.        , 0.59259259, 0.40740741,
       0.03333333, 0.59259259, 0.40740741, 0.06666667, 0.59259259,
       0.40740741, 0.1       , 0.59259259, 0.40740741, 0.13333333,
       0.59259259, 0.40740741, 0.16666667, 0.59259259, 0.40740741,
       0.2       , 0.59259259, 0.40740741, 0.23333333, 0.59259259,
       0.40740741, 0.26666667, 0.59259259, 0.40740741, 0.3       ,
       0.59259259, 0.40740741, 0.33333333, 0.59259259, 0.40740741,
       0.36666667, 0.59259259, 0.40740741, 0.4       , 0.59259259,
       0.40740741, 0.43333333, 0.59259259, 0.40740741, 0.46666667,
       0.59259259, 0.40740741, 0.5       , 0.59259259, 0.40740741,
       0.53333333, 0.59259259, 0.40740741, 0.56666667, 0.59259259,
       0.40740741, 0.6       , 0.59259259, 0.40740741, 0.63333333,
       0.59259259, 0.40740741, 0.66666667, 0.59259259, 0.40740741,
       0.7       , 0.59259259, 0.40740741, 0.73333333, 0.59259259,
       0.40740741, 0.76666667, 0.59259259, 0.40740741, 0.8       ,
       0.59259259, 0.40740741, 0.83333333, 0.59259259, 0.40740741,
       0.86666667, 0.59259259, 0.40740741, 0.9       , 0.59259259,
       0.40740741, 0.93333333, 0.59259259, 0.40740741, 0.96666667,
       0.59259259, 0.40740741, 1.        ])}"
"{'position_t_minus_1': [48, 87], 'position': [48, 88], 'action': 1, 'drift': [[1, -1], [1, 0], [1, 1], [1, 2], [1, 3], [1, 4], [1, 5], [1, 6], [1, 7], [1, 8], [1, 9], [1, 10], [1, 11], [1, 12], [1, 13], [1, 14], [1, 15], [1, 16], [1, 17], [1, 18], [1, 19], [1, 20], [1, 21], [1, 22], [1, 23], [1, 24], [1, 25], [1, 26], [1, 27], [1, 28], [1, 29]], 'width_to_walls': [[20, 5, -1], [19, 4, 0], [18, 3, 1], [17, 2, 2], [16, 1, 3], [15, 0, 4], [14, -1, 5], [13, -2, 6], [12, -3, 7], [11, -4, 8], [10, -5, 9], [9, -6, 10], [8, -7, 11], [8, -7, 12], [8, -7, 13], [8, -7, 14], [8, -7, 15], [8, -7, 16], [8, -7, 17], [9, -6, 18], [10, -5, 19], [11, -4, 20], [12, -3, 21], [13, -2, 22], [14, -1, 23], [15, 0, 24], [16, 1, 25], [17, 2, 26], [18, 3, 27], [19, 4, 28], [20, 5, 29]], 'obstacles_positions': []}",20,False
"{'position_t_minus_1': array([0.59259259]), 'position_t': array([0.59259259]), 'action': array([0.5]), 'drift': array([0.5       , 0.        , 0.5       , 0.03333333, 0.5       ,
       0.06666667, 0.5       , 0.1       , 0.5       , 0.13333333,
       0.5       , 0.16666667, 0.5       , 0.2       , 0.5       ,
       0.23333333, 0.5       , 0.26666667, 0.5       , 0.3       ,
       0.5       , 0.33333333, 0.5       , 0.36666667, 0.5       ,
       0.4       , 0.5       , 0.43333333, 0.5       , 0.46666667,
       0.5       , 0.5       , 0.5       , 0.53333333, 0.5       ,
       0.56666667, 0.5       , 0.6       , 0.5       , 0.63333333,
       0.5       , 0.66666667, 0.5       , 0.7       , 0.5       ,
       0.73333333, 0.5       , 0.76666667, 0.5       , 0.8       ,
       0.5       , 0.83333333, 0.5       , 0.86666667, 0.5       ,
       0.9       , 0.5       , 0.93333333, 0.5       , 0.96666667,
       0.5       , 1.        ]), 'obstacles_positions': array([1., 1., 1., 1., 1., 1., 1., 1., 1., 1., 1., 1., 1., 1., 1., 1., 1.,
       1., 1., 1., 1., 1., 1., 1., 1., 1., 1., 1., 1., 1., 1., 1., 1., 1.,
       1., 1., 1., 1., 1., 1.]), 'width_to_walls': array([0.59259259, 0.40740741, 0.        , 0.59259259, 0.40740741,
       0.03333333, 0.59259259, 0.40740741, 0.06666667, 0.59259259,
       0.40740741, 0.1       , 0.59259259, 0.40740741, 0.13333333,
       0.59259259, 0.40740741, 0.16666667, 0.59259259, 0.40740741,
       0.2       , 0.59259259, 0.40740741, 0.23333333, 0.59259259,
       0.40740741, 0.26666667, 0.59259259, 0.40740741, 0.3       ,
       0.59259259, 0.40740741, 0.33333333, 0.59259259, 0.40740741,
       0.36666667, 0.59259259, 0.40740741, 0.4       , 0.59259259,
       0.40740741, 0.43333333, 0.59259259, 0.40740741, 0.46666667,
       0.59259259, 0.40740741, 0.5       , 0.59259259, 0.40740741,
       0.53333333, 0.59259259, 0.40740741, 0.56666667, 0.59259259,
       0.40740741, 0.6       , 0.59259259, 0.40740741, 0.63333333,
       0.59259259, 0.40740741, 0.66666667, 0.59259259, 0.40740741,
       0.7       , 0.59259259, 0.40740741, 0.73333333, 0.59259259,
       0.40740741, 0.76666667, 0.59259259, 0.40740741, 0.8       ,
       0.59259259, 0.40740741, 0.83333333, 0.59259259, 0.40740741,
       0.86666667, 0.59259259, 0.40740741, 0.9       , 0.59259259,
       0.40740741, 0.93333333, 0.59259259, 0.40740741, 0.96666667,
       0.59259259, 0.40740741, 1.        ])}"
"{'position_t_minus_1': [48, 88], 'position': [49, 89], 'action': 2, 'drift': [[1, -1], [1, 0], [1, 1], [1, 2], [1, 3], [1, 4], [1, 5], [1, 6], [1, 7], [1, 8], [1, 9], [1, 10], [1, 11], [1, 12], [1, 13], [1, 14], [1, 15], [1, 16], [1, 17], [1, 18], [1, 19], [1, 20], [1, 21], [1, 22], [1, 23], [1, 24], [1, 25], [1, 26], [1, 27], [1, 28], [1, 29]], 'width_to_walls': [[20, 3, -1], [19, 2, 0], [18, 1, 1], [17, 0, 2], [16, -1, 3], [15, -2, 4], [14, -3, 5], [13, -4, 6], [12, -5, 7], [11, -6, 8], [10, -7, 9], [9, -8, 10], [9, -8, 11], [9, -8, 12], [9, -8, 13], [9, -8, 14], [9, -8, 15], [9, -8, 16], [10, -7, 17], [11, -6, 18], [12, -5, 19], [13, -4, 20], [14, -3, 21], [15, -2, 22], [16, -1, 23], [17, 0, 24], [18, 1, 25], [19, 2, 26], [20, 3, 27], [21, 4, 28], [22, 5, 29]], 'obstacles_positions': []}",10,False
"{'position_t_minus_1': array([0.59259259]), 'position_t': array([0.60493827]), 'action': array([1.]), 'drift': array([0.5       , 0.        , 0.5       , 0.03333333, 0.5       ,
       0.06666667, 0.5       , 0.1       , 0.5       , 0.13333333,
       0.5       , 0.16666667, 0.5       , 0.2       , 0.5       ,
       0.23333333, 0.5       , 0.26666667, 0.5       , 0.3       ,
       0.5       , 0.33333333, 0.5       , 0.36666667, 0.5       ,
       0.4       , 0.5       , 0.43333333, 0.5       , 0.46666667,
       0.5       , 0.5       , 0.5       , 0.53333333, 0.5       ,
       0.56666667, 0.5       , 0.6       , 0.5       , 0.63333333,
       0.5       , 0.66666667, 0.5       , 0.7       , 0.5       ,
       0.73333333, 0.5       , 0.76666667, 0.5       , 0.8       ,
       0.5       , 0.83333333, 0.5       , 0.86666667, 0.5       ,
       0.9       , 0.5       , 0.93333333, 0.5       , 0.96666667,
       0.5       , 1.        ]), 'obstacles_positions': array([1., 1., 1., 1., 1., 1., 1., 1., 1., 1., 1., 1., 1., 1., 1., 1., 1.,
       1., 1., 1., 1., 1., 1., 1., 1., 1., 1., 1., 1., 1., 1., 1., 1., 1.,
       1., 1., 1., 1., 1., 1.]), 'width_to_walls': array([0.60493827, 0.39506173, 0.        , 0.60493827, 0.39506173,
       0.03333333, 0.60493827, 0.39506173, 0.06666667, 0.60493827,
       0.39506173, 0.1       , 0.60493827, 0.39506173, 0.13333333,
       0.60493827, 0.39506173, 0.16666667, 0.60493827, 0.39506173,
       0.2       , 0.60493827, 0.39506173, 0.23333333, 0.60493827,
       0.39506173, 0.26666667, 0.60493827, 0.39506173, 0.3       ,
       0.60493827, 0.39506173, 0.33333333, 0.60493827, 0.39506173,
       0.36666667, 0.60493827, 0.39506173, 0.4       , 0.60493827,
       0.39506173, 0.43333333, 0.60493827, 0.39506173, 0.46666667,
       0.60493827, 0.39506173, 0.5       , 0.60493827, 0.39506173,
       0.53333333, 0.60493827, 0.39506173, 0.56666667, 0.60493827,
       0.39506173, 0.6       , 0.60493827, 0.39506173, 0.63333333,
       0.60493827, 0.39506173, 0.66666667, 0.60493827, 0.39506173,
       0.7       , 0.60493827, 0.39506173, 0.73333333, 0.60493827,
       0.39506173, 0.76666667, 0.60493827, 0.39506173, 0.8       ,
       0.60493827, 0.39506173, 0.83333333, 0.60493827, 0.39506173,
       0.86666667, 0.60493827, 0.39506173, 0.9       , 0.60493827,
       0.39506173, 0.93333333, 0.60493827, 0.39506173, 0.96666667,
       0.60493827, 0.39506173, 1.        ])}"
"{'position_t_minus_1': [49, 89], 'position': [49, 90], 'action': 1, 'drift': [[1, -1], [1, 0], [1, 1], [1, 2], [1, 3], [1, 4], [1, 5], [1, 6], [1, 7], [1, 8], [1, 9], [1, 10], [1, 11], [1, 12], [1, 13], [1, 14], [1, 15], [1, 16], [1, 17], [1, 18], [1, 19], [1, 20], [1, 21], [1, 22], [1, 23], [1, 24], [1, 25], [1, 26], [1, 27], [1, 28], [1, 29]], 'width_to_walls': [[19, 2, -1], [18, 1, 0], [17, 0, 1], [16, -1, 2], [15, -2, 3], [14, -3, 4], [13, -4, 5], [12, -5, 6], [11, -6, 7], [10, -7, 8], [9, -8, 9], [9, -8, 10], [9, -8, 11], [9, -8, 12], [9, -8, 13], [9, -8, 14], [9, -8, 15], [10, -7, 16], [11, -6, 17], [12, -5, 18], [13, -4, 19], [14, -3, 20], [15, -2, 21], [16, -1, 22], [17, 0, 23], [18, 1, 24], [19, 2, 25], [20, 3, 26], [21, 4, 27], [22, 5, 28], [23, 6, 29]], 'obstacles_positions': []}",10,False
"{'position_t_minus_1': array([0.60493827]), 'position_t': array([0.60493827]), 'action': array([0.5]), 'drift': array([0.5       , 0.        , 0.5       , 0.03333333, 0.5       ,
       0.06666667, 0.5       , 0.1       , 0.5       , 0.13333333,
       0.5       , 0.16666667, 0.5       , 0.2       , 0.5       ,
       0.23333333, 0.5       , 0.26666667, 0.5       , 0.3       ,
       0.5       , 0.33333333, 0.5       , 0.36666667, 0.5       ,
       0.4       , 0.5       , 0.43333333, 0.5       , 0.46666667,
       0.5       , 0.5       , 0.5       , 0.53333333, 0.5       ,
       0.56666667, 0.5       , 0.6       , 0.5       , 0.63333333,
       0.5       , 0.66666667, 0.5       , 0.7       , 0.5       ,
       0.73333333, 0.5       , 0.76666667, 0.5       , 0.8       ,
       0.5       , 0.83333333, 0.5       , 0.86666667, 0.5       ,
       0.9       , 0.5       , 0.93333333, 0.5       , 0.96666667,
       0.5       , 1.        ]), 'obstacles_positions': array([1., 1., 1., 1., 1., 1., 1., 1., 1., 1., 1., 1., 1., 1., 1., 1., 1.,
       1., 1., 1., 1., 1., 1., 1., 1., 1., 1., 1., 1., 1., 1., 1., 1., 1.,
       1., 1., 1., 1., 1., 1.]), 'width_to_walls': array([0.60493827, 0.39506173, 0.        , 0.60493827, 0.39506173,
       0.03333333, 0.60493827, 0.39506173, 0.06666667, 0.60493827,
       0.39506173, 0.1       , 0.60493827, 0.39506173, 0.13333333,
       0.60493827, 0.39506173, 0.16666667, 0.60493827, 0.39506173,
       0.2       , 0.60493827, 0.39506173, 0.23333333, 0.60493827,
       0.39506173, 0.26666667, 0.60493827, 0.39506173, 0.3       ,
       0.60493827, 0.39506173, 0.33333333, 0.60493827, 0.39506173,
       0.36666667, 0.60493827, 0.39506173, 0.4       , 0.60493827,
       0.39506173, 0.43333333, 0.60493827, 0.39506173, 0.46666667,
       0.60493827, 0.39506173, 0.5       , 0.60493827, 0.39506173,
       0.53333333, 0.60493827, 0.39506173, 0.56666667, 0.60493827,
       0.39506173, 0.6       , 0.60493827, 0.39506173, 0.63333333,
       0.60493827, 0.39506173, 0.66666667, 0.60493827, 0.39506173,
       0.7       , 0.60493827, 0.39506173, 0.73333333, 0.60493827,
       0.39506173, 0.76666667, 0.60493827, 0.39506173, 0.8       ,
       0.60493827, 0.39506173, 0.83333333, 0.60493827, 0.39506173,
       0.86666667, 0.60493827, 0.39506173, 0.9       , 0.60493827,
       0.39506173, 0.93333333, 0.60493827, 0.39506173, 0.96666667,
       0.60493827, 0.39506173, 1.        ])}"
"{'position_t_minus_1': [49, 90], 'position': [48, 91], 'action': 0, 'drift': [[1, -1], [1, 0], [1, 1], [1, 2], [1, 3], [1, 4], [1, 5], [1, 6], [1, 7], [1, 8], [1, 9], [1, 10], [1, 11], [1, 12], [1, 13], [1, 14], [1, 15], [1, 16], [1, 17], [1, 18], [1, 19], [1, 20], [1, 21], [1, 22], [1, 23], [1, 24], [1, 25], [1, 26], [1, 27], [1, 28], [1, 29]], 'width_to_walls': [[17, 2, -1], [16, 1, 0], [15, 0, 1], [14, -1, 2], [13, -2, 3], [12, -3, 4], [11, -4, 5], [10, -5, 6], [9, -6, 7], [8, -7, 8], [8, -7, 9], [8, -7, 10], [8, -7, 11], [8, -7, 12], [8, -7, 13], [8, -7, 14], [9, -6, 15], [10, -5, 16], [11, -4, 17], [12, -3, 18], [13, -2, 19], [14, -1, 20], [15, 0, 21], [16, 1, 22], [17, 2, 23], [18, 3, 24], [19, 4, 25], [20, 5, 26], [21, 6, 27], [22, 7, 28], [23, 8, 29]], 'obstacles_positions': []}",20,False
"{'position_t_minus_1': array([0.60493827]), 'position_t': array([0.59259259]), 'action': array([0.]), 'drift': array([0.5       , 0.        , 0.5       , 0.03333333, 0.5       ,
       0.06666667, 0.5       , 0.1       , 0.5       , 0.13333333,
       0.5       , 0.16666667, 0.5       , 0.2       , 0.5       ,
       0.23333333, 0.5       , 0.26666667, 0.5       , 0.3       ,
       0.5       , 0.33333333, 0.5       , 0.36666667, 0.5       ,
       0.4       , 0.5       , 0.43333333, 0.5       , 0.46666667,
       0.5       , 0.5       , 0.5       , 0.53333333, 0.5       ,
       0.56666667, 0.5       , 0.6       , 0.5       , 0.63333333,
       0.5       , 0.66666667, 0.5       , 0.7       , 0.5       ,
       0.73333333, 0.5       , 0.76666667, 0.5       , 0.8       ,
       0.5       , 0.83333333, 0.5       , 0.86666667, 0.5       ,
       0.9       , 0.5       , 0.93333333, 0.5       , 0.96666667,
       0.5       , 1.        ]), 'obstacles_positions': array([1., 1., 1., 1., 1., 1., 1., 1., 1., 1., 1., 1., 1., 1., 1., 1., 1.,
       1., 1., 1., 1., 1., 1., 1., 1., 1., 1., 1., 1., 1., 1., 1., 1., 1.,
       1., 1., 1., 1., 1., 1.]), 'width_to_walls': array([0.59259259, 0.40740741, 0.        , 0.59259259, 0.40740741,
       0.03333333, 0.59259259, 0.40740741, 0.06666667, 0.59259259,
       0.40740741, 0.1       , 0.59259259, 0.40740741, 0.13333333,
       0.59259259, 0.40740741, 0.16666667, 0.59259259, 0.40740741,
       0.2       , 0.59259259, 0.40740741, 0.23333333, 0.59259259,
       0.40740741, 0.26666667, 0.59259259, 0.40740741, 0.3       ,
       0.59259259, 0.40740741, 0.33333333, 0.59259259, 0.40740741,
       0.36666667, 0.59259259, 0.40740741, 0.4       , 0.59259259,
       0.40740741, 0.43333333, 0.59259259, 0.40740741, 0.46666667,
       0.59259259, 0.40740741, 0.5       , 0.59259259, 0.40740741,
       0.53333333, 0.59259259, 0.40740741, 0.56666667, 0.59259259,
       0.40740741, 0.6       , 0.59259259, 0.40740741, 0.63333333,
       0.59259259, 0.40740741, 0.66666667, 0.59259259, 0.40740741,
       0.7       , 0.59259259, 0.40740741, 0.73333333, 0.59259259,
       0.40740741, 0.76666667, 0.59259259, 0.40740741, 0.8       ,
       0.59259259, 0.40740741, 0.83333333, 0.59259259, 0.40740741,
       0.86666667, 0.59259259, 0.40740741, 0.9       , 0.59259259,
       0.40740741, 0.93333333, 0.59259259, 0.40740741, 0.96666667,
       0.59259259, 0.40740741, 1.        ])}"
"{'position_t_minus_1': [48, 91], 'position': [49, 92], 'action': 2, 'drift': [[1, -1], [1, 0], [1, 1], [1, 2], [1, 3], [1, 4], [1, 5], [1, 6], [1, 7], [1, 8], [1, 9], [1, 10], [1, 11], [1, 12], [1, 13], [1, 14], [1, 15], [1, 16], [1, 17], [1, 18], [1, 19], [1, 20], [1, 21], [1, 22], [1, 23], [1, 24], [1, 25], [1, 26], [1, 27], [1, 28], [1, 29]], 'width_to_walls': [[17, 0, -1], [16, -1, 0], [15, -2, 1], [14, -3, 2], [13, -4, 3], [12, -5, 4], [11, -6, 5], [10, -7, 6], [9, -8, 7], [9, -8, 8], [9, -8, 9], [9, -8, 10], [9, -8, 11], [9, -8, 12], [9, -8, 13], [10, -7, 14], [11, -6, 15], [12, -5, 16], [13, -4, 17], [14, -3, 18], [15, -2, 19], [16, -1, 20], [17, 0, 21], [18, 1, 22], [19, 2, 23], [20, 3, 24], [21, 4, 25], [22, 5, 26], [23, 6, 27], [24, 7, 28], [25, 8, 29]], 'obstacles_positions': []}",10,False
"{'position_t_minus_1': array([0.59259259]), 'position_t': array([0.60493827]), 'action': array([1.]), 'drift': array([0.5       , 0.        , 0.5       , 0.03333333, 0.5       ,
       0.06666667, 0.5       , 0.1       , 0.5       , 0.13333333,
       0.5       , 0.16666667, 0.5       , 0.2       , 0.5       ,
       0.23333333, 0.5       , 0.26666667, 0.5       , 0.3       ,
       0.5       , 0.33333333, 0.5       , 0.36666667, 0.5       ,
       0.4       , 0.5       , 0.43333333, 0.5       , 0.46666667,
       0.5       , 0.5       , 0.5       , 0.53333333, 0.5       ,
       0.56666667, 0.5       , 0.6       , 0.5       , 0.63333333,
       0.5       , 0.66666667, 0.5       , 0.7       , 0.5       ,
       0.73333333, 0.5       , 0.76666667, 0.5       , 0.8       ,
       0.5       , 0.83333333, 0.5       , 0.86666667, 0.5       ,
       0.9       , 0.5       , 0.93333333, 0.5       , 0.96666667,
       0.5       , 1.        ]), 'obstacles_positions': array([1., 1., 1., 1., 1., 1., 1., 1., 1., 1., 1., 1., 1., 1., 1., 1., 1.,
       1., 1., 1., 1., 1., 1., 1., 1., 1., 1., 1., 1., 1., 1., 1., 1., 1.,
       1., 1., 1., 1., 1., 1.]), 'width_to_walls': array([0.60493827, 0.39506173, 0.        , 0.60493827, 0.39506173,
       0.03333333, 0.60493827, 0.39506173, 0.06666667, 0.60493827,
       0.39506173, 0.1       , 0.60493827, 0.39506173, 0.13333333,
       0.60493827, 0.39506173, 0.16666667, 0.60493827, 0.39506173,
       0.2       , 0.60493827, 0.39506173, 0.23333333, 0.60493827,
       0.39506173, 0.26666667, 0.60493827, 0.39506173, 0.3       ,
       0.60493827, 0.39506173, 0.33333333, 0.60493827, 0.39506173,
       0.36666667, 0.60493827, 0.39506173, 0.4       , 0.60493827,
       0.39506173, 0.43333333, 0.60493827, 0.39506173, 0.46666667,
       0.60493827, 0.39506173, 0.5       , 0.60493827, 0.39506173,
       0.53333333, 0.60493827, 0.39506173, 0.56666667, 0.60493827,
       0.39506173, 0.6       , 0.60493827, 0.39506173, 0.63333333,
       0.60493827, 0.39506173, 0.66666667, 0.60493827, 0.39506173,
       0.7       , 0.60493827, 0.39506173, 0.73333333, 0.60493827,
       0.39506173, 0.76666667, 0.60493827, 0.39506173, 0.8       ,
       0.60493827, 0.39506173, 0.83333333, 0.60493827, 0.39506173,
       0.86666667, 0.60493827, 0.39506173, 0.9       , 0.60493827,
       0.39506173, 0.93333333, 0.60493827, 0.39506173, 0.96666667,
       0.60493827, 0.39506173, 1.        ])}"
"{'position_t_minus_1': [49, 92], 'position': [49, 93], 'action': 1, 'drift': [[1, -1], [1, 0], [1, 1], [1, 2], [1, 3], [1, 4], [1, 5], [1, 6], [1, 7], [1, 8], [1, 9], [1, 10], [1, 11], [1, 12], [1, 13], [1, 14], [1, 15], [1, 16], [1, 17], [1, 18], [1, 19], [1, 20], [1, 21], [1, 22], [1, 23], [1, 24], [1, 25], [1, 26], [1, 27], [1, 28], [1, 29]], 'width_to_walls': [[16, -1, -1], [15, -2, 0], [14, -3, 1], [13, -4, 2], [12, -5, 3], [11, -6, 4], [10, -7, 5], [9, -8, 6], [9, -8, 7], [9, -8, 8], [9, -8, 9], [9, -8, 10], [9, -8, 11], [9, -8, 12], [10, -7, 13], [11, -6, 14], [12, -5, 15], [13, -4, 16], [14, -3, 17], [15, -2, 18], [16, -1, 19], [17, 0, 20], [18, 1, 21], [19, 2, 22], [20, 3, 23], [21, 4, 24], [22, 5, 25], [23, 6, 26], [24, 7, 27], [25, 8, 28], [26, 9, 29]], 'obstacles_positions': []}",-100,True
"{'position_t_minus_1': array([0.60493827]), 'position_t': array([0.60493827]), 'action': array([0.5]), 'drift': array([0.5       , 0.        , 0.5       , 0.03333333, 0.5       ,
       0.06666667, 0.5       , 0.1       , 0.5       , 0.13333333,
       0.5       , 0.16666667, 0.5       , 0.2       , 0.5       ,
       0.23333333, 0.5       , 0.26666667, 0.5       , 0.3       ,
       0.5       , 0.33333333, 0.5       , 0.36666667, 0.5       ,
       0.4       , 0.5       , 0.43333333, 0.5       , 0.46666667,
       0.5       , 0.5       , 0.5       , 0.53333333, 0.5       ,
       0.56666667, 0.5       , 0.6       , 0.5       , 0.63333333,
       0.5       , 0.66666667, 0.5       , 0.7       , 0.5       ,
       0.73333333, 0.5       , 0.76666667, 0.5       , 0.8       ,
       0.5       , 0.83333333, 0.5       , 0.86666667, 0.5       ,
       0.9       , 0.5       , 0.93333333, 0.5       , 0.96666667,
       0.5       , 1.        ]), 'obstacles_positions': array([1., 1., 1., 1., 1., 1., 1., 1., 1., 1., 1., 1., 1., 1., 1., 1., 1.,
       1., 1., 1., 1., 1., 1., 1., 1., 1., 1., 1., 1., 1., 1., 1., 1., 1.,
       1., 1., 1., 1., 1., 1.]), 'width_to_walls': array([0.60493827, 0.39506173, 0.        , 0.60493827, 0.39506173,
       0.03333333, 0.60493827, 0.39506173, 0.06666667, 0.60493827,
       0.39506173, 0.1       , 0.60493827, 0.39506173, 0.13333333,
       0.60493827, 0.39506173, 0.16666667, 0.60493827, 0.39506173,
       0.2       , 0.60493827, 0.39506173, 0.23333333, 0.60493827,
       0.39506173, 0.26666667, 0.60493827, 0.39506173, 0.3       ,
       0.60493827, 0.39506173, 0.33333333, 0.60493827, 0.39506173,
       0.36666667, 0.60493827, 0.39506173, 0.4       , 0.60493827,
       0.39506173, 0.43333333, 0.60493827, 0.39506173, 0.46666667,
       0.60493827, 0.39506173, 0.5       , 0.60493827, 0.39506173,
       0.53333333, 0.60493827, 0.39506173, 0.56666667, 0.60493827,
       0.39506173, 0.6       , 0.60493827, 0.39506173, 0.63333333,
       0.60493827, 0.39506173, 0.66666667, 0.60493827, 0.39506173,
       0.7       , 0.60493827, 0.39506173, 0.73333333, 0.60493827,
       0.39506173, 0.76666667, 0.60493827, 0.39506173, 0.8       ,
       0.60493827, 0.39506173, 0.83333333, 0.60493827, 0.39506173,
       0.86666667, 0.60493827, 0.39506173, 0.9       , 0.60493827,
       0.39506173, 0.93333333, 0.60493827, 0.39506173, 0.96666667,
       0.60493827, 0.39506173, 1.        ])}"
