,player_pos,collision,current_direction,current_drift,level_done,input_noise_magnitude,input_noise_threshold,visible_obstacles,visible_drift_tiles
0,"[672, 146]",False,"[0.531439, 0]","[0, 0]",False,weak,"14700,0",[[]],[[]]
1,"[672, 152]",False,"[0.531439, 0]","[0, 0]",False,weak,"14700,0",[[]],[[]]
2,"[672, 158]",False,"[0.531439, 0]","[0, 0]",False,weak,"14700,0",[[]],[[]]
3,"[672, 164]",False,"[0.531439, 0]","[0, 0]",False,weak,"14700,0",[[]],[[]]
4,"[672, 170]",False,"[0.531439, 0]","[0, 0]",False,weak,"14700,0",[[]],[[]]
5,"[672, 176]",False,"[0.531439, 0]","[0, 0]",False,weak,"14700,0",[[]],[[]]
6,"[672, 182]",False,"[0.531439, 0]","[0, 0]",False,weak,"14700,0",[[]],[[]]
7,"[672, 188]",False,"[0.531439, 0]","[0, 0]",False,weak,"14700,0",[[]],[[]]
8,"[672, 194]",False,"[0.531439, 0]","[0, 0]",False,weak,"14700,0",[[]],[[]]
9,"[672, 200]",False,"[0.531439, 0]","[0, 0]",False,weak,"14700,0",[[]],[[]]
10,"[672, 206]",False,"[0.531439, 0]","[0, 0]",False,weak,"14700,0",[[]],[[]]
11,"[672, 212]",False,"[0.531439, 0]","[0, 0]",False,weak,"14700,0",[[]],[[]]
12,"[672, 218]",False,"[0.531439, 0]","[0, 0]",False,weak,"14700,0",[[]],[[]]
13,"[672, 224]",False,"[0.531439, 0]","[0, 0]",False,weak,"14700,0",[[]],[[]]
14,"[672, 230]",False,"[0.531439, 0]","[0, 0]",False,weak,"14700,0",[[]],[[]]
15,"[672, 236]",False,"[0.531439, 0]","[0, 0]",False,weak,"14700,0",[[]],[[]]
16,"[672, 242]",False,"[0.531439, 0]","[0, 0]",False,weak,"14700,0",[[]],[[]]
17,"[672, 248]",False,"[0.531439, 0]","[0, 0]",False,weak,"14700,0",[[]],[[]]
18,"[672, 254]",False,"[0.531439, 0]","[0, 0]",False,weak,"14700,0",[[]],[[]]
19,"[672, 260]",False,"[0.531439, 0]","[0, 0]",False,weak,"14700,0",[[]],[[]]
20,"[672, 266]",False,"[0.531439, 0]","[0, 0]",False,weak,"14700,0",[[]],[[]]
21,"[672, 272]",False,"[0.531439, 0]","[0, 0]",False,weak,"14700,0",[[]],[[]]
22,"[672, 278]",False,"[0.531439, 0]","[0, 0]",False,weak,"14700,0",[[]],[[]]
23,"[672, 284]",False,"[0.531439, 0]","[0, 0]",False,weak,"14700,0",[[]],[[]]
24,"[672, 290]",False,"[0.531439, 0]","[0, 0]",False,weak,"14700,0",[[]],[[]]
25,"[672, 296]",False,"[0.531439, 0]","[0, 0]",False,weak,"14700,0",[[]],[[]]
26,"[672, 302]",False,"[0.531439, 0]","[0, 0]",False,weak,"14700,0",[[]],[[]]
27,"[672, 308]",False,"[0.531439, 0]","[0, 0]",False,weak,"14700,0",[[]],[[]]
28,"[672, 314]",False,"[0.531439, 0]","[0, 0]",False,weak,"14700,0",[[]],[[]]
29,"[672, 320]",False,"[0.531439, 0]","[0, 0]",False,weak,"14700,0",[[]],[[]]
30,"[672, 326]",False,"[0.531439, 0]","[0, 0]",False,weak,"14700,0",[[]],[[]]
31,"[672, 332]",False,"[0.531439, 0]","[0, 0]",False,weak,"14700,0",[[]],[[]]
32,"[672, 338]",False,"[0.531439, 0]","[0, 0]",False,weak,"14700,0",[[]],[[]]
33,"[672, 344]",False,"[0.531439, 0]","[0, 0]",False,weak,"14700,0",[[]],[[]]
34,"[672, 350]",False,"[0.531439, 0]","[0, 0]",False,weak,"14700,0",[[]],[[]]
35,"[672, 356]",False,"[0.531439, 0]","[0, 0]",False,weak,"14700,0",[[]],[[]]
36,"[672, 362]",False,"[0.531439, 0]","[0, 0]",False,weak,"14700,0",[[]],[[]]
37,"[672, 368]",False,"[0.531439, 0]","[0, 0]",False,weak,"14700,0",[[]],[[]]
38,"[672, 374]",False,"[0.531439, 0]","[0, 0]",False,weak,"14700,0",[[]],[[]]
39,"[672, 380]",False,"[0.531439, 0]","[0, 0]",False,weak,"14700,0",[[]],[[]]
40,"[672, 386]",False,"[0.531439, 0]","[0, 0]",False,weak,"14700,0",[[]],[[]]
41,"[672, 392]",False,"[0.531439, 0]","[0, 0]",False,weak,"14700,0",[[]],[[]]
42,"[672, 398]",False,"[0.531439, 0]","[0, 0]",False,weak,"14700,0",[[]],[[]]
43,"[672, 404]",False,"[0.531439, 0]","[0, 0]",False,weak,"14700,0",[[]],[[]]
44,"[672, 410]",False,"[0.531439, 0]","[0, 0]",False,weak,"14700,0",[[]],[[]]
45,"[672, 416]",False,"[0.531439, 0]","[0, 0]",False,weak,"14700,0",[[]],[[]]
46,"[672, 422]",False,"[0.531439, 0]","[0, 0]",False,weak,"14700,0",[[]],[[]]
47,"[672, 422]",False,"[0.531439, 0]","[0, 0]",False,weak,"14700,0",[[]],[[]]
48,"[672, 422]",False,"[0.531439, 0]","[0, 0]",False,weak,"14700,0",[[]],[[]]
49,"[672, 422]",False,"[0.531439, 0]","[0, 0]",False,weak,"14700,0",[[]],[[]]
50,"[672, 422]",False,"[0.531439, 0]","[0, 0]",False,weak,"14700,0",[[]],[[]]
51,"[672, 422]",False,"[0.531439, 0]","[0, 0]",False,weak,"14700,0",[[]],[[]]
52,"[672, 422]",False,"[0.531439, 0]","[0, 0]",False,weak,"14700,0",[[]],[[]]
53,"[672, 422]",False,"[0.531439, 0]","[0, 0]",False,weak,"14700,0",[[]],[[]]
54,"[672, 422]",False,"[0.531439, 0]","[0, 0]",False,weak,"14700,0",[[]],[[]]
55,"[672, 422]",False,"[0.531439, 0]","[0, 0]",False,weak,"14700,0",[[]],[[]]
56,"[672, 422]",False,"[0.531439, 0]","[0, 0]",False,weak,"14700,0",[[]],[[]]
57,"[672, 422]",False,"[0.531439, 0]","[0, 0]",False,weak,"14700,0",[[]],[[]]
58,"[672, 422]",False,"[0.531439, 0]","[0, 0]",False,weak,"14700,0",[[]],[[]]
59,"[672, 422]",False,"[0.531439, 0]","[0, 0]",False,weak,"14700,0",[[]],[[]]
60,"[672, 422]",False,"[0.531439, 0]","[0, 0]",False,weak,"14700,0",[[]],[[]]
61,"[672, 422]",False,"[0.531439, 0]","[0, 0]",False,weak,"14700,0",[[]],[[]]
62,"[672, 422]",False,"[0.531439, 0]","[0, 0]",False,weak,"14700,0",[[]],[[]]
63,"[672, 422]",False,"[0.531439, 0]","[0, 0]",False,weak,"14700,0",[[]],[[]]
64,"[672, 422]",False,"[0.531439, 0]","[0, 0]",False,weak,"14700,0",[[]],[[]]
65,"[672, 422]",False,"[0.531439, 0]","[0, 0]",False,weak,"14700,0",[[]],[[]]
66,"[672, 422]",False,"[0.531439, 0]","[0, 0]",False,weak,"14700,0",[[]],[[]]
67,"[672, 422]",False,"[0.531439, 0]","[0, 0]",False,weak,"14700,0",[[]],[[]]
68,"[672, 422]",False,"[0.531439, 0]","[0, 0]",False,weak,"14700,0",[[]],[[]]
69,"[672, 422]",False,"[0.531439, 0]","[0, 0]",False,weak,"14700,0",[[]],[[]]
70,"[672, 422]",False,"[0.531439, 0]","[0, 0]",False,weak,"14700,0",[[]],[[]]
71,"[672, 422]",False,"[0.531439, 0]","[0, 0]",False,weak,"14700,0",[[]],[[]]
72,"[672, 422]",False,"[0.531439, 0]","[0, 0]",False,weak,"14700,0",[[]],[[]]
73,"[672, 422]",False,"[0.531439, 0]","[0, 0]",False,weak,"14700,0",[[]],[[]]
74,"[672, 422]",False,"[0.531439, 0]","[0, 0]",False,weak,"14700,0",[[]],[[]]
75,"[672, 422]",False,"[0.531439, 0]","[0, 0]",False,weak,"14700,0",[[]],[[]]
76,"[672, 422]",False,"[0.531439, 0]","[0, 0]",False,weak,"14700,0",[[]],[[]]
77,"[672, 422]",False,"[0.531439, 0]","[0, 0]",False,weak,"14700,0",[[]],[[]]
78,"[672, 422]",False,"[0.531439, 0]","[0, 0]",False,weak,"14700,0",[[]],[[]]
79,"[672, 422]",False,"[0.531439, 0]","[0, 0]",False,weak,"14700,0",[[]],[[]]
80,"[672, 422]",False,"[0.531439, 0]","[0, 0]",False,weak,"14700,0",[[]],[[]]
81,"[672, 422]",False,"[0.531439, 0]","[0, 0]",False,weak,"14700,0",[[]],[[]]
82,"[672, 422]",False,"[0.531439, 0]","[0, 0]",False,weak,"14700,0",[[]],[[]]
83,"[672, 422]",False,"[0.531439, 0]","[0, 0]",False,weak,"14700,0",[[]],[[]]
84,"[672, 422]",False,"[0.531439, 0]","[0, 0]",False,weak,"14700,0",[[]],[[]]
85,"[672, 422]",False,"[0.531439, 0]","[0, 0]",False,weak,"14700,0",[[]],[[]]
86,"[672, 422]",False,"[0.531439, 0]","[0, 0]",False,weak,"14700,0",[[]],[[]]
87,"[672, 422]",False,"[0.531439, 0]","[0, 0]",False,weak,"14700,0",[[]],[[]]
88,"[672, 422]",False,"[0.531439, 0]","[0, 0]",False,weak,"14700,0",[[]],[[]]
89,"[672, 422]",False,"[0.531439, 0]","[0, 0]",False,weak,"14700,0",[[]],[[]]
90,"[672, 422]",False,"[0.531439, 0]","[0, 0]",False,weak,"14700,0",[[]],[[]]
91,"[672, 422]",False,"[0.531439, 0]","[0, 0]",False,weak,"14700,0",[[]],[[]]
92,"[672, 422]",False,"[0.531439, 0]","[0, 0]",False,weak,"14700,0",[[]],[[]]
93,"[672, 422]",False,"[0.531439, 0]","[0, 0]",False,weak,"14700,0",[[]],"[[array([353, 836])]]"
94,"[672, 422]",False,"[0.531439, 0]","[0, 0]",False,weak,"14700,0",[[]],"[[array([353, 826])]]"
95,"[672, 422]",False,"[0.531439, 0]","[0, 0]",False,weak,"14700,0",[[]],"[[array([353, 816])]]"
96,"[672, 422]",False,"[0.531439, 0]","[0, 0]",False,weak,"14700,0",[[]],"[[array([353, 806])]]"
97,"[672, 422]",False,"[0.531439, 0]","[0, 0]",False,weak,"14700,0",[[]],"[[array([353, 796])]]"
98,"[672, 422]",False,"[0.531439, 0]","[0, 0]",False,weak,"14700,0",[[]],"[[array([353, 786])]]"
99,"[672, 422]",False,"[0.531439, 0]","[0, 0]",False,weak,"14700,0",[[]],"[[array([353, 776])]]"
100,"[672, 422]",False,"[0.531439, 0]","[0, 0]",False,weak,"14700,0",[[]],"[[array([353, 766])]]"
101,"[672, 422]",False,"[0.531439, 0]","[0, 0]",False,weak,"14700,0",[[]],"[[array([353, 756])]]"
102,"[672, 422]",False,"[0.531439, 0]","[0, 0]",False,weak,"14700,0",[[]],"[[array([353, 746])]]"
103,"[672, 422]",False,"[0.531439, 0]","[0, 0]",False,weak,"14700,0",[[]],"[[array([353, 736])]]"
104,"[672, 422]",False,"[0.531439, 0]","[0, 0]",False,weak,"14700,0",[[]],"[[array([353, 726])]]"
105,"[672, 422]",False,"[0.531439, 0]","[0, 0]",False,weak,"14700,0",[[]],"[[array([353, 716])]]"
106,"[672, 422]",False,"[0.531439, 0]","[0, 0]",False,weak,"14700,0",[[]],"[[array([353, 706])]]"
107,"[672, 422]",False,"[0.531439, 0]","[0, 0]",False,weak,"14700,0",[[]],"[[array([353, 696]), array([1030,  836])]]"
108,"[672, 422]",False,"[0.531439, 0]","[0, 0]",False,weak,"14700,0",[[]],"[[array([353, 686]), array([1030,  826])]]"
109,"[672, 422]",False,"[0.531439, 0]","[0, 0]",False,weak,"14700,0",[[]],"[[array([353, 676]), array([1030,  816])]]"
110,"[672, 422]",False,"[0.531439, 0]","[0, 0]",False,weak,"14700,0",[[]],"[[array([353, 666]), array([1030,  806])]]"
111,"[672, 422]",False,"[0.531439, 0]","[0, 0]",False,weak,"14700,0",[[]],"[[array([353, 656]), array([1030,  796])]]"
112,"[672, 422]",False,"[0.531439, 0]","[0, 0]",False,weak,"14700,0",[[]],"[[array([353, 646]), array([1030,  786])]]"
113,"[672, 422]",False,"[0.531439, 0]","[0, 0]",False,weak,"14700,0",[[]],"[[array([353, 636]), array([1030,  776])]]"
114,"[672, 422]",False,"[0.531439, 0]","[0, 0]",False,weak,"14700,0",[[]],"[[array([353, 626]), array([1030,  766])]]"
115,"[672, 422]",False,"[0.531439, 0]","[0, 0]",False,weak,"14700,0",[[]],"[[array([353, 616]), array([1030,  756])]]"
116,"[672, 422]",False,"[0.531439, 0]","[0, 0]",False,weak,"14700,0",[[]],"[[array([353, 606]), array([1030,  746])]]"
117,"[672, 422]",False,"[0.531439, 0]","[0, 0]",False,weak,"14700,0",[[]],"[[array([353, 596]), array([1030,  736])]]"
118,"[672, 422]",False,"[0.531439, 0]","[0, 0]",False,weak,"14700,0",[[]],"[[array([353, 586]), array([1030,  726])]]"
119,"[672, 422]",False,"[0.531439, 0]","[0, 0]",False,weak,"14700,0",[[]],"[[array([353, 576]), array([1030,  716])]]"
120,"[672, 422]",False,"[0.531439, 0]","[0, 0]",False,weak,"14700,0",[[]],"[[array([353, 566]), array([1030,  706])]]"
121,"[672, 422]",False,"[0.531439, 0]","[0, 0]",False,weak,"14700,0",[[]],"[[array([353, 556]), array([1030,  696])]]"
122,"[672, 422]",False,"[0.531439, 0]","[0, 0]",False,weak,"14700,0",[[]],"[[array([353, 546]), array([1030,  686])]]"
123,"[672, 422]",False,"[0.531439, 0]","[0, 0]",False,weak,"14700,0",[[]],"[[array([353, 536]), array([1030,  676])]]"
124,"[672, 422]",False,"[0.531439, 0]","[0, 0]",False,weak,"14700,0",[[]],"[[array([353, 526]), array([1030,  666])]]"
125,"[672, 422]",False,"[0.531439, 0]","[0, 0]",False,weak,"14700,0",[[]],"[[array([353, 516]), array([1030,  656])]]"
126,"[672, 422]",False,"[0.531439, 0]","[0, 0]",False,weak,"14700,0",[[]],"[[array([353, 506]), array([1030,  646])]]"
127,"[672, 422]",False,"[0.531439, 0]","[0, 0]",False,weak,"14700,0",[[]],"[[array([353, 496]), array([1030,  636])]]"
128,"[672, 422]",False,"[0.531439, 0]","[0, 0]",False,weak,"14700,0",[[]],"[[array([353, 486]), array([1030,  626])]]"
129,"[672, 422]",False,"[0.531439, 0]","[0, 0]",False,weak,"14700,0",[[]],"[[array([353, 476]), array([1030,  616])]]"
130,"[672, 422]",False,"[0.531439, 0]","[0, 0]",False,weak,"14700,0",[[]],"[[array([353, 466]), array([1030,  606])]]"
131,"[672, 422]",False,"[0.531439, 0]","[0, 0]",False,weak,"14700,0",[[]],"[[array([353, 456]), array([1030,  596])]]"
132,"[672, 422]",False,"[0.531439, 0]","[0, 0]",False,weak,"14700,0",[[]],"[[array([348, 446]), array([1025,  586])]]"
133,"[672, 422]",False,"[0.531439, 0]","[0, 0]",False,weak,"14700,0",[[]],"[[array([343, 436]), array([1020,  576])]]"
134,"[672, 422]",False,"[0.531439, 0]","[0, 0]",False,weak,"14700,0",[[]],"[[array([338, 426]), array([1015,  566])]]"
135,"[672, 422]",False,"[0.531439, 0]","[0, 0]",False,weak,"14700,0",[[]],"[[array([333, 416]), array([1010,  556])]]"
136,"[672, 422]",False,"[0.531439, 0]","[0, 0]",False,weak,"14700,0",[[]],"[[array([328, 406]), array([1005,  546])]]"
137,"[672, 422]",False,"[0.531439, 0]","[0, 0]",False,weak,"14700,0",[[]],"[[array([323, 396]), array([1000,  536])]]"
138,"[672, 422]",False,"[0.531439, 0]","[0, 0]",False,weak,"14700,0",[[]],"[[array([318, 386]), array([995, 526])]]"
139,"[672, 422]",False,"[0.531439, 0]","[0, 0]",False,weak,"14700,0",[[]],"[[array([313, 376]), array([990, 516])]]"
140,"[672, 422]",False,"[0.531439, 0]","[0, 0]",False,weak,"14700,0",[[]],"[[array([308, 366]), array([985, 506])]]"
141,"[672, 422]",False,"[0.531439, 0]","[0, 0]",False,weak,"14700,0",[[]],"[[array([303, 356]), array([980, 496])]]"
142,"[672, 422]",False,"[0.531439, 0]","[0, 0]",False,weak,"14700,0",[[]],"[[array([298, 346]), array([975, 486])]]"
143,"[672, 422]",False,"[0.531439, 0]","[0, 0]",False,weak,"14700,0",[[]],"[[array([298, 336]), array([975, 476]), array([298, 840])]]"
144,"[672, 422]",False,"[0.531439, 0]","[0, 0]",False,weak,"14700,0",[[]],"[[array([298, 326]), array([975, 466]), array([298, 830])]]"
145,"[672, 422]",False,"[0.531439, 0]","[0, 0]",False,weak,"14700,0",[[]],"[[array([298, 316]), array([975, 456]), array([298, 820])]]"
146,"[672, 422]",False,"[0.531439, 0]","[0, 0]",False,weak,"14700,0",[[]],"[[array([302, 306]), array([979, 446]), array([302, 810])]]"
147,"[672, 422]",False,"[0.531439, 0]","[0, 0]",False,weak,"14700,0",[[]],"[[array([306, 296]), array([983, 436]), array([306, 800])]]"
148,"[672, 422]",False,"[0.531439, 0]","[0, 0]",False,weak,"14700,0",[[]],"[[array([310, 286]), array([987, 426]), array([310, 790])]]"
149,"[672, 422]",False,"[0.531439, 0]","[0, 0]",False,weak,"14700,0",[[]],"[[array([314, 276]), array([991, 416]), array([314, 780])]]"
150,"[672, 422]",False,"[0.531439, 0]","[0, 0]",False,weak,"14700,0",[[]],"[[array([328, 266]), array([1005,  406]), array([328, 770])]]"
151,"[672, 422]",False,"[0.531439, 0]","[0, 0]",False,weak,"14700,0",[[]],"[[array([342, 256]), array([1019,  396]), array([342, 760])]]"
152,"[672, 422]",False,"[0.531439, 0]","[0, 0]",False,weak,"14700,0",[[]],"[[array([346, 246]), array([1023,  386]), array([346, 750])]]"
153,"[672, 422]",False,"[0.531439, 0]","[0, 0]",False,weak,"14700,0",[[]],"[[array([350, 236]), array([1027,  376]), array([350, 740])]]"
154,"[672, 422]",False,"[0.531439, 0]","[0, 0]",False,weak,"14700,0",[[]],"[[array([354, 226]), array([1031,  366]), array([354, 730])]]"
155,"[672, 422]",False,"[0.531439, 0]","[0, 0]",False,weak,"14700,0",[[]],"[[array([358, 216]), array([1035,  356]), array([358, 720])]]"
156,"[672, 422]",False,"[0.531439, 0]","[0, 0]",False,weak,"14700,0",[[]],"[[array([362, 206]), array([1039,  346]), array([362, 710])]]"
157,"[672, 422]",False,"[0.531439, 0]","[0, 0]",False,weak,"14700,0",[[]],"[[array([362, 196]), array([1039,  336]), array([362, 700])]]"
158,"[672, 422]",False,"[0.531439, 0]","[0, 0]",False,weak,"14700,0",[[]],"[[array([362, 186]), array([1039,  326]), array([362, 690])]]"
159,"[672, 422]",False,"[0.531439, 0]","[0, 0]",False,weak,"14700,0",[[]],"[[array([362, 176]), array([1039,  316]), array([362, 680])]]"
160,"[672, 422]",False,"[0.531439, 0]","[0, 0]",False,weak,"14700,0",[[]],"[[array([362, 166]), array([1039,  306]), array([362, 670])]]"
161,"[672, 422]",False,"[0.531439, 0]","[0, 0]",False,weak,"14700,0",[[]],"[[array([362, 156]), array([1039,  296]), array([362, 660])]]"
162,"[672, 422]",False,"[0.531439, 0]","[0, 0]",False,weak,"14700,0",[[]],"[[array([362, 146]), array([1039,  286]), array([362, 650])]]"
163,"[672, 422]",False,"[0.531439, 0]","[0, 0]",False,weak,"14700,0",[[]],"[[array([362, 136]), array([1039,  276]), array([362, 640])]]"
164,"[672, 422]",False,"[0.531439, 0]","[0, 0]",False,weak,"14700,0",[[]],"[[array([362, 126]), array([1039,  266]), array([362, 630])]]"
165,"[672, 422]",False,"[0.531439, 0]","[0, 0]",False,weak,"14700,0",[[]],"[[array([352, 116]), array([1029,  256]), array([352, 620])]]"
166,"[672, 422]",False,"[0.531439, 0]","[0, 0]",False,weak,"14700,0",[[]],"[[array([342, 106]), array([1019,  246]), array([342, 610])]]"
167,"[672, 422]",False,"[0.531439, 0]","[0, 0]",False,weak,"14700,0",[[]],"[[array([342,  96]), array([1019,  236]), array([342, 600])]]"
168,"[672, 422]",False,"[0.531439, 0]","[0, 0]",False,weak,"14700,0",[[]],"[[array([342,  86]), array([1019,  226]), array([342, 590])]]"
169,"[672, 422]",False,"[0.531439, 0]","[0, 0]",False,weak,"14700,0",[[]],"[[array([342,  76]), array([1019,  216]), array([342, 580])]]"
170,"[672, 422]",False,"[0.531439, 0]","[0, 0]",False,weak,"14700,0",[[]],"[[array([342,  66]), array([1019,  206]), array([342, 570])]]"
171,"[672, 422]",False,"[0.531439, 0]","[0, 0]",False,weak,"14700,0",[[]],"[[array([342,  56]), array([1019,  196]), array([342, 560])]]"
172,"[672, 422]",False,"[0.531439, 0]","[0, 0]",False,weak,"14700,0",[[]],"[[array([342,  46]), array([1019,  186]), array([342, 550])]]"
173,"[672, 422]",False,"[0.531439, 0]","[0, 0]",False,weak,"14700,0",[[]],"[[array([342,  36]), array([1019,  176]), array([342, 540])]]"
174,"[672, 422]",False,"[0.531439, 0]","[0, 0]",False,weak,"14700,0",[[]],"[[array([342,  26]), array([1019,  166]), array([342, 530])]]"
175,"[672, 422]",False,"[0.531439, 0]","[0, 0]",False,weak,"14700,0",[[]],"[[array([342,  16]), array([1019,  156]), array([342, 520])]]"
176,"[672, 422]",False,"[0.531439, 0]","[0, 0]",False,weak,"14700,0",[[]],"[[array([342,   6]), array([1019,  146]), array([342, 510])]]"
177,"[672, 422]",False,"[0.531439, 0]","[0, 0]",False,weak,"14700,0",[[]],"[[array([1019,  136]), array([342, 500])]]"
178,"[672, 422]",False,"[0.531439, 0]","[0, 0]",False,weak,"14700,0",[[]],"[[array([1019,  126]), array([342, 490])]]"
179,"[672, 422]",False,"[0.531439, 0]","[0, 0]",False,weak,"14700,0",[[]],"[[array([1019,  116]), array([342, 480])]]"
180,"[672, 422]",False,"[0.531439, 0]","[0, 0]",False,weak,"14700,0",[[]],"[[array([1019,  106]), array([342, 470])]]"
181,"[672, 422]",False,"[0.531439, 0]","[0, 0]",False,weak,"14700,0",[[]],"[[array([1019,   96]), array([342, 460])]]"
182,"[672, 422]",False,"[0.531439, 0]","[0, 0]",False,weak,"14700,0",[[]],"[[array([1014,   86]), array([337, 450])]]"
183,"[672, 422]",False,"[0.531439, 0]","[0, 0]",False,weak,"14700,0",[[]],"[[array([1009,   76]), array([332, 440])]]"
184,"[672, 422]",False,"[0.531439, 0]","[0, 0]",False,weak,"14700,0",[[]],"[[array([1004,   66]), array([327, 430])]]"
185,"[672, 422]",False,"[0.531439, 0]","[0, 0]",False,weak,"14700,0",[[]],"[[array([999,  56]), array([322, 420])]]"
186,"[672, 422]",False,"[0.531439, 0]","[0, 0]",False,weak,"14700,0",[[]],"[[array([994,  46]), array([317, 410])]]"
187,"[672, 422]",False,"[0.531439, 0]","[0, 0]",False,weak,"14700,0",[[]],"[[array([989,  36]), array([312, 400])]]"
188,"[672, 422]",False,"[0.531439, 0]","[0, 0]",False,weak,"14700,0",[[]],"[[array([984,  26]), array([307, 390])]]"
189,"[672, 422]",False,"[0.531439, 0]","[0, 0]",False,weak,"14700,0",[[]],"[[array([979,  16]), array([302, 380])]]"
190,"[672, 422]",False,"[0.531439, 0]","[0, 0]",False,weak,"14700,0",[[]],"[[array([974,   6]), array([297, 370])]]"
191,"[672, 422]",False,"[0.531439, 0]","[0, 0]",False,weak,"14700,0",[[]],"[[array([292, 360])]]"
192,"[672, 422]",False,"[0.531439, 0]","[0, 0]",False,weak,"14700,0",[[]],"[[array([287, 350])]]"
193,"[672, 422]",False,"[0.531439, 0]","[0, 0]",False,weak,"14700,0",[[]],"[[array([287, 340])]]"
194,"[672, 422]",False,"[0.531439, 0]","[0, 0]",False,weak,"14700,0",[[]],"[[array([287, 330])]]"
195,"[672, 422]",False,"[0.531439, 0]","[0, 0]",False,weak,"14700,0",[[]],"[[array([287, 320])]]"
196,"[672, 422]",False,"[0.531439, 0]","[0, 0]",False,weak,"14700,0",[[]],"[[array([287, 310])]]"
197,"[672, 422]",False,"[0.531439, 0]","[0, 0]",False,weak,"14700,0",[[]],"[[array([287, 300])]]"
198,"[672, 422]",False,"[0.531439, 0]","[0, 0]",False,weak,"14700,0",[[]],"[[array([287, 290])]]"
199,"[672, 422]",False,"[0.531439, 0]","[0, 0]",False,weak,"14700,0",[[]],"[[array([287, 280])]]"
200,"[672, 422]",False,"[0.531439, 0]","[0, 0]",False,weak,"14700,0",[[]],"[[array([287, 270])]]"
201,"[672, 422]",False,"[0.531439, 0]","[0, 0]",False,weak,"14700,0",[[]],"[[array([287, 260])]]"
202,"[672, 422]",False,"[0.531439, 0]","[0, 0]",False,weak,"14700,0",[[]],"[[array([287, 250])]]"
203,"[672, 422]",False,"[0.531439, 0]","[0, 0]",False,weak,"14700,0",[[]],"[[array([287, 240])]]"
204,"[672, 422]",False,"[0.531439, 0]","[0, 0]",False,weak,"14700,0",[[]],"[[array([287, 230])]]"
205,"[672, 422]",False,"[0.531439, 0]","[0, 0]",False,weak,"14700,0",[[]],"[[array([287, 220])]]"
206,"[672, 422]",False,"[0.531439, 0]","[0, 0]",False,weak,"14700,0",[[]],"[[array([287, 210])]]"
207,"[672, 422]",False,"[0.531439, 0]","[0, 0]",False,weak,"14700,0",[[]],"[[array([287, 200])]]"
208,"[672, 422]",False,"[0.531439, 0]","[0, 0]",False,weak,"14700,0",[[]],"[[array([287, 190])]]"
209,"[672, 422]",False,"[0.531439, 0]","[0, 0]",False,weak,"14700,0",[[]],"[[array([287, 180])]]"
210,"[672, 422]",False,"[0.531439, 0]","[0, 0]",False,weak,"14700,0",[[]],"[[array([287, 170])]]"
211,"[672, 422]",False,"[0.531439, 0]","[0, 0]",False,weak,"14700,0",[[]],"[[array([287, 160])]]"
212,"[672, 422]",False,"[0.531439, 0]","[0, 0]",False,weak,"14700,0",[[]],"[[array([296, 150])]]"
213,"[672, 422]",False,"[0.531439, 0]","[0, 0]",False,weak,"14700,0",[[]],"[[array([305, 140])]]"
214,"[672, 422]",False,"[0.531439, 0]","[0, 0]",False,weak,"14700,0",[[]],"[[array([314, 130])]]"
215,"[672, 422]",False,"[0.531439, 0]","[0, 0]",False,weak,"14700,0",[[]],"[[array([323, 120])]]"
216,"[672, 422]",False,"[0.531439, 0]","[0, 0]",False,weak,"14700,0",[[]],"[[array([323, 110])]]"
217,"[672, 422]",False,"[0.531439, 0]","[0, 0]",False,weak,"14700,0",[[]],"[[array([323, 100])]]"
218,"[672, 422]",False,"[0.531439, 0]","[0, 0]",False,weak,"14700,0",[[]],"[[array([323,  90])]]"
219,"[672, 422]",False,"[0.531439, 0]","[0, 0]",False,weak,"14700,0",[[]],"[[array([323,  80])]]"
220,"[672, 422]",False,"[0.531439, 0]","[0, 0]",False,weak,"14700,0",[[]],"[[array([323,  70])]]"
221,"[672, 422]",False,"[0.531439, 0]","[0, 0]",False,weak,"14700,0",[[]],"[[array([323,  60])]]"
222,"[672, 422]",False,"[0.531439, 0]","[0, 0]",False,weak,"14700,0",[[]],"[[array([323,  50])]]"
223,"[672, 422]",False,"[0.531439, 0]","[0, 0]",False,weak,"14700,0",[[]],"[[array([323,  40])]]"
224,"[672, 422]",False,"[0.531439, 0]","[0, 0]",False,weak,"14700,0",[[]],"[[array([323,  30])]]"
225,"[672, 422]",False,"[0.531439, 0]","[0, 0]",False,weak,"14700,0",[[]],"[[array([323,  20])]]"
226,"[672, 422]",False,"[0.531439, 0]","[0, 0]",False,weak,"14700,0",[[]],"[[array([323,  10])]]"
227,"[672, 422]",False,"[0.531439, 0]","[0, 0]",False,weak,"14700,0",[[]],"[[array([323,   0])]]"
228,"[672, 422]",False,"[0.531439, 0]","[0, 0]",False,weak,"14700,0",[[]],[[]]
229,"[672, 422]",False,"[0.531439, 0]","[0, 0]",False,weak,"14700,0",[[]],[[]]
230,"[672, 422]",False,"[0.531439, 0]","[0, 0]",False,weak,"14700,0",[[]],[[]]
231,"[672, 422]",False,"[0.531439, 0]","[0, 0]",False,weak,"14700,0",[[]],[[]]
232,"[672, 422]",False,"[0.531439, 0]","[0, 0]",False,weak,"14700,0",[[]],[[]]
233,"[672, 422]",False,"[0.531439, 0]","[0, 0]",False,weak,"14700,0",[[]],[[]]
234,"[672, 422]",False,"[0.531439, 0]","[0, 0]",False,weak,"14700,0",[[]],[[]]
235,"[672, 422]",False,"[0.531439, 0]","[0, 0]",False,weak,"14700,0",[[]],[[]]
236,"[672, 422]",False,"[0.531439, 0]","[0, 0]",False,weak,"14700,0",[[]],[[]]
237,"[672, 422]",False,"[0.531439, 0]","[0, 0]",False,weak,"14700,0",[[]],[[]]
238,"[672, 422]",False,"[0.531439, 0]","[0, 0]",False,weak,"14700,0",[[]],[[]]
239,"[672, 422]",False,"[0.531439, 0]","[0, 0]",False,weak,"14700,0",[[]],[[]]
240,"[672, 422]",False,"[0.531439, 0]","[0, 0]",False,weak,"14700,0",[[]],[[]]
241,"[672, 422]",False,"[0.531439, 0]","[0, 0]",False,weak,"14700,0",[[]],[[]]
242,"[672, 422]",False,"[0.531439, 0]","[0, 0]",False,weak,"14700,0",[[]],[[]]
243,"[672, 422]",False,"[0.531439, 0]","[0, 0]",False,weak,"14700,0",[[]],[[]]
244,"[672, 422]",False,"[0.531439, 0]","[0, 0]",False,weak,"14700,0",[[]],[[]]
245,"[672, 422]",False,"[0.531439, 0]","[0, 0]",False,weak,"14700,0",[[]],[[]]
246,"[672, 422]",False,"[0.531439, 0]","[0, 0]",False,weak,"14700,0",[[]],[[]]
247,"[672, 422]",False,"[0.531439, 0]","[0, 0]",False,weak,"14700,0",[[]],[[]]
248,"[672, 422]",False,"[0.531439, 0]","[0, 0]",False,weak,"14700,0",[[]],[[]]
249,"[672, 422]",False,"[0.531439, 0]","[0, 0]",False,weak,"14700,0",[[]],[[]]
250,"[672, 422]",False,"[0.531439, 0]","[0, 0]",False,weak,"14700,0",[[]],[[]]
251,"[672, 422]",False,"[0.531439, 0]","[0, 0]",False,weak,"14700,0",[[]],[[]]
252,"[672, 422]",False,"[0.531439, 0]","[0, 0]",False,weak,"14700,0",[[]],[[]]
253,"[672, 422]",False,"[0.531439, 0]","[0, 0]",False,weak,"14700,0",[[]],[[]]
254,"[672, 422]",False,"[0.531439, 0]","[0, 0]",False,weak,"14700,0",[[]],[[]]
255,"[672, 422]",False,"[0.531439, 0]","[0, 0]",False,weak,"14700,0",[[]],[[]]
256,"[672, 422]",False,"[0.531439, 0]","[0, 0]",False,weak,"14700,0",[[]],[[]]
257,"[672, 422]",False,"[0.531439, 0]","[0, 0]",False,weak,"14700,0",[[]],[[]]
258,"[672, 422]",False,"[0.531439, 0]","[0, 0]",False,weak,"14700,0",[[]],[[]]
259,"[672, 422]",False,"[0.531439, 0]","[0, 0]",False,weak,"14700,0",[[]],[[]]
260,"[672, 422]",False,"[0.531439, 0]","[0, 0]",False,weak,"14700,0",[[]],[[]]
261,"[672, 422]",False,"[0.531439, 0]","[0, 0]",False,weak,"14700,0",[[]],[[]]
262,"[672, 422]",False,"[0.531439, 0]","[0, 0]",False,weak,"14700,0",[[]],[[]]
263,"[672, 422]",False,"[0.531439, 0]","[0, 0]",False,weak,"14700,0",[[]],[[]]
264,"[672, 422]",False,"[0.531439, 0]","[0, 0]",False,weak,"14700,0",[[]],[[]]
265,"[672, 422]",False,"[0.531439, 0]","[0, 0]",False,weak,"14700,0",[[]],[[]]
266,"[672, 422]",False,"[0.531439, 0]","[0, 0]",False,weak,"14700,0",[[]],[[]]
267,"[672, 422]",False,"[0.531439, 0]","[0, 0]",False,weak,"14700,0",[[]],[[]]
268,"[672, 422]",False,"[0.531439, 0]","[0, 0]",False,weak,"14700,0",[[]],[[]]
269,"[672, 422]",False,"[0.531439, 0]","[0, 0]",False,weak,"14700,0",[[]],[[]]
270,"[672, 422]",False,"[0.531439, 0]","[0, 0]",False,weak,"14700,0",[[]],[[]]
271,"[672, 422]",False,"[0.531439, 0]","[0, 0]",False,weak,"14700,0",[[]],[[]]
272,"[672, 422]",False,"[0.531439, 0]","[0, 0]",False,weak,"14700,0",[[]],[[]]
273,"[672, 422]",False,"[0.531439, 0]","[0, 0]",False,weak,"14700,0",[[]],[[]]
274,"[672, 422]",False,"[0.531439, 0]","[0, 0]",False,weak,"14700,0",[[]],[[]]
275,"[672, 422]",False,"[0.531439, 0]","[0, 0]",False,weak,"14700,0",[[]],[[]]
276,"[672, 422]",False,"[0.531439, 0]","[0, 0]",False,weak,"14700,0",[[]],[[]]
277,"[672, 422]",False,"[0.531439, 0]","[0, 0]",False,weak,"14700,0",[[]],[[]]
278,"[672, 422]",False,"[0.531439, 0]","[0, 0]",False,weak,"14700,0",[[]],[[]]
279,"[672, 422]",False,"[0.531439, 0]","[0, 0]",False,weak,"14700,0",[[]],[[]]
280,"[672, 422]",False,"[0.531439, 0]","[0, 0]",False,weak,"14700,0",[[]],[[]]
281,"[672, 422]",False,"[0.531439, 0]","[0, 0]",False,weak,"14700,0",[[]],[[]]
282,"[672, 422]",False,"[0.531439, 0]","[0, 0]",False,weak,"14700,0",[[]],[[]]
283,"[672, 422]",False,"[0.531439, 0]","[0, 0]",False,weak,"14700,0",[[]],[[]]
284,"[672, 422]",False,"[0.531439, 0]","[0, 0]",False,weak,"14700,0",[[]],[[]]
285,"[672, 422]",False,"[0.531439, 0]","[0, 0]",False,weak,"14700,0",[[]],[[]]
286,"[672, 422]",False,"[0.531439, 0]","[0, 0]",False,weak,"14700,0",[[]],[[]]
287,"[672, 422]",False,"[0.531439, 0]","[0, 0]",False,weak,"14700,0",[[]],[[]]
288,"[672, 422]",False,"[0.531439, 0]","[0, 0]",False,weak,"14700,0",[[]],[[]]
289,"[672, 422]",False,"[0.531439, 0]","[0, 0]",False,weak,"14700,0",[[]],[[]]
290,"[672, 422]",False,"[0.531439, 0]","[0, 0]",False,weak,"14700,0",[[]],[[]]
291,"[672, 422]",False,"[0.531439, 0]","[0, 0]",False,weak,"14700,0",[[]],[[]]
292,"[672, 422]",False,"[0.531439, 0]","[0, 0]",False,weak,"14700,0",[[]],[[]]
293,"[672, 422]",False,"[0.531439, 0]","[0, 0]",False,weak,"14700,0",[[]],[[]]
294,"[672, 422]",False,"[0.531439, 0]","[0, 0]",False,weak,"14700,0",[[]],[[]]
295,"[672, 422]",False,"[0.531439, 0]","[0, 0]",False,weak,"14700,0",[[]],[[]]
296,"[672, 422]",False,"[0.531439, 0]","[0, 0]",False,weak,"14700,0",[[]],[[]]
297,"[672, 422]",False,"[0.531439, 0]","[0, 0]",False,weak,"14700,0",[[]],[[]]
298,"[672, 422]",False,"[0.531439, 0]","[0, 0]",False,weak,"14700,0",[[]],[[]]
299,"[672, 422]",False,"[0.531439, 0]","[0, 0]",False,weak,"14700,0",[[]],[[]]
300,"[672, 422]",False,"[0.531439, 0]","[0, 0]",False,weak,"14700,0",[[]],[[]]
301,"[672, 422]",False,"[0.531439, 0]","[0, 0]",False,weak,"14700,0",[[]],[[]]
302,"[672, 422]",False,"[0.531439, 0]","[0, 0]",False,weak,"14700,0",[[]],[[]]
303,"[672, 422]",False,"[0.531439, 0]","[0, 0]",False,weak,"14700,0",[[]],[[]]
304,"[672, 422]",False,"[0.531439, 0]","[0, 0]",False,weak,"14700,0",[[]],[[]]
305,"[672, 422]",False,"[0.531439, 0]","[0, 0]",False,weak,"14700,0",[[]],[[]]
306,"[672, 422]",False,"[0.531439, 0]","[0, 0]",False,weak,"14700,0",[[]],[[]]
307,"[672, 422]",False,"[0.531439, 0]","[0, 0]",False,weak,"14700,0",[[]],[[]]
308,"[672, 422]",False,"[0.531439, 0]","[0, 0]",False,weak,"14700,0",[[]],[[]]
309,"[672, 422]",False,"[0.531439, 0]","[0, 0]",False,weak,"14700,0",[[]],[[]]
310,"[672, 422]",False,"[0.531439, 0]","[0, 0]",False,weak,"14700,0",[[]],[[]]
311,"[672, 422]",False,"[0.531439, 0]","[0, 0]",False,weak,"14700,0",[[]],[[]]
312,"[672, 422]",False,"[0.531439, 0]","[0, 0]",False,weak,"14700,0",[[]],[[]]
313,"[672, 422]",False,"[0.531439, 0]","[0, 0]",False,weak,"14700,0",[[]],[[]]
314,"[672, 422]",False,"[0.531439, 0]","[0, 0]",False,weak,"14700,0",[[]],[[]]
315,"[672, 422]",False,"[0.531439, 0]","[0, 0]",False,weak,"14700,0",[[]],[[]]
316,"[672, 422]",False,"[0.531439, 0]","[0, 0]",False,weak,"14700,0",[[]],[[]]
317,"[672, 422]",False,"[0.531439, 0]","[0, 0]",False,weak,"14700,0",[[]],[[]]
318,"[672, 422]",False,"[0.531439, 0]","[0, 0]",False,weak,"14700,0",[[]],[[]]
319,"[672, 422]",False,"[0.531439, 0]","[0, 0]",False,weak,"14700,0",[[]],[[]]
320,"[672, 422]",False,"[0.531439, 0]","[0, 0]",False,weak,"14700,0",[[]],[[]]
321,"[672, 422]",False,"[0.531439, 0]","[0, 0]",False,weak,"14700,0",[[]],[[]]
322,"[672, 422]",False,"[0.531439, 0]","[0, 0]",False,weak,"14700,0",[[]],[[]]
323,"[672, 422]",False,"[0.531439, 0]","[0, 0]",False,weak,"14700,0",[[]],[[]]
324,"[672, 422]",False,"[0.531439, 0]","[0, 0]",False,weak,"14700,0",[[]],[[]]
325,"[672, 422]",False,"[0.531439, 0]","[0, 0]",False,weak,"14700,0",[[]],[[]]
326,"[672, 422]",False,"[0.531439, 0]","[0, 0]",False,weak,"14700,0",[[]],[[]]
327,"[672, 422]",False,"[0.531439, 0]","[0, 0]",False,weak,"14700,0",[[]],[[]]
328,"[672, 422]",False,"[0.531439, 0]","[0, 0]",False,weak,"14700,0",[[]],[[]]
329,"[672, 422]",False,"[0.531439, 0]","[0, 0]",False,weak,"14700,0",[[]],[[]]
330,"[672, 422]",False,"[0.531439, 0]","[0, 0]",False,weak,"14700,0",[[]],[[]]
331,"[672, 422]",False,"[0.531439, 0]","[0, 0]",False,weak,"14700,0",[[]],[[]]
332,"[672, 422]",False,"[0.531439, 0]","[0, 0]",False,weak,"14700,0",[[]],[[]]
333,"[672, 422]",False,"[0.531439, 0]","[0, 0]",False,weak,"14700,0",[[]],[[]]
334,"[672, 422]",False,"[0.531439, 0]","[0, 0]",False,weak,"14700,0",[[]],[[]]
335,"[672, 422]",False,"[0.531439, 0]","[0, 0]",False,weak,"14700,0",[[]],[[]]
336,"[672, 422]",False,"[0.531439, 0]","[0, 0]",False,weak,"14700,0",[[]],[[]]
337,"[672, 422]",False,"[0.531439, 0]","[0, 0]",False,weak,"14700,0",[[]],[[]]
338,"[672, 422]",False,"[0.531439, 0]","[0, 0]",False,weak,"14700,0",[[]],[[]]
339,"[672, 422]",False,"[0.531439, 0]","[0, 0]",False,weak,"14700,0",[[]],[[]]
340,"[672, 422]",False,"[0.531439, 0]","[0, 0]",False,weak,"14700,0",[[]],[[]]
341,"[672, 422]",False,"[0.531439, 0]","[0, 0]",False,weak,"14700,0",[[]],[[]]
342,"[672, 422]",False,"[0.531439, 0]","[0, 0]",False,weak,"14700,0",[[]],[[]]
343,"[672, 422]",False,"[0.531439, 0]","[0, 0]",False,weak,"14700,0",[[]],[[]]
344,"[672, 422]",False,"[0.531439, 0]","[0, 0]",False,weak,"14700,0",[[]],[[]]
345,"[672, 422]",False,"[0.531439, 0]","[0, 0]",False,weak,"14700,0",[[]],[[]]
346,"[672, 422]",False,"[0.531439, 0]","[0, 0]",False,weak,"14700,0",[[]],[[]]
347,"[672, 422]",False,"[0.531439, 0]","[0, 0]",False,weak,"14700,0",[[]],[[]]
348,"[672, 422]",False,"[0.531439, 0]","[0, 0]",False,weak,"14700,0",[[]],[[]]
349,"[672, 422]",False,"[0.531439, 0]","[0, 0]",False,weak,"14700,0",[[]],[[]]
350,"[672, 422]",False,"[0.531439, 0]","[0, 0]",False,weak,"14700,0",[[]],[[]]
351,"[672, 422]",False,"[0.531439, 0]","[0, 0]",False,weak,"14700,0",[[]],[[]]
352,"[672, 422]",False,"[0.531439, 0]","[0, 0]",False,weak,"14700,0",[[]],[[]]
353,"[672, 422]",False,"[0.531439, 0]","[0, 0]",False,weak,"14700,0",[[]],[[]]
354,"[672, 422]",False,"[0.531439, 0]","[0, 0]",False,weak,"14700,0",[[]],[[]]
355,"[672, 422]",False,"[0.531439, 0]","[0, 0]",False,weak,"14700,0",[[]],[[]]
356,"[672, 422]",False,"[0.531439, 0]","[0, 0]",False,weak,"14700,0",[[]],[[]]
357,"[672, 422]",False,"[0.531439, 0]","[0, 0]",False,weak,"14700,0",[[]],[[]]
358,"[672, 422]",False,"[0.531439, 0]","[0, 0]",False,weak,"14700,0",[[]],[[]]
359,"[672, 422]",False,"[0.531439, 0]","[0, 0]",False,weak,"14700,0",[[]],[[]]
360,"[672, 422]",False,"[0.531439, 0]","[0, 0]",False,weak,"14700,0",[[]],[[]]
361,"[672, 422]",False,"[0.531439, 0]","[0, 0]",False,weak,"14700,0",[[]],[[]]
362,"[672, 422]",False,"[0.531439, 0]","[0, 0]",False,weak,"14700,0",[[]],[[]]
363,"[672, 422]",False,"[0.531439, 0]","[0, 0]",False,weak,"14700,0",[[]],[[]]
364,"[672, 422]",False,"[0.531439, 0]","[0, 0]",False,weak,"14700,0",[[]],[[]]
365,"[672, 422]",False,"[0.531439, 0]","[0, 0]",False,weak,"14700,0",[[]],[[]]
366,"[672, 422]",False,"[0.531439, 0]","[0, 0]",False,weak,"14700,0",[[]],[[]]
367,"[672, 422]",False,"[0.531439, 0]","[0, 0]",False,weak,"14700,0",[[]],[[]]
368,"[672, 422]",False,"[0.531439, 0]","[0, 0]",False,weak,"14700,0",[[]],[[]]
369,"[672, 422]",False,"[0.531439, 0]","[0, 0]",False,weak,"14700,0",[[]],[[]]
370,"[672, 422]",False,"[0.531439, 0]","[0, 0]",False,weak,"14700,0",[[]],[[]]
371,"[672, 422]",False,"[0.531439, 0]","[0, 0]",False,weak,"14700,0",[[]],[[]]
372,"[672, 422]",False,"[0.531439, 0]","[0, 0]",False,weak,"14700,0",[[]],[[]]
373,"[672, 422]",False,"[0.531439, 0]","[0, 0]",False,weak,"14700,0",[[]],[[]]
374,"[672, 422]",False,"[0.531439, 0]","[0, 0]",False,weak,"14700,0",[[]],[[]]
375,"[672, 422]",False,"[0.531439, 0]","[0, 0]",False,weak,"14700,0",[[]],[[]]
376,"[672, 422]",False,"[0.531439, 0]","[0, 0]",False,weak,"14700,0",[[]],[[]]
377,"[672, 422]",False,"[0.531439, 0]","[0, 0]",False,weak,"14700,0",[[]],[[]]
378,"[672, 422]",False,"[0.531439, 0]","[0, 0]",False,weak,"14700,0",[[]],[[]]
379,"[672, 422]",False,"[0.531439, 0]","[0, 0]",False,weak,"14700,0",[[]],[[]]
380,"[672, 422]",False,"[0.531439, 0]","[0, 0]",False,weak,"14700,0",[[]],[[]]
381,"[672, 422]",False,"[0.531439, 0]","[0, 0]",False,weak,"14700,0",[[]],[[]]
382,"[672, 422]",False,"[0.531439, 0]","[0, 0]",False,weak,"14700,0",[[]],[[]]
383,"[672, 422]",False,"[0.531439, 0]","[0, 0]",False,weak,"14700,0",[[]],[[]]
384,"[672, 422]",False,"[0.531439, 0]","[0, 0]",False,weak,"14700,0",[[]],[[]]
385,"[672, 422]",False,"[0.531439, 0]","[0, 0]",False,weak,"14700,0",[[]],[[]]
386,"[672, 422]",False,"[0.531439, 0]","[0, 0]",False,weak,"14700,0",[[]],[[]]
387,"[672, 422]",False,"[0.531439, 0]","[0, 0]",False,weak,"14700,0",[[]],[[]]
388,"[672, 422]",False,"[0.531439, 0]","[0, 0]",False,weak,"14700,0",[[]],[[]]
389,"[672, 422]",False,"[0.531439, 0]","[0, 0]",False,weak,"14700,0",[[]],[[]]
390,"[672, 422]",False,"[0.531439, 0]","[0, 0]",False,weak,"14700,0",[[]],[[]]
391,"[672, 422]",False,"[0.531439, 0]","[0, 0]",False,weak,"14700,0",[[]],[[]]
392,"[672, 422]",False,"[0.531439, 0]","[0, 0]",False,weak,"14700,0",[[]],[[]]
393,"[672, 422]",False,"[0.531439, 0]","[0, 0]",False,weak,"14700,0",[[]],[[]]
394,"[672, 422]",False,"[0.531439, 0]","[0, 0]",False,weak,"14700,0",[[]],[[]]
395,"[672, 422]",False,"[0.531439, 0]","[0, 0]",False,weak,"14700,0",[[]],[[]]
396,"[672, 422]",False,"[0.531439, 0]","[0, 0]",False,weak,"14700,0",[[]],[[]]
397,"[672, 422]",False,"[0.531439, 0]","[0, 0]",False,weak,"14700,0",[[]],[[]]
398,"[672, 422]",False,"[0.531439, 0]","[0, 0]",False,weak,"14700,0",[[]],[[]]
399,"[672, 422]",False,"[0.531439, 0]","[0, 0]",False,weak,"14700,0",[[]],[[]]
400,"[672, 422]",False,"[0.531439, 0]","[0, 0]",False,weak,"14700,0",[[]],[[]]
401,"[672, 422]",False,"[0.531439, 0]","[0, 0]",False,weak,"14700,0",[[]],[[]]
402,"[672, 422]",False,"[0.531439, 0]","[0, 0]",False,weak,"14700,0",[[]],[[]]
403,"[672, 422]",False,"[0.531439, 0]","[0, 0]",False,weak,"14700,0",[[]],[[]]
404,"[672, 422]",False,"[0.531439, 0]","[0, 0]",False,weak,"14700,0",[[]],[[]]
405,"[672, 422]",False,"[0.531439, 0]","[0, 0]",False,weak,"14700,0",[[]],[[]]
406,"[672, 422]",False,"[0.531439, 0]","[0, 0]",False,weak,"14700,0",[[]],[[]]
407,"[672, 422]",False,"[0.531439, 0]","[0, 0]",False,weak,"14700,0",[[]],[[]]
408,"[672, 422]",False,"[0.531439, 0]","[0, 0]",False,weak,"14700,0",[[]],[[]]
409,"[672, 422]",False,"[0.531439, 0]","[0, 0]",False,weak,"14700,0",[[]],[[]]
410,"[672, 422]",False,"[0.531439, 0]","[0, 0]",False,weak,"14700,0",[[]],[[]]
411,"[672, 422]",False,"[0.531439, 0]","[0, 0]",False,weak,"14700,0",[[]],[[]]
412,"[672, 422]",False,"[0.531439, 0]","[0, 0]",False,weak,"14700,0",[[]],[[]]
413,"[672, 422]",False,"[0.531439, 0]","[0, 0]",False,weak,"14700,0",[[]],[[]]
414,"[672, 422]",False,"[0.531439, 0]","[0, 0]",False,weak,"14700,0",[[]],[[]]
415,"[672, 422]",False,"[0.531439, 0]","[0, 0]",False,weak,"14700,0",[[]],[[]]
416,"[672, 422]",False,"[0.531439, 0]","[0, 0]",False,weak,"14700,0",[[]],[[]]
417,"[672, 422]",False,"[0.531439, 0]","[0, 0]",False,weak,"14700,0",[[]],[[]]
418,"[672, 422]",False,"[0.531439, 0]","[0, 0]",False,weak,"14700,0",[[]],[[]]
419,"[672, 422]",False,"[0.531439, 0]","[0, 0]",False,weak,"14700,0",[[]],[[]]
420,"[672, 422]",False,"[0.531439, 0]","[0, 0]",False,weak,"14700,0",[[]],[[]]
421,"[672, 422]",False,"[0.531439, 0]","[0, 0]",False,weak,"14700,0",[[]],[[]]
422,"[672, 422]",False,"[0.531439, 0]","[0, 0]",False,weak,"14700,0",[[]],[[]]
423,"[672, 422]",False,"[0.531439, 0]","[0, 0]",False,weak,"14700,0",[[]],[[]]
424,"[672, 422]",False,"[0.531439, 0]","[0, 0]",False,weak,"14700,0",[[]],[[]]
425,"[672, 422]",False,"[0.531439, 0]","[0, 0]",False,weak,"14700,0",[[]],[[]]
426,"[672, 422]",False,"[0.531439, 0]","[0, 0]",False,weak,"14700,0",[[]],[[]]
427,"[672, 422]",False,"[0.531439, 0]","[0, 0]",False,weak,"14700,0",[[]],[[]]
428,"[672, 422]",False,"[0.531439, 0]","[0, 0]",False,weak,"14700,0",[[]],[[]]
429,"[672, 422]",False,"[0.531439, 0]","[0, 0]",False,weak,"14700,0",[[]],[[]]
430,"[672, 422]",False,"[0.531439, 0]","[0, 0]",False,weak,"14700,0",[[]],[[]]
431,"[672, 422]",False,"[0.531439, 0]","[0, 0]",False,weak,"14700,0",[[]],[[]]
432,"[672, 422]",False,"[0.531439, 0]","[0, 0]",False,weak,"14700,0",[[]],[[]]
433,"[672, 422]",False,"[0.531439, 0]","[0, 0]",False,weak,"14700,0",[[]],[[]]
434,"[672, 422]",False,"[0.531439, 0]","[0, 0]",False,weak,"14700,0",[[]],[[]]
435,"[672, 422]",False,"[0.531439, 0]","[0, 0]",False,weak,"14700,0",[[]],[[]]
436,"[672, 422]",False,"[0.531439, 0]","[0, 0]",False,weak,"14700,0",[[]],[[]]
437,"[672, 422]",False,"[0.531439, 0]","[0, 0]",False,weak,"14700,0",[[]],[[]]
438,"[672, 422]",False,"[0.531439, 0]","[0, 0]",False,weak,"14700,0",[[]],[[]]
439,"[672, 422]",False,"[0.531439, 0]","[0, 0]",False,weak,"14700,0",[[]],[[]]
440,"[672, 422]",False,"[0.531439, 0]","[0, 0]",False,weak,"14700,0",[[]],[[]]
441,"[672, 422]",False,"[0.531439, 0]","[0, 0]",False,weak,"14700,0",[[]],[[]]
442,"[672, 422]",False,"[0.531439, 0]","[0, 0]",False,weak,"14700,0",[[]],[[]]
443,"[672, 422]",False,"[0.531439, 0]","[0, 0]",False,weak,"14700,0",[[]],[[]]
444,"[672, 422]",False,"[0.531439, 0]","[0, 0]",False,weak,"14700,0",[[]],[[]]
445,"[672, 422]",False,"[0.531439, 0]","[0, 0]",False,weak,"14700,0",[[]],[[]]
446,"[672, 422]",False,"[0.531439, 0]","[0, 0]",False,weak,"14700,0",[[]],[[]]
447,"[672, 422]",False,"[0.531439, 0]","[0, 0]",False,weak,"14700,0",[[]],[[]]
448,"[672, 422]",False,"[0.531439, 0]","[0, 0]",False,weak,"14700,0",[[]],[[]]
449,"[672, 422]",False,"[0.531439, 0]","[0, 0]",False,weak,"14700,0",[[]],[[]]
450,"[672, 422]",False,"[0.531439, 0]","[0, 0]",False,weak,"14700,0",[[]],[[]]
451,"[672, 422]",False,"[0.531439, 0]","[0, 0]",False,weak,"14700,0",[[]],[[]]
452,"[672, 422]",False,"[0.531439, 0]","[0, 0]",False,weak,"14700,0",[[]],[[]]
453,"[672, 422]",False,"[0.531439, 0]","[0, 0]",False,weak,"14700,0",[[]],[[]]
454,"[672, 422]",False,"[0.531439, 0]","[0, 0]",False,weak,"14700,0",[[]],[[]]
455,"[672, 422]",False,"[0.531439, 0]","[0, 0]",False,weak,"14700,0",[[]],[[]]
456,"[672, 422]",False,"[0.531439, 0]","[0, 0]",False,weak,"14700,0",[[]],[[]]
457,"[672, 422]",False,"[0.531439, 0]","[0, 0]",False,weak,"14700,0",[[]],[[]]
458,"[672, 422]",False,"[0.531439, 0]","[0, 0]",False,weak,"14700,0",[[]],[[]]
459,"[672, 422]",False,"[0.531439, 0]","[0, 0]",False,weak,"14700,0",[[]],[[]]
460,"[672, 422]",False,"[0.531439, 0]","[0, 0]",False,weak,"14700,0",[[]],[[]]
461,"[672, 422]",False,"[0.531439, 0]","[0, 0]",False,weak,"14700,0",[[]],[[]]
462,"[672, 422]",False,"[0.531439, 0]","[0, 0]",False,weak,"14700,0",[[]],[[]]
463,"[672, 422]",False,"[0.531439, 0]","[0, 0]",False,weak,"14700,0",[[]],[[]]
464,"[672, 422]",False,"[0.531439, 0]","[0, 0]",False,weak,"14700,0",[[]],[[]]
465,"[672, 422]",False,"[0.531439, 0]","[0, 0]",False,weak,"14700,0",[[]],[[]]
466,"[672, 422]",False,"[0.531439, 0]","[0, 0]",False,weak,"14700,0",[[]],[[]]
467,"[672, 422]",False,"[0.531439, 0]","[0, 0]",False,weak,"14700,0",[[]],[[]]
468,"[672, 422]",False,"[0.531439, 0]","[0, 0]",False,weak,"14700,0",[[]],[[]]
469,"[672, 422]",False,"[0.531439, 0]","[0, 0]",False,weak,"14700,0",[[]],[[]]
470,"[672, 422]",False,"[0.531439, 0]","[0, 0]",False,weak,"14700,0",[[]],[[]]
471,"[672, 422]",False,"[0.531439, 0]","[0, 0]",False,weak,"14700,0",[[]],[[]]
472,"[672, 422]",False,"[0.531439, 0]","[0, 0]",False,weak,"14700,0",[[]],[[]]
473,"[672, 422]",False,"[0.531439, 0]","[0, 0]",False,weak,"14700,0",[[]],[[]]
474,"[672, 422]",False,"[0.531439, 0]","[0, 0]",False,weak,"14700,0",[[]],[[]]
475,"[672, 422]",False,"[0.531439, 0]","[0, 0]",False,weak,"14700,0",[[]],[[]]
476,"[672, 422]",False,"[0.531439, 0]","[0, 0]",False,weak,"14700,0",[[]],[[]]
477,"[672, 422]",False,"[0.531439, 0]","[0, 0]",False,weak,"14700,0",[[]],[[]]
478,"[672, 422]",False,"[0.531439, 0]","[0, 0]",False,weak,"14700,0",[[]],[[]]
479,"[672, 422]",False,"[0.531439, 0]","[0, 0]",False,weak,"14700,0",[[]],[[]]
480,"[672, 422]",False,"[0.531439, 0]","[0, 0]",False,weak,"14700,0",[[]],[[]]
481,"[672, 422]",False,"[0.531439, 0]","[0, 0]",False,weak,"14700,0",[[]],[[]]
482,"[672, 422]",False,"[0.531439, 0]","[0, 0]",False,weak,"14700,0",[[]],[[]]
483,"[672, 422]",False,"[0.531439, 0]","[0, 0]",False,weak,"14700,0",[[]],[[]]
484,"[672, 422]",False,"[0.531439, 0]","[0, 0]",False,weak,"14700,0",[[]],[[]]
485,"[672, 422]",False,"[0.531439, 0]","[0, 0]",False,weak,"14700,0",[[]],[[]]
486,"[672, 422]",False,"[0.531439, 0]","[0, 0]",False,weak,"14700,0",[[]],[[]]
487,"[672, 422]",False,"[0.531439, 0]","[0, 0]",False,weak,"14700,0",[[]],[[]]
488,"[672, 422]",False,"[0.531439, 0]","[0, 0]",False,weak,"14700,0",[[]],[[]]
489,"[672, 422]",False,"[0.531439, 0]","[0, 0]",False,weak,"14700,0",[[]],[[]]
490,"[672, 422]",False,"[0.531439, 0]","[0, 0]",False,weak,"14700,0",[[]],[[]]
491,"[672, 422]",False,"[0.531439, 0]","[0, 0]",False,weak,"14700,0",[[]],[[]]
492,"[672, 422]",False,"[0.531439, 0]","[0, 0]",False,weak,"14700,0",[[]],[[]]
493,"[672, 422]",False,"[0.531439, 0]","[0, 0]",False,weak,"14700,0",[[]],[[]]
494,"[672, 422]",False,"[0.531439, 0]","[0, 0]",False,weak,"14700,0",[[]],[[]]
495,"[672, 422]",False,"[0.531439, 0]","[0, 0]",False,weak,"14700,0",[[]],[[]]
496,"[672, 422]",False,"[0.531439, 0]","[0, 0]",False,weak,"14700,0",[[]],[[]]
497,"[672, 422]",False,"[0.531439, 0]","[0, 0]",False,weak,"14700,0",[[]],[[]]
498,"[672, 422]",False,"[0.531439, 0]","[0, 0]",False,weak,"14700,0",[[]],[[]]
499,"[672, 422]",False,"[0.531439, 0]","[0, 0]",False,weak,"14700,0",[[]],[[]]
500,"[672, 422]",False,"[0.531439, 0]","[0, 0]",False,weak,"14700,0",[[]],[[]]
501,"[672, 422]",False,"[0.531439, 0]","[0, 0]",False,weak,"14700,0",[[]],[[]]
502,"[672, 422]",False,"[0.531439, 0]","[0, 0]",False,weak,"14700,0",[[]],[[]]
503,"[672, 422]",False,"[0.531439, 0]","[0, 0]",False,weak,"14700,0",[[]],[[]]
504,"[672, 422]",False,"[0.531439, 0]","[0, 0]",False,weak,"14700,0",[[]],[[]]
505,"[672, 422]",False,"[0.531439, 0]","[0, 0]",False,weak,"14700,0",[[]],[[]]
506,"[672, 422]",False,"[0.531439, 0]","[0, 0]",False,weak,"14700,0",[[]],[[]]
507,"[672, 422]",False,"[0.531439, 0]","[0, 0]",False,weak,"14700,0",[[]],[[]]
508,"[672, 422]",False,"[0.531439, 0]","[0, 0]",False,weak,"14700,0",[[]],[[]]
509,"[672, 422]",False,"[0.531439, 0]","[0, 0]",False,weak,"14700,0",[[]],[[]]
510,"[672, 422]",False,"[0.531439, 0]","[0, 0]",False,weak,"14700,0",[[]],[[]]
511,"[672, 422]",False,"[0.531439, 0]","[0, 0]",False,weak,"14700,0",[[]],[[]]
512,"[672, 422]",False,"[0.531439, 0]","[0, 0]",False,weak,"14700,0",[[]],[[]]
513,"[672, 422]",False,"[0.531439, 0]","[0, 0]",False,weak,"14700,0",[[]],[[]]
514,"[672, 422]",False,"[0.531439, 0]","[0, 0]",False,weak,"14700,0",[[]],[[]]
515,"[672, 422]",False,"[0.531439, 0]","[0, 0]",False,weak,"14700,0",[[]],[[]]
516,"[672, 422]",False,"[0.531439, 0]","[0, 0]",False,weak,"14700,0",[[]],[[]]
517,"[672, 422]",False,"[0.531439, 0]","[0, 0]",False,weak,"14700,0",[[]],[[]]
518,"[672, 422]",False,"[0.531439, 0]","[0, 0]",False,weak,"14700,0",[[]],[[]]
519,"[672, 422]",False,"[0.531439, 0]","[0, 0]",False,weak,"14700,0",[[]],[[]]
520,"[672, 422]",False,"[0.531439, 0]","[0, 0]",False,weak,"14700,0",[[]],[[]]
521,"[672, 422]",False,"[0.531439, 0]","[0, 0]",False,weak,"14700,0",[[]],[[]]
522,"[672, 422]",False,"[0.531439, 0]","[0, 0]",False,weak,"14700,0",[[]],[[]]
523,"[672, 422]",False,"[0.531439, 0]","[0, 0]",False,weak,"14700,0",[[]],[[]]
524,"[672, 422]",False,"[0.531439, 0]","[0, 0]",False,weak,"14700,0",[[]],[[]]
525,"[672, 422]",False,"[0.531439, 0]","[0, 0]",False,weak,"14700,0",[[]],[[]]
526,"[672, 422]",False,"[0.531439, 0]","[0, 0]",False,weak,"14700,0",[[]],"[[array([350, 832])]]"
527,"[672, 422]",False,"[0.531439, 0]","[0, 0]",False,weak,"14700,0",[[]],"[[array([350, 822])]]"
528,"[672, 422]",False,"[0.531439, 0]","[0, 0]",False,weak,"14700,0",[[]],"[[array([350, 812])]]"
529,"[672, 422]",False,"[0.531439, 0]","[0, 0]",False,weak,"14700,0",[[]],"[[array([350, 802])]]"
530,"[672, 422]",False,"[0.531439, 0]","[0, 0]",False,weak,"14700,0",[[]],"[[array([350, 792])]]"
531,"[672, 422]",False,"[0.531439, 0]","[0, 0]",False,weak,"14700,0",[[]],"[[array([350, 782])]]"
532,"[672, 422]",False,"[0.531439, 0]","[0, 0]",False,weak,"14700,0",[[]],"[[array([350, 772])]]"
533,"[672, 422]",False,"[0.531439, 0]","[0, 0]",False,weak,"14700,0",[[]],"[[array([350, 762])]]"
534,"[672, 422]",False,"[0.531439, 0]","[0, 0]",False,weak,"14700,0",[[]],"[[array([350, 752])]]"
535,"[672, 422]",False,"[0.531439, 0]","[0, 0]",False,weak,"14700,0",[[]],"[[array([350, 742])]]"
536,"[672, 422]",False,"[0.531439, 0]","[0, 0]",False,weak,"14700,0",[[]],"[[array([350, 732])]]"
537,"[672, 422]",False,"[0.531439, 0]","[0, 0]",False,weak,"14700,0",[[]],"[[array([350, 722])]]"
538,"[672, 422]",False,"[0.531439, 0]","[0, 0]",False,weak,"14700,0",[[]],"[[array([350, 712])]]"
539,"[672, 422]",False,"[0.531439, 0]","[0, 0]",False,weak,"14700,0",[[]],"[[array([350, 702])]]"
540,"[672, 422]",False,"[0.531439, 0]","[0, 0]",False,weak,"14700,0",[[]],"[[array([350, 692])]]"
541,"[672, 422]",False,"[0.531439, 0]","[0, 0]",False,weak,"14700,0",[[]],"[[array([350, 682])]]"
542,"[672, 422]",False,"[0.531439, 0]","[0, 0]",False,weak,"14700,0",[[]],"[[array([350, 672])]]"
543,"[672, 422]",False,"[0.531439, 0]","[0, 0]",False,weak,"14700,0",[[]],"[[array([350, 662])]]"
544,"[672, 422]",False,"[0.531439, 0]","[0, 0]",False,weak,"14700,0",[[]],"[[array([350, 652])]]"
545,"[672, 422]",False,"[0.531439, 0]","[0, 0]",False,weak,"14700,0",[[]],"[[array([350, 642])]]"
546,"[672, 422]",False,"[0.531439, 0]","[0, 0]",False,weak,"14700,0",[[]],"[[array([350, 632])]]"
547,"[672, 422]",False,"[0.531439, 0]","[0, 0]",False,weak,"14700,0",[[]],"[[array([350, 622])]]"
548,"[672, 422]",False,"[0.531439, 0]","[0, 0]",False,weak,"14700,0",[[]],"[[array([350, 612])]]"
549,"[672, 422]",False,"[0.531439, 0]","[0, 0]",False,weak,"14700,0",[[]],"[[array([350, 602])]]"
550,"[672, 422]",False,"[0.531439, 0]","[0, 0]",False,weak,"14700,0",[[]],"[[array([350, 592])]]"
551,"[672, 422]",False,"[0.531439, 0]","[0, 0]",False,weak,"14700,0",[[]],"[[array([350, 582])]]"
552,"[672, 422]",False,"[0.531439, 0]","[0, 0]",False,weak,"14700,0",[[]],"[[array([350, 572])]]"
553,"[672, 422]",False,"[0.531439, 0]","[0, 0]",False,weak,"14700,0",[[]],"[[array([350, 562])]]"
554,"[672, 422]",False,"[0.531439, 0]","[0, 0]",False,weak,"14700,0",[[]],"[[array([350, 552])]]"
555,"[672, 422]",False,"[0.531439, 0]","[0, 0]",False,weak,"14700,0",[[]],"[[array([350, 542])]]"
556,"[672, 422]",False,"[0.531439, 0]","[0, 0]",False,weak,"14700,0",[[]],"[[array([350, 532])]]"
557,"[672, 422]",False,"[0.531439, 0]","[0, 0]",False,weak,"14700,0",[[]],"[[array([350, 522])]]"
558,"[672, 422]",False,"[0.531439, 0]","[0, 0]",False,weak,"14700,0",[[]],"[[array([350, 512])]]"
559,"[672, 422]",False,"[0.531439, 0]","[0, 0]",False,weak,"14700,0",[[]],"[[array([350, 502])]]"
560,"[672, 422]",False,"[0.531439, 0]","[0, 0]",False,weak,"14700,0",[[]],"[[array([350, 492])]]"
561,"[672, 422]",False,"[0.531439, 0]","[0, 0]",False,weak,"14700,0",[[]],"[[array([350, 482])]]"
562,"[672, 422]",False,"[0.531439, 0]","[0, 0]",False,weak,"14700,0",[[]],"[[array([350, 472])]]"
563,"[672, 422]",False,"[0.531439, 0]","[0, 0]",False,weak,"14700,0",[[]],"[[array([350, 462])]]"
564,"[672, 422]",False,"[0.531439, 0]","[0, 0]",False,weak,"14700,0",[[]],"[[array([345, 452])]]"
565,"[672, 422]",False,"[0.531439, 0]","[0, 0]",False,weak,"14700,0",[[]],"[[array([340, 442])]]"
566,"[672, 422]",False,"[0.531439, 0]","[0, 0]",False,weak,"14700,0",[[]],"[[array([335, 432])]]"
567,"[672, 422]",False,"[0.531439, 0]","[0, 0]",False,weak,"14700,0",[[]],"[[array([330, 422])]]"
568,"[672, 422]",False,"[0.531439, 0]","[0, 0]",False,weak,"14700,0",[[]],"[[array([325, 412])]]"
569,"[672, 422]",False,"[0.531439, 0]","[0, 0]",False,weak,"14700,0",[[]],"[[array([320, 402])]]"
570,"[672, 422]",False,"[0.531439, 0]","[0, 0]",False,weak,"14700,0",[[]],"[[array([315, 392])]]"
571,"[672, 422]",False,"[0.531439, 0]","[0, 0]",False,weak,"14700,0",[[]],"[[array([310, 382])]]"
572,"[672, 422]",False,"[0.531439, 0]","[0, 0]",False,weak,"14700,0",[[]],"[[array([305, 372])]]"
573,"[672, 422]",False,"[0.531439, 0]","[0, 0]",False,weak,"14700,0",[[]],"[[array([300, 362])]]"
574,"[672, 422]",False,"[0.531439, 0]","[0, 0]",False,weak,"14700,0",[[]],"[[array([295, 352])]]"
575,"[672, 422]",False,"[0.531439, 0]","[0, 0]",False,weak,"14700,0",[[]],"[[array([295, 342])]]"
576,"[672, 422]",False,"[0.531439, 0]","[0, 0]",False,weak,"14700,0",[[]],"[[array([295, 332])]]"
577,"[672, 422]",False,"[0.531439, 0]","[0, 0]",False,weak,"14700,0",[[]],"[[array([295, 322])]]"
578,"[672, 422]",False,"[0.531439, 0]","[0, 0]",False,weak,"14700,0",[[]],"[[array([295, 312])]]"
579,"[672, 422]",False,"[0.531439, 0]","[0, 0]",False,weak,"14700,0",[[]],"[[array([295, 302])]]"
580,"[672, 422]",False,"[0.531439, 0]","[0, 0]",False,weak,"14700,0",[[]],"[[array([295, 292])]]"
581,"[672, 422]",False,"[0.531439, 0]","[0, 0]",False,weak,"14700,0",[[]],"[[array([295, 282])]]"
582,"[672, 422]",False,"[0.531439, 0]","[0, 0]",False,weak,"14700,0",[[]],"[[array([295, 272])]]"
583,"[672, 422]",False,"[0.531439, 0]","[0, 0]",False,weak,"14700,0",[[]],"[[array([295, 262])]]"
584,"[672, 422]",False,"[0.531439, 0]","[0, 0]",False,weak,"14700,0",[[]],"[[array([295, 252])]]"
585,"[672, 422]",False,"[0.531439, 0]","[0, 0]",False,weak,"14700,0",[[]],"[[array([295, 242])]]"
586,"[672, 422]",False,"[0.531439, 0]","[0, 0]",False,weak,"14700,0",[[]],"[[array([304, 232])]]"
587,"[672, 422]",False,"[0.531439, 0]","[0, 0]",False,weak,"14700,0",[[]],"[[array([313, 222])]]"
588,"[672, 422]",False,"[0.531439, 0]","[0, 0]",False,weak,"14700,0",[[]],"[[array([322, 212])]]"
589,"[672, 422]",False,"[0.531439, 0]","[0, 0]",False,weak,"14700,0",[[]],"[[array([322, 202])]]"
590,"[672, 422]",False,"[0.531439, 0]","[0, 0]",False,weak,"14700,0",[[]],"[[array([322, 192])]]"
591,"[672, 422]",False,"[0.531439, 0]","[0, 0]",False,weak,"14700,0",[[]],"[[array([322, 182])]]"
592,"[672, 422]",False,"[0.531439, 0]","[0, 0]",False,weak,"14700,0",[[]],"[[array([322, 172])]]"
593,"[672, 422]",False,"[0.531439, 0]","[0, 0]",False,weak,"14700,0",[[]],"[[array([322, 162])]]"
594,"[672, 422]",False,"[0.531439, 0]","[0, 0]",False,weak,"14700,0",[[]],"[[array([322, 152])]]"
595,"[672, 422]",False,"[0.531439, 0]","[0, 0]",False,weak,"14700,0",[[]],"[[array([322, 142])]]"
596,"[672, 422]",False,"[0.531439, 0]","[0, 0]",False,weak,"14700,0",[[]],"[[array([322, 132])]]"
597,"[672, 422]",False,"[0.531439, 0]","[0, 0]",False,weak,"14700,0",[[]],"[[array([322, 122])]]"
598,"[672, 422]",False,"[0.531439, 0]","[0, 0]",False,weak,"14700,0",[[]],"[[array([322, 112])]]"
599,"[672, 422]",False,"[0.531439, 0]","[0, 0]",False,weak,"14700,0",[[]],"[[array([331, 102])]]"
600,"[672, 422]",False,"[0.531439, 0]","[0, 0]",False,weak,"14700,0",[[]],"[[array([340,  92])]]"
601,"[672, 422]",False,"[0.531439, 0]","[0, 0]",False,weak,"14700,0",[[]],"[[array([349,  82])]]"
602,"[672, 422]",False,"[0.531439, 0]","[0, 0]",False,weak,"14700,0",[[]],"[[array([349,  72])]]"
603,"[672, 422]",False,"[0.531439, 0]","[0, 0]",False,weak,"14700,0",[[]],"[[array([349,  62])]]"
604,"[672, 422]",False,"[0.531439, 0]","[0, 0]",False,weak,"14700,0",[[]],"[[array([349,  52])]]"
605,"[672, 422]",False,"[0.531439, 0]","[0, 0]",False,weak,"14700,0",[[]],"[[array([349,  42])]]"
606,"[672, 422]",False,"[0.531439, 0]","[0, 0]",False,weak,"14700,0",[[]],"[[array([349,  32])]]"
607,"[672, 422]",False,"[0.531439, 0]","[0, 0]",False,weak,"14700,0",[[]],"[[array([349,  22])]]"
608,"[672, 422]",False,"[0.531439, 0]","[0, 0]",False,weak,"14700,0",[[]],"[[array([349,  12])]]"
609,"[672, 422]",False,"[0.531439, 0]","[0, 0]",False,weak,"14700,0",[[]],"[[array([349,   2])]]"
610,"[672, 422]",False,"[0.531439, 0]","[0, 0]",False,weak,"14700,0",[[]],[[]]
611,"[672, 422]",False,"[0.531439, 0]","[0, 0]",False,weak,"14700,0",[[]],[[]]
612,"[672, 422]",False,"[0.531439, 0]","[0, 0]",False,weak,"14700,0",[[]],[[]]
613,"[672, 422]",False,"[0.531439, 0]","[0, 0]",False,weak,"14700,0",[[]],[[]]
614,"[672, 422]",False,"[0.531439, 0]","[0, 0]",False,weak,"14700,0",[[]],[[]]
615,"[672, 422]",False,"[0.531439, 0]","[0, 0]",False,weak,"14700,0",[[]],[[]]
616,"[672, 422]",False,"[0.531439, 0]","[0, 0]",False,weak,"14700,0",[[]],[[]]
617,"[672, 422]",False,"[0.531439, 0]","[0, 0]",False,weak,"14700,0",[[]],[[]]
618,"[672, 422]",False,"[0.531439, 0]","[0, 0]",False,weak,"14700,0",[[]],"[[array([349, 836])]]"
619,"[672, 422]",False,"[0.531439, 0]","[0, 0]",False,weak,"14700,0",[[]],"[[array([349, 826])]]"
620,"[672, 422]",False,"[0.531439, 0]","[0, 0]",False,weak,"14700,0",[[]],"[[array([349, 816])]]"
621,"[672, 422]",False,"[0.531439, 0]","[0, 0]",False,weak,"14700,0",[[]],"[[array([349, 806])]]"
622,"[672, 422]",False,"[0.531439, 0]","[0, 0]",False,weak,"14700,0",[[]],"[[array([339, 796])]]"
623,"[672, 422]",False,"[0.531439, 0]","[0, 0]",False,weak,"14700,0",[[]],"[[array([329, 786])]]"
624,"[672, 422]",False,"[0.531439, 0]","[0, 0]",False,weak,"14700,0",[[]],"[[array([319, 776])]]"
625,"[672, 422]",False,"[0.531439, 0]","[0, 0]",False,weak,"14700,0",[[]],"[[array([309, 766])]]"
626,"[672, 422]",False,"[0.531439, 0]","[0, 0]",False,weak,"14700,0",[[]],"[[array([299, 756])]]"
627,"[672, 422]",False,"[0.531439, 0]","[0, 0]",False,weak,"14700,0",[[]],"[[array([289, 746])]]"
628,"[672, 422]",False,"[0.531439, 0]","[0, 0]",False,weak,"14700,0",[[]],"[[array([289, 736])]]"
629,"[672, 422]",False,"[0.531439, 0]","[0, 0]",False,weak,"14700,0",[[]],"[[array([289, 726])]]"
630,"[672, 422]",False,"[0.531439, 0]","[0, 0]",False,weak,"14700,0",[[]],"[[array([289, 716])]]"
631,"[672, 422]",False,"[0.531439, 0]","[0, 0]",False,weak,"14700,0",[[]],"[[array([289, 706])]]"
632,"[672, 422]",False,"[0.531439, 0]","[0, 0]",False,weak,"14700,0",[[]],"[[array([289, 696])]]"
633,"[672, 422]",False,"[0.531439, 0]","[0, 0]",False,weak,"14700,0",[[]],"[[array([289, 686])]]"
634,"[672, 422]",False,"[0.531439, 0]","[0, 0]",False,weak,"14700,0",[[]],"[[array([289, 676])]]"
635,"[672, 422]",False,"[0.531439, 0]","[0, 0]",False,weak,"14700,0",[[]],"[[array([298, 666])]]"
636,"[672, 422]",False,"[0.531439, 0]","[0, 0]",False,weak,"14700,0",[[]],"[[array([307, 656])]]"
637,"[672, 422]",False,"[0.531439, 0]","[0, 0]",False,weak,"14700,0",[[]],"[[array([316, 646])]]"
638,"[672, 422]",False,"[0.531439, 0]","[0, 0]",False,weak,"14700,0",[[]],"[[array([316, 636])]]"
639,"[672, 422]",False,"[0.531439, 0]","[0, 0]",False,weak,"14700,0",[[]],"[[array([316, 626])]]"
640,"[672, 422]",False,"[0.531439, 0]","[0, 0]",False,weak,"14700,0",[[]],"[[array([316, 616])]]"
641,"[672, 422]",False,"[0.531439, 0]","[0, 0]",False,weak,"14700,0",[[]],"[[array([316, 606])]]"
642,"[672, 422]",False,"[0.531439, 0]","[0, 0]",False,weak,"14700,0",[[]],"[[array([316, 596])]]"
643,"[672, 422]",False,"[0.531439, 0]","[0, 0]",False,weak,"14700,0",[[]],"[[array([316, 586])]]"
644,"[672, 422]",False,"[0.531439, 0]","[0, 0]",False,weak,"14700,0",[[]],"[[array([316, 576])]]"
645,"[672, 422]",False,"[0.531439, 0]","[0, 0]",False,weak,"14700,0",[[]],"[[array([316, 566])]]"
646,"[672, 422]",False,"[0.531439, 0]","[0, 0]",False,weak,"14700,0",[[]],"[[array([316, 556])]]"
647,"[672, 422]",False,"[0.531439, 0]","[0, 0]",False,weak,"14700,0",[[]],"[[array([316, 546])]]"
648,"[672, 422]",False,"[0.531439, 0]","[0, 0]",False,weak,"14700,0",[[]],"[[array([325, 536])]]"
649,"[672, 422]",False,"[0.531439, 0]","[0, 0]",False,weak,"14700,0",[[]],"[[array([334, 526])]]"
650,"[672, 422]",False,"[0.531439, 0]","[0, 0]",False,weak,"14700,0",[[]],"[[array([343, 516])]]"
651,"[672, 422]",False,"[0.531439, 0]","[0, 0]",False,weak,"14700,0",[[]],"[[array([352, 506])]]"
652,"[672, 422]",False,"[0.531439, 0]","[0, 0]",False,weak,"14700,0",[[]],"[[array([352, 496])]]"
653,"[672, 422]",False,"[0.531439, 0]","[0, 0]",False,weak,"14700,0",[[]],"[[array([352, 486])]]"
654,"[672, 422]",False,"[0.531439, 0]","[0, 0]",False,weak,"14700,0",[[]],"[[array([352, 476])]]"
655,"[672, 422]",False,"[0.531439, 0]","[0, 0]",False,weak,"14700,0",[[]],"[[array([352, 466])]]"
656,"[672, 422]",False,"[0.531439, 0]","[0, 0]",False,weak,"14700,0",[[]],"[[array([352, 456])]]"
657,"[672, 422]",False,"[0.531439, 0]","[0, 0]",False,weak,"14700,0",[[]],"[[array([347, 446])]]"
658,"[672, 422]",False,"[0.531439, 0]","[0, 0]",False,weak,"14700,0",[[]],"[[array([342, 436])]]"
659,"[672, 422]",False,"[0.531439, 0]","[0, 0]",False,weak,"14700,0",[[]],"[[array([337, 426])]]"
660,"[672, 422]",False,"[0.531439, 0]","[0, 0]",False,weak,"14700,0",[[]],"[[array([332, 416])]]"
661,"[672, 422]",False,"[0.531439, 0]","[0, 0]",False,weak,"14700,0",[[]],"[[array([327, 406])]]"
662,"[672, 422]",False,"[0.531439, 0]","[0, 0]",False,weak,"14700,0",[[]],"[[array([322, 396])]]"
663,"[672, 422]",False,"[0.531439, 0]","[0, 0]",False,weak,"14700,0",[[]],"[[array([317, 386])]]"
664,"[672, 422]",False,"[0.531439, 0]","[0, 0]",False,weak,"14700,0",[[]],"[[array([312, 376])]]"
665,"[672, 422]",False,"[0.531439, 0]","[0, 0]",False,weak,"14700,0",[[]],"[[array([307, 366])]]"
666,"[672, 422]",False,"[0.531439, 0]","[0, 0]",False,weak,"14700,0",[[]],"[[array([302, 356])]]"
667,"[672, 422]",False,"[0.531439, 0]","[0, 0]",False,weak,"14700,0",[[]],"[[array([297, 346])]]"
668,"[672, 422]",False,"[0.531439, 0]","[0, 0]",False,weak,"14700,0",[[]],"[[array([297, 336])]]"
669,"[672, 422]",False,"[0.531439, 0]","[0, 0]",False,weak,"14700,0",[[]],"[[array([297, 326])]]"
670,"[672, 422]",False,"[0.531439, 0]","[0, 0]",False,weak,"14700,0",[[]],"[[array([297, 316])]]"
671,"[672, 422]",False,"[0.531439, 0]","[0, 0]",False,weak,"14700,0",[[]],"[[array([297, 306])]]"
672,"[672, 422]",False,"[0.531439, 0]","[0, 0]",False,weak,"14700,0",[[]],"[[array([297, 296])]]"
673,"[672, 422]",False,"[0.531439, 0]","[0, 0]",False,weak,"14700,0",[[]],"[[array([297, 286])]]"
674,"[672, 422]",False,"[0.531439, 0]","[0, 0]",False,weak,"14700,0",[[]],"[[array([306, 276])]]"
675,"[672, 422]",False,"[0.531439, 0]","[0, 0]",False,weak,"14700,0",[[]],"[[array([315, 266])]]"
676,"[672, 422]",False,"[0.531439, 0]","[0, 0]",False,weak,"14700,0",[[]],"[[array([324, 256])]]"
677,"[672, 422]",False,"[0.531439, 0]","[0, 0]",False,weak,"14700,0",[[]],"[[array([324, 246])]]"
678,"[672, 422]",False,"[0.531439, 0]","[0, 0]",False,weak,"14700,0",[[]],"[[array([324, 236])]]"
679,"[672, 422]",False,"[0.531439, 0]","[0, 0]",False,weak,"14700,0",[[]],"[[array([324, 226])]]"
680,"[672, 422]",False,"[0.531439, 0]","[0, 0]",False,weak,"14700,0",[[]],"[[array([324, 216])]]"
681,"[672, 422]",False,"[0.531439, 0]","[0, 0]",False,weak,"14700,0",[[]],"[[array([324, 206])]]"
682,"[672, 422]",False,"[0.531439, 0]","[0, 0]",False,weak,"14700,0",[[]],"[[array([324, 196])]]"
683,"[672, 422]",False,"[0.531439, 0]","[0, 0]",False,weak,"14700,0",[[]],"[[array([333, 186])]]"
684,"[672, 422]",False,"[0.531439, 0]","[0, 0]",False,weak,"14700,0",[[]],"[[array([342, 176])]]"
685,"[672, 422]",False,"[0.531439, 0]","[0, 0]",False,weak,"14700,0",[[]],"[[array([351, 166])]]"
686,"[672, 422]",False,"[0.531439, 0]","[0, 0]",False,weak,"14700,0",[[]],"[[array([351, 156])]]"
687,"[672, 422]",False,"[0.531439, 0]","[0, 0]",False,weak,"14700,0",[[]],"[[array([351, 146])]]"
688,"[672, 422]",False,"[0.531439, 0]","[0, 0]",False,weak,"14700,0",[[]],"[[array([351, 136])]]"
689,"[672, 422]",False,"[0.531439, 0]","[0, 0]",False,weak,"14700,0",[[]],"[[array([351, 126])]]"
690,"[672, 422]",False,"[0.531439, 0]","[0, 0]",False,weak,"14700,0",[[]],"[[array([351, 116])]]"
691,"[672, 422]",False,"[0.531439, 0]","[0, 0]",False,weak,"14700,0",[[]],"[[array([351, 106])]]"
692,"[672, 422]",False,"[0.531439, 0]","[0, 0]",False,weak,"14700,0",[[]],"[[array([351,  96])]]"
693,"[672, 422]",False,"[0.531439, 0]","[0, 0]",False,weak,"14700,0",[[]],"[[array([351,  86])]]"
694,"[672, 422]",False,"[0.531439, 0]","[0, 0]",False,weak,"14700,0",[[]],"[[array([351,  76])]]"
695,"[672, 422]",False,"[0.531439, 0]","[0, 0]",False,weak,"14700,0",[[]],"[[array([351,  66])]]"
696,"[672, 422]",False,"[0.531439, 0]","[0, 0]",False,weak,"14700,0",[[]],"[[array([351,  56])]]"
697,"[672, 422]",False,"[0.531439, 0]","[0, 0]",False,weak,"14700,0",[[]],"[[array([351,  46])]]"
698,"[672, 422]",False,"[0.531439, 0]","[0, 0]",False,weak,"14700,0",[[]],"[[array([351,  36])]]"
699,"[672, 422]",False,"[0.531439, 0]","[0, 0]",False,weak,"14700,0",[[]],"[[array([351,  26])]]"
700,"[672, 422]",False,"[0.531439, 0]","[0, 0]",False,weak,"14700,0",[[]],"[[array([351,  16])]]"
701,"[672, 422]",False,"[0.531439, 0]","[0, 0]",False,weak,"14700,0",[[]],"[[array([351,   6])]]"
702,"[672, 422]",False,"[0.531439, 0]","[0, 0]",False,weak,"14700,0",[[]],[[]]
703,"[672, 422]",False,"[0.531439, 0]","[0, 0]",False,weak,"14700,0",[[]],[[]]
704,"[672, 422]",False,"[0.531439, 0]","[0, 0]",False,weak,"14700,0",[[]],[[]]
705,"[672, 422]",False,"[0.531439, 0]","[0, 0]",False,weak,"14700,0",[[]],[[]]
706,"[672, 422]",False,"[0.531439, 0]","[0, 0]",False,weak,"14700,0",[[]],[[]]
707,"[672, 422]",False,"[0.531439, 0]","[0, 0]",False,weak,"14700,0",[[]],[[]]
708,"[672, 422]",False,"[0.531439, 0]","[0, 0]",False,weak,"14700,0",[[]],[[]]
709,"[672, 422]",False,"[0.531439, 0]","[0, 0]",False,weak,"14700,0",[[]],[[]]
710,"[672, 422]",False,"[0.531439, 0]","[0, 0]",False,weak,"14700,0",[[]],[[]]
711,"[672, 422]",False,"[0.531439, 0]","[0, 0]",False,weak,"14700,0",[[]],[[]]
712,"[672, 422]",False,"[0.531439, 0]","[0, 0]",False,weak,"14700,0",[[]],[[]]
713,"[672, 422]",False,"[0.531439, 0]","[0, 0]",False,weak,"14700,0",[[]],"[[array([351, 838])]]"
714,"[672, 422]",False,"[0.531439, 0]","[0, 0]",False,weak,"14700,0",[[]],"[[array([351, 828])]]"
715,"[672, 422]",False,"[0.531439, 0]","[0, 0]",False,weak,"14700,0",[[]],"[[array([351, 818])]]"
716,"[672, 422]",False,"[0.531439, 0]","[0, 0]",False,weak,"14700,0",[[]],"[[array([351, 808])]]"
717,"[672, 422]",False,"[0.531439, 0]","[0, 0]",False,weak,"14700,0",[[]],"[[array([351, 798])]]"
718,"[672, 422]",False,"[0.531439, 0]","[0, 0]",False,weak,"14700,0",[[]],"[[array([351, 788])]]"
719,"[672, 422]",False,"[0.531439, 0]","[0, 0]",False,weak,"14700,0",[[]],"[[array([351, 778])]]"
720,"[672, 422]",False,"[0.531439, 0]","[0, 0]",False,weak,"14700,0",[[]],"[[array([351, 768])]]"
721,"[672, 422]",False,"[0.531439, 0]","[0, 0]",False,weak,"14700,0",[[]],"[[array([351, 758])]]"
722,"[672, 422]",False,"[0.531439, 0]","[0, 0]",False,weak,"14700,0",[[]],"[[array([351, 748])]]"
723,"[672, 422]",False,"[0.531439, 0]","[0, 0]",False,weak,"14700,0",[[]],"[[array([351, 738])]]"
724,"[672, 422]",False,"[0.531439, 0]","[0, 0]",False,weak,"14700,0",[[]],"[[array([351, 728])]]"
725,"[672, 422]",False,"[0.531439, 0]","[0, 0]",False,weak,"14700,0",[[]],"[[array([341, 718])]]"
726,"[672, 422]",False,"[0.531439, 0]","[0, 0]",False,weak,"14700,0",[[]],"[[array([331, 708])]]"
727,"[672, 422]",False,"[0.531439, 0]","[0, 0]",False,weak,"14700,0",[[]],"[[array([321, 698])]]"
728,"[672, 422]",False,"[0.531439, 0]","[0, 0]",False,weak,"14700,0",[[]],"[[array([311, 688])]]"
729,"[672, 422]",False,"[0.531439, 0]","[0, 0]",False,weak,"14700,0",[[]],"[[array([311, 678])]]"
730,"[672, 422]",False,"[0.531439, 0]","[0, 0]",False,weak,"14700,0",[[]],"[[array([311, 668])]]"
731,"[672, 422]",False,"[0.531439, 0]","[0, 0]",False,weak,"14700,0",[[]],"[[array([311, 658])]]"
732,"[672, 422]",False,"[0.531439, 0]","[0, 0]",False,weak,"14700,0",[[]],"[[array([311, 648])]]"
733,"[672, 422]",False,"[0.531439, 0]","[0, 0]",False,weak,"14700,0",[[]],"[[array([311, 638])]]"
734,"[672, 422]",False,"[0.531439, 0]","[0, 0]",False,weak,"14700,0",[[]],"[[array([311, 628])]]"
735,"[672, 422]",False,"[0.531439, 0]","[0, 0]",False,weak,"14700,0",[[]],"[[array([311, 618])]]"
736,"[672, 422]",False,"[0.531439, 0]","[0, 0]",False,weak,"14700,0",[[]],"[[array([311, 608])]]"
737,"[672, 422]",False,"[0.531439, 0]","[0, 0]",False,weak,"14700,0",[[]],"[[array([311, 598])]]"
738,"[672, 422]",False,"[0.531439, 0]","[0, 0]",False,weak,"14700,0",[[]],"[[array([311, 588])]]"
739,"[672, 422]",False,"[0.531439, 0]","[0, 0]",False,weak,"14700,0",[[]],"[[array([320, 578])]]"
740,"[672, 422]",False,"[0.531439, 0]","[0, 0]",False,weak,"14700,0",[[]],"[[array([329, 568])]]"
741,"[672, 422]",False,"[0.531439, 0]","[0, 0]",False,weak,"14700,0",[[]],"[[array([338, 558])]]"
742,"[672, 422]",False,"[0.531439, 0]","[0, 0]",False,weak,"14700,0",[[]],"[[array([338, 548])]]"
743,"[672, 422]",False,"[0.531439, 0]","[0, 0]",False,weak,"14700,0",[[]],"[[array([338, 538])]]"
744,"[672, 422]",False,"[0.531439, 0]","[0, 0]",False,weak,"14700,0",[[]],"[[array([338, 528])]]"
745,"[672, 422]",False,"[0.531439, 0]","[0, 0]",False,weak,"14700,0",[[]],"[[array([338, 518])]]"
746,"[672, 422]",False,"[0.531439, 0]","[0, 0]",False,weak,"14700,0",[[]],"[[array([338, 508])]]"
747,"[672, 422]",False,"[0.531439, 0]","[0, 0]",False,weak,"14700,0",[[]],"[[array([338, 498])]]"
748,"[672, 422]",False,"[0.531439, 0]","[0, 0]",False,weak,"14700,0",[[]],"[[array([338, 488])]]"
749,"[672, 422]",False,"[0.531439, 0]","[0, 0]",False,weak,"14700,0",[[]],"[[array([338, 478])]]"
750,"[672, 422]",False,"[0.531439, 0]","[0, 0]",False,weak,"14700,0",[[]],"[[array([338, 468])]]"
751,"[672, 422]",False,"[0.531439, 0]","[0, 0]",False,weak,"14700,0",[[]],"[[array([338, 458])]]"
752,"[672, 422]",False,"[0.531439, 0]","[0, 0]",False,weak,"14700,0",[[]],"[[array([333, 448])]]"
753,"[672, 422]",False,"[0.531439, 0]","[0, 0]",False,weak,"14700,0",[[]],"[[array([328, 438])]]"
754,"[672, 422]",False,"[0.531439, 0]","[0, 0]",False,weak,"14700,0",[[]],"[[array([323, 428])]]"
755,"[672, 422]",False,"[0.531439, 0]","[0, 0]",False,weak,"14700,0",[[]],"[[array([318, 418])]]"
756,"[672, 422]",False,"[0.531439, 0]","[0, 0]",False,weak,"14700,0",[[]],"[[array([313, 408])]]"
757,"[672, 422]",False,"[0.531439, 0]","[0, 0]",False,weak,"14700,0",[[]],"[[array([308, 398])]]"
758,"[672, 422]",False,"[0.531439, 0]","[0, 0]",False,weak,"14700,0",[[]],"[[array([303, 388])]]"
759,"[672, 422]",False,"[0.531439, 0]","[0, 0]",False,weak,"14700,0",[[]],"[[array([298, 378])]]"
760,"[672, 422]",False,"[0.531439, 0]","[0, 0]",False,weak,"14700,0",[[]],"[[array([293, 368])]]"
761,"[672, 422]",False,"[0.531439, 0]","[0, 0]",False,weak,"14700,0",[[]],"[[array([288, 358])]]"
762,"[672, 422]",False,"[0.531439, 0]","[0, 0]",False,weak,"14700,0",[[]],"[[array([283, 348])]]"
763,"[672, 422]",False,"[0.531439, 0]","[0, 0]",False,weak,"14700,0",[[]],"[[array([283, 338])]]"
764,"[672, 422]",False,"[0.531439, 0]","[0, 0]",False,weak,"14700,0",[[]],"[[array([283, 328]), array([283, 832])]]"
765,"[672, 422]",False,"[0.531439, 0]","[0, 0]",False,weak,"14700,0",[[]],"[[array([283, 318]), array([283, 822])]]"
766,"[672, 422]",False,"[0.531439, 0]","[0, 0]",False,weak,"14700,0",[[]],"[[array([283, 308]), array([283, 812])]]"
767,"[672, 422]",False,"[0.531439, 0]","[0, 0]",False,weak,"14700,0",[[]],"[[array([292, 298]), array([292, 802])]]"
768,"[672, 422]",False,"[0.531439, 0]","[0, 0]",False,weak,"14700,0",[[]],"[[array([301, 288]), array([301, 792])]]"
769,"[672, 422]",False,"[0.531439, 0]","[0, 0]",False,weak,"14700,0",[[]],"[[array([310, 278]), array([310, 782])]]"
770,"[672, 422]",False,"[0.531439, 0]","[0, 0]",False,weak,"14700,0",[[]],"[[array([319, 268]), array([319, 772])]]"
771,"[672, 422]",False,"[0.531439, 0]","[0, 0]",False,weak,"14700,0",[[]],"[[array([319, 258]), array([319, 762])]]"
772,"[672, 422]",False,"[0.531439, 0]","[0, 0]",False,weak,"14700,0",[[]],"[[array([319, 248]), array([319, 752])]]"
773,"[672, 422]",False,"[0.531439, 0]","[0, 0]",False,weak,"14700,0",[[]],"[[array([319, 238]), array([319, 742])]]"
774,"[672, 422]",False,"[0.531439, 0]","[0, 0]",False,weak,"14700,0",[[]],"[[array([319, 228]), array([319, 732])]]"
775,"[672, 422]",False,"[0.531439, 0]","[0, 0]",False,weak,"14700,0",[[]],"[[array([328, 218]), array([328, 722])]]"
776,"[672, 422]",False,"[0.531439, 0]","[0, 0]",False,weak,"14700,0",[[]],"[[array([337, 208]), array([337, 712])]]"
777,"[672, 422]",False,"[0.531439, 0]","[0, 0]",False,weak,"14700,0",[[]],"[[array([346, 198]), array([346, 702])]]"
778,"[672, 422]",False,"[0.531439, 0]","[0, 0]",False,weak,"14700,0",[[]],"[[array([346, 188]), array([346, 692])]]"
779,"[672, 422]",False,"[0.531439, 0]","[0, 0]",False,weak,"14700,0",[[]],"[[array([346, 178]), array([346, 682])]]"
780,"[672, 422]",False,"[0.531439, 0]","[0, 0]",False,weak,"14700,0",[[]],"[[array([346, 168]), array([346, 672])]]"
781,"[672, 422]",False,"[0.531439, 0]","[0, 0]",False,weak,"14700,0",[[]],"[[array([346, 158]), array([346, 662])]]"
782,"[672, 422]",False,"[0.531439, 0]","[0, 0]",False,weak,"14700,0",[[]],"[[array([346, 148]), array([346, 652])]]"
783,"[672, 422]",False,"[0.531439, 0]","[0, 0]",False,weak,"14700,0",[[]],"[[array([346, 138]), array([346, 642])]]"
784,"[672, 422]",False,"[0.531439, 0]","[0, 0]",False,weak,"14700,0",[[]],"[[array([346, 128]), array([346, 632])]]"
785,"[672, 422]",False,"[0.531439, 0]","[0, 0]",False,weak,"14700,0",[[]],"[[array([346, 118]), array([346, 622])]]"
786,"[672, 422]",False,"[0.531439, 0]","[0, 0]",False,weak,"14700,0",[[]],"[[array([346, 108]), array([346, 612])]]"
787,"[672, 422]",False,"[0.531439, 0]","[0, 0]",False,weak,"14700,0",[[]],"[[array([346,  98]), array([346, 602])]]"
788,"[672, 422]",False,"[0.531439, 0]","[0, 0]",False,weak,"14700,0",[[]],"[[array([346,  88]), array([346, 592])]]"
789,"[672, 422]",False,"[0.531439, 0]","[0, 0]",False,weak,"14700,0",[[]],"[[array([346,  78]), array([346, 582])]]"
790,"[672, 422]",False,"[0.531439, 0]","[0, 0]",False,weak,"14700,0",[[]],"[[array([346,  68]), array([346, 572])]]"
791,"[672, 422]",False,"[0.531439, 0]","[0, 0]",False,weak,"14700,0",[[]],"[[array([346,  58]), array([346, 562])]]"
792,"[672, 422]",False,"[0.531439, 0]","[0, 0]",False,weak,"14700,0",[[]],"[[array([346,  48]), array([346, 552])]]"
793,"[672, 422]",False,"[0.531439, 0]","[0, 0]",False,weak,"14700,0",[[]],"[[array([346,  38]), array([346, 542])]]"
794,"[672, 422]",False,"[0.531439, 0]","[0, 0]",False,weak,"14700,0",[[]],"[[array([346,  28]), array([346, 532])]]"
795,"[672, 422]",False,"[0.531439, 0]","[0, 0]",False,weak,"14700,0",[[]],"[[array([346,  18]), array([346, 522])]]"
796,"[672, 422]",False,"[0.531439, 0]","[0, 0]",False,weak,"14700,0",[[]],"[[array([346,   8]), array([346, 512])]]"
797,"[672, 422]",False,"[0.531439, 0]","[0, 0]",False,weak,"14700,0",[[]],"[[array([346, 502])]]"
798,"[672, 422]",False,"[0.531439, 0]","[0, 0]",False,weak,"14700,0",[[]],"[[array([346, 492])]]"
799,"[672, 422]",False,"[0.531439, 0]","[0, 0]",False,weak,"14700,0",[[]],"[[array([346, 482])]]"
800,"[672, 422]",False,"[0.531439, 0]","[0, 0]",False,weak,"14700,0",[[]],"[[array([346, 472])]]"
801,"[672, 422]",False,"[0.531439, 0]","[0, 0]",False,weak,"14700,0",[[]],"[[array([346, 462])]]"
802,"[672, 422]",False,"[0.531439, 0]","[0, 0]",False,weak,"14700,0",[[]],"[[array([341, 452])]]"
803,"[672, 422]",False,"[0.531439, 0]","[0, 0]",False,weak,"14700,0",[[]],"[[array([336, 442])]]"
804,"[672, 422]",False,"[0.531439, 0]","[0, 0]",False,weak,"14700,0",[[]],"[[array([331, 432])]]"
805,"[672, 422]",False,"[0.531439, 0]","[0, 0]",False,weak,"14700,0",[[]],"[[array([326, 422])]]"
806,"[672, 422]",False,"[0.531439, 0]","[0, 0]",False,weak,"14700,0",[[]],"[[array([321, 412])]]"
807,"[672, 422]",False,"[0.531439, 0]","[0, 0]",False,weak,"14700,0",[[]],"[[array([316, 402])]]"
808,"[672, 422]",False,"[0.531439, 0]","[0, 0]",False,weak,"14700,0",[[]],"[[array([311, 392])]]"
809,"[672, 422]",False,"[0.531439, 0]","[0, 0]",False,weak,"14700,0",[[]],"[[array([306, 382])]]"
810,"[672, 422]",False,"[0.531439, 0]","[0, 0]",False,weak,"14700,0",[[]],"[[array([301, 372])]]"
811,"[672, 422]",False,"[0.531439, 0]","[0, 0]",False,weak,"14700,0",[[]],"[[array([296, 362])]]"
812,"[672, 422]",False,"[0.531439, 0]","[0, 0]",False,weak,"14700,0",[[]],"[[array([291, 352])]]"
813,"[672, 422]",False,"[0.531439, 0]","[0, 0]",False,weak,"14700,0",[[]],"[[array([291, 342])]]"
814,"[672, 422]",False,"[0.531439, 0]","[0, 0]",False,weak,"14700,0",[[]],"[[array([291, 332])]]"
815,"[672, 422]",False,"[0.531439, 0]","[0, 0]",False,weak,"14700,0",[[]],"[[array([291, 322])]]"
816,"[672, 422]",False,"[0.531439, 0]","[0, 0]",False,weak,"14700,0",[[]],"[[array([291, 312])]]"
817,"[672, 422]",False,"[0.531439, 0]","[0, 0]",False,weak,"14700,0",[[]],"[[array([291, 302])]]"
818,"[672, 422]",False,"[0.531439, 0]","[0, 0]",False,weak,"14700,0",[[]],"[[array([291, 292])]]"
819,"[672, 422]",False,"[0.531439, 0]","[0, 0]",False,weak,"14700,0",[[]],"[[array([291, 282])]]"
820,"[672, 422]",False,"[0.531439, 0]","[0, 0]",False,weak,"14700,0",[[]],"[[array([300, 272])]]"
821,"[672, 422]",False,"[0.531439, 0]","[0, 0]",False,weak,"14700,0",[[]],"[[array([309, 262])]]"
822,"[672, 422]",False,"[0.531439, 0]","[0, 0]",False,weak,"14700,0",[[]],"[[array([318, 252])]]"
823,"[672, 422]",False,"[0.531439, 0]","[0, 0]",False,weak,"14700,0",[[]],"[[array([327, 242])]]"
824,"[672, 422]",False,"[0.531439, 0]","[0, 0]",False,weak,"14700,0",[[]],"[[array([327, 232])]]"
825,"[672, 422]",False,"[0.531439, 0]","[0, 0]",False,weak,"14700,0",[[]],"[[array([327, 222]), array([327, 838])]]"
826,"[672, 422]",False,"[0.531439, 0]","[0, 0]",False,weak,"14700,0",[[]],"[[array([327, 212]), array([327, 828])]]"
827,"[672, 422]",False,"[0.531439, 0]","[0, 0]",False,weak,"14700,0",[[]],"[[array([327, 202]), array([327, 818])]]"
828,"[672, 422]",False,"[0.531439, 0]","[0, 0]",False,weak,"14700,0",[[]],"[[array([327, 192]), array([327, 808])]]"
829,"[672, 422]",False,"[0.531439, 0]","[0, 0]",False,weak,"14700,0",[[]],"[[array([327, 182]), array([327, 798])]]"
830,"[672, 422]",False,"[0.531439, 0]","[0, 0]",False,weak,"14700,0",[[]],"[[array([327, 172]), array([327, 788])]]"
831,"[672, 422]",False,"[0.531439, 0]","[0, 0]",False,weak,"14700,0",[[]],"[[array([327, 162]), array([327, 778])]]"
832,"[672, 422]",False,"[0.531439, 0]","[0, 0]",False,weak,"14700,0",[[]],"[[array([327, 152]), array([327, 768])]]"
833,"[672, 422]",False,"[0.531439, 0]","[0, 0]",False,weak,"14700,0",[[]],"[[array([327, 142]), array([327, 758])]]"
834,"[672, 422]",False,"[0.531439, 0]","[0, 0]",False,weak,"14700,0",[[]],"[[array([327, 132]), array([327, 748])]]"
835,"[672, 422]",False,"[0.531439, 0]","[0, 0]",False,weak,"14700,0",[[]],"[[array([327, 122]), array([327, 738])]]"
836,"[672, 422]",False,"[0.531439, 0]","[0, 0]",False,weak,"14700,0",[[]],"[[array([327, 112]), array([327, 728])]]"
837,"[672, 422]",False,"[0.531439, 0]","[0, 0]",False,weak,"14700,0",[[]],"[[array([327, 102]), array([327, 718])]]"
838,"[672, 422]",False,"[0.531439, 0]","[0, 0]",False,weak,"14700,0",[[]],"[[array([327,  92]), array([327, 708])]]"
839,"[672, 422]",False,"[0.531439, 0]","[0, 0]",False,weak,"14700,0",[[]],"[[array([327,  82]), array([327, 698]), array([1004,  838])]]"
840,"[672, 422]",False,"[0.531439, 0]","[0, 0]",False,weak,"14700,0",[[]],"[[array([327,  72]), array([327, 688]), array([1004,  828])]]"
841,"[672, 422]",False,"[0.531439, 0]","[0, 0]",False,weak,"14700,0",[[]],"[[array([327,  62]), array([327, 678]), array([1004,  818])]]"
842,"[672, 422]",False,"[0.531439, 0]","[0, 0]",False,weak,"14700,0",[[]],"[[array([327,  52]), array([327, 668]), array([1004,  808])]]"
843,"[672, 422]",False,"[0.531439, 0]","[0, 0]",False,weak,"14700,0",[[]],"[[array([327,  42]), array([327, 658]), array([1004,  798])]]"
844,"[672, 422]",False,"[0.531439, 0]","[0, 0]",False,weak,"14700,0",[[]],"[[array([327,  32]), array([327, 648]), array([1004,  788])]]"
845,"[672, 422]",False,"[0.531439, 0]","[0, 0]",False,weak,"14700,0",[[]],"[[array([327,  22]), array([327, 638]), array([1004,  778])]]"
846,"[672, 422]",False,"[0.531439, 0]","[0, 0]",False,weak,"14700,0",[[]],"[[array([327,  12]), array([327, 628]), array([1004,  768])]]"
847,"[672, 422]",False,"[0.531439, 0]","[0, 0]",False,weak,"14700,0",[[]],"[[array([327,   2]), array([327, 618]), array([1004,  758])]]"
848,"[672, 422]",False,"[0.531439, 0]","[0, 0]",False,weak,"14700,0",[[]],"[[array([327, 608]), array([1004,  748])]]"
849,"[672, 422]",False,"[0.531439, 0]","[0, 0]",False,weak,"14700,0",[[]],"[[array([327, 598]), array([1004,  738])]]"
850,"[672, 422]",False,"[0.531439, 0]","[0, 0]",False,weak,"14700,0","[[array([897, 840])]]","[[array([327, 588]), array([1004,  728])]]"
851,"[672, 422]",False,"[0.531439, 0]","[0, 0]",False,weak,"14700,0","[[array([897, 830])]]","[[array([327, 578]), array([1004,  718])]]"
852,"[672, 422]",False,"[0.531439, 0]","[0, 0]",False,weak,"14700,0","[[array([897, 820])]]","[[array([327, 568]), array([1004,  708])]]"
853,"[672, 422]",False,"[0.531439, 0]","[0, 0]",False,weak,"14700,0","[[array([897, 810])]]","[[array([327, 558]), array([1004,  698])]]"
854,"[672, 422]",False,"[0.531439, 0]","[0, 0]",False,weak,"14700,0","[[array([897, 800])]]","[[array([327, 548]), array([1004,  688])]]"
855,"[672, 422]",False,"[0.531439, 0]","[0, 0]",False,weak,"14700,0","[[array([897, 790])]]","[[array([327, 538]), array([1004,  678])]]"
856,"[672, 422]",False,"[0.531439, 0]","[0, 0]",False,weak,"14700,0","[[array([897, 780])]]","[[array([327, 528]), array([1004,  668])]]"
857,"[672, 422]",False,"[0.531439, 0]","[0, 0]",False,weak,"14700,0","[[array([897, 770])]]","[[array([327, 518]), array([1004,  658])]]"
858,"[672, 422]",False,"[0.531439, 0]","[0, 0]",False,weak,"14700,0","[[array([897, 760])]]","[[array([327, 508]), array([1004,  648])]]"
859,"[672, 422]",False,"[0.531439, 0]","[0, 0]",False,weak,"14700,0","[[array([897, 750])]]","[[array([327, 498]), array([1004,  638])]]"
860,"[672, 422]",False,"[0.531439, 0]","[0, 0]",False,weak,"14700,0","[[array([897, 740])]]","[[array([327, 488]), array([1004,  628])]]"
861,"[672, 422]",False,"[0.531439, 0]","[0, 0]",False,weak,"14700,0","[[array([897, 730])]]","[[array([327, 478]), array([1004,  618])]]"
862,"[672, 422]",False,"[0.531439, 0]","[0, 0]",False,weak,"14700,0","[[array([897, 720])]]","[[array([327, 468]), array([1004,  608])]]"
863,"[672, 422]",False,"[0.531439, 0]","[0, 0]",False,weak,"14700,0","[[array([897, 710])]]","[[array([327, 458]), array([1004,  598])]]"
864,"[672, 422]",False,"[0.531439, 0]","[0, 0]",False,weak,"14700,0","[[array([892, 700]), array([794, 840])]]","[[array([322, 448]), array([999, 588])]]"
865,"[672, 422]",False,"[0.531439, 0]","[0, 0]",False,weak,"14700,0","[[array([887, 690]), array([789, 830])]]","[[array([317, 438]), array([994, 578])]]"
866,"[672, 422]",False,"[0.531439, 0]","[0, 0]",False,weak,"14700,0","[[array([882, 680]), array([784, 820]), array([574, 834])]]","[[array([312, 428]), array([989, 568])]]"
867,"[672, 422]",False,"[0.531439, 0]","[0, 0]",False,weak,"14700,0","[[array([877, 670]), array([779, 810]), array([569, 824])]]","[[array([307, 418]), array([984, 558])]]"
868,"[672, 422]",False,"[0.531439, 0]","[0, 0]",False,weak,"14700,0","[[array([872, 660]), array([774, 800]), array([564, 814])]]","[[array([302, 408]), array([979, 548])]]"
869,"[672, 422]",False,"[0.531439, 0]","[0, 0]",False,weak,"14700,0","[[array([867, 650]), array([769, 790]), array([559, 804])]]","[[array([297, 398]), array([974, 538])]]"
870,"[672, 422]",False,"[0.531439, 0]","[0, 0]",False,weak,"14700,0","[[array([862, 640]), array([764, 780]), array([554, 794])]]","[[array([292, 388]), array([969, 528])]]"
871,"[672, 422]",False,"[0.531439, 0]","[0, 0]",False,weak,"14700,0","[[array([857, 630]), array([759, 770]), array([549, 784]), array([479, 840])]]","[[array([287, 378]), array([964, 518]), array([287, 840])]]"
872,"[672, 422]",False,"[0.531439, 0]","[0, 0]",False,weak,"14700,0","[[array([852, 620]), array([754, 760]), array([544, 774]), array([474, 830])]]","[[array([282, 368]), array([959, 508]), array([282, 830])]]"
873,"[672, 422]",False,"[0.531439, 0]","[0, 0]",False,weak,"14700,0","[[array([847, 610]), array([749, 750]), array([539, 764]), array([469, 820])]]","[[array([277, 358]), array([954, 498]), array([277, 820])]]"
874,"[672, 422]",False,"[0.531439, 0]","[0, 0]",False,weak,"14700,0","[[array([842, 600]), array([744, 740]), array([534, 754]), array([464, 810])]]","[[array([272, 348]), array([949, 488]), array([272, 810])]]"
875,"[672, 422]",False,"[0.531439, 0]","[0, 0]",False,weak,"14700,0","[[array([842, 590]), array([744, 730]), array([534, 744]), array([464, 800])]]","[[array([272, 338]), array([949, 478]), array([272, 800])]]"
876,"[672, 422]",False,"[0.531439, 0]","[0, 0]",False,weak,"14700,0","[[array([842, 580]), array([744, 720]), array([534, 734]), array([464, 790])]]","[[array([272, 328]), array([949, 468]), array([272, 790])]]"
877,"[672, 422]",False,"[0.531439, 0]","[0, 0]",False,weak,"14700,0","[[array([842, 570]), array([744, 710]), array([534, 724]), array([464, 780])]]","[[array([272, 318]), array([949, 458]), array([272, 780])]]"
878,"[672, 422]",False,"[0.531439, 0]","[0, 0]",False,weak,"14700,0","[[array([846, 560]), array([748, 700]), array([538, 714]), array([468, 770]), array([594, 840])]]","[[array([276, 308]), array([953, 448]), array([276, 770])]]"
879,"[672, 422]",False,"[0.531439, 0]","[0, 0]",False,weak,"14700,0","[[array([850, 550]), array([752, 690]), array([542, 704]), array([472, 760]), array([598, 830])]]","[[array([280, 298]), array([957, 438]), array([280, 760])]]"
880,"[672, 422]",False,"[0.531439, 0]","[0, 0]",False,weak,"14700,0","[[array([854, 540]), array([756, 680]), array([546, 694]), array([476, 750]), array([602, 820])]]","[[array([284, 288]), array([961, 428]), array([284, 750])]]"
881,"[672, 422]",False,"[0.531439, 0]","[0, 0]",False,weak,"14700,0","[[array([858, 530]), array([760, 670]), array([550, 684]), array([480, 740]), array([606, 810]), array([788, 838])]]","[[array([288, 278]), array([965, 418]), array([288, 740])]]"
882,"[672, 422]",False,"[0.531439, 0]","[0, 0]",False,weak,"14700,0","[[array([862, 520]), array([764, 660]), array([554, 674]), array([484, 730]), array([610, 800]), array([792, 828])]]","[[array([292, 268]), array([969, 408]), array([292, 730])]]"
883,"[672, 422]",False,"[0.531439, 0]","[0, 0]",False,weak,"14700,0","[[array([866, 510]), array([768, 650]), array([558, 664]), array([488, 720]), array([614, 790]), array([796, 818])]]","[[array([296, 258]), array([973, 398]), array([296, 720])]]"
884,"[672, 422]",False,"[0.531439, 0]","[0, 0]",False,weak,"14700,0","[[array([870, 500]), array([772, 640]), array([562, 654]), array([492, 710]), array([618, 780]), array([800, 808])]]","[[array([300, 248]), array([977, 388]), array([300, 710])]]"
885,"[672, 422]",False,"[0.531439, 0]","[0, 0]",False,weak,"14700,0","[[array([874, 490]), array([776, 630]), array([566, 644]), array([496, 700]), array([622, 770]), array([804, 798])]]","[[array([304, 238]), array([981, 378]), array([304, 700])]]"
886,"[672, 422]",False,"[0.531439, 0]","[0, 0]",False,weak,"14700,0","[[array([878, 480]), array([780, 620]), array([570, 634]), array([500, 690]), array([626, 760]), array([808, 788])]]","[[array([308, 228]), array([985, 368]), array([308, 690])]]"
887,"[672, 422]",False,"[0.531439, 0]","[0, 0]",False,weak,"14700,0","[[array([882, 470]), array([784, 610]), array([574, 624]), array([504, 680]), array([630, 750]), array([812, 778])]]","[[array([312, 218]), array([989, 358]), array([312, 680])]]"
888,"[672, 422]",False,"[0.531439, 0]","[0, 0]",False,weak,"14700,0","[[array([886, 460]), array([788, 600]), array([578, 614]), array([508, 670]), array([634, 740]), array([816, 768])]]","[[array([316, 208]), array([993, 348]), array([316, 670])]]"
889,"[672, 422]",False,"[0.531439, 0]","[0, 0]",False,weak,"14700,0","[[array([886, 450]), array([788, 590]), array([578, 604]), array([508, 660]), array([634, 730]), array([816, 758])]]","[[array([316, 198]), array([993, 338]), array([316, 660])]]"
890,"[672, 422]",False,"[0.531439, 0]","[0, 0]",False,weak,"14700,0","[[array([886, 440]), array([788, 580]), array([578, 594]), array([508, 650]), array([634, 720]), array([816, 748]), array([732, 832])]]","[[array([316, 188]), array([993, 328]), array([316, 650])]]"
891,"[672, 422]",False,"[0.531439, 0]","[0, 0]",False,weak,"14700,0","[[array([886, 430]), array([788, 570]), array([578, 584]), array([508, 640]), array([634, 710]), array([816, 738]), array([732, 822])]]","[[array([316, 178]), array([993, 318]), array([316, 640])]]"
892,"[672, 422]",False,"[0.531439, 0]","[0, 0]",False,weak,"14700,0","[[array([886, 420]), array([788, 560]), array([578, 574]), array([508, 630]), array([634, 700]), array([816, 728]), array([732, 812])]]","[[array([316, 168]), array([993, 308]), array([316, 630])]]"
893,"[672, 422]",False,"[0.531439, 0]","[0, 0]",False,weak,"14700,0","[[array([886, 410]), array([788, 550]), array([578, 564]), array([508, 620]), array([634, 690]), array([816, 718]), array([732, 802])]]","[[array([316, 158]), array([993, 298]), array([316, 620])]]"
894,"[672, 422]",False,"[0.531439, 0]","[0, 0]",False,weak,"14700,0","[[array([886, 400]), array([788, 540]), array([578, 554]), array([508, 610]), array([634, 680]), array([816, 708]), array([732, 792]), array([606, 834])]]","[[array([316, 148]), array([993, 288]), array([316, 610])]]"
895,"[672, 422]",False,"[0.531439, 0]","[0, 0]",False,weak,"14700,0","[[array([886, 390]), array([788, 530]), array([578, 544]), array([508, 600]), array([634, 670]), array([816, 698]), array([732, 782]), array([606, 824])]]","[[array([316, 138]), array([993, 278]), array([316, 600])]]"
896,"[672, 422]",False,"[0.531439, 0]","[0, 0]",False,weak,"14700,0","[[array([886, 380]), array([788, 520]), array([578, 534]), array([508, 590]), array([634, 660]), array([816, 688]), array([732, 772]), array([606, 814])]]","[[array([316, 128]), array([993, 268]), array([316, 590])]]"
897,"[672, 422]",False,"[0.531439, 0]","[0, 0]",False,weak,"14700,0","[[array([886, 370]), array([788, 510]), array([578, 524]), array([508, 580]), array([634, 650]), array([816, 678]), array([732, 762]), array([606, 804])]]","[[array([316, 118]), array([993, 258]), array([316, 580])]]"
898,"[672, 422]",False,"[0.531439, 0]","[0, 0]",False,weak,"14700,0","[[array([886, 360]), array([788, 500]), array([578, 514]), array([508, 570]), array([634, 640]), array([816, 668]), array([732, 752]), array([606, 794])]]","[[array([316, 108]), array([993, 248]), array([316, 570])]]"
899,"[672, 422]",False,"[0.531439, 0]","[0, 0]",False,weak,"14700,0","[[array([886, 350]), array([788, 490]), array([578, 504]), array([508, 560]), array([634, 630]), array([816, 658]), array([732, 742]), array([606, 784])]]","[[array([316,  98]), array([993, 238]), array([316, 560])]]"
900,"[672, 422]",False,"[0.531439, 0]","[0, 0]",False,weak,"14700,0","[[array([886, 340]), array([788, 480]), array([578, 494]), array([508, 550]), array([634, 620]), array([816, 648]), array([732, 732]), array([606, 774])]]","[[array([316,  88]), array([993, 228]), array([316, 550])]]"
901,"[672, 422]",False,"[0.531439, 0]","[0, 0]",False,weak,"14700,0","[[array([886, 330]), array([788, 470]), array([578, 484]), array([508, 540]), array([634, 610]), array([816, 638]), array([732, 722]), array([606, 764])]]","[[array([316,  78]), array([993, 218]), array([316, 540])]]"
902,"[672, 422]",False,"[0.531439, 0]","[0, 0]",False,weak,"14700,0","[[array([876, 320]), array([778, 460]), array([568, 474]), array([498, 530]), array([624, 600]), array([806, 628]), array([722, 712]), array([596, 754])]]","[[array([306,  68]), array([983, 208]), array([306, 530])]]"
903,"[672, 422]",False,"[0.531439, 0]","[0, 0]",False,weak,"14700,0","[[array([866, 310]), array([768, 450]), array([558, 464]), array([488, 520]), array([614, 590]), array([796, 618]), array([712, 702]), array([586, 744])]]","[[array([296,  58]), array([973, 198]), array([296, 520])]]"
904,"[672, 422]",False,"[0.531439, 0]","[0, 0]",False,weak,"14700,0","[[array([856, 300]), array([758, 440]), array([548, 454]), array([478, 510]), array([604, 580]), array([786, 608]), array([702, 692]), array([576, 734])]]","[[array([286,  48]), array([963, 188]), array([286, 510])]]"
905,"[672, 422]",False,"[0.531439, 0]","[0, 0]",False,weak,"14700,0","[[array([856, 290]), array([758, 430]), array([548, 444]), array([478, 500]), array([604, 570]), array([786, 598]), array([702, 682]), array([576, 724])]]","[[array([286,  38]), array([963, 178]), array([286, 500])]]"
906,"[672, 422]",False,"[0.531439, 0]","[0, 0]",False,weak,"14700,0","[[array([856, 280]), array([758, 420]), array([548, 434]), array([478, 490]), array([604, 560]), array([786, 588]), array([702, 672]), array([576, 714])]]","[[array([286,  28]), array([963, 168]), array([286, 490])]]"
907,"[672, 422]",False,"[0.531439, 0]","[0, 0]",False,weak,"14700,0","[[array([856, 270]), array([758, 410]), array([548, 424]), array([478, 480]), array([604, 550]), array([786, 578]), array([702, 662]), array([576, 704])]]","[[array([286,  18]), array([963, 158]), array([286, 480])]]"
908,"[672, 422]",False,"[0.531439, 0]","[0, 0]",False,weak,"14700,0","[[array([856, 260]), array([758, 400]), array([548, 414]), array([478, 470]), array([604, 540]), array([786, 568]), array([702, 652]), array([576, 694])]]","[[array([286,   8]), array([963, 148]), array([286, 470])]]"
909,"[672, 422]",False,"[0.531439, 0]","[0, 0]",False,weak,"14700,0","[[array([856, 250]), array([758, 390]), array([548, 404]), array([478, 460]), array([604, 530]), array([786, 558]), array([702, 642]), array([576, 684])]]","[[array([963, 138]), array([286, 460])]]"
910,"[672, 422]",False,"[0.531439, 0]","[0, 0]",False,weak,"14700,0","[[array([851, 240]), array([753, 380]), array([543, 394]), array([473, 450]), array([599, 520]), array([781, 548]), array([697, 632]), array([571, 674])]]","[[array([958, 128]), array([281, 450])]]"
911,"[672, 422]",False,"[0.531439, 0]","[0, 0]",False,weak,"14700,0","[[array([846, 230]), array([748, 370]), array([538, 384]), array([468, 440]), array([594, 510]), array([776, 538]), array([692, 622]), array([566, 664])]]","[[array([953, 118]), array([276, 440])]]"
912,"[672, 422]",False,"[0.531439, 0]","[0, 0]",False,weak,"14700,0","[[array([841, 220]), array([743, 360]), array([533, 374]), array([463, 430]), array([589, 500]), array([771, 528]), array([687, 612]), array([561, 654])]]","[[array([948, 108]), array([271, 430])]]"
913,"[672, 422]",False,"[0.531439, 0]","[0, 0]",False,weak,"14700,0","[[array([836, 210]), array([738, 350]), array([528, 364]), array([458, 420]), array([584, 490]), array([766, 518]), array([682, 602]), array([556, 644])]]","[[array([943,  98]), array([266, 420])]]"
914,"[672, 422]",False,"[0.531439, 0]","[0, 0]",False,weak,"14700,0","[[array([831, 200]), array([733, 340]), array([523, 354]), array([453, 410]), array([579, 480]), array([761, 508]), array([677, 592]), array([551, 634])]]","[[array([938,  88]), array([261, 410])]]"
915,"[672, 422]",False,"[0.531439, 0]","[0, 0]",False,weak,"14700,0","[[array([826, 190]), array([728, 330]), array([518, 344]), array([448, 400]), array([574, 470]), array([756, 498]), array([672, 582]), array([546, 624])]]","[[array([933,  78]), array([256, 400])]]"
916,"[672, 422]",False,"[0.531439, 0]","[0, 0]",False,weak,"14700,0","[[array([821, 180]), array([723, 320]), array([513, 334]), array([443, 390]), array([569, 460]), array([751, 488]), array([667, 572]), array([541, 614])]]","[[array([928,  68]), array([251, 390])]]"
917,"[672, 422]",False,"[0.531439, 0]","[0, 0]",False,weak,"14700,0","[[array([816, 170]), array([718, 310]), array([508, 324]), array([438, 380]), array([564, 450]), array([746, 478]), array([662, 562]), array([536, 604])]]","[[array([923,  58]), array([246, 380])]]"
918,"[672, 422]",False,"[0.531439, 0]","[0, 0]",False,weak,"14700,0","[[array([811, 160]), array([713, 300]), array([503, 314]), array([433, 370]), array([559, 440]), array([741, 468]), array([657, 552]), array([531, 594])]]","[[array([918,  48]), array([241, 370])]]"
919,"[672, 422]",False,"[0.531439, 0]","[0, 0]",False,weak,"14700,0","[[array([815, 150]), array([717, 290]), array([507, 304]), array([437, 360]), array([563, 430]), array([745, 458]), array([661, 542]), array([535, 584]), array([829, 836]), array([451, 836])]]","[[array([922,  38]), array([245, 360])]]"
920,"[672, 422]",False,"[0.531439, 0]","[0, 0]",False,weak,"14700,0","[[array([819, 140]), array([721, 280]), array([511, 294]), array([441, 350]), array([567, 420]), array([749, 448]), array([665, 532]), array([539, 574]), array([833, 826]), array([455, 826])]]","[[array([926,  28]), array([249, 350])]]"
921,"[672, 422]",False,"[0.531439, 0]","[0, 0]",False,weak,"14700,0","[[array([828, 130]), array([730, 270]), array([520, 284]), array([450, 340]), array([576, 410]), array([758, 438]), array([674, 522]), array([548, 564]), array([842, 816]), array([464, 816])]]","[[array([935,  18]), array([258, 340])]]"
922,"[672, 422]",False,"[0.531439, 0]","[0, 0]",False,weak,"14700,0","[[array([837, 120]), array([739, 260]), array([529, 274]), array([459, 330]), array([585, 400]), array([767, 428]), array([683, 512]), array([557, 554]), array([851, 806]), array([473, 806])]]","[[array([944,   8]), array([267, 330])]]"
923,"[672, 422]",False,"[0.531439, 0]","[0, 0]",False,weak,"14700,0","[[array([846, 110]), array([748, 250]), array([538, 264]), array([468, 320]), array([594, 390]), array([776, 418]), array([692, 502]), array([566, 544]), array([860, 796]), array([482, 796])]]","[[array([276, 320])]]"
924,"[672, 422]",False,"[0.531439, 0]","[0, 0]",False,weak,"14700,0","[[array([855, 100]), array([757, 240]), array([547, 254]), array([477, 310]), array([603, 380]), array([785, 408]), array([701, 492]), array([575, 534]), array([869, 786]), array([491, 786])]]","[[array([285, 310])]]"
925,"[672, 422]",False,"[0.531439, 0]","[0, 0]",False,weak,"14700,0","[[array([864,  90]), array([766, 230]), array([556, 244]), array([486, 300]), array([612, 370]), array([794, 398]), array([710, 482]), array([584, 524]), array([878, 776]), array([500, 776])]]","[[array([294, 300])]]"
926,"[672, 422]",False,"[0.531439, 0]","[0, 0]",False,weak,"14700,0","[[array([873,  80]), array([775, 220]), array([565, 234]), array([495, 290]), array([621, 360]), array([803, 388]), array([719, 472]), array([593, 514]), array([887, 766]), array([509, 766])]]","[[array([303, 290])]]"
927,"[672, 422]",False,"[0.531439, 0]","[0, 0]",False,weak,"14700,0","[[array([882,  70]), array([784, 210]), array([574, 224]), array([504, 280]), array([630, 350]), array([812, 378]), array([728, 462]), array([602, 504]), array([896, 756]), array([518, 756])]]","[[array([312, 280])]]"
928,"[672, 422]",False,"[0.531439, 0]","[0, 0]",False,weak,"14700,0","[[array([891,  60]), array([793, 200]), array([583, 214]), array([513, 270]), array([639, 340]), array([821, 368]), array([737, 452]), array([611, 494]), array([905, 746]), array([527, 746])]]","[[array([321, 270])]]"
929,"[672, 422]",False,"[0.531439, 0]","[0, 0]",False,weak,"14700,0","[[array([900,  50]), array([802, 190]), array([592, 204]), array([522, 260]), array([648, 330]), array([830, 358]), array([746, 442]), array([620, 484]), array([914, 736]), array([536, 736])]]","[[array([330, 260])]]"
930,"[672, 422]",False,"[0.531439, 0]","[0, 0]",False,weak,"14700,0","[[array([909,  40]), array([811, 180]), array([601, 194]), array([531, 250]), array([657, 320]), array([839, 348]), array([755, 432]), array([629, 474]), array([923, 726]), array([545, 726])]]","[[array([339, 250])]]"
931,"[672, 422]",False,"[0.531439, 0]","[0, 0]",False,weak,"14700,0","[[array([909,  30]), array([811, 170]), array([601, 184]), array([531, 240]), array([657, 310]), array([839, 338]), array([755, 422]), array([629, 464]), array([923, 716]), array([545, 716])]]","[[array([339, 240])]]"
932,"[672, 422]",False,"[0.531439, 0]","[0, 0]",False,weak,"14700,0","[[array([909,  20]), array([811, 160]), array([601, 174]), array([531, 230]), array([657, 300]), array([839, 328]), array([755, 412]), array([629, 454]), array([923, 706]), array([545, 706])]]","[[array([339, 230])]]"
933,"[672, 422]",False,"[0.531439, 0]","[0, 0]",False,weak,"14700,0","[[array([909,  10]), array([811, 150]), array([601, 164]), array([531, 220]), array([657, 290]), array([839, 318]), array([755, 402]), array([629, 444]), array([923, 696]), array([545, 696])]]","[[array([339, 220])]]"
934,"[672, 422]",False,"[0.531439, 0]","[0, 0]",False,weak,"14700,0","[[array([909,   0]), array([811, 140]), array([601, 154]), array([531, 210]), array([657, 280]), array([839, 308]), array([755, 392]), array([629, 434]), array([923, 686]), array([545, 686])]]","[[array([339, 210])]]"
935,"[672, 422]",False,"[0.531439, 0]","[0, 0]",False,weak,"14700,0","[[array([811, 130]), array([601, 144]), array([531, 200]), array([657, 270]), array([839, 298]), array([755, 382]), array([629, 424]), array([923, 676]), array([545, 676])]]","[[array([339, 200])]]"
936,"[672, 422]",False,"[0.531439, 0]","[0, 0]",False,weak,"14700,0","[[array([811, 120]), array([601, 134]), array([531, 190]), array([657, 260]), array([839, 288]), array([755, 372]), array([629, 414]), array([923, 666]), array([545, 666])]]","[[array([339, 190])]]"
937,"[672, 422]",False,"[0.531439, 0]","[0, 0]",False,weak,"14700,0","[[array([801, 110]), array([591, 124]), array([521, 180]), array([647, 250]), array([829, 278]), array([745, 362]), array([619, 404]), array([913, 656]), array([535, 656])]]","[[array([329, 180])]]"
938,"[672, 422]",False,"[0.531439, 0]","[0, 0]",False,weak,"14700,0","[[array([791, 100]), array([581, 114]), array([511, 170]), array([637, 240]), array([819, 268]), array([735, 352]), array([609, 394]), array([903, 646]), array([525, 646])]]","[[array([319, 170])]]"
939,"[672, 422]",False,"[0.531439, 0]","[0, 0]",False,weak,"14700,0","[[array([781,  90]), array([571, 104]), array([501, 160]), array([627, 230]), array([809, 258]), array([725, 342]), array([599, 384]), array([893, 636]), array([515, 636])]]","[[array([309, 160])]]"
940,"[672, 422]",False,"[0.531439, 0]","[0, 0]",False,weak,"14700,0","[[array([771,  80]), array([561,  94]), array([491, 150]), array([617, 220]), array([799, 248]), array([715, 332]), array([589, 374]), array([883, 626]), array([505, 626])]]","[[array([299, 150])]]"
941,"[672, 422]",False,"[0.531439, 0]","[0, 0]",False,weak,"14700,0","[[array([761,  70]), array([551,  84]), array([481, 140]), array([607, 210]), array([789, 238]), array([705, 322]), array([579, 364]), array([873, 616]), array([495, 616])]]","[[array([289, 140])]]"
942,"[672, 422]",False,"[0.531439, 0]","[0, 0]",False,weak,"14700,0","[[array([751,  60]), array([541,  74]), array([471, 130]), array([597, 200]), array([779, 228]), array([695, 312]), array([569, 354]), array([863, 606]), array([485, 606])]]","[[array([279, 130])]]"
943,"[672, 422]",False,"[0.531439, 0]","[0, 0]",False,weak,"14700,0","[[array([751,  50]), array([541,  64]), array([471, 120]), array([597, 190]), array([779, 218]), array([695, 302]), array([569, 344]), array([863, 596]), array([485, 596])]]","[[array([279, 120])]]"
944,"[672, 422]",False,"[0.531439, 0]","[0, 0]",False,weak,"14700,0","[[array([751,  40]), array([541,  54]), array([471, 110]), array([597, 180]), array([779, 208]), array([695, 292]), array([569, 334]), array([863, 586]), array([485, 586])]]","[[array([279, 110])]]"
945,"[672, 422]",False,"[0.531439, 0]","[0, 0]",False,weak,"14700,0","[[array([751,  30]), array([541,  44]), array([471, 100]), array([597, 170]), array([779, 198]), array([695, 282]), array([569, 324]), array([863, 576]), array([485, 576])]]","[[array([279, 100])]]"
946,"[672, 422]",False,"[0.531439, 0]","[0, 0]",False,weak,"14700,0","[[array([751,  20]), array([541,  34]), array([471,  90]), array([597, 160]), array([779, 188]), array([695, 272]), array([569, 314]), array([863, 566]), array([485, 566])]]","[[array([279,  90]), array([956, 832])]]"
947,"[672, 422]",False,"[0.531439, 0]","[0, 0]",False,weak,"14700,0","[[array([751,  10]), array([541,  24]), array([471,  80]), array([597, 150]), array([779, 178]), array([695, 262]), array([569, 304]), array([863, 556]), array([485, 556])]]","[[array([279,  80]), array([956, 822])]]"
948,"[672, 422]",False,"[0.531439, 0]","[0, 0]",False,weak,"14700,0","[[array([751,   0]), array([541,  14]), array([471,  70]), array([597, 140]), array([779, 168]), array([695, 252]), array([569, 294]), array([863, 546]), array([485, 546]), array([863, 840])]]","[[array([279,  70]), array([956, 812])]]"
949,"[672, 422]",False,"[0.531439, 0]","[0, 0]",False,weak,"14700,0","[[array([541,   4]), array([471,  60]), array([597, 130]), array([779, 158]), array([695, 242]), array([569, 284]), array([863, 536]), array([485, 536]), array([863, 830])]]","[[array([279,  60]), array([956, 802])]]"
950,"[672, 422]",False,"[0.531439, 0]","[0, 0]",False,weak,"14700,0","[[array([471,  50]), array([597, 120]), array([779, 148]), array([695, 232]), array([569, 274]), array([863, 526]), array([485, 526]), array([863, 820])]]","[[array([279,  50]), array([956, 792])]]"
951,"[672, 422]",False,"[0.531439, 0]","[0, 0]",False,weak,"14700,0","[[array([471,  40]), array([597, 110]), array([779, 138]), array([695, 222]), array([569, 264]), array([863, 516]), array([485, 516]), array([863, 810]), array([513, 838])]]","[[array([279,  40]), array([956, 782])]]"
952,"[672, 422]",False,"[0.531439, 0]","[0, 0]",False,weak,"14700,0","[[array([471,  30]), array([597, 100]), array([779, 128]), array([695, 212]), array([569, 254]), array([863, 506]), array([485, 506]), array([863, 800]), array([513, 828])]]","[[array([279,  30]), array([956, 772])]]"
953,"[672, 422]",False,"[0.531439, 0]","[0, 0]",False,weak,"14700,0","[[array([471,  20]), array([597,  90]), array([779, 118]), array([695, 202]), array([569, 244]), array([863, 496]), array([485, 496]), array([863, 790]), array([513, 818])]]","[[array([279,  20]), array([956, 762])]]"
954,"[672, 422]",False,"[0.531439, 0]","[0, 0]",False,weak,"14700,0","[[array([471,  10]), array([597,  80]), array([779, 108]), array([695, 192]), array([569, 234]), array([863, 486]), array([485, 486]), array([863, 780]), array([513, 808])]]","[[array([279,  10]), array([956, 752])]]"
955,"[672, 422]",False,"[0.531439, 0]","[0, 0]",False,weak,"14700,0","[[array([471,   0]), array([597,  70]), array([779,  98]), array([695, 182]), array([569, 224]), array([863, 476]), array([485, 476]), array([863, 770]), array([513, 798])]]","[[array([279,   0]), array([956, 742])]]"
956,"[672, 422]",False,"[0.531439, 0]","[0, 0]",False,weak,"14700,0","[[array([597,  60]), array([779,  88]), array([695, 172]), array([569, 214]), array([863, 466]), array([485, 466]), array([863, 760]), array([513, 788])]]","[[array([956, 732])]]"
957,"[672, 422]",False,"[0.531439, 0]","[0, 0]",False,weak,"14700,0","[[array([597,  50]), array([779,  78]), array([695, 162]), array([569, 204]), array([863, 456]), array([485, 456]), array([863, 750]), array([513, 778])]]","[[array([956, 722])]]"
958,"[672, 422]",False,"[0.531439, 0]","[0, 0]",False,weak,"14700,0","[[array([597,  40]), array([779,  68]), array([695, 152]), array([569, 194]), array([863, 446]), array([485, 446]), array([863, 740]), array([513, 768])]]","[[array([956, 712])]]"
959,"[672, 422]",False,"[0.531439, 0]","[0, 0]",False,weak,"14700,0","[[array([597,  30]), array([779,  58]), array([695, 142]), array([569, 184]), array([863, 436]), array([485, 436]), array([863, 730]), array([513, 758])]]","[[array([956, 702])]]"
960,"[672, 422]",False,"[0.531439, 0]","[0, 0]",False,weak,"14700,0","[[array([597,  20]), array([779,  48]), array([695, 132]), array([569, 174]), array([863, 426]), array([485, 426]), array([863, 720]), array([513, 748])]]","[[array([956, 692])]]"
961,"[672, 422]",False,"[0.531439, 0]","[0, 0]",False,weak,"14700,0","[[array([597,  10]), array([779,  38]), array([695, 122]), array([569, 164]), array([863, 416]), array([485, 416]), array([863, 710]), array([513, 738])]]","[[array([956, 682])]]"
962,"[672, 422]",False,"[0.531439, 0]","[0, 0]",False,weak,"14700,0","[[array([597,   0]), array([779,  28]), array([695, 112]), array([569, 154]), array([863, 406]), array([485, 406]), array([863, 700]), array([513, 728])]]","[[array([956, 672])]]"
963,"[672, 422]",False,"[0.531439, 0]","[0, 0]",False,weak,"14700,0","[[array([779,  18]), array([695, 102]), array([569, 144]), array([863, 396]), array([485, 396]), array([863, 690]), array([513, 718])]]","[[array([956, 662])]]"
964,"[672, 422]",False,"[0.531439, 0]","[0, 0]",False,weak,"14700,0","[[array([788,   8]), array([704,  92]), array([578, 134]), array([872, 386]), array([494, 386]), array([872, 680]), array([522, 708])]]","[[array([965, 652]), array([288, 834])]]"
965,"[672, 422]",False,"[0.531439, 0]","[0, 0]",False,weak,"14700,0","[[array([713,  82]), array([587, 124]), array([881, 376]), array([503, 376]), array([881, 670]), array([531, 698])]]","[[array([974, 642]), array([297, 824])]]"
966,"[672, 422]",False,"[0.531439, 0]","[0, 0]",False,weak,"14700,0","[[array([722,  72]), array([596, 114]), array([890, 366]), array([512, 366]), array([890, 660]), array([540, 688])]]","[[array([983, 632]), array([306, 814])]]"
967,"[672, 422]",False,"[0.531439, 0]","[0, 0]",False,weak,"14700,0","[[array([731,  62]), array([605, 104]), array([899, 356]), array([521, 356]), array([899, 650]), array([549, 678])]]","[[array([992, 622]), array([315, 804])]]"
968,"[672, 422]",False,"[0.531439, 0]","[0, 0]",False,weak,"14700,0","[[array([731,  52]), array([605,  94]), array([899, 346]), array([521, 346]), array([899, 640]), array([549, 668])]]","[[array([992, 612]), array([315, 794])]]"
969,"[672, 422]",False,"[0.531439, 0]","[0, 0]",False,weak,"14700,0","[[array([731,  42]), array([605,  84]), array([899, 336]), array([521, 336]), array([899, 630]), array([549, 658])]]","[[array([992, 602]), array([315, 784])]]"
970,"[672, 422]",False,"[0.531439, 0]","[0, 0]",False,weak,"14700,0","[[array([731,  32]), array([605,  74]), array([899, 326]), array([521, 326]), array([899, 620]), array([549, 648])]]","[[array([992, 592]), array([315, 774])]]"
971,"[672, 422]",False,"[0.531439, 0]","[0, 0]",False,weak,"14700,0","[[array([731,  22]), array([605,  64]), array([899, 316]), array([521, 316]), array([899, 610]), array([549, 638])]]","[[array([992, 582]), array([315, 764])]]"
972,"[672, 422]",False,"[0.531439, 0]","[0, 0]",False,weak,"14700,0","[[array([731,  12]), array([605,  54]), array([899, 306]), array([521, 306]), array([899, 600]), array([549, 628])]]","[[array([992, 572]), array([315, 754])]]"
973,"[672, 422]",False,"[0.531439, 0]","[0, 0]",False,weak,"14700,0","[[array([731,   2]), array([605,  44]), array([899, 296]), array([521, 296]), array([899, 590]), array([549, 618])]]","[[array([992, 562]), array([315, 744])]]"
974,"[672, 422]",False,"[0.531439, 0]","[0, 0]",False,weak,"14700,0","[[array([605,  34]), array([899, 286]), array([521, 286]), array([899, 580]), array([549, 608])]]","[[array([992, 552]), array([315, 734])]]"
975,"[672, 422]",False,"[0.531439, 0]","[0, 0]",False,weak,"14700,0","[[array([605,  24]), array([899, 276]), array([521, 276]), array([899, 570]), array([549, 598])]]","[[array([992, 542]), array([315, 724])]]"
976,"[672, 422]",False,"[0.531439, 0]","[0, 0]",False,weak,"14700,0","[[array([605,  14]), array([899, 266]), array([521, 266]), array([899, 560]), array([549, 588])]]","[[array([992, 532]), array([315, 714])]]"
977,"[672, 422]",False,"[0.531439, 0]","[0, 0]",False,weak,"14700,0","[[array([605,   4]), array([899, 256]), array([521, 256]), array([899, 550]), array([549, 578])]]","[[array([992, 522]), array([315, 704])]]"
978,"[672, 422]",False,"[0.531439, 0]","[0, 0]",False,weak,"14700,0","[[array([899, 246]), array([521, 246]), array([899, 540]), array([549, 568])]]","[[array([992, 512]), array([315, 694])]]"
979,"[672, 422]",False,"[0.531439, 0]","[0, 0]",False,weak,"14700,0","[[array([899, 236]), array([521, 236]), array([899, 530]), array([549, 558])]]","[[array([992, 502]), array([315, 684])]]"
980,"[672, 422]",False,"[0.531439, 0]","[0, 0]",False,weak,"14700,0","[[array([899, 226]), array([521, 226]), array([899, 520]), array([549, 548])]]","[[array([992, 492]), array([315, 674])]]"
981,"[672, 422]",False,"[0.531439, 0]","[0, 0]",False,weak,"14700,0","[[array([899, 216]), array([521, 216]), array([899, 510]), array([549, 538])]]","[[array([992, 482]), array([315, 664])]]"
982,"[672, 422]",False,"[0.531439, 0]","[0, 0]",False,weak,"14700,0","[[array([899, 206]), array([521, 206]), array([899, 500]), array([549, 528]), array([689, 836])]]","[[array([992, 472]), array([315, 654])]]"
983,"[672, 422]",False,"[0.531439, 0]","[0, 0]",False,weak,"14700,0","[[array([899, 196]), array([521, 196]), array([899, 490]), array([549, 518]), array([689, 826])]]","[[array([992, 462]), array([315, 644])]]"
984,"[672, 422]",False,"[0.531439, 0]","[0, 0]",False,weak,"14700,0","[[array([903, 186]), array([525, 186]), array([903, 480]), array([553, 508]), array([693, 816])]]","[[array([996, 452]), array([319, 634])]]"
985,"[672, 422]",False,"[0.531439, 0]","[0, 0]",False,weak,"14700,0","[[array([907, 176]), array([529, 176]), array([907, 470]), array([557, 498]), array([697, 806])]]","[[array([1000,  442]), array([323, 624])]]"
986,"[672, 422]",False,"[0.531439, 0]","[0, 0]",False,weak,"14700,0","[[array([911, 166]), array([533, 166]), array([911, 460]), array([561, 488]), array([701, 796])]]","[[array([1004,  432]), array([327, 614])]]"
987,"[672, 422]",False,"[0.531439, 0]","[0, 0]",False,weak,"14700,0","[[array([915, 156]), array([537, 156]), array([915, 450]), array([565, 478]), array([705, 786])]]","[[array([1008,  422]), array([331, 604])]]"
988,"[672, 422]",False,"[0.531439, 0]","[0, 0]",False,weak,"14700,0","[[array([919, 146]), array([541, 146]), array([919, 440]), array([569, 468]), array([709, 776])]]","[[array([1012,  412]), array([335, 594])]]"
989,"[672, 422]",False,"[0.531439, 0]","[0, 0]",False,weak,"14700,0","[[array([923, 136]), array([545, 136]), array([923, 430]), array([573, 458]), array([713, 766])]]","[[array([1016,  402]), array([339, 584])]]"
990,"[672, 422]",False,"[0.531439, 0]","[0, 0]",False,weak,"14700,0","[[array([927, 126]), array([549, 126]), array([927, 420]), array([577, 448]), array([717, 756])]]","[[array([1020,  392]), array([343, 574])]]"
991,"[672, 422]",False,"[0.531439, 0]","[0, 0]",False,weak,"14700,0","[[array([931, 116]), array([553, 116]), array([931, 410]), array([581, 438]), array([721, 746])]]","[[array([1024,  382]), array([347, 564])]]"
992,"[672, 422]",False,"[0.531439, 0]","[0, 0]",False,weak,"14700,0","[[array([935, 106]), array([557, 106]), array([935, 400]), array([585, 428]), array([725, 736])]]","[[array([1028,  372]), array([351, 554])]]"
993,"[672, 422]",False,"[0.531439, 0]","[0, 0]",False,weak,"14700,0","[[array([939,  96]), array([561,  96]), array([939, 390]), array([589, 418]), array([729, 726])]]","[[array([1032,  362]), array([355, 544])]]"
994,"[672, 422]",False,"[0.531439, 0]","[0, 0]",False,weak,"14700,0","[[array([943,  86]), array([565,  86]), array([943, 380]), array([593, 408]), array([733, 716])]]","[[array([1036,  352]), array([359, 534])]]"
995,"[672, 422]",False,"[0.531439, 0]","[0, 0]",False,weak,"14700,0","[[array([943,  76]), array([565,  76]), array([943, 370]), array([593, 398]), array([733, 706])]]","[[array([1036,  342]), array([359, 524])]]"
996,"[672, 422]",False,"[0.531439, 0]","[0, 0]",False,weak,"14700,0","[[array([943,  66]), array([565,  66]), array([943, 360]), array([593, 388]), array([733, 696])]]","[[array([1036,  332]), array([359, 514])]]"
997,"[672, 422]",False,"[0.531439, 0]","[0, 0]",False,weak,"14700,0","[[array([943,  56]), array([565,  56]), array([943, 350]), array([593, 378]), array([733, 686])]]","[[array([1036,  322]), array([359, 504])]]"
998,"[672, 422]",False,"[0.531439, 0]","[0, 0]",False,weak,"14700,0","[[array([943,  46]), array([565,  46]), array([943, 340]), array([593, 368]), array([733, 676])]]","[[array([1036,  312]), array([359, 494])]]"
999,"[672, 422]",False,"[0.531439, 0]","[0, 0]",False,weak,"14700,0","[[array([943,  36]), array([565,  36]), array([943, 330]), array([593, 358]), array([733, 666])]]","[[array([1036,  302]), array([359, 484])]]"
1000,"[672, 422]",False,"[0.531439, 0]","[0, 0]",False,weak,"14700,0","[[array([943,  26]), array([565,  26]), array([943, 320]), array([593, 348]), array([733, 656])]]","[[array([1036,  292]), array([359, 474]), array([359, 838])]]"
1001,"[672, 422]",False,"[0.531439, 0]","[0, 0]",False,weak,"14700,0","[[array([943,  16]), array([565,  16]), array([943, 310]), array([593, 338]), array([733, 646])]]","[[array([1036,  282]), array([359, 464]), array([359, 828])]]"
1002,"[672, 422]",False,"[0.531439, 0]","[0, 0]",False,weak,"14700,0","[[array([938,   6]), array([560,   6]), array([938, 300]), array([588, 328]), array([728, 636])]]","[[array([1031,  272]), array([354, 454]), array([354, 818])]]"
1003,"[672, 422]",False,"[0.531439, 0]","[0, 0]",False,weak,"14700,0","[[array([933, 290]), array([583, 318]), array([723, 626])]]","[[array([1026,  262]), array([349, 444]), array([349, 808])]]"
1004,"[672, 422]",False,"[0.531439, 0]","[0, 0]",False,weak,"14700,0","[[array([928, 280]), array([578, 308]), array([718, 616])]]","[[array([1021,  252]), array([344, 434]), array([344, 798])]]"
1005,"[672, 422]",False,"[0.531439, 0]","[0, 0]",False,weak,"14700,0","[[array([923, 270]), array([573, 298]), array([713, 606])]]","[[array([1016,  242]), array([339, 424]), array([339, 788])]]"
1006,"[672, 422]",False,"[0.531439, 0]","[0, 0]",False,weak,"14700,0","[[array([918, 260]), array([568, 288]), array([708, 596])]]","[[array([1011,  232]), array([334, 414]), array([334, 778])]]"
1007,"[672, 422]",False,"[0.531439, 0]","[0, 0]",False,weak,"14700,0","[[array([922, 250]), array([572, 278]), array([712, 586])]]","[[array([1015,  222]), array([338, 404]), array([338, 768])]]"
1008,"[672, 422]",False,"[0.531439, 0]","[0, 0]",False,weak,"14700,0","[[array([926, 240]), array([576, 268]), array([716, 576])]]","[[array([1019,  212]), array([342, 394]), array([342, 758])]]"
1009,"[672, 422]",False,"[0.531439, 0]","[0, 0]",False,weak,"14700,0","[[array([930, 230]), array([580, 258]), array([720, 566])]]","[[array([1023,  202]), array([346, 384]), array([346, 748])]]"
1010,"[672, 422]",False,"[0.531439, 0]","[0, 0]",False,weak,"14700,0","[[array([934, 220]), array([584, 248]), array([724, 556])]]","[[array([1027,  192]), array([350, 374]), array([350, 738])]]"
1011,"[672, 422]",False,"[0.531439, 0]","[0, 0]",False,weak,"14700,0","[[array([938, 210]), array([588, 238]), array([728, 546])]]","[[array([1031,  182]), array([354, 364]), array([354, 728])]]"
1012,"[672, 422]",False,"[0.531439, 0]","[0, 0]",False,weak,"14700,0","[[array([942, 200]), array([592, 228]), array([732, 536])]]","[[array([1035,  172]), array([358, 354]), array([358, 718])]]"
1013,"[672, 422]",False,"[0.531439, 0]","[0, 0]",False,weak,"14700,0","[[array([946, 190]), array([596, 218]), array([736, 526])]]","[[array([1039,  162]), array([362, 344]), array([362, 708])]]"
1014,"[672, 422]",False,"[0.531439, 0]","[0, 0]",False,weak,"14700,0","[[array([955, 180]), array([605, 208]), array([745, 516])]]","[[array([1048,  152]), array([371, 334]), array([371, 698])]]"
1015,"[672, 422]",False,"[0.531439, 0]","[0, 0]",False,weak,"14700,0","[[array([964, 170]), array([614, 198]), array([754, 506])]]","[[array([1057,  142]), array([380, 324]), array([380, 688])]]"
1016,"[672, 422]",False,"[0.531439, 0]","[0, 0]",False,weak,"14700,0","[[array([964, 160]), array([614, 188]), array([754, 496])]]","[[array([1057,  132]), array([380, 314]), array([380, 678])]]"
1017,"[672, 422]",False,"[0.531439, 0]","[0, 0]",False,weak,"14700,0","[[array([964, 150]), array([614, 178]), array([754, 486])]]","[[array([1057,  122]), array([380, 304]), array([380, 668])]]"
1018,"[672, 422]",False,"[0.531439, 0]","[0, 0]",False,weak,"14700,0","[[array([964, 140]), array([614, 168]), array([754, 476])]]","[[array([1057,  112]), array([380, 294]), array([380, 658])]]"
1019,"[672, 422]",False,"[0.531439, 0]","[0, 0]",False,weak,"14700,0","[[array([964, 130]), array([614, 158]), array([754, 466])]]","[[array([1057,  102]), array([380, 284]), array([380, 648])]]"
1020,"[672, 422]",False,"[0.531439, 0]","[0, 0]",False,weak,"14700,0","[[array([964, 120]), array([614, 148]), array([754, 456])]]","[[array([1057,   92]), array([380, 274]), array([380, 638])]]"
1021,"[672, 422]",False,"[0.531439, 0]","[0, 0]",False,weak,"14700,0","[[array([964, 110]), array([614, 138]), array([754, 446])]]","[[array([1057,   82]), array([380, 264]), array([380, 628])]]"
1022,"[672, 422]",False,"[0.531439, 0]","[0, 0]",False,weak,"14700,0","[[array([964, 100]), array([614, 128]), array([754, 436])]]","[[array([1057,   72]), array([380, 254]), array([380, 618])]]"
1023,"[672, 422]",False,"[0.531439, 0]","[0, 0]",False,weak,"14700,0","[[array([964,  90]), array([614, 118]), array([754, 426])]]","[[array([1057,   62]), array([380, 244]), array([380, 608])]]"
1024,"[672, 422]",False,"[0.531439, 0]","[0, 0]",False,weak,"14700,0","[[array([964,  80]), array([614, 108]), array([754, 416])]]","[[array([1057,   52]), array([380, 234]), array([380, 598])]]"
1025,"[672, 422]",False,"[0.531439, 0]","[0, 0]",False,weak,"14700,0","[[array([964,  70]), array([614,  98]), array([754, 406])]]","[[array([1057,   42]), array([380, 224]), array([380, 588])]]"
1026,"[672, 422]",False,"[0.531439, 0]","[0, 0]",False,weak,"14700,0","[[array([964,  60]), array([614,  88]), array([754, 396])]]","[[array([1057,   32]), array([380, 214]), array([380, 578])]]"
1027,"[672, 422]",False,"[0.531439, 0]","[0, 0]",False,weak,"14700,0","[[array([964,  50]), array([614,  78]), array([754, 386])]]","[[array([1057,   22]), array([380, 204]), array([380, 568])]]"
1028,"[672, 422]",False,"[0.531439, 0]","[0, 0]",False,weak,"14700,0","[[array([964,  40]), array([614,  68]), array([754, 376])]]","[[array([1057,   12]), array([380, 194]), array([380, 558])]]"
1029,"[672, 422]",False,"[0.531439, 0]","[0, 0]",False,weak,"14700,0","[[array([964,  30]), array([614,  58]), array([754, 366])]]","[[array([1057,    2]), array([380, 184]), array([380, 548])]]"
1030,"[672, 422]",False,"[0.531439, 0]","[0, 0]",False,weak,"14700,0","[[array([964,  20]), array([614,  48]), array([754, 356])]]","[[array([380, 174]), array([380, 538])]]"
1031,"[672, 422]",False,"[0.531439, 0]","[0, 0]",False,weak,"14700,0","[[array([964,  10]), array([614,  38]), array([754, 346])]]","[[array([380, 164]), array([380, 528])]]"
1032,"[672, 422]",False,"[0.531439, 0]","[0, 0]",False,weak,"14700,0","[[array([964,   0]), array([614,  28]), array([754, 336])]]","[[array([380, 154]), array([380, 518])]]"
1033,"[672, 422]",False,"[0.531439, 0]","[0, 0]",False,weak,"14700,0","[[array([614,  18]), array([754, 326])]]","[[array([380, 144]), array([380, 508])]]"
1034,"[672, 422]",False,"[0.531439, 0]","[0, 0]",False,weak,"14700,0","[[array([614,   8]), array([754, 316])]]","[[array([380, 134]), array([380, 498])]]"
1035,"[672, 422]",False,"[0.531439, 0]","[0, 0]",False,weak,"14700,0","[[array([754, 306])]]","[[array([380, 124]), array([380, 488])]]"
1036,"[672, 422]",False,"[0.531439, 0]","[0, 0]",False,weak,"14700,0","[[array([754, 296])]]","[[array([380, 114]), array([380, 478])]]"
1037,"[672, 422]",False,"[0.531439, 0]","[0, 0]",False,weak,"14700,0","[[array([754, 286])]]","[[array([380, 104]), array([380, 468])]]"
1038,"[672, 422]",False,"[0.531439, 0]","[0, 0]",False,weak,"14700,0","[[array([754, 276])]]","[[array([380,  94]), array([380, 458])]]"
1039,"[672, 422]",False,"[0.531439, 0]","[0, 0]",False,weak,"14700,0","[[array([749, 266])]]","[[array([375,  84]), array([375, 448])]]"
1040,"[672, 422]",False,"[0.531439, 0]","[0, 0]",False,weak,"14700,0","[[array([744, 256])]]","[[array([370,  74]), array([370, 438])]]"
1041,"[672, 422]",False,"[0.531439, 0]","[0, 0]",False,weak,"14700,0","[[array([739, 246]), array([683, 834])]]","[[array([365,  64]), array([365, 428])]]"
1042,"[672, 422]",False,"[0.531439, 0]","[0, 0]",False,weak,"14700,0","[[array([734, 236]), array([678, 824])]]","[[array([360,  54]), array([360, 418])]]"
1043,"[672, 422]",False,"[0.531439, 0]","[0, 0]",False,weak,"14700,0","[[array([729, 226]), array([673, 814])]]","[[array([355,  44]), array([355, 408])]]"
1044,"[672, 422]",False,"[0.531439, 0]","[0, 0]",False,weak,"14700,0","[[array([724, 216]), array([668, 804])]]","[[array([350,  34]), array([350, 398])]]"
1045,"[672, 422]",False,"[0.531439, 0]","[0, 0]",False,weak,"14700,0","[[array([719, 206]), array([663, 794])]]","[[array([345,  24]), array([345, 388])]]"
1046,"[672, 422]",False,"[0.531439, 0]","[0, 0]",False,weak,"14700,0","[[array([714, 196]), array([658, 784])]]","[[array([340,  14]), array([340, 378])]]"
1047,"[672, 422]",False,"[0.531439, 0]","[0, 0]",False,weak,"14700,0","[[array([709, 186]), array([653, 774])]]","[[array([335,   4]), array([335, 368])]]"
1048,"[672, 422]",False,"[0.531439, 0]","[0, 0]",False,weak,"14700,0","[[array([704, 176]), array([648, 764])]]","[[array([330, 358])]]"
1049,"[672, 422]",False,"[0.531439, 0]","[0, 0]",False,weak,"14700,0","[[array([699, 166]), array([643, 754])]]","[[array([325, 348])]]"
1050,"[672, 422]",False,"[0.531439, 0]","[0, 0]",False,weak,"14700,0","[[array([699, 156]), array([643, 744])]]","[[array([325, 338])]]"
1051,"[672, 422]",False,"[0.531439, 0]","[0, 0]",False,weak,"14700,0","[[array([699, 146]), array([643, 734])]]","[[array([325, 328])]]"
1052,"[672, 422]",False,"[0.531439, 0]","[0, 0]",False,weak,"14700,0","[[array([699, 136]), array([643, 724])]]","[[array([325, 318])]]"
1053,"[672, 422]",False,"[0.531439, 0]","[0, 0]",False,weak,"14700,0","[[array([699, 126]), array([643, 714]), array([475, 840])]]","[[array([325, 308])]]"
1054,"[672, 422]",False,"[0.531439, 0]","[0, 0]",False,weak,"14700,0","[[array([699, 116]), array([643, 704]), array([475, 830])]]","[[array([325, 298])]]"
1055,"[672, 422]",False,"[0.531439, 0]","[0, 0]",False,weak,"14700,0","[[array([699, 106]), array([643, 694]), array([475, 820])]]","[[array([325, 288])]]"
1056,"[672, 422]",False,"[0.531439, 0]","[0, 0]",False,weak,"14700,0","[[array([699,  96]), array([643, 684]), array([475, 810]), array([755, 838])]]","[[array([325, 278]), array([325, 838])]]"
1057,"[672, 422]",False,"[0.531439, 0]","[0, 0]",False,weak,"14700,0","[[array([699,  86]), array([643, 674]), array([475, 800]), array([755, 828])]]","[[array([325, 268]), array([325, 828])]]"
1058,"[672, 422]",False,"[0.531439, 0]","[0, 0]",False,weak,"14700,0","[[array([699,  76]), array([643, 664]), array([475, 790]), array([755, 818]), array([825, 832])]]","[[array([325, 258]), array([325, 818])]]"
1059,"[672, 422]",False,"[0.531439, 0]","[0, 0]",False,weak,"14700,0","[[array([699,  66]), array([643, 654]), array([475, 780]), array([755, 808]), array([825, 822])]]","[[array([325, 248]), array([325, 808])]]"
1060,"[672, 422]",False,"[0.531439, 0]","[0, 0]",False,weak,"14700,0","[[array([699,  56]), array([643, 644]), array([475, 770]), array([755, 798]), array([825, 812])]]","[[array([325, 238]), array([325, 798])]]"
1061,"[672, 422]",False,"[0.531439, 0]","[0, 0]",False,weak,"14700,0","[[array([699,  46]), array([643, 634]), array([475, 760]), array([755, 788]), array([825, 802])]]","[[array([325, 228]), array([325, 788])]]"
1062,"[672, 422]",False,"[0.531439, 0]","[0, 0]",False,weak,"14700,0","[[array([689,  36]), array([633, 624]), array([465, 750]), array([745, 778]), array([815, 792])]]","[[array([315, 218]), array([315, 778])]]"
1063,"[672, 422]",False,"[0.531439, 0]","[0, 0]",False,weak,"14700,0","[[array([679,  26]), array([623, 614]), array([455, 740]), array([735, 768]), array([805, 782])]]","[[array([305, 208]), array([305, 768])]]"
1064,"[672, 422]",False,"[0.531439, 0]","[0, 0]",False,weak,"14700,0","[[array([669,  16]), array([613, 604]), array([445, 730]), array([725, 758]), array([795, 772])]]","[[array([295, 198]), array([295, 758])]]"
1065,"[672, 422]",False,"[0.531439, 0]","[0, 0]",False,weak,"14700,0","[[array([659,   6]), array([603, 594]), array([435, 720]), array([715, 748]), array([785, 762])]]","[[array([285, 188]), array([285, 748])]]"
1066,"[672, 422]",False,"[0.531439, 0]","[0, 0]",False,weak,"14700,0","[[array([593, 584]), array([425, 710]), array([705, 738]), array([775, 752])]]","[[array([275, 178]), array([275, 738])]]"
1067,"[672, 422]",False,"[0.531439, 0]","[0, 0]",False,weak,"14700,0","[[array([583, 574]), array([415, 700]), array([695, 728]), array([765, 742]), array([639, 840])]]","[[array([265, 168]), array([265, 728])]]"
1068,"[672, 422]",False,"[0.531439, 0]","[0, 0]",False,weak,"14700,0","[[array([573, 564]), array([405, 690]), array([685, 718]), array([755, 732]), array([629, 830])]]","[[array([255, 158]), array([255, 718])]]"
1069,"[672, 422]",False,"[0.531439, 0]","[0, 0]",False,weak,"14700,0","[[array([573, 554]), array([405, 680]), array([685, 708]), array([755, 722]), array([629, 820])]]","[[array([255, 148]), array([255, 708])]]"
1070,"[672, 422]",False,"[0.531439, 0]","[0, 0]",False,weak,"14700,0","[[array([573, 544]), array([405, 670]), array([685, 698]), array([755, 712]), array([629, 810])]]","[[array([255, 138]), array([255, 698])]]"
1071,"[672, 422]",False,"[0.531439, 0]","[0, 0]",False,weak,"14700,0","[[array([573, 534]), array([405, 660]), array([685, 688]), array([755, 702]), array([629, 800])]]","[[array([255, 128]), array([255, 688])]]"
1072,"[672, 422]",False,"[0.531439, 0]","[0, 0]",False,weak,"14700,0","[[array([573, 524]), array([405, 650]), array([685, 678]), array([755, 692]), array([629, 790])]]","[[array([255, 118]), array([255, 678])]]"
1073,"[672, 422]",False,"[0.531439, 0]","[0, 0]",False,weak,"14700,0","[[array([573, 514]), array([405, 640]), array([685, 668]), array([755, 682]), array([629, 780])]]","[[array([255, 108]), array([255, 668])]]"
1074,"[672, 422]",False,"[0.531439, 0]","[0, 0]",False,weak,"14700,0","[[array([573, 504]), array([405, 630]), array([685, 658]), array([755, 672]), array([629, 770])]]","[[array([255,  98]), array([255, 658])]]"
1075,"[672, 422]",False,"[0.531439, 0]","[0, 0]",False,weak,"14700,0","[[array([573, 494]), array([405, 620]), array([685, 648]), array([755, 662]), array([629, 760])]]","[[array([255,  88]), array([255, 648])]]"
1076,"[672, 422]",False,"[0.531439, 0]","[0, 0]",False,weak,"14700,0","[[array([573, 484]), array([405, 610]), array([685, 638]), array([755, 652]), array([629, 750])]]","[[array([255,  78]), array([255, 638])]]"
1077,"[672, 422]",False,"[0.531439, 0]","[0, 0]",False,weak,"14700,0","[[array([573, 474]), array([405, 600]), array([685, 628]), array([755, 642]), array([629, 740])]]","[[array([255,  68]), array([255, 628])]]"
1078,"[672, 422]",False,"[0.531439, 0]","[0, 0]",False,weak,"14700,0","[[array([573, 464]), array([405, 590]), array([685, 618]), array([755, 632]), array([629, 730])]]","[[array([255,  58]), array([255, 618])]]"
1079,"[672, 422]",False,"[0.531439, 0]","[0, 0]",False,weak,"14700,0","[[array([573, 454]), array([405, 580]), array([685, 608]), array([755, 622]), array([629, 720])]]","[[array([255,  48]), array([255, 608])]]"
1080,"[672, 422]",False,"[0.531439, 0]","[0, 0]",False,weak,"14700,0","[[array([573, 444]), array([405, 570]), array([685, 598]), array([755, 612]), array([629, 710])]]","[[array([255,  38]), array([255, 598])]]"
1081,"[672, 422]",False,"[0.531439, 0]","[0, 0]",False,weak,"14700,0","[[array([573, 434]), array([405, 560]), array([685, 588]), array([755, 602]), array([629, 700])]]","[[array([255,  28]), array([255, 588])]]"
1082,"[672, 422]",False,"[0.531439, 0]","[0, 0]",False,weak,"14700,0","[[array([573, 424]), array([405, 550]), array([685, 578]), array([755, 592]), array([629, 690])]]","[[array([255,  18]), array([255, 578])]]"
1083,"[672, 422]",False,"[0.531439, 0]","[0, 0]",False,weak,"14700,0","[[array([573, 414]), array([405, 540]), array([685, 568]), array([755, 582]), array([629, 680])]]","[[array([255,   8]), array([255, 568])]]"
1084,"[672, 422]",False,"[0.531439, 0]","[0, 0]",False,weak,"14700,0","[[array([582, 404]), array([414, 530]), array([694, 558]), array([764, 572]), array([638, 670])]]","[[array([264, 558])]]"
1085,"[672, 422]",False,"[0.531439, 0]","[0, 0]",False,weak,"14700,0","[[array([591, 394]), array([423, 520]), array([703, 548]), array([773, 562]), array([647, 660])]]","[[array([273, 548])]]"
1086,"[672, 422]",False,"[0.531439, 0]","[0, 0]",False,weak,"14700,0","[[array([600, 384]), array([432, 510]), array([712, 538]), array([782, 552]), array([656, 650])]]","[[array([282, 538])]]"
1087,"[672, 422]",False,"[0.531439, 0]","[0, 0]",False,weak,"14700,0","[[array([609, 374]), array([441, 500]), array([721, 528]), array([791, 542]), array([665, 640])]]","[[array([291, 528])]]"
1088,"[672, 422]",False,"[0.531439, 0]","[0, 0]",False,weak,"14700,0","[[array([618, 364]), array([450, 490]), array([730, 518]), array([800, 532]), array([674, 630])]]","[[array([300, 518])]]"
1089,"[672, 422]",False,"[0.531439, 0]","[0, 0]",False,weak,"14700,0","[[array([627, 354]), array([459, 480]), array([739, 508]), array([809, 522]), array([683, 620])]]","[[array([309, 508])]]"
1090,"[672, 422]",False,"[0.531439, 0]","[0, 0]",False,weak,"14700,0","[[array([636, 344]), array([468, 470]), array([748, 498]), array([818, 512]), array([692, 610])]]","[[array([318, 498])]]"
1091,"[672, 422]",False,"[0.531439, 0]","[0, 0]",False,weak,"14700,0","[[array([645, 334]), array([477, 460]), array([757, 488]), array([827, 502]), array([701, 600])]]","[[array([327, 488])]]"
1092,"[672, 422]",False,"[0.531439, 0]","[0, 0]",False,weak,"14700,0","[[array([654, 324]), array([486, 450]), array([766, 478]), array([836, 492]), array([710, 590])]]","[[array([336, 478])]]"
1093,"[672, 422]",False,"[0.531439, 0]","[0, 0]",False,weak,"14700,0","[[array([663, 314]), array([495, 440]), array([775, 468]), array([845, 482]), array([719, 580])]]","[[array([345, 468])]]"
1094,"[672, 422]",False,"[0.531439, 0]","[0, 0]",False,weak,"14700,0","[[array([672, 304]), array([504, 430]), array([784, 458]), array([854, 472]), array([728, 570])]]","[[array([354, 458])]]"
1095,"[672, 422]",False,"[0.531439, 0]","[0, 0]",False,weak,"14700,0","[[array([676, 294]), array([508, 420]), array([788, 448]), array([858, 462]), array([732, 560]), array([606, 840])]]","[[array([358, 448])]]"
1096,"[672, 422]",False,"[0.531439, 0]","[0, 0]",False,weak,"14700,0","[[array([680, 284]), array([512, 410]), array([792, 438]), array([862, 452]), array([736, 550]), array([610, 830])]]","[[array([362, 438])]]"
1097,"[672, 422]",False,"[0.531439, 0]","[0, 0]",False,weak,"14700,0","[[array([684, 274]), array([516, 400]), array([796, 428]), array([866, 442]), array([740, 540]), array([614, 820])]]","[[array([366, 428])]]"
1098,"[672, 422]",False,"[0.531439, 0]","[0, 0]",False,weak,"14700,0","[[array([688, 264]), array([520, 390]), array([800, 418]), array([870, 432]), array([744, 530]), array([618, 810]), array([520, 838])]]","[[array([370, 418])]]"
1099,"[672, 422]",False,"[0.531439, 0]","[0, 0]",False,weak,"14700,0","[[array([692, 254]), array([524, 380]), array([804, 408]), array([874, 422]), array([748, 520]), array([622, 800]), array([524, 828])]]","[[array([374, 408])]]"
1100,"[672, 422]",False,"[0.531439, 0]","[0, 0]",False,weak,"14700,0","[[array([696, 244]), array([528, 370]), array([808, 398]), array([878, 412]), array([752, 510]), array([626, 790]), array([528, 818])]]","[[array([378, 398])]]"
1101,"[672, 422]",False,"[0.531439, 0]","[0, 0]",False,weak,"14700,0","[[array([700, 234]), array([532, 360]), array([812, 388]), array([882, 402]), array([756, 500]), array([630, 780]), array([532, 808])]]","[[array([382, 388])]]"
1102,"[672, 422]",False,"[0.531439, 0]","[0, 0]",False,weak,"14700,0","[[array([704, 224]), array([536, 350]), array([816, 378]), array([886, 392]), array([760, 490]), array([634, 770]), array([536, 798])]]","[[array([386, 378])]]"
1103,"[672, 422]",False,"[0.531439, 0]","[0, 0]",False,weak,"14700,0","[[array([708, 214]), array([540, 340]), array([820, 368]), array([890, 382]), array([764, 480]), array([638, 760]), array([540, 788])]]","[[array([390, 368])]]"
1104,"[672, 422]",False,"[0.531439, 0]","[0, 0]",False,weak,"14700,0","[[array([712, 204]), array([544, 330]), array([824, 358]), array([894, 372]), array([768, 470]), array([642, 750]), array([544, 778])]]","[[array([394, 358])]]"
1105,"[672, 422]",False,"[0.531439, 0]","[0, 0]",False,weak,"14700,0","[[array([716, 194]), array([548, 320]), array([828, 348]), array([898, 362]), array([772, 460]), array([646, 740]), array([548, 768])]]","[[array([398, 348])]]"
1106,"[672, 422]",False,"[0.531439, 0]","[0, 0]",False,weak,"14700,0","[[array([725, 184]), array([557, 310]), array([837, 338]), array([907, 352]), array([781, 450]), array([655, 730]), array([557, 758])]]","[[array([407, 338])]]"
1107,"[672, 422]",False,"[0.531439, 0]","[0, 0]",False,weak,"14700,0","[[array([734, 174]), array([566, 300]), array([846, 328]), array([916, 342]), array([790, 440]), array([664, 720]), array([566, 748])]]","[[array([416, 328])]]"
1108,"[672, 422]",False,"[0.531439, 0]","[0, 0]",False,weak,"14700,0","[[array([743, 164]), array([575, 290]), array([855, 318]), array([925, 332]), array([799, 430]), array([673, 710]), array([575, 738])]]","[[array([425, 318])]]"
1109,"[672, 422]",False,"[0.531439, 0]","[0, 0]",False,weak,"14700,0","[[array([743, 154]), array([575, 280]), array([855, 308]), array([925, 322]), array([799, 420]), array([673, 700]), array([575, 728])]]","[[array([425, 308])]]"
1110,"[672, 422]",False,"[0.531439, 0]","[0, 0]",False,weak,"14700,0","[[array([743, 144]), array([575, 270]), array([855, 298]), array([925, 312]), array([799, 410]), array([673, 690]), array([575, 718])]]","[[array([425, 298])]]"
1111,"[672, 422]",False,"[0.531439, 0]","[0, 0]",False,weak,"14700,0","[[array([743, 134]), array([575, 260]), array([855, 288]), array([925, 302]), array([799, 400]), array([673, 680]), array([575, 708])]]","[[array([425, 288])]]"
1112,"[672, 422]",False,"[0.531439, 0]","[0, 0]",False,weak,"14700,0","[[array([743, 124]), array([575, 250]), array([855, 278]), array([925, 292]), array([799, 390]), array([673, 670]), array([575, 698]), array([547, 838])]]","[[array([425, 278])]]"
1113,"[672, 422]",False,"[0.531439, 0]","[0, 0]",False,weak,"14700,0","[[array([743, 114]), array([575, 240]), array([855, 268]), array([925, 282]), array([799, 380]), array([673, 660]), array([575, 688]), array([547, 828])]]","[[array([425, 268])]]"
1114,"[672, 422]",False,"[0.531439, 0]","[0, 0]",False,weak,"14700,0","[[array([743, 104]), array([575, 230]), array([855, 258]), array([925, 272]), array([799, 370]), array([673, 650]), array([575, 678]), array([547, 818])]]","[[array([425, 258])]]"
1115,"[672, 422]",False,"[0.531439, 0]","[0, 0]",False,weak,"14700,0","[[array([733,  94]), array([565, 220]), array([845, 248]), array([915, 262]), array([789, 360]), array([663, 640]), array([565, 668]), array([537, 808])]]","[[array([415, 248])]]"
1116,"[672, 422]",False,"[0.531439, 0]","[0, 0]",False,weak,"14700,0","[[array([723,  84]), array([555, 210]), array([835, 238]), array([905, 252]), array([779, 350]), array([653, 630]), array([555, 658]), array([527, 798]), array([961, 840])]]","[[array([405, 238])]]"
1117,"[672, 422]",False,"[0.531439, 0]","[0, 0]",False,weak,"14700,0","[[array([713,  74]), array([545, 200]), array([825, 228]), array([895, 242]), array([769, 340]), array([643, 620]), array([545, 648]), array([517, 788]), array([951, 830])]]","[[array([395, 228])]]"
1118,"[672, 422]",False,"[0.531439, 0]","[0, 0]",False,weak,"14700,0","[[array([703,  64]), array([535, 190]), array([815, 218]), array([885, 232]), array([759, 330]), array([633, 610]), array([535, 638]), array([507, 778]), array([941, 820])]]","[[array([385, 218])]]"
1119,"[672, 422]",False,"[0.531439, 0]","[0, 0]",False,weak,"14700,0","[[array([693,  54]), array([525, 180]), array([805, 208]), array([875, 222]), array([749, 320]), array([623, 600]), array([525, 628]), array([497, 768]), array([931, 810])]]","[[array([375, 208])]]"
1120,"[672, 422]",False,"[0.531439, 0]","[0, 0]",False,weak,"14700,0","[[array([683,  44]), array([515, 170]), array([795, 198]), array([865, 212]), array([739, 310]), array([613, 590]), array([515, 618]), array([487, 758]), array([921, 800])]]","[[array([365, 198])]]"
1121,"[672, 422]",False,"[0.531439, 0]","[0, 0]",False,weak,"14700,0","[[array([673,  34]), array([505, 160]), array([785, 188]), array([855, 202]), array([729, 300]), array([603, 580]), array([505, 608]), array([477, 748]), array([911, 790])]]","[[array([355, 188])]]"
1122,"[672, 422]",False,"[0.531439, 0]","[0, 0]",False,weak,"14700,0","[[array([663,  24]), array([495, 150]), array([775, 178]), array([845, 192]), array([719, 290]), array([593, 570]), array([495, 598]), array([467, 738]), array([901, 780])]]","[[array([345, 178])]]"
1123,"[672, 422]",False,"[0.531439, 0]","[0, 0]",False,weak,"14700,0","[[array([653,  14]), array([485, 140]), array([765, 168]), array([835, 182]), array([709, 280]), array([583, 560]), array([485, 588]), array([457, 728]), array([891, 770])]]","[[array([335, 168])]]"
1124,"[672, 422]",False,"[0.531439, 0]","[0, 0]",False,weak,"14700,0","[[array([643,   4]), array([475, 130]), array([755, 158]), array([825, 172]), array([699, 270]), array([573, 550]), array([475, 578]), array([447, 718]), array([881, 760])]]","[[array([325, 158])]]"
1125,"[672, 422]",False,"[0.531439, 0]","[0, 0]",False,weak,"14700,0","[[array([465, 120]), array([745, 148]), array([815, 162]), array([689, 260]), array([563, 540]), array([465, 568]), array([437, 708]), array([871, 750])]]","[[array([315, 148])]]"
1126,"[672, 422]",False,"[0.531439, 0]","[0, 0]",False,weak,"14700,0","[[array([455, 110]), array([735, 138]), array([805, 152]), array([679, 250]), array([553, 530]), array([455, 558]), array([427, 698]), array([861, 740])]]","[[array([305, 138])]]"
1127,"[672, 422]",False,"[0.531439, 0]","[0, 0]",False,weak,"14700,0","[[array([445, 100]), array([725, 128]), array([795, 142]), array([669, 240]), array([543, 520]), array([445, 548]), array([417, 688]), array([851, 730])]]","[[array([295, 128])]]"
1128,"[672, 422]",False,"[0.531439, 0]","[0, 0]",False,weak,"14700,0","[[array([435,  90]), array([715, 118]), array([785, 132]), array([659, 230]), array([533, 510]), array([435, 538]), array([407, 678]), array([841, 720])]]","[[array([285, 118])]]"
1129,"[672, 422]",False,"[0.531439, 0]","[0, 0]",False,weak,"14700,0","[[array([435,  80]), array([715, 108]), array([785, 122]), array([659, 220]), array([533, 500]), array([435, 528]), array([407, 668]), array([841, 710]), array([813, 836])]]","[[array([285, 108])]]"
1130,"[672, 422]",False,"[0.531439, 0]","[0, 0]",False,weak,"14700,0","[[array([435,  70]), array([715,  98]), array([785, 112]), array([659, 210]), array([533, 490]), array([435, 518]), array([407, 658]), array([841, 700]), array([813, 826])]]","[[array([285,  98])]]"
1131,"[672, 422]",False,"[0.531439, 0]","[0, 0]",False,weak,"14700,0","[[array([435,  60]), array([715,  88]), array([785, 102]), array([659, 200]), array([533, 480]), array([435, 508]), array([407, 648]), array([841, 690]), array([813, 816])]]","[[array([285,  88])]]"
1132,"[672, 422]",False,"[0.531439, 0]","[0, 0]",False,weak,"14700,0","[[array([435,  50]), array([715,  78]), array([785,  92]), array([659, 190]), array([533, 470]), array([435, 498]), array([407, 638]), array([841, 680]), array([813, 806])]]","[[array([285,  78])]]"
1133,"[672, 422]",False,"[0.531439, 0]","[0, 0]",False,weak,"14700,0","[[array([435,  40]), array([715,  68]), array([785,  82]), array([659, 180]), array([533, 460]), array([435, 488]), array([407, 628]), array([841, 670]), array([813, 796]), array([701, 838])]]","[[array([285,  68])]]"
1134,"[672, 422]",False,"[0.531439, 0]","[0, 0]",False,weak,"14700,0","[[array([435,  30]), array([715,  58]), array([785,  72]), array([659, 170]), array([533, 450]), array([435, 478]), array([407, 618]), array([841, 660]), array([813, 786]), array([701, 828])]]","[[array([285,  58])]]"
1135,"[672, 422]",False,"[0.531439, 0]","[0, 0]",False,weak,"14700,0","[[array([435,  20]), array([715,  48]), array([785,  62]), array([659, 160]), array([533, 440]), array([435, 468]), array([407, 608]), array([841, 650]), array([813, 776]), array([701, 818])]]","[[array([285,  48])]]"
1136,"[672, 422]",False,"[0.531439, 0]","[0, 0]",False,weak,"14700,0","[[array([435,  10]), array([715,  38]), array([785,  52]), array([659, 150]), array([533, 430]), array([435, 458]), array([407, 598]), array([841, 640]), array([813, 766]), array([701, 808])]]","[[array([285,  38])]]"
1137,"[672, 422]",False,"[0.531439, 0]","[0, 0]",False,weak,"14700,0","[[array([435,   0]), array([715,  28]), array([785,  42]), array([659, 140]), array([533, 420]), array([435, 448]), array([407, 588]), array([841, 630]), array([813, 756]), array([701, 798])]]","[[array([285,  28])]]"
1138,"[672, 422]",False,"[0.531439, 0]","[0, 0]",False,weak,"14700,0","[[array([715,  18]), array([785,  32]), array([659, 130]), array([533, 410]), array([435, 438]), array([407, 578]), array([841, 620]), array([813, 746]), array([701, 788])]]","[[array([285,  18])]]"
1139,"[672, 422]",False,"[0.531439, 0]","[0, 0]",False,weak,"14700,0","[[array([715,   8]), array([785,  22]), array([659, 120]), array([533, 400]), array([435, 428]), array([407, 568]), array([841, 610]), array([813, 736]), array([701, 778])]]","[[array([285,   8])]]"
1140,"[672, 422]",False,"[0.531439, 0]","[0, 0]",False,weak,"14700,0","[[array([785,  12]), array([659, 110]), array([533, 390]), array([435, 418]), array([407, 558]), array([841, 600]), array([813, 726]), array([701, 768])]]",[[]]
1141,"[672, 422]",False,"[0.531439, 0]","[0, 0]",False,weak,"14700,0","[[array([785,   2]), array([659, 100]), array([533, 380]), array([435, 408]), array([407, 548]), array([841, 590]), array([813, 716]), array([701, 758])]]",[[]]
1142,"[672, 422]",False,"[0.531439, 0]","[0, 0]",False,weak,"14700,0","[[array([659,  90]), array([533, 370]), array([435, 398]), array([407, 538]), array([841, 580]), array([813, 706]), array([701, 748]), array([519, 832])]]",[[]]
1143,"[672, 422]",False,"[0.531439, 0]","[0, 0]",False,weak,"14700,0","[[array([659,  80]), array([533, 360]), array([435, 388]), array([407, 528]), array([841, 570]), array([813, 696]), array([701, 738]), array([519, 822])]]",[[]]
1144,"[672, 422]",False,"[0.531439, 0]","[0, 0]",False,weak,"14700,0","[[array([668,  70]), array([542, 350]), array([444, 378]), array([416, 518]), array([850, 560]), array([822, 686]), array([710, 728]), array([528, 812])]]",[[]]
1145,"[672, 422]",False,"[0.531439, 0]","[0, 0]",False,weak,"14700,0","[[array([677,  60]), array([551, 340]), array([453, 368]), array([425, 508]), array([859, 550]), array([831, 676]), array([719, 718]), array([537, 802])]]",[[]]
1146,"[672, 422]",False,"[0.531439, 0]","[0, 0]",False,weak,"14700,0","[[array([686,  50]), array([560, 330]), array([462, 358]), array([434, 498]), array([868, 540]), array([840, 666]), array([728, 708]), array([546, 792])]]",[[]]
1147,"[672, 422]",False,"[0.531439, 0]","[0, 0]",False,weak,"14700,0","[[array([695,  40]), array([569, 320]), array([471, 348]), array([443, 488]), array([877, 530]), array([849, 656]), array([737, 698]), array([555, 782])]]",[[]]
1148,"[672, 422]",False,"[0.531439, 0]","[0, 0]",False,weak,"14700,0","[[array([704,  30]), array([578, 310]), array([480, 338]), array([452, 478]), array([886, 520]), array([858, 646]), array([746, 688]), array([564, 772])]]",[[]]
1149,"[672, 422]",False,"[0.531439, 0]","[0, 0]",False,weak,"14700,0","[[array([713,  20]), array([587, 300]), array([489, 328]), array([461, 468]), array([895, 510]), array([867, 636]), array([755, 678]), array([573, 762])]]",[[]]
1150,"[672, 422]",False,"[0.531439, 0]","[0, 0]",False,weak,"14700,0","[[array([713,  10]), array([587, 290]), array([489, 318]), array([461, 458]), array([895, 500]), array([867, 626]), array([755, 668]), array([573, 752])]]",[[]]
1151,"[672, 422]",False,"[0.531439, 0]","[0, 0]",False,weak,"14700,0","[[array([713,   0]), array([587, 280]), array([489, 308]), array([461, 448]), array([895, 490]), array([867, 616]), array([755, 658]), array([573, 742])]]",[[]]
1152,"[672, 422]",False,"[0.531439, 0]","[0, 0]",False,weak,"14700,0","[[array([587, 270]), array([489, 298]), array([461, 438]), array([895, 480]), array([867, 606]), array([755, 648]), array([573, 732])]]",[[]]
1153,"[672, 422]",False,"[0.531439, 0]","[0, 0]",False,weak,"14700,0","[[array([587, 260]), array([489, 288]), array([461, 428]), array([895, 470]), array([867, 596]), array([755, 638]), array([573, 722])]]",[[]]
1154,"[672, 422]",False,"[0.531439, 0]","[0, 0]",False,weak,"14700,0","[[array([587, 250]), array([489, 278]), array([461, 418]), array([895, 460]), array([867, 586]), array([755, 628]), array([573, 712])]]",[[]]
1155,"[672, 422]",False,"[0.531439, 0]","[0, 0]",False,weak,"14700,0","[[array([587, 240]), array([489, 268]), array([461, 408]), array([895, 450]), array([867, 576]), array([755, 618]), array([573, 702])]]",[[]]
1156,"[672, 422]",False,"[0.531439, 0]","[0, 0]",False,weak,"14700,0","[[array([587, 230]), array([489, 258]), array([461, 398]), array([895, 440]), array([867, 566]), array([755, 608]), array([573, 692])]]",[[]]
1157,"[672, 422]",False,"[0.531439, 0]","[0, 0]",False,weak,"14700,0","[[array([596, 220]), array([498, 248]), array([470, 388]), array([904, 430]), array([876, 556]), array([764, 598]), array([582, 682])]]",[[]]
1158,"[672, 422]",False,"[0.531439, 0]","[0, 0]",False,weak,"14700,0","[[array([605, 210]), array([507, 238]), array([479, 378]), array([913, 420]), array([885, 546]), array([773, 588]), array([591, 672])]]",[[]]
1159,"[672, 422]",False,"[0.531439, 0]","[0, 0]",False,weak,"14700,0","[[array([614, 200]), array([516, 228]), array([488, 368]), array([922, 410]), array([894, 536]), array([782, 578]), array([600, 662])]]",[[]]
1160,"[672, 422]",False,"[0.531439, 0]","[0, 0]",False,weak,"14700,0","[[array([623, 190]), array([525, 218]), array([497, 358]), array([931, 400]), array([903, 526]), array([791, 568]), array([609, 652])]]",[[]]
1161,"[672, 422]",False,"[0.531439, 0]","[0, 0]",False,weak,"14700,0","[[array([632, 180]), array([534, 208]), array([506, 348]), array([940, 390]), array([912, 516]), array([800, 558]), array([618, 642])]]",[[]]
1162,"[672, 422]",False,"[0.531439, 0]","[0, 0]",False,weak,"14700,0","[[array([632, 170]), array([534, 198]), array([506, 338]), array([940, 380]), array([912, 506]), array([800, 548]), array([618, 632])]]",[[]]
1163,"[672, 422]",False,"[0.531439, 0]","[0, 0]",False,weak,"14700,0","[[array([632, 160]), array([534, 188]), array([506, 328]), array([940, 370]), array([912, 496]), array([800, 538]), array([618, 622])]]",[[]]
1164,"[672, 422]",False,"[0.531439, 0]","[0, 0]",False,weak,"14700,0","[[array([632, 150]), array([534, 178]), array([506, 318]), array([940, 360]), array([912, 486]), array([800, 528]), array([618, 612])]]",[[]]
1165,"[672, 422]",False,"[0.531439, 0]","[0, 0]",False,weak,"14700,0","[[array([632, 140]), array([534, 168]), array([506, 308]), array([940, 350]), array([912, 476]), array([800, 518]), array([618, 602])]]",[[]]
1166,"[672, 422]",False,"[0.531439, 0]","[0, 0]",False,weak,"14700,0","[[array([632, 130]), array([534, 158]), array([506, 298]), array([940, 340]), array([912, 466]), array([800, 508]), array([618, 592])]]",[[]]
1167,"[672, 422]",False,"[0.531439, 0]","[0, 0]",False,weak,"14700,0","[[array([622, 120]), array([524, 148]), array([496, 288]), array([930, 330]), array([902, 456]), array([790, 498]), array([608, 582])]]",[[]]
1168,"[672, 422]",False,"[0.531439, 0]","[0, 0]",False,weak,"14700,0","[[array([612, 110]), array([514, 138]), array([486, 278]), array([920, 320]), array([892, 446]), array([780, 488]), array([598, 572]), array([654, 838])]]","[[array([364, 838])]]"
1169,"[672, 422]",False,"[0.531439, 0]","[0, 0]",False,weak,"14700,0","[[array([602, 100]), array([504, 128]), array([476, 268]), array([910, 310]), array([882, 436]), array([770, 478]), array([588, 562]), array([644, 828])]]","[[array([354, 828])]]"
1170,"[672, 422]",False,"[0.531439, 0]","[0, 0]",False,weak,"14700,0","[[array([592,  90]), array([494, 118]), array([466, 258]), array([900, 300]), array([872, 426]), array([760, 468]), array([578, 552]), array([634, 818])]]","[[array([344, 818])]]"
1171,"[672, 422]",False,"[0.531439, 0]","[0, 0]",False,weak,"14700,0","[[array([582,  80]), array([484, 108]), array([456, 248]), array([890, 290]), array([862, 416]), array([750, 458]), array([568, 542]), array([624, 808])]]","[[array([334, 808])]]"
1172,"[672, 422]",False,"[0.531439, 0]","[0, 0]",False,weak,"14700,0","[[array([572,  70]), array([474,  98]), array([446, 238]), array([880, 280]), array([852, 406]), array([740, 448]), array([558, 532]), array([614, 798])]]","[[array([324, 798])]]"
1173,"[672, 422]",False,"[0.531439, 0]","[0, 0]",False,weak,"14700,0","[[array([562,  60]), array([464,  88]), array([436, 228]), array([870, 270]), array([842, 396]), array([730, 438]), array([548, 522]), array([604, 788])]]","[[array([314, 788])]]"
1174,"[672, 422]",False,"[0.531439, 0]","[0, 0]",False,weak,"14700,0","[[array([562,  50]), array([464,  78]), array([436, 218]), array([870, 260]), array([842, 386]), array([730, 428]), array([548, 512]), array([604, 778])]]","[[array([314, 778])]]"
1175,"[672, 422]",False,"[0.531439, 0]","[0, 0]",False,weak,"14700,0","[[array([562,  40]), array([464,  68]), array([436, 208]), array([870, 250]), array([842, 376]), array([730, 418]), array([548, 502]), array([604, 768])]]","[[array([314, 768])]]"
1176,"[672, 422]",False,"[0.531439, 0]","[0, 0]",False,weak,"14700,0","[[array([562,  30]), array([464,  58]), array([436, 198]), array([870, 240]), array([842, 366]), array([730, 408]), array([548, 492]), array([604, 758])]]","[[array([314, 758])]]"
1177,"[672, 422]",False,"[0.531439, 0]","[0, 0]",False,weak,"14700,0","[[array([562,  20]), array([464,  48]), array([436, 188]), array([870, 230]), array([842, 356]), array([730, 398]), array([548, 482]), array([604, 748])]]","[[array([314, 748])]]"
1178,"[672, 422]",False,"[0.531439, 0]","[0, 0]",False,weak,"14700,0","[[array([562,  10]), array([464,  38]), array([436, 178]), array([870, 220]), array([842, 346]), array([730, 388]), array([548, 472]), array([604, 738]), array([548, 836])]]","[[array([314, 738])]]"
1179,"[672, 422]",False,"[0.531439, 0]","[0, 0]",False,weak,"14700,0","[[array([562,   0]), array([464,  28]), array([436, 168]), array([870, 210]), array([842, 336]), array([730, 378]), array([548, 462]), array([604, 728]), array([548, 826]), array([758, 840])]]","[[array([314, 728]), array([991, 840])]]"
1180,"[672, 422]",False,"[0.531439, 0]","[0, 0]",False,weak,"14700,0","[[array([464,  18]), array([436, 158]), array([870, 200]), array([842, 326]), array([730, 368]), array([548, 452]), array([604, 718]), array([548, 816]), array([758, 830])]]","[[array([314, 718]), array([991, 830])]]"
1181,"[672, 422]",False,"[0.531439, 0]","[0, 0]",False,weak,"14700,0","[[array([464,   8]), array([436, 148]), array([870, 190]), array([842, 316]), array([730, 358]), array([548, 442]), array([604, 708]), array([548, 806]), array([758, 820])]]","[[array([314, 708]), array([991, 820])]]"
1182,"[672, 422]",False,"[0.531439, 0]","[0, 0]",False,weak,"14700,0","[[array([436, 138]), array([870, 180]), array([842, 306]), array([730, 348]), array([548, 432]), array([604, 698]), array([548, 796]), array([758, 810])]]","[[array([314, 698]), array([991, 810])]]"
1183,"[672, 422]",False,"[0.531439, 0]","[0, 0]",False,weak,"14700,0","[[array([436, 128]), array([870, 170]), array([842, 296]), array([730, 338]), array([548, 422]), array([604, 688]), array([548, 786]), array([758, 800])]]","[[array([314, 688]), array([991, 800])]]"
1184,"[672, 422]",False,"[0.531439, 0]","[0, 0]",False,weak,"14700,0","[[array([436, 118]), array([870, 160]), array([842, 286]), array([730, 328]), array([548, 412]), array([604, 678]), array([548, 776]), array([758, 790])]]","[[array([314, 678]), array([991, 790])]]"
1185,"[672, 422]",False,"[0.531439, 0]","[0, 0]",False,weak,"14700,0","[[array([436, 108]), array([870, 150]), array([842, 276]), array([730, 318]), array([548, 402]), array([604, 668]), array([548, 766]), array([758, 780]), array([870, 836])]]","[[array([314, 668]), array([991, 780])]]"
1186,"[672, 422]",False,"[0.531439, 0]","[0, 0]",False,weak,"14700,0","[[array([436,  98]), array([870, 140]), array([842, 266]), array([730, 308]), array([548, 392]), array([604, 658]), array([548, 756]), array([758, 770]), array([870, 826])]]","[[array([314, 658]), array([991, 770])]]"
1187,"[672, 422]",False,"[0.531439, 0]","[0, 0]",False,weak,"14700,0","[[array([436,  88]), array([870, 130]), array([842, 256]), array([730, 298]), array([548, 382]), array([604, 648]), array([548, 746]), array([758, 760]), array([870, 816])]]","[[array([314, 648]), array([991, 760])]]"
1188,"[672, 422]",False,"[0.531439, 0]","[0, 0]",False,weak,"14700,0","[[array([436,  78]), array([870, 120]), array([842, 246]), array([730, 288]), array([548, 372]), array([604, 638]), array([548, 736]), array([758, 750]), array([870, 806])]]","[[array([314, 638]), array([991, 750])]]"
1189,"[672, 422]",False,"[0.531439, 0]","[0, 0]",False,weak,"14700,0","[[array([436,  68]), array([870, 110]), array([842, 236]), array([730, 278]), array([548, 362]), array([604, 628]), array([548, 726]), array([758, 740]), array([870, 796])]]","[[array([314, 628]), array([991, 740])]]"
1190,"[672, 422]",False,"[0.531439, 0]","[0, 0]",False,weak,"14700,0","[[array([436,  58]), array([870, 100]), array([842, 226]), array([730, 268]), array([548, 352]), array([604, 618]), array([548, 716]), array([758, 730]), array([870, 786])]]","[[array([314, 618]), array([991, 730])]]"
1191,"[672, 422]",False,"[0.531439, 0]","[0, 0]",False,weak,"14700,0","[[array([436,  48]), array([870,  90]), array([842, 216]), array([730, 258]), array([548, 342]), array([604, 608]), array([548, 706]), array([758, 720]), array([870, 776])]]","[[array([314, 608]), array([991, 720])]]"
1192,"[672, 422]",False,"[0.531439, 0]","[0, 0]",False,weak,"14700,0","[[array([436,  38]), array([870,  80]), array([842, 206]), array([730, 248]), array([548, 332]), array([604, 598]), array([548, 696]), array([758, 710]), array([870, 766])]]","[[array([314, 598]), array([991, 710])]]"
1193,"[672, 422]",False,"[0.531439, 0]","[0, 0]",False,weak,"14700,0","[[array([436,  28]), array([870,  70]), array([842, 196]), array([730, 238]), array([548, 322]), array([604, 588]), array([548, 686]), array([758, 700]), array([870, 756])]]","[[array([314, 588]), array([991, 700])]]"
1194,"[672, 422]",False,"[0.531439, 0]","[0, 0]",False,weak,"14700,0","[[array([436,  18]), array([870,  60]), array([842, 186]), array([730, 228]), array([548, 312]), array([604, 578]), array([548, 676]), array([758, 690]), array([870, 746])]]","[[array([314, 578]), array([991, 690])]]"
1195,"[672, 422]",False,"[0.531439, 0]","[0, 0]",False,weak,"14700,0","[[array([436,   8]), array([870,  50]), array([842, 176]), array([730, 218]), array([548, 302]), array([604, 568]), array([548, 666]), array([758, 680]), array([870, 736])]]","[[array([314, 568]), array([991, 680])]]"
1196,"[672, 422]",False,"[0.531439, 0]","[0, 0]",False,weak,"14700,0","[[array([870,  40]), array([842, 166]), array([730, 208]), array([548, 292]), array([604, 558]), array([548, 656]), array([758, 670]), array([870, 726])]]","[[array([314, 558]), array([991, 670])]]"
1197,"[672, 422]",False,"[0.531439, 0]","[0, 0]",False,weak,"14700,0","[[array([870,  30]), array([842, 156]), array([730, 198]), array([548, 282]), array([604, 548]), array([548, 646]), array([758, 660]), array([870, 716])]]","[[array([314, 548]), array([991, 660])]]"
1198,"[672, 422]",False,"[0.531439, 0]","[0, 0]",False,weak,"14700,0","[[array([870,  20]), array([842, 146]), array([730, 188]), array([548, 272]), array([604, 538]), array([548, 636]), array([758, 650]), array([870, 706])]]","[[array([314, 538]), array([991, 650])]]"
1199,"[672, 422]",False,"[0.531439, 0]","[0, 0]",False,weak,"14700,0","[[array([870,  10]), array([842, 136]), array([730, 178]), array([548, 262]), array([604, 528]), array([548, 626]), array([758, 640]), array([870, 696])]]","[[array([314, 528]), array([991, 640])]]"
1200,"[672, 422]",False,"[0.531439, 0]","[0, 0]",False,weak,"14700,0","[[array([870,   0]), array([842, 126]), array([730, 168]), array([548, 252]), array([604, 518]), array([548, 616]), array([758, 630]), array([870, 686]), array([506, 840])]]","[[array([314, 518]), array([991, 630])]]"
1201,"[672, 422]",False,"[0.531439, 0]","[0, 0]",False,weak,"14700,0","[[array([832, 116]), array([720, 158]), array([538, 242]), array([594, 508]), array([538, 606]), array([748, 620]), array([860, 676]), array([496, 830])]]","[[array([304, 508]), array([981, 620])]]"
1202,"[672, 422]",False,"[0.531439, 0]","[0, 0]",False,weak,"14700,0","[[array([822, 106]), array([710, 148]), array([528, 232]), array([584, 498]), array([528, 596]), array([738, 610]), array([850, 666]), array([486, 820])]]","[[array([294, 498]), array([971, 610])]]"
1203,"[672, 422]",False,"[0.531439, 0]","[0, 0]",False,weak,"14700,0","[[array([812,  96]), array([700, 138]), array([518, 222]), array([574, 488]), array([518, 586]), array([728, 600]), array([840, 656]), array([476, 810]), array([574, 838])]]","[[array([284, 488]), array([961, 600]), array([961, 838])]]"
1204,"[672, 422]",False,"[0.531439, 0]","[0, 0]",False,weak,"14700,0","[[array([802,  86]), array([690, 128]), array([508, 212]), array([564, 478]), array([508, 576]), array([718, 590]), array([830, 646]), array([466, 800]), array([564, 828])]]","[[array([274, 478]), array([951, 590]), array([951, 828])]]"
1205,"[672, 422]",False,"[0.531439, 0]","[0, 0]",False,weak,"14700,0","[[array([802,  76]), array([690, 118]), array([508, 202]), array([564, 468]), array([508, 566]), array([718, 580]), array([830, 636]), array([466, 790]), array([564, 818])]]","[[array([274, 468]), array([951, 580]), array([951, 818])]]"
1206,"[672, 422]",False,"[0.531439, 0]","[0, 0]",False,weak,"14700,0","[[array([802,  66]), array([690, 108]), array([508, 192]), array([564, 458]), array([508, 556]), array([718, 570]), array([830, 626]), array([466, 780]), array([564, 808])]]","[[array([274, 458]), array([951, 570]), array([951, 808])]]"
1207,"[672, 422]",False,"[0.531439, 0]","[0, 0]",False,weak,"14700,0","[[array([797,  56]), array([685,  98]), array([503, 182]), array([559, 448]), array([503, 546]), array([713, 560]), array([825, 616]), array([461, 770]), array([559, 798])]]","[[array([269, 448]), array([946, 560]), array([946, 798])]]"
1208,"[672, 422]",False,"[0.531439, 0]","[0, 0]",False,weak,"14700,0","[[array([792,  46]), array([680,  88]), array([498, 172]), array([554, 438]), array([498, 536]), array([708, 550]), array([820, 606]), array([456, 760]), array([554, 788])]]","[[array([264, 438]), array([941, 550]), array([941, 788])]]"
1209,"[672, 422]",False,"[0.531439, 0]","[0, 0]",False,weak,"14700,0","[[array([787,  36]), array([675,  78]), array([493, 162]), array([549, 428]), array([493, 526]), array([703, 540]), array([815, 596]), array([451, 750]), array([549, 778])]]","[[array([259, 428]), array([936, 540]), array([936, 778])]]"
1210,"[672, 422]",False,"[0.531439, 0]","[0, 0]",False,weak,"14700,0","[[array([791,  26]), array([679,  68]), array([497, 152]), array([553, 418]), array([497, 516]), array([707, 530]), array([819, 586]), array([455, 740]), array([553, 768])]]","[[array([263, 418]), array([940, 530]), array([940, 768])]]"
1211,"[672, 422]",False,"[0.531439, 0]","[0, 0]",False,weak,"14700,0","[[array([795,  16]), array([683,  58]), array([501, 142]), array([557, 408]), array([501, 506]), array([711, 520]), array([823, 576]), array([459, 730]), array([557, 758])]]","[[array([267, 408]), array([944, 520]), array([944, 758])]]"
1212,"[672, 422]",False,"[0.531439, 0]","[0, 0]",False,weak,"14700,0","[[array([799,   6]), array([687,  48]), array([505, 132]), array([561, 398]), array([505, 496]), array([715, 510]), array([827, 566]), array([463, 720]), array([561, 748])]]","[[array([271, 398]), array([948, 510]), array([948, 748])]]"
1213,"[672, 422]",False,"[0.531439, 0]","[0, 0]",False,weak,"14700,0","[[array([691,  38]), array([509, 122]), array([565, 388]), array([509, 486]), array([719, 500]), array([831, 556]), array([467, 710]), array([565, 738])]]","[[array([275, 388]), array([952, 500]), array([952, 738])]]"
1214,"[672, 422]",False,"[0.531439, 0]","[0, 0]",False,weak,"14700,0","[[array([695,  28]), array([513, 112]), array([569, 378]), array([513, 476]), array([723, 490]), array([835, 546]), array([471, 700]), array([569, 728]), array([695, 840])]]","[[array([279, 378]), array([956, 490]), array([956, 728])]]"
1215,"[672, 422]",False,"[0.531439, 0]","[0, 0]",False,weak,"14700,0","[[array([699,  18]), array([517, 102]), array([573, 368]), array([517, 466]), array([727, 480]), array([839, 536]), array([475, 690]), array([573, 718]), array([699, 830])]]","[[array([283, 368]), array([960, 480]), array([960, 718])]]"
1216,"[672, 422]",False,"[0.531439, 0]","[0, 0]",False,weak,"14700,0","[[array([703,   8]), array([521,  92]), array([577, 358]), array([521, 456]), array([731, 470]), array([843, 526]), array([479, 680]), array([577, 708]), array([703, 820])]]","[[array([287, 358]), array([964, 470]), array([964, 708])]]"
1217,"[672, 422]",False,"[0.531439, 0]","[0, 0]",False,weak,"14700,0","[[array([525,  82]), array([581, 348]), array([525, 446]), array([735, 460]), array([847, 516]), array([483, 670]), array([581, 698]), array([707, 810])]]","[[array([291, 348]), array([968, 460]), array([968, 698])]]"
1218,"[672, 422]",False,"[0.531439, 0]","[0, 0]",False,weak,"14700,0","[[array([539,  72]), array([595, 338]), array([539, 436]), array([749, 450]), array([861, 506]), array([497, 660]), array([595, 688]), array([721, 800])]]","[[array([305, 338]), array([982, 450]), array([982, 688])]]"
1219,"[672, 422]",False,"[0.531439, 0]","[0, 0]",False,weak,"14700,0","[[array([553,  62]), array([609, 328]), array([553, 426]), array([763, 440]), array([875, 496]), array([511, 650]), array([609, 678]), array([735, 790])]]","[[array([319, 328]), array([996, 440]), array([996, 678])]]"
1220,"[672, 422]",False,"[0.531439, 0]","[0, 0]",False,weak,"14700,0","[[array([567,  52]), array([623, 318]), array([567, 416]), array([777, 430]), array([889, 486]), array([525, 640]), array([623, 668]), array([749, 780])]]","[[array([333, 318]), array([1010,  430]), array([1010,  668])]]"
1221,"[672, 422]",False,"[0.531439, 0]","[0, 0]",False,weak,"14700,0","[[array([581,  42]), array([637, 308]), array([581, 406]), array([791, 420]), array([903, 476]), array([539, 630]), array([637, 658]), array([763, 770])]]","[[array([347, 308]), array([1024,  420]), array([1024,  658])]]"
1222,"[672, 422]",False,"[0.531439, 0]","[0, 0]",False,weak,"14700,0","[[array([595,  32]), array([651, 298]), array([595, 396]), array([805, 410]), array([917, 466]), array([553, 620]), array([651, 648]), array([777, 760])]]","[[array([361, 298]), array([1038,  410]), array([1038,  648])]]"
1223,"[672, 422]",False,"[0.531439, 0]","[0, 0]",False,weak,"14700,0","[[array([609,  22]), array([665, 288]), array([609, 386]), array([819, 400]), array([931, 456]), array([567, 610]), array([665, 638]), array([791, 750])]]","[[array([375, 288]), array([1052,  400]), array([1052,  638])]]"
1224,"[672, 422]",False,"[0.531439, 0]","[0, 0]",False,weak,"14700,0","[[array([623,  12]), array([679, 278]), array([623, 376]), array([833, 390]), array([945, 446]), array([581, 600]), array([679, 628]), array([805, 740])]]","[[array([389, 278]), array([1066,  390]), array([1066,  628]), array([1066,  838])]]"
1225,"[672, 422]",False,"[0.531439, 0]","[0, 0]",False,weak,"14700,0","[[array([637,   2]), array([693, 268]), array([637, 366]), array([847, 380]), array([959, 436]), array([595, 590]), array([693, 618]), array([819, 730])]]","[[array([403, 268]), array([1080,  380]), array([1080,  618]), array([1080,  828])]]"
1226,"[672, 422]",False,"[0.531439, 0]","[0, 0]",False,weak,"14700,0","[[array([707, 258]), array([651, 356]), array([861, 370]), array([973, 426]), array([609, 580]), array([707, 608]), array([833, 720])]]","[[array([417, 258]), array([1094,  370]), array([1094,  608]), array([1094,  818])]]"
1227,"[672, 422]",False,"[0.531439, 0]","[0, 0]",False,weak,"14700,0","[[array([711, 248]), array([655, 346]), array([865, 360]), array([977, 416]), array([613, 570]), array([711, 598]), array([837, 710]), array([697, 836])]]","[[array([421, 248]), array([1098,  360]), array([1098,  598]), array([1098,  808])]]"
1228,"[672, 422]",False,"[0.531439, 0]","[0, 0]",False,weak,"14700,0","[[array([706, 238]), array([650, 336]), array([860, 350]), array([972, 406]), array([608, 560]), array([706, 588]), array([832, 700]), array([692, 826]), array([776, 840])]]","[[array([416, 238]), array([1093,  350]), array([1093,  588]), array([1093,  798])]]"
1229,"[672, 422]",False,"[0.531439, 0]","[0, 0]",False,weak,"14700,0","[[array([696, 228]), array([640, 326]), array([850, 340]), array([962, 396]), array([598, 550]), array([696, 578]), array([822, 690]), array([682, 816]), array([766, 830])]]","[[array([406, 228]), array([1083,  340]), array([1083,  578]), array([1083,  788])]]"
1230,"[672, 422]",False,"[0.531439, 0]","[0, 0]",False,weak,"14700,0","[[array([686, 218]), array([630, 316]), array([840, 330]), array([952, 386]), array([588, 540]), array([686, 568]), array([812, 680]), array([672, 806]), array([756, 820])]]","[[array([396, 218]), array([1073,  330]), array([1073,  568]), array([1073,  778])]]"
1231,"[672, 422]",False,"[0.531439, 0]","[0, 0]",False,weak,"14700,0","[[array([676, 208]), array([620, 306]), array([830, 320]), array([942, 376]), array([578, 530]), array([676, 558]), array([802, 670]), array([662, 796]), array([746, 810])]]","[[array([386, 208]), array([1063,  320]), array([1063,  558]), array([1063,  768])]]"
1232,"[672, 422]",False,"[0.531439, 0]","[0, 0]",False,weak,"14700,0","[[array([666, 198]), array([610, 296]), array([820, 310]), array([932, 366]), array([568, 520]), array([666, 548]), array([792, 660]), array([652, 786]), array([736, 800])]]","[[array([376, 198]), array([1053,  310]), array([1053,  548]), array([1053,  758])]]"
1233,"[672, 422]",False,"[0.531439, 0]","[0, 0]",False,weak,"14700,0","[[array([656, 188]), array([600, 286]), array([810, 300]), array([922, 356]), array([558, 510]), array([656, 538]), array([782, 650]), array([642, 776]), array([726, 790])]]","[[array([366, 188]), array([1043,  300]), array([1043,  538]), array([1043,  748])]]"
1234,"[672, 422]",False,"[0.531439, 0]","[0, 0]",False,weak,"14700,0","[[array([646, 178]), array([590, 276]), array([800, 290]), array([912, 346]), array([548, 500]), array([646, 528]), array([772, 640]), array([632, 766]), array([716, 780])]]","[[array([356, 178]), array([1033,  290]), array([1033,  528]), array([1033,  738])]]"
1235,"[672, 422]",False,"[0.531439, 0]","[0, 0]",False,weak,"14700,0","[[array([636, 168]), array([580, 266]), array([790, 280]), array([902, 336]), array([538, 490]), array([636, 518]), array([762, 630]), array([622, 756]), array([706, 770])]]","[[array([346, 168]), array([1023,  280]), array([1023,  518]), array([1023,  728])]]"
1236,"[672, 422]",False,"[0.531439, 0]","[0, 0]",False,weak,"14700,0","[[array([626, 158]), array([570, 256]), array([780, 270]), array([892, 326]), array([528, 480]), array([626, 508]), array([752, 620]), array([612, 746]), array([696, 760])]]","[[array([336, 158]), array([1013,  270]), array([1013,  508]), array([1013,  718])]]"
1237,"[672, 422]",False,"[0.531439, 0]","[0, 0]",False,weak,"14700,0","[[array([616, 148]), array([560, 246]), array([770, 260]), array([882, 316]), array([518, 470]), array([616, 498]), array([742, 610]), array([602, 736]), array([686, 750])]]","[[array([326, 148]), array([1003,  260]), array([1003,  498]), array([1003,  708])]]"
1238,"[672, 422]",False,"[0.531439, 0]","[0, 0]",False,weak,"14700,0","[[array([606, 138]), array([550, 236]), array([760, 250]), array([872, 306]), array([508, 460]), array([606, 488]), array([732, 600]), array([592, 726]), array([676, 740])]]","[[array([316, 138]), array([993, 250]), array([993, 488]), array([993, 698])]]"
1239,"[672, 422]",False,"[0.531439, 0]","[0, 0]",False,weak,"14700,0","[[array([596, 128]), array([540, 226]), array([750, 240]), array([862, 296]), array([498, 450]), array([596, 478]), array([722, 590]), array([582, 716]), array([666, 730])]]","[[array([306, 128]), array([983, 240]), array([983, 478]), array([983, 688])]]"
1240,"[672, 422]",False,"[0.531439, 0]","[0, 0]",False,weak,"14700,0","[[array([586, 118]), array([530, 216]), array([740, 230]), array([852, 286]), array([488, 440]), array([586, 468]), array([712, 580]), array([572, 706]), array([656, 720])]]","[[array([296, 118]), array([973, 230]), array([973, 468]), array([973, 678])]]"
1241,"[672, 422]",False,"[0.531439, 0]","[0, 0]",False,weak,"14700,0","[[array([576, 108]), array([520, 206]), array([730, 220]), array([842, 276]), array([478, 430]), array([576, 458]), array([702, 570]), array([562, 696]), array([646, 710])]]","[[array([286, 108]), array([963, 220]), array([963, 458]), array([963, 668])]]"
1242,"[672, 422]",False,"[0.531439, 0]","[0, 0]",False,weak,"14700,0","[[array([580,  98]), array([524, 196]), array([734, 210]), array([846, 266]), array([482, 420]), array([580, 448]), array([706, 560]), array([566, 686]), array([650, 700])]]","[[array([290,  98]), array([967, 210]), array([967, 448]), array([967, 658])]]"
1243,"[672, 422]",False,"[0.531439, 0]","[0, 0]",False,weak,"14700,0","[[array([584,  88]), array([528, 186]), array([738, 200]), array([850, 256]), array([486, 410]), array([584, 438]), array([710, 550]), array([570, 676]), array([654, 690])]]","[[array([294,  88]), array([971, 200]), array([971, 438]), array([971, 648])]]"
1244,"[672, 422]",False,"[0.531439, 0]","[0, 0]",False,weak,"14700,0","[[array([588,  78]), array([532, 176]), array([742, 190]), array([854, 246]), array([490, 400]), array([588, 428]), array([714, 540]), array([574, 666]), array([658, 680]), array([728, 834])]]","[[array([298,  78]), array([975, 190]), array([975, 428]), array([975, 638])]]"
1245,"[672, 422]",False,"[0.531439, 0]","[0, 0]",False,weak,"14700,0","[[array([592,  68]), array([536, 166]), array([746, 180]), array([858, 236]), array([494, 390]), array([592, 418]), array([718, 530]), array([578, 656]), array([662, 670]), array([732, 824]), array([844, 838])]]","[[array([302,  68]), array([979, 180]), array([979, 418]), array([979, 628])]]"
1246,"[672, 422]",False,"[0.531439, 0]","[0, 0]",False,weak,"14700,0","[[array([606,  58]), array([550, 156]), array([760, 170]), array([872, 226]), array([508, 380]), array([606, 408]), array([732, 520]), array([592, 646]), array([676, 660]), array([746, 814]), array([858, 828])]]","[[array([316,  58]), array([993, 170]), array([993, 408]), array([993, 618])]]"
1247,"[672, 422]",False,"[0.531439, 0]","[0, 0]",False,weak,"14700,0","[[array([620,  48]), array([564, 146]), array([774, 160]), array([886, 216]), array([522, 370]), array([620, 398]), array([746, 510]), array([606, 636]), array([690, 650]), array([760, 804]), array([872, 818])]]","[[array([330,  48]), array([1007,  160]), array([1007,  398]), array([1007,  608])]]"
1248,"[672, 422]",True,"[0.531439, 0]","[0, 0]",False,weak,"14700,0","[[array([634,  38]), array([578, 136]), array([788, 150]), array([900, 206]), array([536, 360]), array([634, 388]), array([760, 500]), array([620, 626]), array([704, 640]), array([774, 794]), array([886, 808])]]","[[array([344,  38]), array([1021,  150]), array([1021,  388]), array([1021,  598])]]"
1249,"[672, 422]",True,"[0.531439, 0]","[0, 0]",False,weak,"14700,0","[[array([648,  28]), array([592, 126]), array([802, 140]), array([914, 196]), array([550, 350]), array([648, 378]), array([774, 490]), array([634, 616]), array([718, 630]), array([788, 784]), array([900, 798])]]","[[array([358,  28]), array([1035,  140]), array([1035,  378]), array([1035,  588])]]"
1250,"[672, 422]",True,"[0.531439, 0]","[0, 0]",False,weak,"14700,0","[[array([662,  18]), array([606, 116]), array([816, 130]), array([928, 186]), array([564, 340]), array([662, 368]), array([788, 480]), array([648, 606]), array([732, 620]), array([802, 774]), array([914, 788])]]","[[array([372,  18]), array([1049,  130]), array([1049,  368]), array([1049,  578])]]"
1251,"[672, 422]",True,"[0.531439, 0]","[0, 0]",False,weak,"14700,0","[[array([666,   8]), array([610, 106]), array([820, 120]), array([932, 176]), array([568, 330]), array([666, 358]), array([792, 470]), array([652, 596]), array([736, 610]), array([806, 764]), array([918, 778])]]","[[array([376,   8]), array([1053,  120]), array([1053,  358]), array([1053,  568])]]"
1252,"[672, 422]",True,"[0.531439, 0]","[0, 0]",False,weak,"14700,0","[[array([614,  96]), array([824, 110]), array([936, 166]), array([572, 320]), array([670, 348]), array([796, 460]), array([656, 586]), array([740, 600]), array([810, 754]), array([922, 768])]]","[[array([1057,  110]), array([1057,  348]), array([1057,  558])]]"
1253,"[672, 422]",True,"[0.531439, 0]","[0, 0]",False,weak,"14700,0","[[array([614,  86]), array([824, 100]), array([936, 156]), array([572, 310]), array([670, 338]), array([796, 450]), array([656, 576]), array([740, 590]), array([810, 744]), array([922, 758])]]","[[array([1057,  100]), array([1057,  338]), array([1057,  548])]]"
1254,"[672, 422]",True,"[0.531439, 0]","[0, 0]",False,weak,"14700,0","[[array([614,  76]), array([824,  90]), array([936, 146]), array([572, 300]), array([670, 328]), array([796, 440]), array([656, 566]), array([740, 580]), array([810, 734]), array([922, 748])]]","[[array([1057,   90]), array([1057,  328]), array([1057,  538])]]"
1255,"[672, 422]",True,"[0.531439, 0]","[0, 0]",False,weak,"14700,0","[[array([614,  66]), array([824,  80]), array([936, 136]), array([572, 290]), array([670, 318]), array([796, 430]), array([656, 556]), array([740, 570]), array([810, 724]), array([922, 738])]]","[[array([1057,   80]), array([1057,  318]), array([1057,  528])]]"
1256,"[672, 422]",True,"[0.531439, 0]","[0, 0]",False,weak,"14700,0","[[array([614,  56]), array([824,  70]), array([936, 126]), array([572, 280]), array([670, 308]), array([796, 420]), array([656, 546]), array([740, 560]), array([810, 714]), array([922, 728])]]","[[array([1057,   70]), array([1057,  308]), array([1057,  518])]]"
1257,"[672, 422]",True,"[0.531439, 0]","[0, 0]",False,weak,"14700,0","[[array([614,  46]), array([824,  60]), array([936, 116]), array([572, 270]), array([670, 298]), array([796, 410]), array([656, 536]), array([740, 550]), array([810, 704]), array([922, 718])]]","[[array([1057,   60]), array([1057,  298]), array([1057,  508])]]"
1258,"[672, 422]",True,"[0.531439, 0]","[0, 0]",False,weak,"14700,0","[[array([623,  36]), array([833,  50]), array([945, 106]), array([581, 260]), array([679, 288]), array([805, 400]), array([665, 526]), array([749, 540]), array([819, 694]), array([931, 708])]]","[[array([1066,   50]), array([1066,  288]), array([1066,  498])]]"
1259,"[672, 422]",True,"[0.531439, 0]","[0, 0]",False,weak,"14700,0","[[array([632,  26]), array([842,  40]), array([954,  96]), array([590, 250]), array([688, 278]), array([814, 390]), array([674, 516]), array([758, 530]), array([828, 684]), array([940, 698])]]","[[array([1075,   40]), array([1075,  278]), array([1075,  488])]]"
1260,"[672, 422]",True,"[0.531439, 0]","[0, 0]",False,weak,"14700,0","[[array([641,  16]), array([851,  30]), array([963,  86]), array([599, 240]), array([697, 268]), array([823, 380]), array([683, 506]), array([767, 520]), array([837, 674]), array([949, 688])]]","[[array([1084,   30]), array([1084,  268]), array([1084,  478])]]"
1261,"[672, 422]",True,"[0.531439, 0]","[0, 0]",False,weak,"14700,0","[[array([650,   6]), array([860,  20]), array([972,  76]), array([608, 230]), array([706, 258]), array([832, 370]), array([692, 496]), array([776, 510]), array([846, 664]), array([958, 678])]]","[[array([1093,   20]), array([1093,  258]), array([1093,  468])]]"
1262,"[672, 422]",True,"[0.531439, 0]","[0, 0]",False,weak,"14700,0","[[array([869,  10]), array([981,  66]), array([617, 220]), array([715, 248]), array([841, 360]), array([701, 486]), array([785, 500]), array([855, 654]), array([967, 668])]]","[[array([1102,   10]), array([1102,  248]), array([1102,  458])]]"
1263,"[672, 422]",True,"[0.531439, 0]","[0, 0]",False,weak,"14700,0","[[array([883,   0]), array([995,  56]), array([631, 210]), array([729, 238]), array([855, 350]), array([715, 476]), array([799, 490]), array([869, 644]), array([981, 658])]]","[[array([1116,    0]), array([1116,  238]), array([1116,  448])]]"
1264,"[672, 422]",True,"[0.531439, 0]","[0, 0]",False,weak,"14700,0","[[array([1009,   46]), array([645, 200]), array([743, 228]), array([869, 340]), array([729, 466]), array([813, 480]), array([883, 634]), array([995, 648])]]","[[array([1130,  228]), array([1130,  438])]]"
1265,"[672, 422]",True,"[0.531439, 0]","[0, 0]",False,weak,"14700,0","[[array([1023,   36]), array([659, 190]), array([757, 218]), array([883, 330]), array([743, 456]), array([827, 470]), array([897, 624]), array([1009,  638])]]","[[array([1144,  218]), array([1144,  428])]]"
1266,"[672, 422]",True,"[0.531439, 0]","[0, 0]",False,weak,"14700,0","[[array([1037,   26]), array([673, 180]), array([771, 208]), array([897, 320]), array([757, 446]), array([841, 460]), array([911, 614]), array([1023,  628])]]","[[array([1158,  208]), array([1158,  418])]]"
1267,"[672, 422]",True,"[0.531439, 0]","[0, 0]",False,weak,"14700,0","[[array([1051,   16]), array([687, 170]), array([785, 198]), array([911, 310]), array([771, 436]), array([855, 450]), array([925, 604]), array([1037,  618])]]","[[array([1172,  198]), array([1172,  408])]]"
1268,"[672, 422]",True,"[0.531439, 0]","[0, 0]",False,weak,"14700,0","[[array([1065,    6]), array([701, 160]), array([799, 188]), array([925, 300]), array([785, 426]), array([869, 440]), array([939, 594]), array([1051,  608]), array([785, 832])]]","[[array([1186,  188]), array([1186,  398])]]"
1269,"[672, 422]",True,"[0.531439, 0]","[0, 0]",False,weak,"14700,0","[[array([715, 150]), array([813, 178]), array([939, 290]), array([799, 416]), array([883, 430]), array([953, 584]), array([1065,  598]), array([799, 822])]]","[[array([1200,  178]), array([1200,  388])]]"
1270,"[672, 422]",True,"[0.531439, 0]","[0, 0]",False,weak,"14700,0","[[array([719, 140]), array([817, 168]), array([943, 280]), array([803, 406]), array([887, 420]), array([957, 574]), array([1069,  588]), array([803, 812])]]","[[array([1204,  168]), array([1204,  378])]]"
1271,"[672, 422]",True,"[0.531439, 0]","[0, 0]",False,weak,"14700,0","[[array([723, 130]), array([821, 158]), array([947, 270]), array([807, 396]), array([891, 410]), array([961, 564]), array([1073,  578]), array([807, 802])]]","[[array([1208,  158]), array([1208,  368])]]"
1272,"[672, 422]",True,"[0.531439, 0]","[0, 0]",False,weak,"14700,0","[[array([727, 120]), array([825, 148]), array([951, 260]), array([811, 386]), array([895, 400]), array([965, 554]), array([1077,  568]), array([811, 792])]]","[[array([1212,  148]), array([1212,  358])]]"
1273,"[672, 422]",True,"[0.531439, 0]","[0, 0]",False,weak,"14700,0","[[array([731, 110]), array([829, 138]), array([955, 250]), array([815, 376]), array([899, 390]), array([969, 544]), array([1081,  558]), array([815, 782])]]","[[array([1216,  138]), array([1216,  348])]]"
1274,"[672, 422]",True,"[0.531439, 0]","[0, 0]",False,weak,"14700,0","[[array([731, 100]), array([829, 128]), array([955, 240]), array([815, 366]), array([899, 380]), array([969, 534]), array([1081,  548]), array([815, 772])]]","[[array([1216,  128]), array([1216,  338])]]"
1275,"[672, 422]",True,"[0.531439, 0]","[0, 0]",False,weak,"14700,0","[[array([731,  90]), array([829, 118]), array([955, 230]), array([815, 356]), array([899, 370]), array([969, 524]), array([1081,  538]), array([815, 762])]]","[[array([1216,  118]), array([1216,  328])]]"
1276,"[672, 422]",True,"[0.531439, 0]","[0, 0]",False,weak,"14700,0","[[array([731,  80]), array([829, 108]), array([955, 220]), array([815, 346]), array([899, 360]), array([969, 514]), array([1081,  528]), array([815, 752])]]","[[array([1216,  108]), array([1216,  318])]]"
1277,"[672, 422]",True,"[0.531439, 0]","[0, 0]",False,weak,"14700,0","[[array([721,  70]), array([819,  98]), array([945, 210]), array([805, 336]), array([889, 350]), array([959, 504]), array([1071,  518]), array([805, 742])]]","[[array([1206,   98]), array([1206,  308])]]"
1278,"[672, 422]",True,"[0.531439, 0]","[0, 0]",False,weak,"14700,0","[[array([711,  60]), array([809,  88]), array([935, 200]), array([795, 326]), array([879, 340]), array([949, 494]), array([1061,  508]), array([795, 732])]]","[[array([1196,   88]), array([1196,  298])]]"
1279,"[672, 422]",True,"[0.531439, 0]","[0, 0]",False,weak,"14700,0","[[array([701,  50]), array([799,  78]), array([925, 190]), array([785, 316]), array([869, 330]), array([939, 484]), array([1051,  498]), array([785, 722])]]","[[array([1186,   78]), array([1186,  288]), array([1186,  834])]]"
1280,"[672, 422]",True,"[0.531439, 0]","[0, 0]",False,weak,"14700,0","[[array([691,  40]), array([789,  68]), array([915, 180]), array([775, 306]), array([859, 320]), array([929, 474]), array([1041,  488]), array([775, 712])]]","[[array([1176,   68]), array([1176,  278]), array([1176,  824])]]"
1281,"[672, 422]",True,"[0.531439, 0]","[0, 0]",False,weak,"14700,0","[[array([681,  30]), array([779,  58]), array([905, 170]), array([765, 296]), array([849, 310]), array([919, 464]), array([1031,  478]), array([765, 702])]]","[[array([1166,   58]), array([1166,  268]), array([1166,  814])]]"
1282,"[672, 422]",True,"[0.531439, 0]","[0, 0]",False,weak,"14700,0","[[array([671,  20]), array([769,  48]), array([895, 160]), array([755, 286]), array([839, 300]), array([909, 454]), array([1021,  468]), array([755, 692])]]","[[array([1156,   48]), array([1156,  258]), array([1156,  804])]]"
1283,"[672, 422]",True,"[0.531439, 0]","[0, 0]",False,weak,"14700,0","[[array([661,  10]), array([759,  38]), array([885, 150]), array([745, 276]), array([829, 290]), array([899, 444]), array([1011,  458]), array([745, 682])]]","[[array([1146,   38]), array([1146,  248]), array([1146,  794])]]"
1284,"[672, 422]",True,"[0.531439, 0]","[0, 0]",False,weak,"14700,0","[[array([651,   0]), array([749,  28]), array([875, 140]), array([735, 266]), array([819, 280]), array([889, 434]), array([1001,  448]), array([735, 672]), array([931, 840])]]","[[array([1136,   28]), array([1136,  238]), array([1136,  784])]]"
1285,"[672, 422]",True,"[0.531439, 0]","[0, 0]",False,weak,"14700,0","[[array([739,  18]), array([865, 130]), array([725, 256]), array([809, 270]), array([879, 424]), array([991, 438]), array([725, 662]), array([921, 830])]]","[[array([1126,   18]), array([1126,  228]), array([1126,  774])]]"
1286,"[672, 422]",True,"[0.531439, 0]","[0, 0]",False,weak,"14700,0","[[array([729,   8]), array([855, 120]), array([715, 246]), array([799, 260]), array([869, 414]), array([981, 428]), array([715, 652]), array([911, 820])]]","[[array([1116,    8]), array([1116,  218]), array([1116,  764])]]"
1287,"[672, 422]",True,"[0.531439, 0]","[0, 0]",False,weak,"14700,0","[[array([855, 110]), array([715, 236]), array([799, 250]), array([869, 404]), array([981, 418]), array([715, 642]), array([911, 810])]]","[[array([1116,  208]), array([1116,  754])]]"
1288,"[672, 422]",True,"[0.531439, 0]","[0, 0]",False,weak,"14700,0","[[array([855, 100]), array([715, 226]), array([799, 240]), array([869, 394]), array([981, 408]), array([715, 632]), array([911, 800])]]","[[array([1116,  198]), array([1116,  744])]]"
1289,"[672, 422]",True,"[0.531439, 0]","[0, 0]",False,weak,"14700,0","[[array([855,  90]), array([715, 216]), array([799, 230]), array([869, 384]), array([981, 398]), array([715, 622]), array([911, 790])]]","[[array([1116,  188]), array([1116,  734])]]"
1290,"[672, 422]",True,"[0.531439, 0]","[0, 0]",False,weak,"14700,0","[[array([855,  80]), array([715, 206]), array([799, 220]), array([869, 374]), array([981, 388]), array([715, 612]), array([911, 780])]]","[[array([1116,  178]), array([1116,  724])]]"
1291,"[672, 422]",True,"[0.531439, 0]","[0, 0]",False,weak,"14700,0","[[array([855,  70]), array([715, 196]), array([799, 210]), array([869, 364]), array([981, 378]), array([715, 602]), array([911, 770]), array([799, 840])]]","[[array([1116,  168]), array([1116,  714])]]"
1292,"[672, 422]",True,"[0.531439, 0]","[0, 0]",False,weak,"14700,0","[[array([845,  60]), array([705, 186]), array([789, 200]), array([859, 354]), array([971, 368]), array([705, 592]), array([901, 760]), array([789, 830])]]","[[array([1106,  158]), array([1106,  704])]]"
1293,"[672, 422]",True,"[0.531439, 0]","[0, 0]",False,weak,"14700,0","[[array([835,  50]), array([695, 176]), array([779, 190]), array([849, 344]), array([961, 358]), array([695, 582]), array([891, 750]), array([779, 820])]]","[[array([1096,  148]), array([1096,  694])]]"
1294,"[672, 422]",True,"[0.531439, 0]","[0, 0]",False,weak,"14700,0","[[array([825,  40]), array([685, 166]), array([769, 180]), array([839, 334]), array([951, 348]), array([685, 572]), array([881, 740]), array([769, 810])]]","[[array([1086,  138]), array([1086,  684])]]"
1295,"[672, 422]",True,"[0.531439, 0]","[0, 0]",False,weak,"14700,0","[[array([815,  30]), array([675, 156]), array([759, 170]), array([829, 324]), array([941, 338]), array([675, 562]), array([871, 730]), array([759, 800])]]","[[array([1076,  128]), array([1076,  674])]]"
1296,"[672, 422]",True,"[0.531439, 0]","[0, 0]",False,weak,"14700,0","[[array([805,  20]), array([665, 146]), array([749, 160]), array([819, 314]), array([931, 328]), array([665, 552]), array([861, 720]), array([749, 790])]]","[[array([1066,  118]), array([1066,  664])]]"
1297,"[672, 422]",True,"[0.531439, 0]","[0, 0]",False,weak,"14700,0","[[array([795,  10]), array([655, 136]), array([739, 150]), array([809, 304]), array([921, 318]), array([655, 542]), array([851, 710]), array([739, 780])]]","[[array([1056,  108]), array([1056,  654])]]"
1298,"[672, 422]",True,"[0.531439, 0]","[0, 0]",False,weak,"14700,0","[[array([785,   0]), array([645, 126]), array([729, 140]), array([799, 294]), array([911, 308]), array([645, 532]), array([841, 700]), array([729, 770])]]","[[array([1046,   98]), array([1046,  644])]]"
1299,"[672, 422]",True,"[0.531439, 0]","[0, 0]",False,weak,"14700,0","[[array([635, 116]), array([719, 130]), array([789, 284]), array([901, 298]), array([635, 522]), array([831, 690]), array([719, 760])]]","[[array([1036,   88]), array([1036,  634])]]"
1300,"[672, 422]",True,"[0.531439, 0]","[0, 0]",False,weak,"14700,0","[[array([625, 106]), array([709, 120]), array([779, 274]), array([891, 288]), array([625, 512]), array([821, 680]), array([709, 750]), array([541, 834])]]","[[array([1026,   78]), array([1026,  624])]]"
1301,"[672, 422]",True,"[0.531439, 0]","[0, 0]",False,weak,"14700,0","[[array([615,  96]), array([699, 110]), array([769, 264]), array([881, 278]), array([615, 502]), array([811, 670]), array([699, 740]), array([531, 824])]]","[[array([1016,   68]), array([1016,  614])]]"
1302,"[672, 422]",True,"[0.531439, 0]","[0, 0]",False,weak,"14700,0","[[array([615,  86]), array([699, 100]), array([769, 254]), array([881, 268]), array([615, 492]), array([811, 660]), array([699, 730]), array([531, 814])]]","[[array([1016,   58]), array([1016,  604])]]"
1303,"[672, 422]",True,"[0.531439, 0]","[0, 0]",False,weak,"14700,0","[[array([615,  76]), array([699,  90]), array([769, 244]), array([881, 258]), array([615, 482]), array([811, 650]), array([699, 720]), array([531, 804])]]","[[array([1016,   48]), array([1016,  594])]]"
1304,"[672, 422]",True,"[0.531439, 0]","[0, 0]",False,weak,"14700,0","[[array([615,  66]), array([699,  80]), array([769, 234]), array([881, 248]), array([615, 472]), array([811, 640]), array([699, 710]), array([531, 794]), array([769, 836])]]","[[array([1016,   38]), array([1016,  584])]]"
1305,"[672, 422]",True,"[0.531439, 0]","[0, 0]",False,weak,"14700,0","[[array([615,  56]), array([699,  70]), array([769, 224]), array([881, 238]), array([615, 462]), array([811, 630]), array([699, 700]), array([531, 784]), array([769, 826])]]","[[array([1016,   28]), array([1016,  574]), array([1016,  840])]]"
1306,"[672, 422]",True,"[0.531439, 0]","[0, 0]",False,weak,"14700,0","[[array([615,  46]), array([699,  60]), array([769, 214]), array([881, 228]), array([615, 452]), array([811, 620]), array([699, 690]), array([531, 774]), array([769, 816])]]","[[array([1016,   18]), array([1016,  564]), array([1016,  830])]]"
1307,"[672, 422]",True,"[0.531439, 0]","[0, 0]",False,weak,"14700,0","[[array([615,  36]), array([699,  50]), array([769, 204]), array([881, 218]), array([615, 442]), array([811, 610]), array([699, 680]), array([531, 764]), array([769, 806])]]","[[array([1016,    8]), array([1016,  554]), array([1016,  820])]]"
1308,"[672, 422]",True,"[0.531439, 0]","[0, 0]",False,weak,"14700,0","[[array([615,  26]), array([699,  40]), array([769, 194]), array([881, 208]), array([615, 432]), array([811, 600]), array([699, 670]), array([531, 754]), array([769, 796])]]","[[array([1016,  544]), array([1016,  810])]]"
1309,"[672, 422]",True,"[0.531439, 0]","[0, 0]",False,weak,"14700,0","[[array([615,  16]), array([699,  30]), array([769, 184]), array([881, 198]), array([615, 422]), array([811, 590]), array([699, 660]), array([531, 744]), array([769, 786])]]","[[array([1016,  534]), array([1016,  800])]]"
1310,"[672, 422]",True,"[0.531439, 0]","[0, 0]",False,weak,"14700,0","[[array([615,   6]), array([699,  20]), array([769, 174]), array([881, 188]), array([615, 412]), array([811, 580]), array([699, 650]), array([531, 734]), array([769, 776])]]","[[array([1016,  524]), array([1016,  790])]]"
1311,"[672, 422]",True,"[0.531439, 0]","[0, 0]",False,weak,"14700,0","[[array([699,  10]), array([769, 164]), array([881, 178]), array([615, 402]), array([811, 570]), array([699, 640]), array([531, 724]), array([769, 766])]]","[[array([1016,  514]), array([1016,  780])]]"
1312,"[672, 422]",True,"[0.531439, 0]","[0, 0]",False,weak,"14700,0","[[array([699,   0]), array([769, 154]), array([881, 168]), array([615, 392]), array([811, 560]), array([699, 630]), array([531, 714]), array([769, 756])]]","[[array([1016,  504]), array([1016,  770])]]"
1313,"[672, 422]",True,"[0.531439, 0]","[0, 0]",False,weak,"14700,0","[[array([769, 144]), array([881, 158]), array([615, 382]), array([811, 550]), array([699, 620]), array([531, 704]), array([769, 746])]]","[[array([1016,  494]), array([1016,  760])]]"
1314,"[672, 422]",True,"[0.531439, 0]","[0, 0]",False,weak,"14700,0","[[array([769, 134]), array([881, 148]), array([615, 372]), array([811, 540]), array([699, 610]), array([531, 694]), array([769, 736])]]","[[array([1016,  484]), array([1016,  750])]]"
1315,"[672, 422]",True,"[0.531439, 0]","[0, 0]",False,weak,"14700,0","[[array([769, 124]), array([881, 138]), array([615, 362]), array([811, 530]), array([699, 600]), array([531, 684]), array([769, 726])]]","[[array([1016,  474]), array([1016,  740])]]"
1316,"[672, 422]",True,"[0.531439, 0]","[0, 0]",False,weak,"14700,0","[[array([769, 114]), array([881, 128]), array([615, 352]), array([811, 520]), array([699, 590]), array([531, 674]), array([769, 716])]]","[[array([1016,  464]), array([1016,  730])]]"
1317,"[672, 422]",True,"[0.531439, 0]","[0, 0]",False,weak,"14700,0","[[array([773, 104]), array([885, 118]), array([619, 342]), array([815, 510]), array([703, 580]), array([535, 664]), array([773, 706]), array([493, 832])]]","[[array([1020,  454]), array([1020,  720])]]"
1318,"[672, 422]",True,"[0.531439, 0]","[0, 0]",False,weak,"14700,0","[[array([777,  94]), array([889, 108]), array([623, 332]), array([819, 500]), array([707, 570]), array([539, 654]), array([777, 696]), array([497, 822])]]","[[array([1024,  444]), array([1024,  710])]]"
1319,"[672, 422]",True,"[0.531439, 0]","[0, 0]",False,weak,"14700,0","[[array([781,  84]), array([893,  98]), array([627, 322]), array([823, 490]), array([711, 560]), array([543, 644]), array([781, 686]), array([501, 812])]]","[[array([1028,  434]), array([1028,  700])]]"
1320,"[672, 422]",True,"[0.531439, 0]","[0, 0]",False,weak,"14700,0","[[array([785,  74]), array([897,  88]), array([631, 312]), array([827, 480]), array([715, 550]), array([547, 634]), array([785, 676]), array([505, 802])]]","[[array([1032,  424]), array([1032,  690])]]"
1321,"[672, 422]",True,"[0.531439, 0]","[0, 0]",False,weak,"14700,0","[[array([789,  64]), array([901,  78]), array([635, 302]), array([831, 470]), array([719, 540]), array([551, 624]), array([789, 666]), array([509, 792])]]","[[array([1036,  414]), array([1036,  680])]]"
1322,"[672, 422]",True,"[0.531439, 0]","[0, 0]",False,weak,"14700,0","[[array([793,  54]), array([905,  68]), array([639, 292]), array([835, 460]), array([723, 530]), array([555, 614]), array([793, 656]), array([513, 782])]]","[[array([1040,  404]), array([1040,  670])]]"
1323,"[672, 422]",True,"[0.531439, 0]","[0, 0]",False,weak,"14700,0","[[array([797,  44]), array([909,  58]), array([643, 282]), array([839, 450]), array([727, 520]), array([559, 604]), array([797, 646]), array([517, 772])]]","[[array([1044,  394]), array([1044,  660])]]"
1324,"[672, 422]",True,"[0.531439, 0]","[0, 0]",False,weak,"14700,0","[[array([801,  34]), array([913,  48]), array([647, 272]), array([843, 440]), array([731, 510]), array([563, 594]), array([801, 636]), array([521, 762])]]","[[array([1048,  384]), array([1048,  650])]]"
1325,"[672, 422]",True,"[0.531439, 0]","[0, 0]",False,weak,"14700,0","[[array([805,  24]), array([917,  38]), array([651, 262]), array([847, 430]), array([735, 500]), array([567, 584]), array([805, 626]), array([525, 752])]]","[[array([1052,  374]), array([1052,  640])]]"
1326,"[672, 422]",True,"[0.531439, 0]","[0, 0]",False,weak,"14700,0","[[array([809,  14]), array([921,  28]), array([655, 252]), array([851, 420]), array([739, 490]), array([571, 574]), array([809, 616]), array([529, 742])]]","[[array([1056,  364]), array([1056,  630])]]"
1327,"[672, 422]",True,"[0.531439, 0]","[0, 0]",False,weak,"14700,0","[[array([813,   4]), array([925,  18]), array([659, 242]), array([855, 410]), array([743, 480]), array([575, 564]), array([813, 606]), array([533, 732])]]","[[array([1060,  354]), array([1060,  620])]]"
1328,"[672, 422]",True,"[0.531439, 0]","[0, 0]",False,weak,"14700,0","[[array([939,   8]), array([673, 232]), array([869, 400]), array([757, 470]), array([589, 554]), array([827, 596]), array([547, 722])]]","[[array([1074,  344]), array([1074,  610])]]"
1329,"[672, 422]",True,"[0.531439, 0]","[0, 0]",False,weak,"14700,0","[[array([682, 222]), array([878, 390]), array([766, 460]), array([598, 544]), array([836, 586]), array([556, 712])]]","[[array([1083,  334]), array([1083,  600])]]"
1330,"[672, 422]",True,"[0.531439, 0]","[0, 0]",False,weak,"14700,0","[[array([691, 212]), array([887, 380]), array([775, 450]), array([607, 534]), array([845, 576]), array([565, 702])]]","[[array([1092,  324]), array([1092,  590])]]"
1331,"[672, 422]",True,"[0.531439, 0]","[0, 0]",False,weak,"14700,0","[[array([691, 202]), array([887, 370]), array([775, 440]), array([607, 524]), array([845, 566]), array([565, 692])]]","[[array([1092,  314]), array([1092,  580])]]"
1332,"[672, 422]",True,"[0.531439, 0]","[0, 0]",False,weak,"14700,0","[[array([691, 192]), array([887, 360]), array([775, 430]), array([607, 514]), array([845, 556]), array([565, 682])]]","[[array([1092,  304]), array([1092,  570])]]"
1333,"[672, 422]",True,"[0.531439, 0]","[0, 0]",False,weak,"14700,0","[[array([691, 182]), array([887, 350]), array([775, 420]), array([607, 504]), array([845, 546]), array([565, 672])]]","[[array([1092,  294]), array([1092,  560])]]"
1334,"[672, 422]",True,"[0.531439, 0]","[0, 0]",False,weak,"14700,0","[[array([691, 172]), array([887, 340]), array([775, 410]), array([607, 494]), array([845, 536]), array([565, 662])]]","[[array([1092,  284]), array([1092,  550])]]"
1335,"[672, 422]",True,"[0.531439, 0]","[0, 0]",False,weak,"14700,0","[[array([691, 162]), array([887, 330]), array([775, 400]), array([607, 484]), array([845, 526]), array([565, 652]), array([635, 834])]]","[[array([1092,  274]), array([1092,  540])]]"
1336,"[672, 422]",True,"[0.531439, 0]","[0, 0]",False,weak,"14700,0","[[array([681, 152]), array([877, 320]), array([765, 390]), array([597, 474]), array([835, 516]), array([555, 642]), array([625, 824])]]","[[array([1082,  264]), array([1082,  530])]]"
1337,"[672, 422]",True,"[0.531439, 0]","[0, 0]",False,weak,"14700,0","[[array([671, 142]), array([867, 310]), array([755, 380]), array([587, 464]), array([825, 506]), array([545, 632]), array([615, 814])]]","[[array([1072,  254]), array([1072,  520])]]"
1338,"[672, 422]",True,"[0.531439, 0]","[0, 0]",False,weak,"14700,0","[[array([661, 132]), array([857, 300]), array([745, 370]), array([577, 454]), array([815, 496]), array([535, 622]), array([605, 804]), array([787, 832])]]","[[array([1062,  244]), array([1062,  510])]]"
1339,"[672, 422]",True,"[0.531439, 0]","[0, 0]",False,weak,"14700,0","[[array([651, 122]), array([847, 290]), array([735, 360]), array([567, 444]), array([805, 486]), array([525, 612]), array([595, 794]), array([777, 822])]]","[[array([1052,  234]), array([1052,  500]), array([375, 836])]]"
1340,"[672, 422]",True,"[0.531439, 0]","[0, 0]",False,weak,"14700,0","[[array([641, 112]), array([837, 280]), array([725, 350]), array([557, 434]), array([795, 476]), array([515, 602]), array([585, 784]), array([767, 812])]]","[[array([1042,  224]), array([1042,  490]), array([365, 826])]]"
1341,"[672, 422]",True,"[0.531439, 0]","[0, 0]",False,weak,"14700,0","[[array([631, 102]), array([827, 270]), array([715, 340]), array([547, 424]), array([785, 466]), array([505, 592]), array([575, 774]), array([757, 802])]]","[[array([1032,  214]), array([1032,  480]), array([355, 816])]]"
1342,"[672, 422]",True,"[0.531439, 0]","[0, 0]",False,weak,"14700,0","[[array([631,  92]), array([827, 260]), array([715, 330]), array([547, 414]), array([785, 456]), array([505, 582]), array([575, 764]), array([757, 792])]]","[[array([1032,  204]), array([1032,  470]), array([355, 806])]]"
1343,"[672, 422]",True,"[0.531439, 0]","[0, 0]",False,weak,"14700,0","[[array([631,  82]), array([827, 250]), array([715, 320]), array([547, 404]), array([785, 446]), array([505, 572]), array([575, 754]), array([757, 782])]]","[[array([1032,  194]), array([1032,  460]), array([355, 796])]]"
1344,"[672, 422]",True,"[0.531439, 0]","[0, 0]",False,weak,"14700,0","[[array([635,  72]), array([831, 240]), array([719, 310]), array([551, 394]), array([789, 436]), array([509, 562]), array([579, 744]), array([761, 772])]]","[[array([1036,  184]), array([1036,  450]), array([359, 786])]]"
1345,"[672, 422]",True,"[0.531439, 0]","[0, 0]",False,weak,"14700,0","[[array([639,  62]), array([835, 230]), array([723, 300]), array([555, 384]), array([793, 426]), array([513, 552]), array([583, 734]), array([765, 762])]]","[[array([1040,  174]), array([1040,  440]), array([363, 776])]]"
1346,"[672, 422]",True,"[0.531439, 0]","[0, 0]",False,weak,"14700,0","[[array([643,  52]), array([839, 220]), array([727, 290]), array([559, 374]), array([797, 416]), array([517, 542]), array([587, 724]), array([769, 752])]]","[[array([1044,  164]), array([1044,  430]), array([367, 766])]]"
1347,"[672, 422]",True,"[0.531439, 0]","[0, 0]",False,weak,"14700,0","[[array([647,  42]), array([843, 210]), array([731, 280]), array([563, 364]), array([801, 406]), array([521, 532]), array([591, 714]), array([773, 742])]]","[[array([1048,  154]), array([1048,  420]), array([371, 756])]]"
1348,"[672, 422]",True,"[0.531439, 0]","[0, 0]",False,weak,"14700,0","[[array([651,  32]), array([847, 200]), array([735, 270]), array([567, 354]), array([805, 396]), array([525, 522]), array([595, 704]), array([777, 732])]]","[[array([1052,  144]), array([1052,  410]), array([375, 746])]]"
1349,"[672, 422]",True,"[0.531439, 0]","[0, 0]",False,weak,"14700,0","[[array([655,  22]), array([851, 190]), array([739, 260]), array([571, 344]), array([809, 386]), array([529, 512]), array([599, 694]), array([781, 722])]]","[[array([1056,  134]), array([1056,  400]), array([379, 736])]]"
1350,"[672, 422]",True,"[0.531439, 0]","[0, 0]",False,weak,"14700,0","[[array([659,  12]), array([855, 180]), array([743, 250]), array([575, 334]), array([813, 376]), array([533, 502]), array([603, 684]), array([785, 712])]]","[[array([1060,  124]), array([1060,  390]), array([383, 726])]]"
1351,"[672, 422]",True,"[0.531439, 0]","[0, 0]",False,weak,"14700,0","[[array([663,   2]), array([859, 170]), array([747, 240]), array([579, 324]), array([817, 366]), array([537, 492]), array([607, 674]), array([789, 702])]]","[[array([1064,  114]), array([1064,  380]), array([387, 716])]]"
1352,"[672, 422]",True,"[0.531439, 0]","[0, 0]",False,weak,"14700,0","[[array([863, 160]), array([751, 230]), array([583, 314]), array([821, 356]), array([541, 482]), array([611, 664]), array([793, 692])]]","[[array([1068,  104]), array([1068,  370]), array([391, 706])]]"
1353,"[672, 422]",True,"[0.531439, 0]","[0, 0]",False,weak,"14700,0","[[array([867, 150]), array([755, 220]), array([587, 304]), array([825, 346]), array([545, 472]), array([615, 654]), array([797, 682]), array([965, 836])]]","[[array([1072,   94]), array([1072,  360]), array([395, 696])]]"
1354,"[672, 422]",True,"[0.531439, 0]","[0, 0]",False,weak,"14700,0","[[array([871, 140]), array([759, 210]), array([591, 294]), array([829, 336]), array([549, 462]), array([619, 644]), array([801, 672]), array([969, 826])]]","[[array([1076,   84]), array([1076,  350]), array([399, 686])]]"
1355,"[672, 422]",True,"[0.531439, 0]","[0, 0]",False,weak,"14700,0","[[array([861, 130]), array([749, 200]), array([581, 284]), array([819, 326]), array([539, 452]), array([609, 634]), array([791, 662]), array([959, 816])]]","[[array([1066,   74]), array([1066,  340]), array([389, 676])]]"
1356,"[672, 422]",True,"[0.531439, 0]","[0, 0]",False,weak,"14700,0","[[array([851, 120]), array([739, 190]), array([571, 274]), array([809, 316]), array([529, 442]), array([599, 624]), array([781, 652]), array([949, 806])]]","[[array([1056,   64]), array([1056,  330]), array([379, 666])]]"
1357,"[672, 422]",True,"[0.531439, 0]","[0, 0]",False,weak,"14700,0","[[array([841, 110]), array([729, 180]), array([561, 264]), array([799, 306]), array([519, 432]), array([589, 614]), array([771, 642]), array([939, 796])]]","[[array([1046,   54]), array([1046,  320]), array([369, 656])]]"
1358,"[672, 422]",True,"[0.531439, 0]","[0, 0]",False,weak,"14700,0","[[array([831, 100]), array([719, 170]), array([551, 254]), array([789, 296]), array([509, 422]), array([579, 604]), array([761, 632]), array([929, 786])]]","[[array([1036,   44]), array([1036,  310]), array([359, 646])]]"
1359,"[672, 422]",True,"[0.531439, 0]","[0, 0]",False,weak,"14700,0","[[array([821,  90]), array([709, 160]), array([541, 244]), array([779, 286]), array([499, 412]), array([569, 594]), array([751, 622]), array([919, 776])]]","[[array([1026,   34]), array([1026,  300]), array([349, 636])]]"
1360,"[672, 422]",True,"[0.531439, 0]","[0, 0]",False,weak,"14700,0","[[array([821,  80]), array([709, 150]), array([541, 234]), array([779, 276]), array([499, 402]), array([569, 584]), array([751, 612]), array([919, 766]), array([793, 836])]]","[[array([1026,   24]), array([1026,  290]), array([349, 626])]]"
1361,"[672, 422]",True,"[0.531439, 0]","[0, 0]",False,weak,"14700,0","[[array([821,  70]), array([709, 140]), array([541, 224]), array([779, 266]), array([499, 392]), array([569, 574]), array([751, 602]), array([919, 756]), array([793, 826])]]","[[array([1026,   14]), array([1026,  280]), array([349, 616])]]"
1362,"[672, 422]",True,"[0.531439, 0]","[0, 0]",False,weak,"14700,0","[[array([821,  60]), array([709, 130]), array([541, 214]), array([779, 256]), array([499, 382]), array([569, 564]), array([751, 592]), array([919, 746]), array([793, 816])]]","[[array([1026,    4]), array([1026,  270]), array([349, 606])]]"
1363,"[672, 422]",True,"[0.531439, 0]","[0, 0]",False,weak,"14700,0","[[array([821,  50]), array([709, 120]), array([541, 204]), array([779, 246]), array([499, 372]), array([569, 554]), array([751, 582]), array([919, 736]), array([793, 806])]]","[[array([1026,  260]), array([349, 596])]]"
1364,"[672, 422]",True,"[0.531439, 0]","[0, 0]",False,weak,"14700,0","[[array([821,  40]), array([709, 110]), array([541, 194]), array([779, 236]), array([499, 362]), array([569, 544]), array([751, 572]), array([919, 726]), array([793, 796])]]","[[array([1026,  250]), array([349, 586])]]"
1365,"[672, 422]",True,"[0.531439, 0]","[0, 0]",False,weak,"14700,0","[[array([821,  30]), array([709, 100]), array([541, 184]), array([779, 226]), array([499, 352]), array([569, 534]), array([751, 562]), array([919, 716]), array([793, 786])]]","[[array([1026,  240]), array([349, 576])]]"
1366,"[672, 422]",True,"[0.531439, 0]","[0, 0]",False,weak,"14700,0","[[array([821,  20]), array([709,  90]), array([541, 174]), array([779, 216]), array([499, 342]), array([569, 524]), array([751, 552]), array([919, 706]), array([793, 776])]]","[[array([1026,  230]), array([349, 566])]]"
1367,"[672, 422]",True,"[0.531439, 0]","[0, 0]",False,weak,"14700,0","[[array([821,  10]), array([709,  80]), array([541, 164]), array([779, 206]), array([499, 332]), array([569, 514]), array([751, 542]), array([919, 696]), array([793, 766])]]","[[array([1026,  220]), array([349, 556])]]"
1368,"[672, 422]",True,"[0.531439, 0]","[0, 0]",False,weak,"14700,0","[[array([821,   0]), array([709,  70]), array([541, 154]), array([779, 196]), array([499, 322]), array([569, 504]), array([751, 532]), array([919, 686]), array([793, 756])]]","[[array([1026,  210]), array([349, 546])]]"
1369,"[672, 422]",True,"[0.531439, 0]","[0, 0]",False,weak,"14700,0","[[array([709,  60]), array([541, 144]), array([779, 186]), array([499, 312]), array([569, 494]), array([751, 522]), array([919, 676]), array([793, 746])]]","[[array([1026,  200]), array([349, 536])]]"
1370,"[672, 422]",True,"[0.531439, 0]","[0, 0]",False,weak,"14700,0","[[array([709,  50]), array([541, 134]), array([779, 176]), array([499, 302]), array([569, 484]), array([751, 512]), array([919, 666]), array([793, 736])]]","[[array([1026,  190]), array([349, 526])]]"
1371,"[672, 422]",True,"[0.531439, 0]","[0, 0]",False,weak,"14700,0","[[array([709,  40]), array([541, 124]), array([779, 166]), array([499, 292]), array([569, 474]), array([751, 502]), array([919, 656]), array([793, 726]), array([737, 838])]]","[[array([1026,  180]), array([349, 516])]]"
1372,"[672, 422]",True,"[0.531439, 0]","[0, 0]",False,weak,"14700,0","[[array([709,  30]), array([541, 114]), array([779, 156]), array([499, 282]), array([569, 464]), array([751, 492]), array([919, 646]), array([793, 716]), array([737, 828])]]","[[array([1026,  170]), array([349, 506])]]"
1373,"[672, 422]",True,"[0.531439, 0]","[0, 0]",False,weak,"14700,0","[[array([709,  20]), array([541, 104]), array([779, 146]), array([499, 272]), array([569, 454]), array([751, 482]), array([919, 636]), array([793, 706]), array([737, 818])]]","[[array([1026,  160]), array([349, 496])]]"
1374,"[672, 422]",True,"[0.531439, 0]","[0, 0]",False,weak,"14700,0","[[array([709,  10]), array([541,  94]), array([779, 136]), array([499, 262]), array([569, 444]), array([751, 472]), array([919, 626]), array([793, 696]), array([737, 808])]]","[[array([1026,  150]), array([349, 486])]]"
1375,"[672, 422]",True,"[0.531439, 0]","[0, 0]",False,weak,"14700,0","[[array([709,   0]), array([541,  84]), array([779, 126]), array([499, 252]), array([569, 434]), array([751, 462]), array([919, 616]), array([793, 686]), array([737, 798])]]","[[array([1026,  140]), array([349, 476])]]"
1376,"[672, 422]",True,"[0.531439, 0]","[0, 0]",False,weak,"14700,0","[[array([541,  74]), array([779, 116]), array([499, 242]), array([569, 424]), array([751, 452]), array([919, 606]), array([793, 676]), array([737, 788])]]","[[array([1026,  130]), array([349, 466])]]"
1377,"[672, 422]",True,"[0.531439, 0]","[0, 0]",False,weak,"14700,0","[[array([541,  64]), array([779, 106]), array([499, 232]), array([569, 414]), array([751, 442]), array([919, 596]), array([793, 666]), array([737, 778])]]","[[array([1026,  120]), array([349, 456])]]"
1378,"[672, 422]",True,"[0.531439, 0]","[0, 0]",False,weak,"14700,0","[[array([536,  54]), array([774,  96]), array([494, 222]), array([564, 404]), array([746, 432]), array([914, 586]), array([788, 656]), array([732, 768])]]","[[array([1021,  110]), array([344, 446])]]"
1379,"[672, 422]",True,"[0.531439, 0]","[0, 0]",False,weak,"14700,0","[[array([531,  44]), array([769,  86]), array([489, 212]), array([559, 394]), array([741, 422]), array([909, 576]), array([783, 646]), array([727, 758])]]","[[array([1016,  100]), array([339, 436])]]"
1380,"[672, 422]",True,"[0.531439, 0]","[0, 0]",False,weak,"14700,0","[[array([535,  34]), array([773,  76]), array([493, 202]), array([563, 384]), array([745, 412]), array([913, 566]), array([787, 636]), array([731, 748])]]","[[array([1020,   90]), array([343, 426])]]"
1381,"[672, 422]",True,"[0.531439, 0]","[0, 0]",False,weak,"14700,0","[[array([539,  24]), array([777,  66]), array([497, 192]), array([567, 374]), array([749, 402]), array([917, 556]), array([791, 626]), array([735, 738])]]","[[array([1024,   80]), array([347, 416])]]"
1382,"[672, 422]",True,"[0.531439, 0]","[0, 0]",False,weak,"14700,0","[[array([543,  14]), array([781,  56]), array([501, 182]), array([571, 364]), array([753, 392]), array([921, 546]), array([795, 616]), array([739, 728])]]","[[array([1028,   70]), array([351, 406])]]"
1383,"[672, 422]",True,"[0.531439, 0]","[0, 0]",False,weak,"14700,0","[[array([538,   4]), array([776,  46]), array([496, 172]), array([566, 354]), array([748, 382]), array([916, 536]), array([790, 606]), array([734, 718])]]","[[array([1023,   60]), array([346, 396])]]"
1384,"[672, 422]",True,"[0.531439, 0]","[0, 0]",False,weak,"14700,0","[[array([771,  36]), array([491, 162]), array([561, 344]), array([743, 372]), array([911, 526]), array([785, 596]), array([729, 708])]]","[[array([1018,   50]), array([341, 386])]]"
1385,"[672, 422]",True,"[0.531439, 0]","[0, 0]",False,weak,"14700,0","[[array([766,  26]), array([486, 152]), array([556, 334]), array([738, 362]), array([906, 516]), array([780, 586]), array([724, 698])]]","[[array([1013,   40]), array([336, 376])]]"
1386,"[672, 422]",True,"[0.531439, 0]","[0, 0]",False,weak,"14700,0","[[array([761,  16]), array([481, 142]), array([551, 324]), array([733, 352]), array([901, 506]), array([775, 576]), array([719, 688])]]","[[array([1008,   30]), array([331, 366])]]"
1387,"[672, 422]",True,"[0.531439, 0]","[0, 0]",False,weak,"14700,0","[[array([756,   6]), array([476, 132]), array([546, 314]), array([728, 342]), array([896, 496]), array([770, 566]), array([714, 678])]]","[[array([1003,   20]), array([326, 356])]]"
1388,"[672, 422]",True,"[0.531439, 0]","[0, 0]",False,weak,"14700,0","[[array([471, 122]), array([541, 304]), array([723, 332]), array([891, 486]), array([765, 556]), array([709, 668])]]","[[array([998,  10]), array([321, 346])]]"
1389,"[672, 422]",True,"[0.531439, 0]","[0, 0]",False,weak,"14700,0","[[array([471, 112]), array([541, 294]), array([723, 322]), array([891, 476]), array([765, 546]), array([709, 658])]]","[[array([998,   0]), array([321, 336])]]"
1390,"[672, 422]",True,"[0.531439, 0]","[0, 0]",False,weak,"14700,0","[[array([471, 102]), array([541, 284]), array([723, 312]), array([891, 466]), array([765, 536]), array([709, 648])]]","[[array([321, 326])]]"
1391,"[672, 422]",True,"[0.531439, 0]","[0, 0]",False,weak,"14700,0","[[array([471,  92]), array([541, 274]), array([723, 302]), array([891, 456]), array([765, 526]), array([709, 638])]]","[[array([321, 316])]]"
1392,"[672, 422]",True,"[0.531439, 0]","[0, 0]",False,weak,"14700,0","[[array([471,  82]), array([541, 264]), array([723, 292]), array([891, 446]), array([765, 516]), array([709, 628])]]","[[array([321, 306])]]"
1393,"[672, 422]",True,"[0.531439, 0]","[0, 0]",False,weak,"14700,0","[[array([471,  72]), array([541, 254]), array([723, 282]), array([891, 436]), array([765, 506]), array([709, 618])]]","[[array([321, 296])]]"
1394,"[672, 422]",True,"[0.531439, 0]","[0, 0]",False,weak,"14700,0","[[array([480,  62]), array([550, 244]), array([732, 272]), array([900, 426]), array([774, 496]), array([718, 608])]]","[[array([330, 286])]]"
1395,"[672, 422]",True,"[0.531439, 0]","[0, 0]",False,weak,"14700,0","[[array([489,  52]), array([559, 234]), array([741, 262]), array([909, 416]), array([783, 486]), array([727, 598]), array([671, 836])]]","[[array([339, 276])]]"
1396,"[672, 422]",True,"[0.531439, 0]","[0, 0]",False,weak,"14700,0","[[array([498,  42]), array([568, 224]), array([750, 252]), array([918, 406]), array([792, 476]), array([736, 588]), array([680, 826])]]","[[array([348, 266])]]"
1397,"[672, 422]",True,"[0.531439, 0]","[0, 0]",False,weak,"14700,0","[[array([507,  32]), array([577, 214]), array([759, 242]), array([927, 396]), array([801, 466]), array([745, 578]), array([689, 816])]]","[[array([357, 256])]]"
1398,"[672, 422]",True,"[0.531439, 0]","[0, 0]",False,weak,"14700,0","[[array([516,  22]), array([586, 204]), array([768, 232]), array([936, 386]), array([810, 456]), array([754, 568]), array([698, 806])]]","[[array([366, 246])]]"
1399,"[672, 422]",True,"[0.531439, 0]","[0, 0]",False,weak,"14700,0","[[array([516,  12]), array([586, 194]), array([768, 222]), array([936, 376]), array([810, 446]), array([754, 558]), array([698, 796])]]","[[array([366, 236])]]"
1400,"[672, 422]",True,"[0.531439, 0]","[0, 0]",False,weak,"14700,0","[[array([516,   2]), array([586, 184]), array([768, 212]), array([936, 366]), array([810, 436]), array([754, 548]), array([698, 786])]]","[[array([366, 226])]]"
1401,"[672, 422]",True,"[0.531439, 0]","[0, 0]",False,weak,"14700,0","[[array([586, 174]), array([768, 202]), array([936, 356]), array([810, 426]), array([754, 538]), array([698, 776])]]","[[array([366, 216])]]"
1402,"[672, 422]",True,"[0.531439, 0]","[0, 0]",False,weak,"14700,0","[[array([586, 164]), array([768, 192]), array([936, 346]), array([810, 416]), array([754, 528]), array([698, 766])]]","[[array([366, 206])]]"
1403,"[672, 422]",True,"[0.531439, 0]","[0, 0]",False,weak,"14700,0","[[array([586, 154]), array([768, 182]), array([936, 336]), array([810, 406]), array([754, 518]), array([698, 756])]]","[[array([366, 196])]]"
1404,"[672, 422]",True,"[0.531439, 0]","[0, 0]",False,weak,"14700,0","[[array([586, 144]), array([768, 172]), array([936, 326]), array([810, 396]), array([754, 508]), array([698, 746])]]","[[array([366, 186])]]"
1405,"[672, 422]",True,"[0.531439, 0]","[0, 0]",False,weak,"14700,0","[[array([586, 134]), array([768, 162]), array([936, 316]), array([810, 386]), array([754, 498]), array([698, 736])]]","[[array([366, 176])]]"
1406,"[672, 422]",True,"[0.531439, 0]","[0, 0]",False,weak,"14700,0","[[array([586, 124]), array([768, 152]), array([936, 306]), array([810, 376]), array([754, 488]), array([698, 726])]]","[[array([366, 166])]]"
1407,"[672, 422]",True,"[0.531439, 0]","[0, 0]",False,weak,"14700,0","[[array([586, 114]), array([768, 142]), array([936, 296]), array([810, 366]), array([754, 478]), array([698, 716])]]","[[array([366, 156])]]"
1408,"[672, 422]",True,"[0.531439, 0]","[0, 0]",False,weak,"14700,0","[[array([586, 104]), array([768, 132]), array([936, 286]), array([810, 356]), array([754, 468]), array([698, 706])]]","[[array([366, 146])]]"
1409,"[672, 422]",True,"[0.531439, 0]","[0, 0]",False,weak,"14700,0","[[array([586,  94]), array([768, 122]), array([936, 276]), array([810, 346]), array([754, 458]), array([698, 696])]]","[[array([366, 136])]]"
1410,"[672, 422]",True,"[0.531439, 0]","[0, 0]",False,weak,"14700,0","[[array([595,  84]), array([777, 112]), array([945, 266]), array([819, 336]), array([763, 448]), array([707, 686])]]","[[array([375, 126])]]"
1411,"[672, 422]",True,"[0.531439, 0]","[0, 0]",False,weak,"14700,0","[[array([604,  74]), array([786, 102]), array([954, 256]), array([828, 326]), array([772, 438]), array([716, 676])]]","[[array([384, 116])]]"
1412,"[672, 422]",True,"[0.531439, 0]","[0, 0]",False,weak,"14700,0","[[array([604,  64]), array([786,  92]), array([954, 246]), array([828, 316]), array([772, 428]), array([716, 666]), array([674, 834])]]","[[array([384, 106])]]"
1413,"[672, 422]",True,"[0.531439, 0]","[0, 0]",False,weak,"14700,0","[[array([604,  54]), array([786,  82]), array([954, 236]), array([828, 306]), array([772, 418]), array([716, 656]), array([674, 824])]]","[[array([384,  96])]]"
1414,"[672, 422]",True,"[0.531439, 0]","[0, 0]",False,weak,"14700,0","[[array([604,  44]), array([786,  72]), array([954, 226]), array([828, 296]), array([772, 408]), array([716, 646]), array([674, 814])]]","[[array([384,  86])]]"
1415,"[672, 422]",True,"[0.531439, 0]","[0, 0]",False,weak,"14700,0","[[array([604,  34]), array([786,  62]), array([954, 216]), array([828, 286]), array([772, 398]), array([716, 636]), array([674, 804])]]","[[array([384,  76])]]"
1416,"[672, 422]",True,"[0.531439, 0]","[0, 0]",False,weak,"14700,0","[[array([604,  24]), array([786,  52]), array([954, 206]), array([828, 276]), array([772, 388]), array([716, 626]), array([674, 794])]]","[[array([384,  66])]]"
1417,"[672, 422]",True,"[0.531439, 0]","[0, 0]",False,weak,"14700,0","[[array([604,  14]), array([786,  42]), array([954, 196]), array([828, 266]), array([772, 378]), array([716, 616]), array([674, 784])]]","[[array([384,  56])]]"
1418,"[672, 422]",True,"[0.531439, 0]","[0, 0]",False,weak,"14700,0","[[array([604,   4]), array([786,  32]), array([954, 186]), array([828, 256]), array([772, 368]), array([716, 606]), array([674, 774])]]","[[array([384,  46])]]"
1419,"[672, 422]",True,"[0.531439, 0]","[0, 0]",False,weak,"14700,0","[[array([786,  22]), array([954, 176]), array([828, 246]), array([772, 358]), array([716, 596]), array([674, 764])]]","[[array([384,  36])]]"
1420,"[672, 422]",True,"[0.531439, 0]","[0, 0]",False,weak,"14700,0","[[array([786,  12]), array([954, 166]), array([828, 236]), array([772, 348]), array([716, 586]), array([674, 754])]]","[[array([384,  26]), array([1061,  838])]]"
1421,"[672, 422]",True,"[0.531439, 0]","[0, 0]",False,weak,"14700,0","[[array([786,   2]), array([954, 156]), array([828, 226]), array([772, 338]), array([716, 576]), array([674, 744])]]","[[array([384,  16]), array([1061,  828])]]"
1422,"[672, 422]",True,"[0.531439, 0]","[0, 0]",False,weak,"14700,0","[[array([963, 146]), array([837, 216]), array([781, 328]), array([725, 566]), array([683, 734])]]","[[array([393,   6]), array([1070,  818])]]"
1423,"[672, 422]",True,"[0.531439, 0]","[0, 0]",False,weak,"14700,0","[[array([972, 136]), array([846, 206]), array([790, 318]), array([734, 556]), array([692, 724])]]","[[array([1079,  808])]]"
1424,"[672, 422]",True,"[0.531439, 0]","[0, 0]",False,weak,"14700,0","[[array([981, 126]), array([855, 196]), array([799, 308]), array([743, 546]), array([701, 714])]]","[[array([1088,  798])]]"
1425,"[672, 422]",True,"[0.531439, 0]","[0, 0]",False,weak,"14700,0","[[array([990, 116]), array([864, 186]), array([808, 298]), array([752, 536]), array([710, 704])]]","[[array([1097,  788])]]"
1426,"[672, 422]",True,"[0.531439, 0]","[0, 0]",False,weak,"14700,0","[[array([999, 106]), array([873, 176]), array([817, 288]), array([761, 526]), array([719, 694])]]","[[array([1106,  778])]]"
1427,"[672, 422]",True,"[0.531439, 0]","[0, 0]",False,weak,"14700,0","[[array([1008,   96]), array([882, 166]), array([826, 278]), array([770, 516]), array([728, 684])]]","[[array([1115,  768])]]"
1428,"[672, 422]",True,"[0.531439, 0]","[0, 0]",False,weak,"14700,0","[[array([1017,   86]), array([891, 156]), array([835, 268]), array([779, 506]), array([737, 674])]]","[[array([1124,  758])]]"
1429,"[672, 422]",True,"[0.531439, 0]","[0, 0]",False,weak,"14700,0","[[array([1017,   76]), array([891, 146]), array([835, 258]), array([779, 496]), array([737, 664])]]","[[array([1124,  748])]]"
1430,"[672, 422]",True,"[0.531439, 0]","[0, 0]",False,weak,"14700,0","[[array([1017,   66]), array([891, 136]), array([835, 248]), array([779, 486]), array([737, 654])]]","[[array([1124,  738])]]"
1431,"[672, 422]",True,"[0.531439, 0]","[0, 0]",False,weak,"14700,0","[[array([1017,   56]), array([891, 126]), array([835, 238]), array([779, 476]), array([737, 644])]]","[[array([1124,  728])]]"
1432,"[672, 422]",True,"[0.531439, 0]","[0, 0]",False,weak,"14700,0","[[array([1017,   46]), array([891, 116]), array([835, 228]), array([779, 466]), array([737, 634])]]","[[array([1124,  718])]]"
1433,"[672, 422]",True,"[0.531439, 0]","[0, 0]",False,weak,"14700,0","[[array([1017,   36]), array([891, 106]), array([835, 218]), array([779, 456]), array([737, 624])]]","[[array([1124,  708])]]"
1434,"[672, 422]",True,"[0.531439, 0]","[0, 0]",False,weak,"14700,0","[[array([1017,   26]), array([891,  96]), array([835, 208]), array([779, 446]), array([737, 614])]]","[[array([1124,  698])]]"
1435,"[672, 422]",True,"[0.531439, 0]","[0, 0]",False,weak,"14700,0","[[array([1017,   16]), array([891,  86]), array([835, 198]), array([779, 436]), array([737, 604])]]","[[array([1124,  688])]]"
1436,"[672, 422]",True,"[0.531439, 0]","[0, 0]",False,weak,"14700,0","[[array([1017,    6]), array([891,  76]), array([835, 188]), array([779, 426]), array([737, 594])]]","[[array([1124,  678])]]"
1437,"[672, 422]",True,"[0.531439, 0]","[0, 0]",False,weak,"14700,0","[[array([891,  66]), array([835, 178]), array([779, 416]), array([737, 584])]]","[[array([1124,  668])]]"
1438,"[672, 422]",True,"[0.531439, 0]","[0, 0]",False,weak,"14700,0","[[array([891,  56]), array([835, 168]), array([779, 406]), array([737, 574])]]","[[array([1124,  658])]]"
1439,"[672, 422]",True,"[0.531439, 0]","[0, 0]",False,weak,"14700,0","[[array([900,  46]), array([844, 158]), array([788, 396]), array([746, 564])]]","[[array([1133,  648])]]"
1440,"[672, 422]",True,"[0.531439, 0]","[0, 0]",False,weak,"14700,0","[[array([909,  36]), array([853, 148]), array([797, 386]), array([755, 554])]]","[[array([1142,  638])]]"
1441,"[672, 422]",True,"[0.531439, 0]","[0, 0]",False,weak,"14700,0","[[array([918,  26]), array([862, 138]), array([806, 376]), array([764, 544])]]","[[array([1151,  628])]]"
1442,"[672, 422]",True,"[0.531439, 0]","[0, 0]",False,weak,"14700,0","[[array([927,  16]), array([871, 128]), array([815, 366]), array([773, 534])]]","[[array([1160,  618])]]"
1443,"[672, 422]",True,"[0.531439, 0]","[0, 0]",False,weak,"14700,0","[[array([936,   6]), array([880, 118]), array([824, 356]), array([782, 524]), array([1048,  832])]]","[[array([1169,  608])]]"
1444,"[672, 422]",True,"[0.531439, 0]","[0, 0]",False,weak,"14700,0","[[array([880, 108]), array([824, 346]), array([782, 514]), array([1048,  822])]]","[[array([1169,  598])]]"
1445,"[672, 422]",True,"[0.531439, 0]","[0, 0]",False,weak,"14700,0","[[array([880,  98]), array([824, 336]), array([782, 504]), array([1048,  812])]]","[[array([1169,  588])]]"
1446,"[672, 422]",True,"[0.531439, 0]","[0, 0]",False,weak,"14700,0","[[array([880,  88]), array([824, 326]), array([782, 494]), array([1048,  802])]]","[[array([1169,  578])]]"
1447,"[672, 422]",True,"[0.531439, 0]","[0, 0]",False,weak,"14700,0","[[array([880,  78]), array([824, 316]), array([782, 484]), array([1048,  792])]]","[[array([1169,  568])]]"
1448,"[672, 422]",True,"[0.531439, 0]","[0, 0]",False,weak,"14700,0","[[array([880,  68]), array([824, 306]), array([782, 474]), array([1048,  782])]]","[[array([1169,  558])]]"
1449,"[672, 422]",True,"[0.531439, 0]","[0, 0]",False,weak,"14700,0","[[array([880,  58]), array([824, 296]), array([782, 464]), array([1048,  772])]]","[[array([1169,  548])]]"
1450,"[672, 422]",True,"[0.531439, 0]","[0, 0]",False,weak,"14700,0","[[array([880,  48]), array([824, 286]), array([782, 454]), array([1048,  762])]]","[[array([1169,  538])]]"
1451,"[672, 422]",True,"[0.531439, 0]","[0, 0]",False,weak,"14700,0","[[array([880,  38]), array([824, 276]), array([782, 444]), array([1048,  752])]]","[[array([1169,  528])]]"
1452,"[672, 422]",True,"[0.531439, 0]","[0, 0]",False,weak,"14700,0","[[array([880,  28]), array([824, 266]), array([782, 434]), array([1048,  742])]]","[[array([1169,  518])]]"
1453,"[672, 422]",True,"[0.531439, 0]","[0, 0]",False,weak,"14700,0","[[array([880,  18]), array([824, 256]), array([782, 424]), array([1048,  732])]]","[[array([1169,  508])]]"
1454,"[672, 422]",True,"[0.531439, 0]","[0, 0]",False,weak,"14700,0","[[array([880,   8]), array([824, 246]), array([782, 414]), array([1048,  722])]]","[[array([1169,  498])]]"
1455,"[672, 422]",True,"[0.531439, 0]","[0, 0]",False,weak,"14700,0","[[array([824, 236]), array([782, 404]), array([1048,  712])]]","[[array([1169,  488])]]"
1456,"[672, 422]",True,"[0.531439, 0]","[0, 0]",False,weak,"14700,0","[[array([814, 226]), array([772, 394]), array([1038,  702])]]","[[array([1159,  478])]]"
1457,"[672, 422]",True,"[0.531439, 0]","[0, 0]",False,weak,"14700,0","[[array([804, 216]), array([762, 384]), array([1028,  692])]]","[[array([1149,  468])]]"
1458,"[672, 422]",True,"[0.531439, 0]","[0, 0]",False,weak,"14700,0","[[array([794, 206]), array([752, 374]), array([1018,  682])]]","[[array([1139,  458])]]"
1459,"[672, 422]",True,"[0.531439, 0]","[0, 0]",False,weak,"14700,0","[[array([789, 196]), array([747, 364]), array([1013,  672])]]","[[array([1134,  448])]]"
1460,"[672, 422]",True,"[0.531439, 0]","[0, 0]",False,weak,"14700,0","[[array([784, 186]), array([742, 354]), array([1008,  662])]]","[[array([1129,  438])]]"
1461,"[672, 422]",True,"[0.531439, 0]","[0, 0]",False,weak,"14700,0","[[array([779, 176]), array([737, 344]), array([1003,  652])]]","[[array([1124,  428])]]"
1462,"[672, 422]",True,"[0.531439, 0]","[0, 0]",False,weak,"14700,0","[[array([774, 166]), array([732, 334]), array([998, 642])]]","[[array([1119,  418])]]"
1463,"[672, 422]",True,"[0.531439, 0]","[0, 0]",False,weak,"14700,0","[[array([769, 156]), array([727, 324]), array([993, 632])]]","[[array([1114,  408])]]"
1464,"[672, 422]",True,"[0.531439, 0]","[0, 0]",False,weak,"14700,0","[[array([764, 146]), array([722, 314]), array([988, 622])]]","[[array([1109,  398])]]"
1465,"[672, 422]",True,"[0.531439, 0]","[0, 0]",False,weak,"14700,0","[[array([759, 136]), array([717, 304]), array([983, 612])]]","[[array([1104,  388]), array([427, 836])]]"
1466,"[672, 422]",True,"[0.531439, 0]","[0, 0]",False,weak,"14700,0","[[array([763, 126]), array([721, 294]), array([987, 602])]]","[[array([1108,  378]), array([431, 826])]]"
1467,"[672, 422]",True,"[0.531439, 0]","[0, 0]",False,weak,"14700,0","[[array([767, 116]), array([725, 284]), array([991, 592])]]","[[array([1112,  368]), array([435, 816])]]"
1468,"[672, 422]",True,"[0.531439, 0]","[0, 0]",False,weak,"14700,0","[[array([771, 106]), array([729, 274]), array([995, 582])]]","[[array([1116,  358]), array([439, 806])]]"
1469,"[672, 422]",True,"[0.531439, 0]","[0, 0]",False,weak,"14700,0","[[array([775,  96]), array([733, 264]), array([999, 572])]]","[[array([1120,  348]), array([443, 796])]]"
1470,"[672, 422]",True,"[0.531439, 0]","[0, 0]",False,weak,"14700,0","[[array([775,  86]), array([733, 254]), array([999, 562])]]","[[array([1120,  338]), array([443, 786])]]"
1471,"[672, 422]",True,"[0.531439, 0]","[0, 0]",False,weak,"14700,0","[[array([775,  76]), array([733, 244]), array([999, 552])]]","[[array([1120,  328]), array([443, 776])]]"
1472,"[672, 422]",True,"[0.531439, 0]","[0, 0]",False,weak,"14700,0","[[array([775,  66]), array([733, 234]), array([999, 542])]]","[[array([1120,  318]), array([443, 766])]]"
1473,"[672, 422]",True,"[0.531439, 0]","[0, 0]",False,weak,"14700,0","[[array([765,  56]), array([723, 224]), array([989, 532])]]","[[array([1110,  308]), array([433, 756])]]"
1474,"[672, 422]",True,"[0.531439, 0]","[0, 0]",False,weak,"14700,0","[[array([755,  46]), array([713, 214]), array([979, 522])]]","[[array([1100,  298]), array([423, 746])]]"
1475,"[672, 422]",True,"[0.531439, 0]","[0, 0]",False,weak,"14700,0","[[array([745,  36]), array([703, 204]), array([969, 512])]]","[[array([1090,  288]), array([413, 736])]]"
1476,"[672, 422]",True,"[0.531439, 0]","[0, 0]",False,weak,"14700,0","[[array([735,  26]), array([693, 194]), array([959, 502])]]","[[array([1080,  278]), array([403, 726])]]"
1477,"[672, 422]",True,"[0.531439, 0]","[0, 0]",False,weak,"14700,0","[[array([725,  16]), array([683, 184]), array([949, 492])]]","[[array([1070,  268]), array([393, 716])]]"
1478,"[672, 422]",True,"[0.531439, 0]","[0, 0]",False,weak,"14700,0","[[array([715,   6]), array([673, 174]), array([939, 482])]]","[[array([1060,  258]), array([383, 706])]]"
1479,"[672, 422]",True,"[0.531439, 0]","[0, 0]",False,weak,"14700,0","[[array([663, 164]), array([929, 472])]]","[[array([1050,  248]), array([373, 696])]]"
1480,"[672, 422]",True,"[0.531439, 0]","[0, 0]",False,weak,"14700,0","[[array([653, 154]), array([919, 462])]]","[[array([1040,  238]), array([363, 686])]]"
1481,"[672, 422]",True,"[0.531439, 0]","[0, 0]",False,weak,"14700,0","[[array([653, 144]), array([919, 452])]]","[[array([1040,  228]), array([363, 676])]]"
1482,"[672, 422]",True,"[0.531439, 0]","[0, 0]",False,weak,"14700,0","[[array([653, 134]), array([919, 442])]]","[[array([1040,  218]), array([363, 666])]]"
1483,"[672, 422]",True,"[0.531439, 0]","[0, 0]",False,weak,"14700,0","[[array([653, 124]), array([919, 432])]]","[[array([1040,  208]), array([363, 656])]]"
1484,"[672, 422]",True,"[0.531439, 0]","[0, 0]",False,weak,"14700,0","[[array([653, 114]), array([919, 422])]]","[[array([1040,  198]), array([363, 646])]]"
1485,"[672, 422]",True,"[0.531439, 0]","[0, 0]",False,weak,"14700,0","[[array([653, 104]), array([919, 412])]]","[[array([1040,  188]), array([363, 636])]]"
1486,"[672, 422]",True,"[0.531439, 0]","[0, 0]",False,weak,"14700,0","[[array([653,  94]), array([919, 402])]]","[[array([1040,  178]), array([363, 626])]]"
1487,"[672, 422]",True,"[0.531439, 0]","[0, 0]",False,weak,"14700,0","[[array([653,  84]), array([919, 392])]]","[[array([1040,  168]), array([363, 616])]]"
1488,"[672, 422]",True,"[0.531439, 0]","[0, 0]",False,weak,"14700,0","[[array([653,  74]), array([919, 382])]]","[[array([1040,  158]), array([363, 606])]]"
1489,"[672, 422]",True,"[0.531439, 0]","[0, 0]",False,weak,"14700,0","[[array([653,  64]), array([919, 372])]]","[[array([1040,  148]), array([363, 596])]]"
1490,"[672, 422]",True,"[0.531439, 0]","[0, 0]",False,weak,"14700,0","[[array([653,  54]), array([919, 362])]]","[[array([1040,  138]), array([363, 586])]]"
1491,"[672, 422]",True,"[0.531439, 0]","[0, 0]",False,weak,"14700,0","[[array([653,  44]), array([919, 352])]]","[[array([1040,  128]), array([363, 576])]]"
1492,"[672, 422]",True,"[0.531439, 0]","[0, 0]",False,weak,"14700,0","[[array([653,  34]), array([919, 342])]]","[[array([1040,  118]), array([363, 566])]]"
1493,"[672, 422]",True,"[0.531439, 0]","[0, 0]",False,weak,"14700,0","[[array([653,  24]), array([919, 332])]]","[[array([1040,  108]), array([363, 556])]]"
1494,"[672, 422]",True,"[0.531439, 0]","[0, 0]",False,weak,"14700,0","[[array([653,  14]), array([919, 322])]]","[[array([1040,   98]), array([363, 546])]]"
1495,"[672, 422]",True,"[0.531439, 0]","[0, 0]",False,weak,"14700,0","[[array([653,   4]), array([919, 312])]]","[[array([1040,   88]), array([363, 536])]]"
1496,"[672, 422]",True,"[0.531439, 0]","[0, 0]",False,weak,"14700,0","[[array([919, 302])]]","[[array([1040,   78]), array([363, 526])]]"
1497,"[672, 422]",True,"[0.531439, 0]","[0, 0]",False,weak,"14700,0","[[array([919, 292])]]","[[array([1040,   68]), array([363, 516])]]"
1498,"[672, 422]",True,"[0.531439, 0]","[0, 0]",False,weak,"14700,0","[[array([919, 282])]]","[[array([1040,   58]), array([363, 506])]]"
1499,"[672, 422]",True,"[0.531439, 0]","[0, 0]",False,weak,"14700,0","[[array([919, 272])]]","[[array([1040,   48]), array([363, 496])]]"
1500,"[672, 422]",True,"[0.531439, 0]","[0, 0]",False,weak,"14700,0","[[array([919, 262])]]","[[array([1040,   38]), array([363, 486])]]"
1501,"[672, 422]",True,"[0.531439, 0]","[0, 0]",False,weak,"14700,0","[[array([919, 252])]]","[[array([1040,   28]), array([363, 476])]]"
1502,"[672, 422]",True,"[0.531439, 0]","[0, 0]",False,weak,"14700,0","[[array([919, 242])]]","[[array([1040,   18]), array([363, 466])]]"
1503,"[672, 422]",True,"[0.531439, 0]","[0, 0]",False,weak,"14700,0","[[array([919, 232])]]","[[array([1040,    8]), array([363, 456])]]"
1504,"[672, 422]",True,"[0.531439, 0]","[0, 0]",False,weak,"14700,0","[[array([914, 222])]]","[[array([358, 446])]]"
1505,"[672, 422]",True,"[0.531439, 0]","[0, 0]",False,weak,"14700,0","[[array([909, 212])]]","[[array([353, 436])]]"
1506,"[672, 422]",True,"[0.531439, 0]","[0, 0]",False,weak,"14700,0","[[array([904, 202])]]","[[array([348, 426])]]"
1507,"[672, 422]",True,"[0.531439, 0]","[0, 0]",False,weak,"14700,0","[[array([899, 192])]]","[[array([343, 416])]]"
1508,"[672, 422]",True,"[0.531439, 0]","[0, 0]",False,weak,"14700,0","[[array([894, 182])]]","[[array([338, 406])]]"
1509,"[672, 422]",True,"[0.531439, 0]","[0, 0]",False,weak,"14700,0","[[array([889, 172])]]","[[array([333, 396])]]"
1510,"[672, 422]",True,"[0.531439, 0]","[0, 0]",False,weak,"14700,0","[[array([884, 162])]]","[[array([328, 386])]]"
1511,"[672, 422]",True,"[0.531439, 0]","[0, 0]",False,weak,"14700,0","[[array([879, 152])]]","[[array([323, 376])]]"
1512,"[672, 422]",True,"[0.531439, 0]","[0, 0]",False,weak,"14700,0","[[array([874, 142])]]","[[array([318, 366])]]"
1513,"[672, 422]",True,"[0.531439, 0]","[0, 0]",False,weak,"14700,0","[[array([869, 132])]]","[[array([313, 356])]]"
1514,"[672, 422]",True,"[0.531439, 0]","[0, 0]",False,weak,"14700,0","[[array([864, 122])]]","[[array([308, 346])]]"
1515,"[672, 422]",True,"[0.531439, 0]","[0, 0]",False,weak,"14700,0","[[array([864, 112])]]","[[array([308, 336])]]"
1516,"[672, 422]",True,"[0.531439, 0]","[0, 0]",False,weak,"14700,0","[[array([864, 102])]]","[[array([308, 326])]]"
1517,"[672, 422]",True,"[0.531439, 0]","[0, 0]",False,weak,"14700,0","[[array([864,  92])]]","[[array([308, 316])]]"
1518,"[672, 422]",True,"[0.531439, 0]","[0, 0]",False,weak,"14700,0","[[array([864,  82])]]","[[array([308, 306])]]"
1519,"[672, 422]",True,"[0.531439, 0]","[0, 0]",False,weak,"14700,0","[[array([864,  72])]]","[[array([308, 296])]]"
1520,"[672, 422]",True,"[0.531439, 0]","[0, 0]",False,weak,"14700,0","[[array([864,  62])]]","[[array([308, 286])]]"
1521,"[672, 422]",True,"[0.531439, 0]","[0, 0]",False,weak,"14700,0","[[array([864,  52])]]","[[array([308, 276])]]"
1522,"[672, 422]",True,"[0.531439, 0]","[0, 0]",False,weak,"14700,0","[[array([864,  42])]]","[[array([308, 266])]]"
1523,"[672, 422]",True,"[0.531439, 0]","[0, 0]",False,weak,"14700,0","[[array([864,  32])]]","[[array([308, 256])]]"
1524,"[672, 422]",True,"[0.531439, 0]","[0, 0]",False,weak,"14700,0","[[array([864,  22])]]","[[array([308, 246])]]"
1525,"[672, 422]",True,"[0.531439, 0]","[0, 0]",False,weak,"14700,0","[[array([864,  12])]]","[[array([308, 236])]]"
1526,"[672, 422]",True,"[0.531439, 0]","[0, 0]",False,weak,"14700,0","[[array([864,   2])]]","[[array([308, 226])]]"
1527,"[672, 422]",True,"[0.531439, 0]","[0, 0]",False,weak,"14700,0",[[]],"[[array([308, 216])]]"
1528,"[672, 422]",True,"[0.531439, 0]","[0, 0]",False,weak,"14700,0",[[]],"[[array([308, 206])]]"
1529,"[672, 422]",True,"[0.531439, 0]","[0, 0]",False,weak,"14700,0",[[]],"[[array([308, 196])]]"
1530,"[672, 422]",True,"[0.531439, 0]","[0, 0]",False,weak,"14700,0",[[]],"[[array([308, 186])]]"
1531,"[672, 422]",True,"[0.531439, 0]","[0, 0]",False,weak,"14700,0",[[]],"[[array([308, 176])]]"
1532,"[672, 422]",True,"[0.531439, 0]","[0, 0]",False,weak,"14700,0",[[]],"[[array([308, 166])]]"
1533,"[672, 422]",True,"[0.531439, 0]","[0, 0]",False,weak,"14700,0",[[]],"[[array([308, 156])]]"
1534,"[672, 422]",True,"[0.531439, 0]","[0, 0]",False,weak,"14700,0",[[]],"[[array([308, 146])]]"
1535,"[672, 422]",True,"[0.531439, 0]","[0, 0]",False,weak,"14700,0",[[]],"[[array([308, 136])]]"
1536,"[672, 422]",True,"[0.531439, 0]","[0, 0]",False,weak,"14700,0",[[]],"[[array([308, 126])]]"
1537,"[672, 422]",True,"[0.531439, 0]","[0, 0]",False,weak,"14700,0",[[]],"[[array([317, 116])]]"
1538,"[672, 422]",True,"[0.531439, 0]","[0, 0]",False,weak,"14700,0",[[]],"[[array([326, 106])]]"
1539,"[672, 422]",True,"[0.531439, 0]","[0, 0]",False,weak,"14700,0",[[]],"[[array([335,  96])]]"
1540,"[672, 422]",True,"[0.531439, 0]","[0, 0]",False,weak,"14700,0",[[]],"[[array([335,  86])]]"
1541,"[672, 422]",True,"[0.531439, 0]","[0, 0]",False,weak,"14700,0",[[]],"[[array([335,  76])]]"
1542,"[672, 422]",True,"[0.531439, 0]","[0, 0]",False,weak,"14700,0",[[]],"[[array([335,  66])]]"
1543,"[672, 422]",True,"[0.531439, 0]","[0, 0]",False,weak,"14700,0",[[]],"[[array([335,  56])]]"
1544,"[672, 422]",True,"[0.531439, 0]","[0, 0]",False,weak,"14700,0",[[]],"[[array([335,  46])]]"
1545,"[672, 422]",True,"[0.531439, 0]","[0, 0]",False,weak,"14700,0",[[]],"[[array([335,  36])]]"
1546,"[672, 422]",True,"[0.531439, 0]","[0, 0]",False,weak,"14700,0",[[]],"[[array([335,  26])]]"
1547,"[672, 422]",True,"[0.531439, 0]","[0, 0]",False,weak,"14700,0",[[]],"[[array([335,  16])]]"
1548,"[672, 422]",True,"[0.531439, 0]","[0, 0]",False,weak,"14700,0",[[]],"[[array([335,   6])]]"
1549,"[672, 422]",True,"[0.531439, 0]","[0, 0]",False,weak,"14700,0",[[]],[[]]
1550,"[672, 422]",True,"[0.531439, 0]","[0, 0]",False,weak,"14700,0",[[]],[[]]
1551,"[672, 422]",True,"[0.531439, 0]","[0, 0]",False,weak,"14700,0",[[]],[[]]
1552,"[672, 422]",True,"[0.531439, 0]","[0, 0]",False,weak,"14700,0",[[]],[[]]
1553,"[672, 422]",True,"[0.531439, 0]","[0, 0]",False,weak,"14700,0",[[]],[[]]
1554,"[672, 422]",True,"[0.531439, 0]","[0, 0]",False,weak,"14700,0",[[]],[[]]
1555,"[672, 422]",True,"[0.531439, 0]","[0, 0]",False,weak,"14700,0",[[]],[[]]
1556,"[672, 422]",True,"[0.531439, 0]","[0, 0]",False,weak,"14700,0",[[]],[[]]
1557,"[672, 422]",True,"[0.531439, 0]","[0, 0]",False,weak,"14700,0",[[]],[[]]
1558,"[672, 422]",True,"[0.531439, 0]","[0, 0]",False,weak,"14700,0",[[]],[[]]
1559,"[672, 422]",True,"[0.531439, 0]","[0, 0]",False,weak,"14700,0",[[]],[[]]
1560,"[672, 422]",True,"[0.531439, 0]","[0, 0]",False,weak,"14700,0",[[]],[[]]
1561,"[672, 422]",True,"[0.531439, 0]","[0, 0]",False,weak,"14700,0",[[]],[[]]
1562,"[672, 422]",True,"[0.531439, 0]","[0, 0]",False,weak,"14700,0",[[]],[[]]
1563,"[672, 422]",True,"[0.531439, 0]","[0, 0]",False,weak,"14700,0",[[]],[[]]
1564,"[672, 422]",True,"[0.531439, 0]","[0, 0]",False,weak,"14700,0",[[]],[[]]
1565,"[672, 422]",True,"[0.531439, 0]","[0, 0]",False,weak,"14700,0",[[]],[[]]
1566,"[672, 422]",True,"[0.531439, 0]","[0, 0]",False,weak,"14700,0",[[]],[[]]
1567,"[672, 422]",True,"[0.531439, 0]","[0, 0]",False,weak,"14700,0",[[]],[[]]
1568,"[672, 422]",True,"[0.531439, 0]","[0, 0]",False,weak,"14700,0",[[]],[[]]
1569,"[672, 422]",True,"[0.531439, 0]","[0, 0]",False,weak,"14700,0",[[]],[[]]
1570,"[672, 422]",True,"[0.531439, 0]","[0, 0]",False,weak,"14700,0",[[]],[[]]
1571,"[672, 422]",True,"[0.531439, 0]","[0, 0]",False,weak,"14700,0",[[]],[[]]
1572,"[672, 422]",True,"[0.531439, 0]","[0, 0]",False,weak,"14700,0",[[]],[[]]
1573,"[672, 422]",True,"[0.531439, 0]","[0, 0]",False,weak,"14700,0",[[]],[[]]
1574,"[672, 422]",True,"[0.531439, 0]","[0, 0]",False,weak,"14700,0",[[]],[[]]
1575,"[672, 422]",True,"[0.531439, 0]","[0, 0]",False,weak,"14700,0",[[]],[[]]
1576,"[672, 422]",True,"[0.531439, 0]","[0, 0]",False,weak,"14700,0",[[]],[[]]
1577,"[672, 422]",True,"[0.531439, 0]","[0, 0]",False,weak,"14700,0",[[]],[[]]
1578,"[672, 422]",True,"[0.531439, 0]","[0, 0]",False,weak,"14700,0",[[]],[[]]
1579,"[672, 422]",True,"[0.531439, 0]","[0, 0]",False,weak,"14700,0",[[]],[[]]
1580,"[672, 422]",True,"[0.531439, 0]","[0, 0]",False,weak,"14700,0",[[]],[[]]
1581,"[672, 422]",True,"[0.531439, 0]","[0, 0]",False,weak,"14700,0",[[]],[[]]
1582,"[672, 422]",True,"[0.531439, 0]","[0, 0]",False,weak,"14700,0",[[]],[[]]
1583,"[672, 422]",True,"[0.531439, 0]","[0, 0]",False,weak,"14700,0",[[]],[[]]
1584,"[672, 422]",True,"[0.531439, 0]","[0, 0]",False,weak,"14700,0",[[]],[[]]
1585,"[672, 422]",True,"[0.531439, 0]","[0, 0]",False,weak,"14700,0",[[]],[[]]
1586,"[672, 422]",True,"[0.531439, 0]","[0, 0]",False,weak,"14700,0",[[]],[[]]
1587,"[672, 422]",True,"[0.531439, 0]","[0, 0]",False,weak,"14700,0",[[]],[[]]
1588,"[672, 422]",True,"[0.531439, 0]","[0, 0]",False,weak,"14700,0",[[]],[[]]
1589,"[672, 422]",True,"[0.531439, 0]","[0, 0]",False,weak,"14700,0",[[]],[[]]
1590,"[672, 422]",True,"[0.531439, 0]","[0, 0]",False,weak,"14700,0",[[]],[[]]
1591,"[672, 422]",True,"[0.531439, 0]","[0, 0]",False,weak,"14700,0",[[]],[[]]
1592,"[672, 422]",True,"[0.531439, 0]","[0, 0]",False,weak,"14700,0",[[]],[[]]
1593,"[672, 422]",True,"[0.531439, 0]","[0, 0]",False,weak,"14700,0",[[]],[[]]
1594,"[672, 422]",True,"[0.531439, 0]","[0, 0]",False,weak,"14700,0",[[]],[[]]
1595,"[672, 422]",True,"[0.531439, 0]","[0, 0]",False,weak,"14700,0",[[]],[[]]
1596,"[672, 422]",True,"[0.531439, 0]","[0, 0]",False,weak,"14700,0",[[]],[[]]
1597,"[672, 422]",True,"[0.531439, 0]","[0, 0]",False,weak,"14700,0",[[]],[[]]
1598,"[672, 422]",True,"[0.531439, 0]","[0, 0]",False,weak,"14700,0",[[]],[[]]
1599,"[672, 422]",True,"[0.531439, 0]","[0, 0]",False,weak,"14700,0",[[]],[[]]
1600,"[672, 422]",True,"[0.531439, 0]","[0, 0]",False,weak,"14700,0",[[]],[[]]
1601,"[672, 422]",True,"[0.531439, 0]","[0, 0]",False,weak,"14700,0",[[]],[[]]
1602,"[672, 422]",True,"[0.531439, 0]","[0, 0]",False,weak,"14700,0",[[]],[[]]
1603,"[672, 422]",True,"[0.531439, 0]","[0, 0]",False,weak,"14700,0",[[]],[[]]
1604,"[672, 422]",True,"[0.531439, 0]","[0, 0]",False,weak,"14700,0",[[]],[[]]
1605,"[672, 422]",True,"[0.531439, 0]","[0, 0]",False,weak,"14700,0",[[]],[[]]
1606,"[672, 422]",True,"[0.531439, 0]","[0, 0]",False,weak,"14700,0",[[]],[[]]
1607,"[672, 422]",True,"[0.531439, 0]","[0, 0]",False,weak,"14700,0",[[]],[[]]
1608,"[672, 422]",True,"[0.531439, 0]","[0, 0]",False,weak,"14700,0",[[]],[[]]
1609,"[672, 422]",True,"[0.531439, 0]","[0, 0]",False,weak,"14700,0",[[]],[[]]
1610,"[672, 422]",True,"[0.531439, 0]","[0, 0]",False,weak,"14700,0",[[]],[[]]
1611,"[672, 422]",True,"[0.531439, 0]","[0, 0]",False,weak,"14700,0",[[]],[[]]
1612,"[672, 422]",True,"[0.531439, 0]","[0, 0]",False,weak,"14700,0",[[]],[[]]
1613,"[672, 422]",True,"[0.531439, 0]","[0, 0]",False,weak,"14700,0",[[]],[[]]
1614,"[672, 422]",True,"[0.531439, 0]","[0, 0]",False,weak,"14700,0",[[]],[[]]
1615,"[672, 422]",True,"[0.531439, 0]","[0, 0]",False,weak,"14700,0",[[]],[[]]
1616,"[672, 422]",True,"[0.531439, 0]","[0, 0]",False,weak,"14700,0",[[]],[[]]
1617,"[672, 422]",True,"[0.531439, 0]","[0, 0]",False,weak,"14700,0",[[]],[[]]
1618,"[672, 422]",True,"[0.531439, 0]","[0, 0]",False,weak,"14700,0",[[]],[[]]
1619,"[672, 422]",True,"[0.531439, 0]","[0, 0]",False,weak,"14700,0",[[]],[[]]
1620,"[672, 422]",True,"[0.531439, 0]","[0, 0]",False,weak,"14700,0",[[]],[[]]
1621,"[672, 422]",True,"[0.531439, 0]","[0, 0]",False,weak,"14700,0",[[]],[[]]
1622,"[672, 422]",True,"[0.531439, 0]","[0, 0]",False,weak,"14700,0",[[]],[[]]
1623,"[672, 422]",True,"[0.531439, 0]","[0, 0]",False,weak,"14700,0",[[]],[[]]
1624,"[672, 422]",True,"[0.531439, 0]","[0, 0]",False,weak,"14700,0",[[]],[[]]
1625,"[672, 422]",True,"[0.531439, 0]","[0, 0]",False,weak,"14700,0",[[]],[[]]
1626,"[672, 422]",True,"[0.531439, 0]","[0, 0]",False,weak,"14700,0",[[]],[[]]
1627,"[672, 422]",True,"[0.531439, 0]","[0, 0]",False,weak,"14700,0",[[]],[[]]
1628,"[672, 422]",True,"[0.531439, 0]","[0, 0]",False,weak,"14700,0",[[]],[[]]
1629,"[672, 422]",True,"[0.531439, 0]","[0, 0]",False,weak,"14700,0",[[]],[[]]
1630,"[672, 422]",True,"[0.531439, 0]","[0, 0]",False,weak,"14700,0",[[]],[[]]
1631,"[672, 422]",True,"[0.531439, 0]","[0, 0]",False,weak,"14700,0",[[]],[[]]
1632,"[672, 422]",True,"[0.531439, 0]","[0, 0]",False,weak,"14700,0",[[]],[[]]
1633,"[672, 422]",True,"[0.531439, 0]","[0, 0]",False,weak,"14700,0",[[]],[[]]
1634,"[672, 422]",True,"[0.531439, 0]","[0, 0]",False,weak,"14700,0",[[]],[[]]
1635,"[672, 422]",True,"[0.531439, 0]","[0, 0]",False,weak,"14700,0",[[]],[[]]
1636,"[672, 422]",True,"[0.531439, 0]","[0, 0]",False,weak,"14700,0",[[]],[[]]
1637,"[672, 422]",True,"[0.531439, 0]","[0, 0]",False,weak,"14700,0",[[]],[[]]
1638,"[672, 422]",True,"[0.531439, 0]","[0, 0]",False,weak,"14700,0",[[]],[[]]
1639,"[672, 422]",True,"[0.531439, 0]","[0, 0]",False,weak,"14700,0",[[]],[[]]
1640,"[672, 422]",True,"[0.531439, 0]","[0, 0]",False,weak,"14700,0",[[]],[[]]
1641,"[672, 422]",True,"[0.531439, 0]","[0, 0]",False,weak,"14700,0",[[]],[[]]
1642,"[672, 422]",True,"[0.531439, 0]","[0, 0]",False,weak,"14700,0",[[]],[[]]
1643,"[672, 422]",True,"[0.531439, 0]","[0, 0]",False,weak,"14700,0",[[]],[[]]
1644,"[672, 422]",True,"[0.531439, 0]","[0, 0]",False,weak,"14700,0",[[]],[[]]
1645,"[672, 422]",True,"[0.531439, 0]","[0, 0]",False,weak,"14700,0",[[]],[[]]
1646,"[672, 422]",True,"[0.531439, 0]","[0, 0]",False,weak,"14700,0",[[]],[[]]
1647,"[672, 422]",True,"[0.531439, 0]","[0, 0]",False,weak,"14700,0",[[]],[[]]
1648,"[672, 422]",True,"[0.531439, 0]","[0, 0]",False,weak,"14700,0",[[]],[[]]
1649,"[672, 422]",True,"[0.531439, 0]","[0, 0]",False,weak,"14700,0",[[]],[[]]
1650,"[672, 422]",True,"[0.531439, 0]","[0, 0]",False,weak,"14700,0",[[]],[[]]
1651,"[672, 422]",True,"[0.531439, 0]","[0, 0]",False,weak,"14700,0",[[]],[[]]
1652,"[672, 422]",True,"[0.531439, 0]","[0, 0]",False,weak,"14700,0",[[]],[[]]
1653,"[672, 422]",True,"[0.531439, 0]","[0, 0]",False,weak,"14700,0",[[]],[[]]
1654,"[672, 422]",True,"[0.531439, 0]","[0, 0]",False,weak,"14700,0",[[]],[[]]
1655,"[672, 422]",True,"[0.531439, 0]","[0, 0]",False,weak,"14700,0",[[]],[[]]
1656,"[672, 422]",True,"[0.531439, 0]","[0, 0]",False,weak,"14700,0",[[]],[[]]
1657,"[672, 422]",True,"[0.531439, 0]","[0, 0]",False,weak,"14700,0",[[]],[[]]
1658,"[672, 422]",True,"[0.531439, 0]","[0, 0]",False,weak,"14700,0",[[]],[[]]
1659,"[672, 422]",True,"[0.531439, 0]","[0, 0]",False,weak,"14700,0",[[]],[[]]
1660,"[672, 422]",True,"[0.531439, 0]","[0, 0]",False,weak,"14700,0",[[]],[[]]
1661,"[672, 422]",True,"[0.531439, 0]","[0, 0]",False,weak,"14700,0",[[]],[[]]
1662,"[672, 422]",True,"[0.531439, 0]","[0, 0]",False,weak,"14700,0",[[]],[[]]
1663,"[672, 422]",True,"[0.531439, 0]","[0, 0]",False,weak,"14700,0",[[]],[[]]
1664,"[672, 422]",True,"[0.531439, 0]","[0, 0]",False,weak,"14700,0",[[]],[[]]
1665,"[672, 422]",True,"[0.531439, 0]","[0, 0]",False,weak,"14700,0",[[]],[[]]
1666,"[672, 422]",True,"[0.531439, 0]","[0, 0]",False,weak,"14700,0",[[]],[[]]
1667,"[672, 422]",True,"[0.531439, 0]","[0, 0]",False,weak,"14700,0",[[]],[[]]
1668,"[672, 422]",True,"[0.531439, 0]","[0, 0]",False,weak,"14700,0",[[]],[[]]
1669,"[672, 422]",True,"[0.531439, 0]","[0, 0]",False,weak,"14700,0",[[]],[[]]
1670,"[672, 422]",True,"[0.531439, 0]","[0, 0]",False,weak,"14700,0",[[]],[[]]
1671,"[672, 422]",True,"[0.531439, 0]","[0, 0]",False,weak,"14700,0",[[]],[[]]
1672,"[672, 422]",True,"[0.531439, 0]","[0, 0]",False,weak,"14700,0",[[]],[[]]
1673,"[672, 422]",True,"[0.531439, 0]","[0, 0]",False,weak,"14700,0",[[]],[[]]
1674,"[672, 422]",True,"[0.531439, 0]","[0, 0]",False,weak,"14700,0",[[]],[[]]
1675,"[672, 422]",True,"[0.531439, 0]","[0, 0]",False,weak,"14700,0",[[]],[[]]
1676,"[672, 422]",True,"[0.531439, 0]","[0, 0]",False,weak,"14700,0",[[]],[[]]
1677,"[672, 422]",True,"[0.531439, 0]","[0, 0]",False,weak,"14700,0",[[]],[[]]
1678,"[672, 422]",True,"[0.531439, 0]","[0, 0]",False,weak,"14700,0",[[]],[[]]
1679,"[672, 422]",True,"[0.531439, 0]","[0, 0]",False,weak,"14700,0",[[]],[[]]
1680,"[672, 422]",True,"[0.531439, 0]","[0, 0]",False,weak,"14700,0",[[]],[[]]
1681,"[672, 422]",True,"[0.531439, 0]","[0, 0]",False,weak,"14700,0",[[]],"[[array([335, 832])]]"
1682,"[672, 422]",True,"[0.531439, 0]","[0, 0]",False,weak,"14700,0",[[]],"[[array([335, 822])]]"
1683,"[672, 422]",True,"[0.531439, 0]","[0, 0]",False,weak,"14700,0",[[]],"[[array([345, 812])]]"
1684,"[672, 422]",True,"[0.531439, 0]","[0, 0]",False,weak,"14700,0",[[]],"[[array([345, 802])]]"
1685,"[672, 422]",True,"[0.531439, 0]","[0, 0]",False,weak,"14700,0",[[]],"[[array([345, 792])]]"
1686,"[672, 422]",True,"[0.531439, 0]","[0, 0]",False,weak,"14700,0",[[]],"[[array([345, 782])]]"
1687,"[672, 422]",True,"[0.531439, 0]","[0, 0]",False,weak,"14700,0",[[]],"[[array([345, 772])]]"
1688,"[672, 422]",True,"[0.531439, 0]","[0, 0]",False,weak,"14700,0",[[]],"[[array([345, 762])]]"
1689,"[672, 422]",True,"[0.531439, 0]","[0, 0]",False,weak,"14700,0",[[]],"[[array([345, 752])]]"
1690,"[672, 422]",True,"[0.531439, 0]","[0, 0]",False,weak,"14700,0",[[]],"[[array([345, 742])]]"
1691,"[672, 422]",True,"[0.531439, 0]","[0, 0]",False,weak,"14700,0",[[]],"[[array([345, 732])]]"
1692,"[672, 422]",True,"[0.531439, 0]","[0, 0]",False,weak,"14700,0",[[]],"[[array([345, 722])]]"
1693,"[672, 422]",True,"[0.531439, 0]","[0, 0]",False,weak,"14700,0",[[]],"[[array([341, 712])]]"
1694,"[672, 422]",True,"[0.531439, 0]","[0, 0]",False,weak,"14700,0",[[]],"[[array([324, 702])]]"
1695,"[672, 422]",True,"[0.531439, 0]","[0, 0]",False,weak,"14700,0",[[]],"[[array([311, 692])]]"
1696,"[672, 422]",True,"[0.531439, 0]","[0, 0]",False,weak,"14700,0",[[]],"[[array([311, 682])]]"
1697,"[672, 422]",True,"[0.531439, 0]","[0, 0]",False,weak,"14700,0",[[]],"[[array([311, 672])]]"
1698,"[672, 422]",True,"[0.531439, 0]","[0, 0]",False,weak,"14700,0",[[]],"[[array([311, 662])]]"
1699,"[672, 422]",True,"[0.531439, 0]","[0, 0]",False,weak,"14700,0",[[]],"[[array([311, 652])]]"
1700,"[672, 422]",True,"[0.531439, 0]","[0, 0]",False,weak,"14700,0",[[]],"[[array([311, 642])]]"
1701,"[672, 422]",True,"[0.531439, 0]","[0, 0]",False,weak,"14700,0",[[]],"[[array([311, 632])]]"
1702,"[672, 422]",True,"[0.531439, 0]","[0, 0]",False,weak,"14700,0",[[]],"[[array([311, 622])]]"
1703,"[672, 422]",True,"[0.531439, 0]","[0, 0]",False,weak,"14700,0",[[]],"[[array([311, 612])]]"
1704,"[672, 422]",True,"[0.531439, 0]","[0, 0]",False,weak,"14700,0",[[]],"[[array([325, 602])]]"
1705,"[672, 422]",True,"[0.531439, 0]","[0, 0]",False,weak,"14700,0",[[]],"[[array([340, 592])]]"
1706,"[672, 422]",True,"[0.531439, 0]","[0, 0]",False,weak,"14700,0",[[]],"[[array([340, 582])]]"
1707,"[672, 422]",True,"[0.531439, 0]","[0, 0]",False,weak,"14700,0",[[]],"[[array([340, 572])]]"
1708,"[672, 422]",True,"[0.531439, 0]","[0, 0]",False,weak,"14700,0",[[]],"[[array([340, 562])]]"
1709,"[672, 422]",True,"[0.531439, 0]","[0, 0]",False,weak,"14700,0",[[]],"[[array([340, 552])]]"
1710,"[672, 422]",True,"[0.531439, 0]","[0, 0]",False,weak,"14700,0",[[]],"[[array([340, 542])]]"
1711,"[672, 422]",True,"[0.531439, 0]","[0, 0]",False,weak,"14700,0",[[]],"[[array([340, 532])]]"
1712,"[672, 422]",True,"[0.531439, 0]","[0, 0]",False,weak,"14700,0",[[]],"[[array([340, 522])]]"
1713,"[672, 422]",True,"[0.531439, 0]","[0, 0]",False,weak,"14700,0",[[]],"[[array([340, 512])]]"
1714,"[672, 422]",True,"[0.531439, 0]","[0, 0]",False,weak,"14700,0",[[]],"[[array([340, 502])]]"
1715,"[672, 422]",True,"[0.531439, 0]","[0, 0]",False,weak,"14700,0",[[]],"[[array([340, 492])]]"
1716,"[672, 422]",True,"[0.531439, 0]","[0, 0]",False,weak,"14700,0",[[]],"[[array([340, 482])]]"
1717,"[672, 422]",True,"[0.531439, 0]","[0, 0]",False,weak,"14700,0",[[]],"[[array([340, 472])]]"
1718,"[672, 422]",True,"[0.531439, 0]","[0, 0]",False,weak,"14700,0",[[]],"[[array([340, 462])]]"
1719,"[672, 422]",True,"[0.531439, 0]","[0, 0]",False,weak,"14700,0",[[]],"[[array([335, 452])]]"
1720,"[672, 422]",True,"[0.531439, 0]","[0, 0]",False,weak,"14700,0",[[]],"[[array([330, 442])]]"
1721,"[672, 422]",True,"[0.531439, 0]","[0, 0]",False,weak,"14700,0",[[]],"[[array([325, 432])]]"
1722,"[672, 422]",True,"[0.531439, 0]","[0, 0]",False,weak,"14700,0",[[]],"[[array([320, 422])]]"
1723,"[672, 422]",True,"[0.531439, 0]","[0, 0]",False,weak,"14700,0",[[]],"[[array([315, 412])]]"
1724,"[672, 422]",True,"[0.531439, 0]","[0, 0]",False,weak,"14700,0",[[]],"[[array([310, 402])]]"
1725,"[672, 422]",True,"[0.531439, 0]","[0, 0]",False,weak,"14700,0",[[]],"[[array([305, 392])]]"
1726,"[672, 422]",True,"[0.531439, 0]","[0, 0]",False,weak,"14700,0",[[]],"[[array([300, 382])]]"
1727,"[672, 422]",True,"[0.531439, 0]","[0, 0]",False,weak,"14700,0",[[]],"[[array([295, 372])]]"
1728,"[672, 422]",True,"[0.531439, 0]","[0, 0]",False,weak,"14700,0",[[]],"[[array([290, 362])]]"
1729,"[672, 422]",True,"[0.531439, 0]","[0, 0]",False,weak,"14700,0",[[]],"[[array([285, 352])]]"
1730,"[672, 422]",True,"[0.531439, 0]","[0, 0]",False,weak,"14700,0",[[]],"[[array([285, 342])]]"
1731,"[672, 422]",True,"[0.531439, 0]","[0, 0]",False,weak,"14700,0",[[]],"[[array([285, 332])]]"
1732,"[672, 422]",True,"[0.531439, 0]","[0, 0]",False,weak,"14700,0",[[]],"[[array([285, 322])]]"
1733,"[672, 422]",True,"[0.531439, 0]","[0, 0]",False,weak,"14700,0",[[]],"[[array([299, 312])]]"
1734,"[672, 422]",True,"[0.531439, 0]","[0, 0]",False,weak,"14700,0",[[]],"[[array([308, 302])]]"
1735,"[672, 422]",True,"[0.531439, 0]","[0, 0]",False,weak,"14700,0",[[]],"[[array([325, 292])]]"
1736,"[672, 422]",True,"[0.531439, 0]","[0, 0]",False,weak,"14700,0",[[]],"[[array([325, 282])]]"
1737,"[672, 422]",True,"[0.531439, 0]","[0, 0]",False,weak,"14700,0",[[]],"[[array([325, 272])]]"
1738,"[672, 422]",True,"[0.531439, 0]","[0, 0]",False,weak,"14700,0",[[]],"[[array([325, 262])]]"
1739,"[672, 422]",True,"[0.531439, 0]","[0, 0]",False,weak,"14700,0",[[]],"[[array([325, 252])]]"
1740,"[672, 422]",True,"[0.531439, 0]","[0, 0]",False,weak,"14700,0",[[]],"[[array([325, 242])]]"
1741,"[672, 422]",True,"[0.531439, 0]","[0, 0]",False,weak,"14700,0",[[]],"[[array([325, 232])]]"
1742,"[672, 422]",True,"[0.531439, 0]","[0, 0]",False,weak,"14700,0",[[]],"[[array([333, 222])]]"
1743,"[672, 422]",True,"[0.531439, 0]","[0, 0]",False,weak,"14700,0",[[]],"[[array([342, 212])]]"
1744,"[672, 422]",True,"[0.531439, 0]","[0, 0]",False,weak,"14700,0",[[]],"[[array([354, 202])]]"
1745,"[672, 422]",True,"[0.531439, 0]","[0, 0]",False,weak,"14700,0",[[]],"[[array([354, 192])]]"
1746,"[672, 422]",True,"[0.531439, 0]","[0, 0]",False,weak,"14700,0",[[]],"[[array([354, 182])]]"
1747,"[672, 422]",True,"[0.531439, 0]","[0, 0]",False,weak,"14700,0",[[]],"[[array([354, 172])]]"
1748,"[672, 422]",True,"[0.531439, 0]","[0, 0]",False,weak,"14700,0",[[]],"[[array([354, 162])]]"
1749,"[672, 422]",True,"[0.531439, 0]","[0, 0]",False,weak,"14700,0",[[]],"[[array([354, 152])]]"
1750,"[672, 422]",True,"[0.531439, 0]","[0, 0]",False,weak,"14700,0",[[]],"[[array([354, 142])]]"
1751,"[672, 422]",True,"[0.531439, 0]","[0, 0]",False,weak,"14700,0",[[]],"[[array([354, 132])]]"
1752,"[672, 422]",True,"[0.531439, 0]","[0, 0]",False,weak,"14700,0",[[]],"[[array([354, 122])]]"
1753,"[672, 422]",True,"[0.531439, 0]","[0, 0]",False,weak,"14700,0",[[]],"[[array([354, 112])]]"
1754,"[672, 422]",True,"[0.531439, 0]","[0, 0]",False,weak,"14700,0",[[]],"[[array([354, 102])]]"
1755,"[672, 422]",True,"[0.531439, 0]","[0, 0]",False,weak,"14700,0",[[]],"[[array([354,  92])]]"
1756,"[672, 422]",True,"[0.531439, 0]","[0, 0]",False,weak,"14700,0",[[]],"[[array([354,  82])]]"
1757,"[672, 422]",True,"[0.531439, 0]","[0, 0]",False,weak,"14700,0",[[]],"[[array([354,  72])]]"
1758,"[672, 422]",True,"[0.531439, 0]","[0, 0]",False,weak,"14700,0",[[]],"[[array([354,  62])]]"
1759,"[672, 422]",True,"[0.531439, 0]","[0, 0]",False,weak,"14700,0",[[]],"[[array([354,  52])]]"
1760,"[672, 422]",True,"[0.531439, 0]","[0, 0]",False,weak,"14700,0",[[]],"[[array([354,  42])]]"
1761,"[672, 422]",True,"[0.531439, 0]","[0, 0]",False,weak,"14700,0",[[]],"[[array([354,  32])]]"
1762,"[672, 422]",True,"[0.531439, 0]","[0, 0]",False,weak,"14700,0",[[]],"[[array([354,  22])]]"
1763,"[672, 422]",True,"[0.531439, 0]","[0, 0]",False,weak,"14700,0",[[]],"[[array([354,  12])]]"
1764,"[672, 422]",True,"[0.531439, 0]","[0, 0]",False,weak,"14700,0",[[]],"[[array([354,   2])]]"
1765,"[672, 422]",True,"[0.531439, 0]","[0, 0]",False,weak,"14700,0",[[]],[[]]
1766,"[672, 422]",True,"[0.531439, 0]","[0, 0]",False,weak,"14700,0",[[]],[[]]
1767,"[672, 422]",True,"[0.531439, 0]","[0, 0]",False,weak,"14700,0",[[]],[[]]
1768,"[672, 422]",True,"[0.531439, 0]","[0, 0]",False,weak,"14700,0",[[]],[[]]
1769,"[672, 422]",True,"[0.531439, 0]","[0, 0]",False,weak,"14700,0",[[]],[[]]
1770,"[672, 422]",True,"[0.531439, 0]","[0, 0]",False,weak,"14700,0",[[]],[[]]
1771,"[672, 422]",True,"[0.531439, 0]","[0, 0]",False,weak,"14700,0",[[]],[[]]
1772,"[672, 422]",True,"[0.531439, 0]","[0, 0]",False,weak,"14700,0",[[]],[[]]
1773,"[672, 422]",True,"[0.531439, 0]","[0, 0]",False,weak,"14700,0",[[]],[[]]
1774,"[672, 422]",True,"[0.531439, 0]","[0, 0]",False,weak,"14700,0",[[]],[[]]
1775,"[672, 422]",True,"[0.531439, 0]","[0, 0]",False,weak,"14700,0",[[]],[[]]
1776,"[672, 422]",True,"[0.531439, 0]","[0, 0]",False,weak,"14700,0",[[]],[[]]
1777,"[672, 422]",True,"[0.531439, 0]","[0, 0]",False,weak,"14700,0",[[]],[[]]
1778,"[672, 422]",True,"[0.531439, 0]","[0, 0]",False,weak,"14700,0",[[]],[[]]
1779,"[672, 422]",True,"[0.531439, 0]","[0, 0]",False,weak,"14700,0",[[]],[[]]
1780,"[672, 422]",True,"[0.531439, 0]","[0, 0]",False,weak,"14700,0",[[]],[[]]
1781,"[672, 422]",True,"[0.531439, 0]","[0, 0]",False,weak,"14700,0",[[]],[[]]
1782,"[672, 422]",True,"[0.531439, 0]","[0, 0]",False,weak,"14700,0",[[]],[[]]
1783,"[672, 422]",True,"[0.531439, 0]","[0, 0]",False,weak,"14700,0",[[]],[[]]
1784,"[672, 422]",True,"[0.531439, 0]","[0, 0]",False,weak,"14700,0",[[]],[[]]
1785,"[672, 422]",True,"[0.531439, 0]","[0, 0]",False,weak,"14700,0",[[]],[[]]
1786,"[672, 422]",True,"[0.531439, 0]","[0, 0]",False,weak,"14700,0",[[]],[[]]
1787,"[672, 422]",True,"[0.531439, 0]","[0, 0]",False,weak,"14700,0",[[]],[[]]
1788,"[672, 422]",True,"[0.531439, 0]","[0, 0]",False,weak,"14700,0",[[]],[[]]
1789,"[672, 422]",True,"[0.531439, 0]","[0, 0]",False,weak,"14700,0",[[]],[[]]
1790,"[672, 422]",True,"[0.531439, 0]","[0, 0]",False,weak,"14700,0",[[]],[[]]
1791,"[672, 422]",True,"[0.531439, 0]","[0, 0]",False,weak,"14700,0",[[]],[[]]
1792,"[672, 422]",True,"[0.531439, 0]","[0, 0]",False,weak,"14700,0",[[]],[[]]
1793,"[672, 422]",True,"[0.531439, 0]","[0, 0]",False,weak,"14700,0",[[]],[[]]
1794,"[672, 422]",True,"[0.531439, 0]","[0, 0]",False,weak,"14700,0",[[]],[[]]
1795,"[672, 422]",True,"[0.531439, 0]","[0, 0]",False,weak,"14700,0",[[]],[[]]
1796,"[672, 422]",True,"[0.531439, 0]","[0, 0]",False,weak,"14700,0",[[]],[[]]
1797,"[672, 422]",True,"[0.531439, 0]","[0, 0]",False,weak,"14700,0",[[]],"[[array([1022,  834])]]"
1798,"[672, 422]",True,"[0.531439, 0]","[0, 0]",False,weak,"14700,0",[[]],"[[array([1022,  824])]]"
1799,"[672, 422]",True,"[0.531439, 0]","[0, 0]",False,weak,"14700,0",[[]],"[[array([1022,  814])]]"
1800,"[672, 422]",True,"[0.531439, 0]","[0, 0]",False,weak,"14700,0",[[]],"[[array([1022,  804])]]"
1801,"[672, 422]",True,"[0.531439, 0]","[0, 0]",False,weak,"14700,0",[[]],"[[array([1022,  794])]]"
1802,"[672, 422]",True,"[0.531439, 0]","[0, 0]",False,weak,"14700,0",[[]],"[[array([1022,  784])]]"
1803,"[672, 422]",True,"[0.531439, 0]","[0, 0]",False,weak,"14700,0",[[]],"[[array([1022,  774])]]"
1804,"[672, 422]",True,"[0.531439, 0]","[0, 0]",False,weak,"14700,0",[[]],"[[array([1022,  764])]]"
1805,"[672, 422]",True,"[0.531439, 0]","[0, 0]",False,weak,"14700,0",[[]],"[[array([1022,  754])]]"
1806,"[672, 422]",True,"[0.531439, 0]","[0, 0]",False,weak,"14700,0",[[]],"[[array([1022,  744])]]"
1807,"[672, 422]",True,"[0.531439, 0]","[0, 0]",False,weak,"14700,0",[[]],"[[array([1022,  734])]]"
1808,"[672, 422]",True,"[0.531439, 0]","[0, 0]",False,weak,"14700,0",[[]],"[[array([1022,  724]), array([1022,  836])]]"
1809,"[672, 422]",True,"[0.531439, 0]","[0, 0]",False,weak,"14700,0",[[]],"[[array([1022,  714]), array([1022,  826])]]"
1810,"[672, 422]",True,"[0.531439, 0]","[0, 0]",False,weak,"14700,0",[[]],"[[array([1022,  704]), array([1022,  816])]]"
1811,"[672, 422]",True,"[0.531439, 0]","[0, 0]",False,weak,"14700,0",[[]],"[[array([1022,  694]), array([1022,  806])]]"
1812,"[672, 422]",True,"[0.531439, 0]","[0, 0]",False,weak,"14700,0",[[]],"[[array([1022,  684]), array([1022,  796])]]"
1813,"[672, 422]",True,"[0.531439, 0]","[0, 0]",False,weak,"14700,0",[[]],"[[array([1022,  674]), array([1022,  786])]]"
1814,"[672, 422]",True,"[0.531439, 0]","[0, 0]",False,weak,"14700,0",[[]],"[[array([1022,  664]), array([1022,  776])]]"
1815,"[672, 422]",True,"[0.531439, 0]","[0, 0]",False,weak,"14700,0",[[]],"[[array([1022,  654]), array([1022,  766])]]"
1816,"[672, 422]",True,"[0.531439, 0]","[0, 0]",False,weak,"14700,0",[[]],"[[array([1022,  644]), array([1022,  756])]]"
1817,"[672, 422]",True,"[0.531439, 0]","[0, 0]",False,weak,"14700,0",[[]],"[[array([1022,  634]), array([1022,  746])]]"
1818,"[672, 422]",True,"[0.531439, 0]","[0, 0]",False,weak,"14700,0",[[]],"[[array([1022,  624]), array([1022,  736])]]"
1819,"[672, 422]",True,"[0.531439, 0]","[0, 0]",False,weak,"14700,0",[[]],"[[array([1022,  614]), array([1022,  726])]]"
1820,"[672, 422]",True,"[0.531439, 0]","[0, 0]",False,weak,"14700,0",[[]],"[[array([1022,  604]), array([1022,  716])]]"
1821,"[672, 422]",True,"[0.531439, 0]","[0, 0]",False,weak,"14700,0",[[]],"[[array([1022,  594]), array([1022,  706])]]"
1822,"[672, 422]",True,"[0.531439, 0]","[0, 0]",False,weak,"14700,0",[[]],"[[array([1022,  584]), array([1022,  696])]]"
1823,"[672, 422]",True,"[0.531439, 0]","[0, 0]",False,weak,"14700,0",[[]],"[[array([1022,  574]), array([1022,  686])]]"
1824,"[672, 422]",True,"[0.531439, 0]","[0, 0]",False,weak,"14700,0",[[]],"[[array([1022,  564]), array([1022,  676])]]"
1825,"[672, 422]",True,"[0.531439, 0]","[0, 0]",False,weak,"14700,0",[[]],"[[array([1022,  554]), array([1022,  666])]]"
1826,"[672, 422]",True,"[0.531439, 0]","[0, 0]",False,weak,"14700,0",[[]],"[[array([1022,  544]), array([1022,  656])]]"
1827,"[672, 422]",True,"[0.531439, 0]","[0, 0]",False,weak,"14700,0",[[]],"[[array([1007,  534]), array([1007,  646])]]"
1828,"[672, 422]",True,"[0.531439, 0]","[0, 0]",False,weak,"14700,0",[[]],"[[array([1001,  524]), array([1001,  636])]]"
1829,"[672, 422]",True,"[0.531439, 0]","[0, 0]",False,weak,"14700,0",[[]],"[[array([992, 514]), array([992, 626])]]"
1830,"[672, 422]",True,"[0.531439, 0]","[0, 0]",False,weak,"14700,0",[[]],"[[array([992, 504]), array([992, 616])]]"
1831,"[672, 422]",True,"[0.531439, 0]","[0, 0]",False,weak,"14700,0",[[]],"[[array([992, 494]), array([992, 606])]]"
1832,"[672, 422]",True,"[0.531439, 0]","[0, 0]",False,weak,"14700,0",[[]],"[[array([992, 484]), array([992, 596])]]"
1833,"[672, 422]",True,"[0.531439, 0]","[0, 0]",False,weak,"14700,0",[[]],"[[array([992, 474]), array([992, 586])]]"
1834,"[672, 422]",True,"[0.531439, 0]","[0, 0]",False,weak,"14700,0",[[]],"[[array([992, 464]), array([992, 576])]]"
1835,"[672, 422]",True,"[0.531439, 0]","[0, 0]",False,weak,"14700,0",[[]],"[[array([996, 454]), array([996, 566]), array([996, 832])]]"
1836,"[672, 422]",True,"[0.531439, 0]","[0, 0]",False,weak,"14700,0",[[]],"[[array([1000,  444]), array([1000,  556]), array([1000,  822])]]"
1837,"[672, 422]",True,"[0.531439, 0]","[0, 0]",False,weak,"14700,0",[[]],"[[array([1004,  434]), array([1004,  546]), array([1004,  812])]]"
1838,"[672, 422]",True,"[0.531439, 0]","[0, 0]",False,weak,"14700,0",[[]],"[[array([1008,  424]), array([1008,  536]), array([1008,  802])]]"
1839,"[672, 422]",True,"[0.531439, 0]","[0, 0]",False,weak,"14700,0",[[]],"[[array([1012,  414]), array([1012,  526]), array([1012,  792])]]"
1840,"[672, 422]",True,"[0.531439, 0]","[0, 0]",False,weak,"14700,0",[[]],"[[array([1016,  404]), array([1016,  516]), array([1016,  782])]]"
1841,"[672, 422]",True,"[0.531439, 0]","[0, 0]",False,weak,"14700,0",[[]],"[[array([1020,  394]), array([1020,  506]), array([1020,  772])]]"
1842,"[672, 422]",True,"[0.531439, 0]","[0, 0]",False,weak,"14700,0",[[]],"[[array([1024,  384]), array([1024,  496]), array([1024,  762])]]"
1843,"[672, 422]",True,"[0.531439, 0]","[0, 0]",False,weak,"14700,0",[[]],"[[array([1028,  374]), array([1028,  486]), array([1028,  752])]]"
1844,"[672, 422]",True,"[0.531439, 0]","[0, 0]",False,weak,"14700,0",[[]],"[[array([1032,  364]), array([1032,  476]), array([1032,  742])]]"
1845,"[672, 422]",True,"[0.531439, 0]","[0, 0]",False,weak,"14700,0",[[]],"[[array([1036,  354]), array([1036,  466]), array([1036,  732])]]"
1846,"[672, 422]",True,"[0.531439, 0]","[0, 0]",False,weak,"14700,0",[[]],"[[array([1040,  344]), array([1040,  456]), array([1040,  722])]]"
1847,"[672, 422]",True,"[0.531439, 0]","[0, 0]",False,weak,"14700,0",[[]],"[[array([1044,  334]), array([1044,  446]), array([1044,  712])]]"
1848,"[672, 422]",True,"[0.531439, 0]","[0, 0]",False,weak,"14700,0",[[]],"[[array([1048,  324]), array([1048,  436]), array([1048,  702])]]"
1849,"[672, 422]",True,"[0.531439, 0]","[0, 0]",False,weak,"14700,0",[[]],"[[array([1052,  314]), array([1052,  426]), array([1052,  692])]]"
1850,"[672, 422]",True,"[0.531439, 0]","[0, 0]",False,weak,"14700,0",[[]],"[[array([1056,  304]), array([1056,  416]), array([1056,  682])]]"
1851,"[672, 422]",True,"[0.531439, 0]","[0, 0]",False,weak,"14700,0",[[]],"[[array([1060,  294]), array([1060,  406]), array([1060,  672])]]"
1852,"[672, 422]",True,"[0.531439, 0]","[0, 0]",False,weak,"14700,0",[[]],"[[array([1064,  284]), array([1064,  396]), array([1064,  662])]]"
1853,"[672, 422]",True,"[0.531439, 0]","[0, 0]",False,weak,"14700,0",[[]],"[[array([1068,  274]), array([1068,  386]), array([1068,  652])]]"
1854,"[672, 422]",True,"[0.531439, 0]","[0, 0]",False,weak,"14700,0",[[]],"[[array([1072,  264]), array([1072,  376]), array([1072,  642])]]"
1855,"[672, 422]",True,"[0.531439, 0]","[0, 0]",False,weak,"14700,0",[[]],"[[array([1076,  254]), array([1076,  366]), array([1076,  632])]]"
1856,"[672, 422]",True,"[0.531439, 0]","[0, 0]",False,weak,"14700,0",[[]],"[[array([1080,  244]), array([1080,  356]), array([1080,  622])]]"
1857,"[672, 422]",True,"[0.531439, 0]","[0, 0]",False,weak,"14700,0",[[]],"[[array([1084,  234]), array([1084,  346]), array([1084,  612])]]"
1858,"[672, 422]",True,"[0.531439, 0]","[0, 0]",False,weak,"14700,0",[[]],"[[array([1084,  224]), array([1084,  336]), array([1084,  602])]]"
1859,"[672, 422]",True,"[0.531439, 0]","[0, 0]",False,weak,"14700,0",[[]],"[[array([1084,  214]), array([1084,  326]), array([1084,  592])]]"
1860,"[672, 422]",True,"[0.531439, 0]","[0, 0]",False,weak,"14700,0",[[]],"[[array([1084,  204]), array([1084,  316]), array([1084,  582])]]"
1861,"[672, 422]",True,"[0.531439, 0]","[0, 0]",False,weak,"14700,0",[[]],"[[array([1084,  194]), array([1084,  306]), array([1084,  572])]]"
1862,"[672, 422]",True,"[0.531439, 0]","[0, 0]",False,weak,"14700,0",[[]],"[[array([1084,  184]), array([1084,  296]), array([1084,  562])]]"
1863,"[672, 422]",True,"[0.531439, 0]","[0, 0]",False,weak,"14700,0",[[]],"[[array([1084,  174]), array([1084,  286]), array([1084,  552])]]"
1864,"[672, 422]",True,"[0.531439, 0]","[0, 0]",False,weak,"14700,0",[[]],"[[array([1084,  164]), array([1084,  276]), array([1084,  542])]]"
1865,"[672, 422]",True,"[0.531439, 0]","[0, 0]",False,weak,"14700,0",[[]],"[[array([1073,  154]), array([1073,  266]), array([1073,  532])]]"
1866,"[672, 422]",True,"[0.531439, 0]","[0, 0]",False,weak,"14700,0",[[]],"[[array([1058,  144]), array([1058,  256]), array([1058,  522])]]"
1867,"[672, 422]",True,"[0.531439, 0]","[0, 0]",False,weak,"14700,0",[[]],"[[array([1051,  134]), array([1051,  246]), array([1051,  512])]]"
1868,"[672, 422]",True,"[0.531439, 0]","[0, 0]",False,weak,"14700,0",[[]],"[[array([1034,  124]), array([1034,  236]), array([1034,  502])]]"
1869,"[672, 422]",True,"[0.531439, 0]","[0, 0]",False,weak,"14700,0",[[]],"[[array([1028,  114]), array([1028,  226]), array([1028,  492])]]"
1870,"[672, 422]",True,"[0.531439, 0]","[0, 0]",False,weak,"14700,0",[[]],"[[array([1028,  104]), array([1028,  216]), array([1028,  482])]]"
1871,"[672, 422]",True,"[0.531439, 0]","[0, 0]",False,weak,"14700,0",[[]],"[[array([1028,   94]), array([1028,  206]), array([1028,  472])]]"
1872,"[672, 422]",True,"[0.531439, 0]","[0, 0]",False,weak,"14700,0",[[]],"[[array([1028,   84]), array([1028,  196]), array([1028,  462])]]"
1873,"[672, 422]",True,"[0.531439, 0]","[0, 0]",False,weak,"14700,0",[[]],"[[array([1032,   74]), array([1032,  186]), array([1032,  452])]]"
1874,"[672, 422]",True,"[0.531439, 0]","[0, 0]",False,weak,"14700,0",[[]],"[[array([1036,   64]), array([1036,  176]), array([1036,  442])]]"
1875,"[672, 422]",True,"[0.531439, 0]","[0, 0]",False,weak,"14700,0",[[]],"[[array([1040,   54]), array([1040,  166]), array([1040,  432])]]"
1876,"[672, 422]",True,"[0.531439, 0]","[0, 0]",False,weak,"14700,0",[[]],"[[array([1044,   44]), array([1044,  156]), array([1044,  422])]]"
1877,"[672, 422]",True,"[0.531439, 0]","[0, 0]",False,weak,"14700,0",[[]],"[[array([1048,   34]), array([1048,  146]), array([1048,  412])]]"
1878,"[672, 422]",True,"[0.531439, 0]","[0, 0]",False,weak,"14700,0",[[]],"[[array([1052,   24]), array([1052,  136]), array([1052,  402])]]"
1879,"[672, 422]",True,"[0.531439, 0]","[0, 0]",False,weak,"14700,0",[[]],"[[array([1056,   14]), array([1056,  126]), array([1056,  392])]]"
1880,"[672, 422]",True,"[0.531439, 0]","[0, 0]",False,weak,"14700,0",[[]],"[[array([1060,    4]), array([1060,  116]), array([1060,  382])]]"
1881,"[672, 422]",True,"[0.531439, 0]","[0, 0]",False,weak,"14700,0",[[]],"[[array([1064,  106]), array([1064,  372])]]"
1882,"[672, 422]",True,"[0.531439, 0]","[0, 0]",False,weak,"14700,0",[[]],"[[array([1068,   96]), array([1068,  362])]]"
1883,"[672, 422]",True,"[0.531439, 0]","[0, 0]",False,weak,"14700,0",[[]],"[[array([1072,   86]), array([1072,  352])]]"
1884,"[672, 422]",True,"[0.531439, 0]","[0, 0]",False,weak,"14700,0",[[]],"[[array([1072,   76]), array([1072,  342])]]"
1885,"[672, 422]",True,"[0.531439, 0]","[0, 0]",False,weak,"14700,0",[[]],"[[array([1072,   66]), array([1072,  332]), array([1072,  836])]]"
1886,"[672, 422]",True,"[0.531439, 0]","[0, 0]",False,weak,"14700,0",[[]],"[[array([1072,   56]), array([1072,  322]), array([1072,  826])]]"
1887,"[672, 422]",True,"[0.531439, 0]","[0, 0]",False,weak,"14700,0",[[]],"[[array([1072,   46]), array([1072,  312]), array([1072,  816])]]"
1888,"[672, 422]",True,"[0.531439, 0]","[0, 0]",False,weak,"14700,0",[[]],"[[array([1072,   36]), array([1072,  302]), array([1072,  806])]]"
1889,"[672, 422]",True,"[0.531439, 0]","[0, 0]",False,weak,"14700,0",[[]],"[[array([1072,   26]), array([1072,  292]), array([1072,  796])]]"
1890,"[672, 422]",True,"[0.531439, 0]","[0, 0]",False,weak,"14700,0",[[]],"[[array([1072,   16]), array([1072,  282]), array([1072,  786])]]"
1891,"[672, 422]",True,"[0.531439, 0]","[0, 0]",False,weak,"14700,0",[[]],"[[array([1072,    6]), array([1072,  272]), array([1072,  776])]]"
1892,"[672, 422]",True,"[0.531439, 0]","[0, 0]",False,weak,"14700,0",[[]],"[[array([1059,  262]), array([1059,  766])]]"
1893,"[672, 422]",True,"[0.531439, 0]","[0, 0]",False,weak,"14700,0",[[]],"[[array([1050,  252]), array([1050,  756])]]"
1894,"[672, 422]",True,"[0.531439, 0]","[0, 0]",False,weak,"14700,0",[[]],"[[array([1042,  242]), array([1042,  746])]]"
1895,"[672, 422]",True,"[0.531439, 0]","[0, 0]",False,weak,"14700,0",[[]],"[[array([1039,  232]), array([1039,  736])]]"
1896,"[672, 422]",True,"[0.531439, 0]","[0, 0]",False,weak,"14700,0",[[]],"[[array([1028,  222]), array([1028,  726])]]"
1897,"[672, 422]",True,"[0.531439, 0]","[0, 0]",False,weak,"14700,0",[[]],"[[array([1028,  212]), array([1028,  716])]]"
1898,"[672, 422]",True,"[0.531439, 0]","[0, 0]",False,weak,"14700,0",[[]],"[[array([1028,  202]), array([1028,  706])]]"
1899,"[672, 422]",True,"[0.531439, 0]","[0, 0]",False,weak,"14700,0",[[]],"[[array([1028,  192]), array([1028,  696])]]"
1900,"[672, 422]",True,"[0.531439, 0]","[0, 0]",False,weak,"14700,0",[[]],"[[array([1028,  182]), array([1028,  686])]]"
1901,"[672, 422]",True,"[0.531439, 0]","[0, 0]",False,weak,"14700,0",[[]],"[[array([1028,  172]), array([1028,  676])]]"
1902,"[672, 422]",True,"[0.531439, 0]","[0, 0]",False,weak,"14700,0",[[]],"[[array([1028,  162]), array([1028,  666])]]"
1903,"[672, 422]",True,"[0.531439, 0]","[0, 0]",False,weak,"14700,0",[[]],"[[array([1028,  152]), array([1028,  656])]]"
1904,"[672, 422]",True,"[0.531439, 0]","[0, 0]",False,weak,"14700,0",[[]],"[[array([1028,  142]), array([1028,  646])]]"
1905,"[672, 422]",True,"[0.531439, 0]","[0, 0]",False,weak,"14700,0",[[]],"[[array([1028,  132]), array([1028,  636])]]"
1906,"[672, 422]",True,"[0.531439, 0]","[0, 0]",False,weak,"14700,0",[[]],"[[array([1028,  122]), array([1028,  626])]]"
1907,"[672, 422]",True,"[0.531439, 0]","[0, 0]",False,weak,"14700,0",[[]],"[[array([1028,  112]), array([1028,  616])]]"
1908,"[672, 422]",True,"[0.531439, 0]","[0, 0]",False,weak,"14700,0",[[]],"[[array([1028,  102]), array([1028,  606])]]"
1909,"[672, 422]",True,"[0.531439, 0]","[0, 0]",False,weak,"14700,0",[[]],"[[array([1014,   92]), array([1014,  596])]]"
1910,"[672, 422]",True,"[0.531439, 0]","[0, 0]",False,weak,"14700,0",[[]],"[[array([1002,   82]), array([1002,  586])]]"
1911,"[672, 422]",True,"[0.531439, 0]","[0, 0]",False,weak,"14700,0",[[]],"[[array([984,  72]), array([984, 576])]]"
1912,"[672, 422]",True,"[0.531439, 0]","[0, 0]",False,weak,"14700,0",[[]],"[[array([984,  62]), array([984, 566])]]"
1913,"[672, 422]",True,"[0.531439, 0]","[0, 0]",False,weak,"14700,0",[[]],"[[array([984,  52]), array([984, 556])]]"
1914,"[672, 422]",True,"[0.531439, 0]","[0, 0]",False,weak,"14700,0",[[]],"[[array([984,  42]), array([984, 546])]]"
1915,"[672, 422]",True,"[0.531439, 0]","[0, 0]",False,weak,"14700,0",[[]],"[[array([984,  32]), array([984, 536])]]"
1916,"[672, 422]",True,"[0.531439, 0]","[0, 0]",False,weak,"14700,0",[[]],"[[array([984,  22]), array([984, 526])]]"
1917,"[672, 422]",True,"[0.531439, 0]","[0, 0]",False,weak,"14700,0",[[]],"[[array([984,  12]), array([984, 516])]]"
1918,"[672, 422]",True,"[0.531439, 0]","[0, 0]",False,weak,"14700,0",[[]],"[[array([984,   2]), array([984, 506])]]"
1919,"[672, 422]",True,"[0.531439, 0]","[0, 0]",False,weak,"14700,0",[[]],"[[array([984, 496])]]"
1920,"[672, 422]",True,"[0.531439, 0]","[0, 0]",False,weak,"14700,0",[[]],"[[array([984, 486])]]"
1921,"[672, 422]",True,"[0.531439, 0]","[0, 0]",False,weak,"14700,0",[[]],"[[array([984, 476])]]"
1922,"[672, 422]",True,"[0.531439, 0]","[0, 0]",False,weak,"14700,0",[[]],"[[array([984, 466])]]"
1923,"[672, 422]",True,"[0.531439, 0]","[0, 0]",False,weak,"14700,0",[[]],"[[array([984, 456])]]"
1924,"[672, 422]",True,"[0.531439, 0]","[0, 0]",False,weak,"14700,0",[[]],"[[array([988, 446])]]"
1925,"[672, 422]",True,"[0.531439, 0]","[0, 0]",False,weak,"14700,0",[[]],"[[array([992, 436])]]"
1926,"[672, 422]",True,"[0.531439, 0]","[0, 0]",False,weak,"14700,0",[[]],"[[array([996, 426])]]"
1927,"[672, 422]",True,"[0.531439, 0]","[0, 0]",False,weak,"14700,0",[[]],"[[array([1000,  416])]]"
1928,"[672, 422]",True,"[0.531439, 0]","[0, 0]",False,weak,"14700,0",[[]],"[[array([1004,  406])]]"
1929,"[672, 422]",True,"[0.531439, 0]","[0, 0]",False,weak,"14700,0",[[]],"[[array([1008,  396])]]"
1930,"[672, 422]",True,"[0.531439, 0]","[0, 0]",False,weak,"14700,0",[[]],"[[array([1012,  386])]]"
1931,"[672, 422]",True,"[0.531439, 0]","[0, 0]",False,weak,"14700,0",[[]],"[[array([1016,  376])]]"
1932,"[672, 422]",True,"[0.531439, 0]","[0, 0]",False,weak,"14700,0",[[]],"[[array([1020,  366])]]"
1933,"[672, 422]",True,"[0.531439, 0]","[0, 0]",False,weak,"14700,0",[[]],"[[array([1024,  356])]]"
1934,"[672, 422]",True,"[0.531439, 0]","[0, 0]",False,weak,"14700,0",[[]],"[[array([1028,  346])]]"
1935,"[672, 422]",True,"[0.531439, 0]","[0, 0]",False,weak,"14700,0",[[]],"[[array([1028,  336])]]"
1936,"[672, 422]",True,"[0.531439, 0]","[0, 0]",False,weak,"14700,0",[[]],"[[array([1028,  326])]]"
1937,"[672, 422]",True,"[0.531439, 0]","[0, 0]",False,weak,"14700,0",[[]],"[[array([1028,  316])]]"
1938,"[672, 422]",True,"[0.531439, 0]","[0, 0]",False,weak,"14700,0",[[]],"[[array([1028,  306])]]"
1939,"[672, 422]",True,"[0.531439, 0]","[0, 0]",False,weak,"14700,0",[[]],"[[array([1028,  296])]]"
1940,"[672, 422]",True,"[0.531439, 0]","[0, 0]",False,weak,"14700,0",[[]],"[[array([1028,  286])]]"
1941,"[672, 422]",True,"[0.531439, 0]","[0, 0]",False,weak,"14700,0",[[]],"[[array([1028,  276])]]"
1942,"[672, 422]",True,"[0.531439, 0]","[0, 0]",False,weak,"14700,0",[[]],"[[array([1028,  266])]]"
1943,"[672, 422]",True,"[0.531439, 0]","[0, 0]",False,weak,"14700,0",[[]],"[[array([1028,  256])]]"
1944,"[672, 422]",True,"[0.531439, 0]","[0, 0]",False,weak,"14700,0",[[]],"[[array([1028,  246])]]"
1945,"[672, 422]",True,"[0.531439, 0]","[0, 0]",False,weak,"14700,0",[[]],"[[array([1028,  236])]]"
1946,"[672, 422]",True,"[0.531439, 0]","[0, 0]",False,weak,"14700,0",[[]],"[[array([1028,  226])]]"
1947,"[672, 422]",True,"[0.531439, 0]","[0, 0]",False,weak,"14700,0",[[]],"[[array([1028,  216])]]"
1948,"[672, 422]",True,"[0.531439, 0]","[0, 0]",False,weak,"14700,0",[[]],"[[array([1028,  206])]]"
1949,"[672, 422]",True,"[0.531439, 0]","[0, 0]",False,weak,"14700,0",[[]],"[[array([1028,  196])]]"
1950,"[672, 422]",True,"[0.531439, 0]","[0, 0]",False,weak,"14700,0",[[]],"[[array([1028,  186])]]"
1951,"[672, 422]",True,"[0.531439, 0]","[0, 0]",False,weak,"14700,0",[[]],"[[array([1028,  176])]]"
1952,"[672, 422]",True,"[0.531439, 0]","[0, 0]",False,weak,"14700,0",[[]],"[[array([1028,  166])]]"
1953,"[672, 422]",True,"[0.531439, 0]","[0, 0]",False,weak,"14700,0",[[]],"[[array([1028,  156])]]"
1954,"[672, 422]",True,"[0.531439, 0]","[0, 0]",False,weak,"14700,0",[[]],"[[array([1028,  146])]]"
1955,"[672, 422]",True,"[0.531439, 0]","[0, 0]",False,weak,"14700,0",[[]],"[[array([1028,  136])]]"
1956,"[672, 422]",True,"[0.531439, 0]","[0, 0]",False,weak,"14700,0",[[]],"[[array([1028,  126])]]"
1957,"[672, 422]",True,"[0.531439, 0]","[0, 0]",False,weak,"14700,0",[[]],"[[array([1028,  116])]]"
1958,"[672, 422]",True,"[0.531439, 0]","[0, 0]",False,weak,"14700,0",[[]],"[[array([1028,  106])]]"
1959,"[672, 422]",True,"[0.531439, 0]","[0, 0]",False,weak,"14700,0",[[]],"[[array([1028,   96])]]"
1960,"[672, 422]",True,"[0.531439, 0]","[0, 0]",False,weak,"14700,0",[[]],"[[array([1028,   86])]]"
1961,"[672, 422]",True,"[0.531439, 0]","[0, 0]",False,weak,"14700,0",[[]],"[[array([1028,   76])]]"
1962,"[672, 422]",True,"[0.531439, 0]","[0, 0]",False,weak,"14700,0",[[]],"[[array([1028,   66])]]"
1963,"[672, 422]",True,"[0.531439, 0]","[0, 0]",False,weak,"14700,0",[[]],"[[array([1028,   56])]]"
1964,"[672, 422]",True,"[0.531439, 0]","[0, 0]",False,weak,"14700,0",[[]],"[[array([1028,   46])]]"
1965,"[672, 422]",True,"[0.531439, 0]","[0, 0]",False,weak,"14700,0",[[]],"[[array([1028,   36])]]"
1966,"[672, 422]",True,"[0.531439, 0]","[0, 0]",False,weak,"14700,0",[[]],"[[array([1016,   26])]]"
1967,"[672, 422]",True,"[0.531439, 0]","[0, 0]",False,weak,"14700,0",[[]],"[[array([1008,   16])]]"
1968,"[672, 422]",True,"[0.531439, 0]","[0, 0]",False,weak,"14700,0",[[]],"[[array([1008,    6])]]"
1969,"[672, 422]",True,"[0.531439, 0]","[0, 0]",False,weak,"14700,0",[[]],[[]]
1970,"[672, 422]",True,"[0.531439, 0]","[0, 0]",False,weak,"14700,0",[[]],[[]]
1971,"[672, 422]",True,"[0.531439, 0]","[0, 0]",False,weak,"14700,0",[[]],[[]]
1972,"[672, 422]",True,"[0.531439, 0]","[0, 0]",False,weak,"14700,0",[[]],[[]]
1973,"[672, 422]",True,"[0.531439, 0]","[0, 0]",False,weak,"14700,0",[[]],[[]]
1974,"[672, 422]",True,"[0.531439, 0]","[0, 0]",False,weak,"14700,0",[[]],[[]]
1975,"[672, 422]",True,"[0.531439, 0]","[0, 0]",False,weak,"14700,0",[[]],[[]]
1976,"[672, 422]",True,"[0.531439, 0]","[0, 0]",False,weak,"14700,0",[[]],[[]]
1977,"[672, 422]",True,"[0.531439, 0]","[0, 0]",False,weak,"14700,0",[[]],[[]]
1978,"[672, 422]",True,"[0.531439, 0]","[0, 0]",False,weak,"14700,0",[[]],[[]]
1979,"[672, 422]",True,"[0.531439, 0]","[0, 0]",False,weak,"14700,0",[[]],[[]]
1980,"[672, 422]",True,"[0.531439, 0]","[0, 0]",False,weak,"14700,0",[[]],[[]]
1981,"[672, 422]",True,"[0.531439, 0]","[0, 0]",False,weak,"14700,0",[[]],[[]]
1982,"[672, 422]",True,"[0.531439, 0]","[0, 0]",False,weak,"14700,0",[[]],[[]]
1983,"[672, 422]",True,"[0.531439, 0]","[0, 0]",False,weak,"14700,0",[[]],[[]]
1984,"[672, 422]",True,"[0.531439, 0]","[0, 0]",False,weak,"14700,0",[[]],[[]]
1985,"[672, 422]",True,"[0.531439, 0]","[0, 0]",False,weak,"14700,0",[[]],[[]]
1986,"[672, 422]",True,"[0.531439, 0]","[0, 0]",False,weak,"14700,0",[[]],[[]]
1987,"[672, 422]",True,"[0.531439, 0]","[0, 0]",False,weak,"14700,0",[[]],[[]]
1988,"[672, 422]",True,"[0.531439, 0]","[0, 0]",False,weak,"14700,0",[[]],[[]]
1989,"[672, 422]",True,"[0.531439, 0]","[0, 0]",False,weak,"14700,0",[[]],[[]]
1990,"[672, 422]",True,"[0.531439, 0]","[0, 0]",False,weak,"14700,0",[[]],[[]]
1991,"[672, 422]",True,"[0.531439, 0]","[0, 0]",False,weak,"14700,0",[[]],[[]]
1992,"[672, 422]",True,"[0.531439, 0]","[0, 0]",False,weak,"14700,0",[[]],[[]]
1993,"[672, 422]",True,"[0.531439, 0]","[0, 0]",False,weak,"14700,0",[[]],[[]]
1994,"[672, 422]",True,"[0.531439, 0]","[0, 0]",False,weak,"14700,0",[[]],[[]]
1995,"[672, 422]",True,"[0.531439, 0]","[0, 0]",False,weak,"14700,0",[[]],[[]]
1996,"[672, 422]",True,"[0.531439, 0]","[0, 0]",False,weak,"14700,0",[[]],[[]]
1997,"[672, 422]",True,"[0.531439, 0]","[0, 0]",False,weak,"14700,0",[[]],[[]]
1998,"[672, 422]",True,"[0.531439, 0]","[0, 0]",False,weak,"14700,0",[[]],[[]]
1999,"[672, 422]",True,"[0.531439, 0]","[0, 0]",False,weak,"14700,0",[[]],[[]]
2000,"[672, 422]",True,"[0.531439, 0]","[0, 0]",False,weak,"14700,0",[[]],[[]]
2001,"[672, 422]",True,"[0.531439, 0]","[0, 0]",False,weak,"14700,0",[[]],[[]]
2002,"[672, 422]",True,"[0.531439, 0]","[0, 0]",False,weak,"14700,0",[[]],[[]]
2003,"[672, 422]",True,"[0.531439, 0]","[0, 0]",False,weak,"14700,0",[[]],[[]]
2004,"[672, 422]",True,"[0.531439, 0]","[0, 0]",False,weak,"14700,0",[[]],[[]]
2005,"[672, 422]",True,"[0.531439, 0]","[0, 0]",False,weak,"14700,0",[[]],[[]]
2006,"[672, 422]",True,"[0.531439, 0]","[0, 0]",False,weak,"14700,0",[[]],[[]]
2007,"[672, 422]",True,"[0.531439, 0]","[0, 0]",False,weak,"14700,0",[[]],[[]]
2008,"[672, 422]",True,"[0.531439, 0]","[0, 0]",False,weak,"14700,0",[[]],[[]]
2009,"[672, 422]",True,"[0.531439, 0]","[0, 0]",False,weak,"14700,0",[[]],[[]]
2010,"[672, 422]",True,"[0.531439, 0]","[0, 0]",False,weak,"14700,0",[[]],[[]]
2011,"[672, 422]",True,"[0.531439, 0]","[0, 0]",False,weak,"14700,0",[[]],[[]]
2012,"[672, 422]",True,"[0.531439, 0]","[0, 0]",False,weak,"14700,0",[[]],[[]]
2013,"[672, 422]",True,"[0.531439, 0]","[0, 0]",False,weak,"14700,0",[[]],[[]]
2014,"[672, 422]",True,"[0.531439, 0]","[0, 0]",False,weak,"14700,0",[[]],[[]]
2015,"[672, 422]",True,"[0.531439, 0]","[0, 0]",False,weak,"14700,0",[[]],[[]]
2016,"[672, 422]",True,"[0.531439, 0]","[0, 0]",False,weak,"14700,0",[[]],[[]]
2017,"[672, 422]",True,"[0.531439, 0]","[0, 0]",False,weak,"14700,0",[[]],[[]]
2018,"[672, 422]",True,"[0.531439, 0]","[0, 0]",False,weak,"14700,0",[[]],[[]]
2019,"[672, 422]",True,"[0.531439, 0]","[0, 0]",False,weak,"14700,0",[[]],[[]]
2020,"[672, 422]",True,"[0.531439, 0]","[0, 0]",False,weak,"14700,0",[[]],[[]]
2021,"[672, 422]",True,"[0.531439, 0]","[0, 0]",False,weak,"14700,0",[[]],[[]]
2022,"[672, 422]",True,"[0.531439, 0]","[0, 0]",False,weak,"14700,0",[[]],[[]]
2023,"[672, 422]",True,"[0.531439, 0]","[0, 0]",False,weak,"14700,0",[[]],[[]]
2024,"[672, 422]",True,"[0.531439, 0]","[0, 0]",False,weak,"14700,0",[[]],[[]]
2025,"[672, 422]",True,"[0.531439, 0]","[0, 0]",False,weak,"14700,0",[[]],[[]]
2026,"[672, 422]",True,"[0.531439, 0]","[0, 0]",False,weak,"14700,0",[[]],[[]]
2027,"[672, 422]",True,"[0.531439, 0]","[0, 0]",False,weak,"14700,0",[[]],[[]]
2028,"[672, 422]",True,"[0.531439, 0]","[0, 0]",False,weak,"14700,0",[[]],[[]]
2029,"[672, 422]",True,"[0.531439, 0]","[0, 0]",False,weak,"14700,0",[[]],[[]]
2030,"[672, 422]",True,"[0.531439, 0]","[0, 0]",False,weak,"14700,0",[[]],[[]]
2031,"[672, 422]",True,"[0.531439, 0]","[0, 0]",False,weak,"14700,0",[[]],[[]]
2032,"[672, 422]",True,"[0.531439, 0]","[0, 0]",False,weak,"14700,0",[[]],[[]]
2033,"[672, 422]",True,"[0.531439, 0]","[0, 0]",False,weak,"14700,0",[[]],[[]]
2034,"[672, 422]",True,"[0.531439, 0]","[0, 0]",False,weak,"14700,0",[[]],[[]]
2035,"[672, 422]",True,"[0.531439, 0]","[0, 0]",False,weak,"14700,0",[[]],[[]]
2036,"[672, 422]",True,"[0.531439, 0]","[0, 0]",False,weak,"14700,0",[[]],[[]]
2037,"[672, 422]",True,"[0.531439, 0]","[0, 0]",False,weak,"14700,0",[[]],[[]]
2038,"[672, 422]",True,"[0.531439, 0]","[0, 0]",False,weak,"14700,0",[[]],[[]]
2039,"[672, 422]",True,"[0.531439, 0]","[0, 0]",False,weak,"14700,0",[[]],[[]]
2040,"[672, 422]",True,"[0.531439, 0]","[0, 0]",False,weak,"14700,0",[[]],[[]]
2041,"[672, 422]",True,"[0.531439, 0]","[0, 0]",False,weak,"14700,0",[[]],[[]]
2042,"[672, 422]",True,"[0.531439, 0]","[0, 0]",False,weak,"14700,0",[[]],[[]]
2043,"[672, 422]",True,"[0.531439, 0]","[0, 0]",False,weak,"14700,0",[[]],[[]]
2044,"[672, 422]",True,"[0.531439, 0]","[0, 0]",False,weak,"14700,0",[[]],[[]]
2045,"[672, 422]",True,"[0.531439, 0]","[0, 0]",False,weak,"14700,0",[[]],[[]]
2046,"[672, 422]",True,"[0.531439, 0]","[0, 0]",False,weak,"14700,0",[[]],[[]]
2047,"[672, 422]",True,"[0.531439, 0]","[0, 0]",False,weak,"14700,0",[[]],[[]]
2048,"[672, 422]",True,"[0.531439, 0]","[0, 0]",False,weak,"14700,0",[[]],[[]]
2049,"[672, 422]",True,"[0.531439, 0]","[0, 0]",False,weak,"14700,0",[[]],[[]]
2050,"[672, 422]",True,"[0.531439, 0]","[0, 0]",False,weak,"14700,0",[[]],[[]]
2051,"[672, 422]",True,"[0.531439, 0]","[0, 0]",False,weak,"14700,0",[[]],[[]]
2052,"[672, 422]",True,"[0.531439, 0]","[0, 0]",False,weak,"14700,0",[[]],[[]]
2053,"[672, 422]",True,"[0.531439, 0]","[0, 0]",False,weak,"14700,0",[[]],[[]]
2054,"[672, 422]",True,"[0.531439, 0]","[0, 0]",False,weak,"14700,0",[[]],[[]]
2055,"[672, 422]",True,"[0.531439, 0]","[0, 0]",False,weak,"14700,0",[[]],[[]]
2056,"[672, 422]",True,"[0.531439, 0]","[0, 0]",False,weak,"14700,0",[[]],[[]]
2057,"[672, 422]",True,"[0.531439, 0]","[0, 0]",False,weak,"14700,0",[[]],[[]]
2058,"[672, 422]",True,"[0.531439, 0]","[0, 0]",False,weak,"14700,0",[[]],[[]]
2059,"[672, 422]",True,"[0.531439, 0]","[0, 0]",False,weak,"14700,0",[[]],[[]]
2060,"[672, 422]",True,"[0.531439, 0]","[0, 0]",False,weak,"14700,0",[[]],[[]]
2061,"[672, 422]",True,"[0.531439, 0]","[0, 0]",False,weak,"14700,0",[[]],[[]]
2062,"[672, 422]",True,"[0.531439, 0]","[0, 0]",False,weak,"14700,0",[[]],[[]]
2063,"[672, 422]",True,"[0.531439, 0]","[0, 0]",False,weak,"14700,0",[[]],[[]]
2064,"[672, 422]",True,"[0.531439, 0]","[0, 0]",False,weak,"14700,0",[[]],[[]]
2065,"[672, 422]",True,"[0.531439, 0]","[0, 0]",False,weak,"14700,0",[[]],[[]]
2066,"[672, 422]",True,"[0.531439, 0]","[0, 0]",False,weak,"14700,0",[[]],[[]]
2067,"[672, 422]",True,"[0.531439, 0]","[0, 0]",False,weak,"14700,0",[[]],[[]]
2068,"[672, 422]",True,"[0.531439, 0]","[0, 0]",False,weak,"14700,0",[[]],[[]]
2069,"[672, 422]",True,"[0.531439, 0]","[0, 0]",False,weak,"14700,0",[[]],[[]]
2070,"[672, 422]",True,"[0.531439, 0]","[0, 0]",False,weak,"14700,0",[[]],[[]]
2071,"[672, 422]",True,"[0.531439, 0]","[0, 0]",False,weak,"14700,0",[[]],[[]]
2072,"[672, 422]",True,"[0.531439, 0]","[0, 0]",False,weak,"14700,0",[[]],[[]]
2073,"[672, 422]",True,"[0.531439, 0]","[0, 0]",False,weak,"14700,0",[[]],[[]]
2074,"[672, 422]",True,"[0.531439, 0]","[0, 0]",False,weak,"14700,0",[[]],[[]]
2075,"[672, 422]",True,"[0.531439, 0]","[0, 0]",False,weak,"14700,0",[[]],[[]]
2076,"[672, 422]",True,"[0.531439, 0]","[0, 0]",False,weak,"14700,0",[[]],[[]]
2077,"[672, 422]",True,"[0.531439, 0]","[0, 0]",False,weak,"14700,0",[[]],[[]]
2078,"[672, 422]",True,"[0.531439, 0]","[0, 0]",False,weak,"14700,0",[[]],[[]]
2079,"[672, 422]",True,"[0.531439, 0]","[0, 0]",False,weak,"14700,0",[[]],[[]]
2080,"[672, 422]",True,"[0.531439, 0]","[0, 0]",False,weak,"14700,0",[[]],[[]]
2081,"[672, 422]",True,"[0.531439, 0]","[0, 0]",False,weak,"14700,0",[[]],[[]]
2082,"[672, 422]",True,"[0.531439, 0]","[0, 0]",False,weak,"14700,0",[[]],[[]]
2083,"[672, 422]",True,"[0.531439, 0]","[0, 0]",False,weak,"14700,0",[[]],[[]]
2084,"[672, 422]",True,"[0.531439, 0]","[0, 0]",False,weak,"14700,0",[[]],[[]]
2085,"[672, 422]",True,"[0.531439, 0]","[0, 0]",False,weak,"14700,0",[[]],[[]]
2086,"[672, 422]",True,"[0.531439, 0]","[0, 0]",False,weak,"14700,0",[[]],[[]]
2087,"[672, 422]",True,"[0.531439, 0]","[0, 0]",False,weak,"14700,0",[[]],[[]]
2088,"[672, 422]",True,"[0.531439, 0]","[0, 0]",False,weak,"14700,0",[[]],[[]]
2089,"[672, 422]",True,"[0.531439, 0]","[0, 0]",False,weak,"14700,0",[[]],[[]]
2090,"[672, 422]",True,"[0.531439, 0]","[0, 0]",False,weak,"14700,0",[[]],[[]]
2091,"[672, 422]",True,"[0.531439, 0]","[0, 0]",False,weak,"14700,0",[[]],[[]]
2092,"[672, 422]",True,"[0.531439, 0]","[0, 0]",False,weak,"14700,0",[[]],[[]]
2093,"[672, 422]",True,"[0.531439, 0]","[0, 0]",False,weak,"14700,0",[[]],[[]]
2094,"[672, 422]",True,"[0.531439, 0]","[0, 0]",False,weak,"14700,0",[[]],[[]]
2095,"[672, 422]",True,"[0.531439, 0]","[0, 0]",False,weak,"14700,0",[[]],[[]]
2096,"[672, 422]",True,"[0.531439, 0]","[0, 0]",False,weak,"14700,0",[[]],[[]]
2097,"[672, 422]",True,"[0.531439, 0]","[0, 0]",False,weak,"14700,0",[[]],[[]]
2098,"[672, 422]",True,"[0.531439, 0]","[0, 0]",False,weak,"14700,0",[[]],[[]]
2099,"[672, 422]",True,"[0.531439, 0]","[0, 0]",False,weak,"14700,0",[[]],[[]]
2100,"[672, 422]",True,"[0.531439, 0]","[0, 0]",False,weak,"14700,0",[[]],[[]]
2101,"[672, 422]",True,"[0.531439, 0]","[0, 0]",False,weak,"14700,0",[[]],[[]]
2102,"[672, 422]",True,"[0.531439, 0]","[0, 0]",False,weak,"14700,0",[[]],[[]]
2103,"[672, 422]",True,"[0.531439, 0]","[0, 0]",False,weak,"14700,0",[[]],[[]]
2104,"[672, 422]",True,"[0.531439, 0]","[0, 0]",False,weak,"14700,0",[[]],[[]]
2105,"[672, 422]",True,"[0.531439, 0]","[0, 0]",False,weak,"14700,0",[[]],[[]]
2106,"[672, 422]",True,"[0.531439, 0]","[0, 0]",False,weak,"14700,0",[[]],[[]]
2107,"[672, 422]",True,"[0.531439, 0]","[0, 0]",False,weak,"14700,0",[[]],[[]]
2108,"[672, 422]",True,"[0.531439, 0]","[0, 0]",False,weak,"14700,0",[[]],[[]]
2109,"[672, 422]",True,"[0.531439, 0]","[0, 0]",False,weak,"14700,0",[[]],[[]]
2110,"[672, 422]",True,"[0.531439, 0]","[0, 0]",False,weak,"14700,0",[[]],[[]]
2111,"[672, 422]",True,"[0.531439, 0]","[0, 0]",False,weak,"14700,0",[[]],[[]]
2112,"[672, 422]",True,"[0.531439, 0]","[0, 0]",False,weak,"14700,0",[[]],[[]]
2113,"[672, 422]",True,"[0.531439, 0]","[0, 0]",False,weak,"14700,0",[[]],[[]]
2114,"[672, 422]",True,"[0.531439, 0]","[0, 0]",False,weak,"14700,0",[[]],[[]]
2115,"[672, 422]",True,"[0.531439, 0]","[0, 0]",False,weak,"14700,0",[[]],[[]]
2116,"[672, 422]",True,"[0.531439, 0]","[0, 0]",False,weak,"14700,0",[[]],[[]]
2117,"[672, 422]",True,"[0.531439, 0]","[0, 0]",False,weak,"14700,0",[[]],[[]]
2118,"[672, 422]",True,"[0.531439, 0]","[0, 0]",False,weak,"14700,0",[[]],[[]]
2119,"[672, 422]",True,"[0.531439, 0]","[0, 0]",False,weak,"14700,0",[[]],[[]]
2120,"[672, 422]",True,"[0.531439, 0]","[0, 0]",False,weak,"14700,0",[[]],[[]]
2121,"[672, 422]",True,"[0.531439, 0]","[0, 0]",False,weak,"14700,0",[[]],[[]]
2122,"[672, 422]",True,"[0.531439, 0]","[0, 0]",False,weak,"14700,0",[[]],[[]]
2123,"[672, 422]",True,"[0.531439, 0]","[0, 0]",False,weak,"14700,0",[[]],[[]]
2124,"[672, 422]",True,"[0.531439, 0]","[0, 0]",False,weak,"14700,0",[[]],[[]]
2125,"[672, 422]",True,"[0.531439, 0]","[0, 0]",False,weak,"14700,0",[[]],[[]]
2126,"[672, 422]",True,"[0.531439, 0]","[0, 0]",False,weak,"14700,0",[[]],[[]]
2127,"[672, 422]",True,"[0.531439, 0]","[0, 0]",False,weak,"14700,0",[[]],[[]]
2128,"[672, 422]",True,"[0.531439, 0]","[0, 0]",False,weak,"14700,0",[[]],[[]]
2129,"[672, 422]",True,"[0.531439, 0]","[0, 0]",False,weak,"14700,0",[[]],[[]]
2130,"[672, 422]",True,"[0.531439, 0]","[0, 0]",False,weak,"14700,0",[[]],[[]]
2131,"[672, 422]",True,"[0.531439, 0]","[0, 0]",False,weak,"14700,0",[[]],[[]]
2132,"[672, 422]",True,"[0.531439, 0]","[0, 0]",False,weak,"14700,0",[[]],[[]]
2133,"[672, 422]",True,"[0.531439, 0]","[0, 0]",False,weak,"14700,0",[[]],[[]]
2134,"[672, 422]",True,"[0.531439, 0]","[0, 0]",False,weak,"14700,0",[[]],[[]]
2135,"[672, 422]",True,"[0.531439, 0]","[0, 0]",False,weak,"14700,0",[[]],[[]]
2136,"[672, 422]",True,"[0.531439, 0]","[0, 0]",False,weak,"14700,0",[[]],[[]]
2137,"[672, 422]",True,"[0.531439, 0]","[0, 0]",False,weak,"14700,0",[[]],[[]]
2138,"[672, 422]",True,"[0.531439, 0]","[0, 0]",False,weak,"14700,0",[[]],[[]]
2139,"[672, 422]",True,"[0.531439, 0]","[0, 0]",False,weak,"14700,0",[[]],[[]]
2140,"[672, 422]",True,"[0.531439, 0]","[0, 0]",False,weak,"14700,0",[[]],[[]]
2141,"[672, 422]",True,"[0.531439, 0]","[0, 0]",False,weak,"14700,0",[[]],[[]]
2142,"[672, 422]",True,"[0.531439, 0]","[0, 0]",False,weak,"14700,0",[[]],[[]]
2143,"[672, 422]",True,"[0.531439, 0]","[0, 0]",False,weak,"14700,0",[[]],[[]]
2144,"[672, 422]",True,"[0.531439, 0]","[0, 0]",False,weak,"14700,0",[[]],[[]]
2145,"[672, 422]",True,"[0.531439, 0]","[0, 0]",False,weak,"14700,0",[[]],[[]]
2146,"[672, 422]",True,"[0.531439, 0]","[0, 0]",False,weak,"14700,0",[[]],[[]]
2147,"[672, 422]",True,"[0.531439, 0]","[0, 0]",False,weak,"14700,0",[[]],[[]]
2148,"[672, 422]",True,"[0.531439, 0]","[0, 0]",False,weak,"14700,0",[[]],[[]]
2149,"[672, 422]",True,"[0.531439, 0]","[0, 0]",False,weak,"14700,0",[[]],[[]]
2150,"[672, 422]",True,"[0.531439, 0]","[0, 0]",False,weak,"14700,0",[[]],[[]]
2151,"[672, 422]",True,"[0.531439, 0]","[0, 0]",False,weak,"14700,0",[[]],[[]]
2152,"[672, 422]",True,"[0.531439, 0]","[0, 0]",False,weak,"14700,0",[[]],[[]]
2153,"[672, 422]",True,"[0.531439, 0]","[0, 0]",False,weak,"14700,0",[[]],[[]]
2154,"[672, 422]",True,"[0.531439, 0]","[0, 0]",False,weak,"14700,0",[[]],[[]]
2155,"[672, 422]",True,"[0.531439, 0]","[0, 0]",False,weak,"14700,0",[[]],[[]]
2156,"[672, 422]",True,"[0.531439, 0]","[0, 0]",False,weak,"14700,0",[[]],[[]]
2157,"[672, 422]",True,"[0.531439, 0]","[0, 0]",False,weak,"14700,0",[[]],[[]]
2158,"[672, 422]",True,"[0.531439, 0]","[0, 0]",False,weak,"14700,0",[[]],[[]]
2159,"[672, 422]",True,"[0.531439, 0]","[0, 0]",False,weak,"14700,0",[[]],[[]]
2160,"[672, 422]",True,"[0.531439, 0]","[0, 0]",False,weak,"14700,0",[[]],[[]]
2161,"[672, 422]",True,"[0.531439, 0]","[0, 0]",False,weak,"14700,0",[[]],[[]]
2162,"[672, 422]",True,"[0.531439, 0]","[0, 0]",False,weak,"14700,0",[[]],[[]]
2163,"[672, 422]",True,"[0.531439, 0]","[0, 0]",False,weak,"14700,0",[[]],[[]]
2164,"[672, 422]",True,"[0.531439, 0]","[0, 0]",False,weak,"14700,0",[[]],[[]]
2165,"[672, 422]",True,"[0.531439, 0]","[0, 0]",False,weak,"14700,0",[[]],[[]]
2166,"[672, 422]",True,"[0.531439, 0]","[0, 0]",False,weak,"14700,0",[[]],[[]]
2167,"[672, 422]",True,"[0.531439, 0]","[0, 0]",False,weak,"14700,0",[[]],[[]]
2168,"[672, 422]",True,"[0.531439, 0]","[0, 0]",False,weak,"14700,0",[[]],[[]]
2169,"[672, 422]",True,"[0.531439, 0]","[0, 0]",False,weak,"14700,0",[[]],[[]]
2170,"[672, 422]",True,"[0.531439, 0]","[0, 0]",False,weak,"14700,0",[[]],[[]]
2171,"[672, 422]",True,"[0.531439, 0]","[0, 0]",False,weak,"14700,0",[[]],[[]]
2172,"[672, 422]",True,"[0.531439, 0]","[0, 0]",False,weak,"14700,0",[[]],[[]]
2173,"[672, 422]",True,"[0.531439, 0]","[0, 0]",False,weak,"14700,0",[[]],[[]]
2174,"[672, 422]",True,"[0.531439, 0]","[0, 0]",False,weak,"14700,0",[[]],[[]]
2175,"[672, 422]",True,"[0.531439, 0]","[0, 0]",False,weak,"14700,0",[[]],[[]]
2176,"[672, 422]",True,"[0.531439, 0]","[0, 0]",False,weak,"14700,0",[[]],[[]]
2177,"[672, 422]",True,"[0.531439, 0]","[0, 0]",False,weak,"14700,0",[[]],[[]]
2178,"[672, 422]",True,"[0.531439, 0]","[0, 0]",False,weak,"14700,0",[[]],[[]]
2179,"[672, 422]",True,"[0.531439, 0]","[0, 0]",False,weak,"14700,0",[[]],[[]]
2180,"[672, 422]",True,"[0.531439, 0]","[0, 0]",False,weak,"14700,0",[[]],[[]]
2181,"[672, 422]",True,"[0.531439, 0]","[0, 0]",False,weak,"14700,0",[[]],[[]]
2182,"[672, 422]",True,"[0.531439, 0]","[0, 0]",False,weak,"14700,0",[[]],[[]]
2183,"[672, 422]",True,"[0.531439, 0]","[0, 0]",False,weak,"14700,0",[[]],[[]]
2184,"[672, 422]",True,"[0.531439, 0]","[0, 0]",False,weak,"14700,0",[[]],[[]]
2185,"[672, 422]",True,"[0.531439, 0]","[0, 0]",False,weak,"14700,0",[[]],[[]]
2186,"[672, 422]",True,"[0.531439, 0]","[0, 0]",False,weak,"14700,0",[[]],[[]]
2187,"[672, 422]",True,"[0.531439, 0]","[0, 0]",False,weak,"14700,0",[[]],[[]]
2188,"[672, 422]",True,"[0.531439, 0]","[0, 0]",False,weak,"14700,0",[[]],[[]]
2189,"[672, 422]",True,"[0.531439, 0]","[0, 0]",False,weak,"14700,0",[[]],[[]]
2190,"[672, 422]",True,"[0.531439, 0]","[0, 0]",False,weak,"14700,0",[[]],[[]]
2191,"[672, 422]",True,"[0.531439, 0]","[0, 0]",False,weak,"14700,0",[[]],[[]]
2192,"[672, 422]",True,"[0.531439, 0]","[0, 0]",False,weak,"14700,0",[[]],[[]]
2193,"[672, 422]",True,"[0.531439, 0]","[0, 0]",False,weak,"14700,0",[[]],[[]]
2194,"[672, 422]",True,"[0.531439, 0]","[0, 0]",False,weak,"14700,0",[[]],[[]]
2195,"[672, 422]",True,"[0.531439, 0]","[0, 0]",False,weak,"14700,0",[[]],[[]]
2196,"[672, 422]",True,"[0.531439, 0]","[0, 0]",False,weak,"14700,0",[[]],[[]]
2197,"[672, 422]",True,"[0.531439, 0]","[0, 0]",False,weak,"14700,0",[[]],[[]]
2198,"[672, 422]",True,"[0.531439, 0]","[0, 0]",False,weak,"14700,0",[[]],[[]]
2199,"[672, 422]",True,"[0.531439, 0]","[0, 0]",False,weak,"14700,0",[[]],[[]]
2200,"[672, 422]",True,"[0.531439, 0]","[0, 0]",False,weak,"14700,0",[[]],[[]]
2201,"[672, 422]",True,"[0.531439, 0]","[0, 0]",False,weak,"14700,0",[[]],[[]]
2202,"[672, 422]",True,"[0.531439, 0]","[0, 0]",False,weak,"14700,0",[[]],[[]]
2203,"[672, 422]",True,"[0.531439, 0]","[0, 0]",False,weak,"14700,0",[[]],[[]]
2204,"[672, 422]",True,"[0.531439, 0]","[0, 0]",False,weak,"14700,0",[[]],[[]]
2205,"[672, 422]",True,"[0.531439, 0]","[0, 0]",False,weak,"14700,0",[[]],[[]]
2206,"[672, 422]",True,"[0.531439, 0]","[0, 0]",False,weak,"14700,0",[[]],[[]]
2207,"[672, 422]",True,"[0.531439, 0]","[0, 0]",False,weak,"14700,0","[[array([817, 836])]]",[[]]
2208,"[672, 422]",True,"[0.531439, 0]","[0, 0]",False,weak,"14700,0","[[array([817, 826])]]",[[]]
2209,"[672, 422]",True,"[0.531439, 0]","[0, 0]",False,weak,"14700,0","[[array([817, 816])]]",[[]]
2210,"[672, 422]",True,"[0.531439, 0]","[0, 0]",False,weak,"14700,0","[[array([817, 806])]]",[[]]
2211,"[672, 422]",True,"[0.531439, 0]","[0, 0]",False,weak,"14700,0","[[array([817, 796])]]",[[]]
2212,"[672, 422]",True,"[0.531439, 0]","[0, 0]",False,weak,"14700,0","[[array([817, 786])]]",[[]]
2213,"[672, 422]",True,"[0.531439, 0]","[0, 0]",False,weak,"14700,0","[[array([817, 776])]]",[[]]
2214,"[672, 422]",True,"[0.531439, 0]","[0, 0]",False,weak,"14700,0","[[array([817, 766])]]",[[]]
2215,"[672, 422]",True,"[0.531439, 0]","[0, 0]",False,weak,"14700,0","[[array([817, 756])]]",[[]]
2216,"[672, 422]",True,"[0.531439, 0]","[0, 0]",False,weak,"14700,0","[[array([817, 746])]]",[[]]
2217,"[672, 422]",True,"[0.531439, 0]","[0, 0]",False,weak,"14700,0","[[array([817, 736])]]",[[]]
2218,"[672, 422]",True,"[0.531439, 0]","[0, 0]",False,weak,"14700,0","[[array([817, 726])]]",[[]]
2219,"[672, 422]",True,"[0.531439, 0]","[0, 0]",False,weak,"14700,0","[[array([817, 716])]]",[[]]
2220,"[672, 422]",True,"[0.531439, 0]","[0, 0]",False,weak,"14700,0","[[array([817, 706])]]",[[]]
2221,"[672, 422]",True,"[0.531439, 0]","[0, 0]",False,weak,"14700,0","[[array([817, 696]), array([831, 836])]]",[[]]
2222,"[672, 422]",True,"[0.531439, 0]","[0, 0]",False,weak,"14700,0","[[array([817, 686]), array([831, 826]), array([915, 840])]]",[[]]
2223,"[672, 422]",True,"[0.531439, 0]","[0, 0]",False,weak,"14700,0","[[array([817, 676]), array([831, 816]), array([915, 830])]]",[[]]
2224,"[672, 422]",True,"[0.531439, 0]","[0, 0]",False,weak,"14700,0","[[array([817, 666]), array([831, 806]), array([915, 820])]]",[[]]
2225,"[672, 422]",True,"[0.531439, 0]","[0, 0]",False,weak,"14700,0","[[array([817, 656]), array([831, 796]), array([915, 810])]]",[[]]
2226,"[672, 422]",True,"[0.531439, 0]","[0, 0]",False,weak,"14700,0","[[array([817, 646]), array([831, 786]), array([915, 800])]]",[[]]
2227,"[672, 422]",True,"[0.531439, 0]","[0, 0]",False,weak,"14700,0","[[array([817, 636]), array([831, 776]), array([915, 790])]]",[[]]
2228,"[672, 422]",True,"[0.531439, 0]","[0, 0]",False,weak,"14700,0","[[array([817, 626]), array([831, 766]), array([915, 780])]]",[[]]
2229,"[672, 422]",True,"[0.531439, 0]","[0, 0]",False,weak,"14700,0","[[array([817, 616]), array([831, 756]), array([915, 770])]]",[[]]
2230,"[672, 422]",True,"[0.531439, 0]","[0, 0]",False,weak,"14700,0","[[array([817, 606]), array([831, 746]), array([915, 760])]]",[[]]
2231,"[672, 422]",True,"[0.531439, 0]","[0, 0]",False,weak,"14700,0","[[array([817, 596]), array([831, 736]), array([915, 750])]]",[[]]
2232,"[672, 422]",True,"[0.531439, 0]","[0, 0]",False,weak,"14700,0","[[array([817, 586]), array([831, 726]), array([915, 740])]]",[[]]
2233,"[672, 422]",True,"[0.531439, 0]","[0, 0]",False,weak,"14700,0","[[array([817, 576]), array([831, 716]), array([915, 730])]]",[[]]
2234,"[672, 422]",True,"[0.531439, 0]","[0, 0]",False,weak,"14700,0","[[array([817, 566]), array([831, 706]), array([915, 720])]]",[[]]
2235,"[672, 422]",True,"[0.531439, 0]","[0, 0]",False,weak,"14700,0","[[array([817, 556]), array([831, 696]), array([915, 710]), array([887, 836])]]",[[]]
2236,"[672, 422]",True,"[0.531439, 0]","[0, 0]",False,weak,"14700,0","[[array([817, 546]), array([831, 686]), array([915, 700]), array([887, 826])]]",[[]]
2237,"[672, 422]",True,"[0.531439, 0]","[0, 0]",False,weak,"14700,0","[[array([817, 536]), array([831, 676]), array([915, 690]), array([887, 816])]]",[[]]
2238,"[672, 422]",True,"[0.531439, 0]","[0, 0]",False,weak,"14700,0","[[array([817, 526]), array([831, 666]), array([915, 680]), array([887, 806])]]",[[]]
2239,"[672, 422]",True,"[0.531439, 0]","[0, 0]",False,weak,"14700,0","[[array([817, 516]), array([831, 656]), array([915, 670]), array([887, 796])]]",[[]]
2240,"[672, 422]",True,"[0.531439, 0]","[0, 0]",False,weak,"14700,0","[[array([817, 506]), array([831, 646]), array([915, 660]), array([887, 786])]]",[[]]
2241,"[672, 422]",True,"[0.531439, 0]","[0, 0]",False,weak,"14700,0","[[array([817, 496]), array([831, 636]), array([915, 650]), array([887, 776])]]",[[]]
2242,"[672, 422]",True,"[0.531439, 0]","[0, 0]",False,weak,"14700,0","[[array([817, 486]), array([831, 626]), array([915, 640]), array([887, 766])]]",[[]]
2243,"[672, 422]",True,"[0.531439, 0]","[0, 0]",False,weak,"14700,0","[[array([817, 476]), array([831, 616]), array([915, 630]), array([887, 756])]]",[[]]
2244,"[672, 422]",True,"[0.531439, 0]","[0, 0]",False,weak,"14700,0","[[array([817, 466]), array([831, 606]), array([915, 620]), array([887, 746])]]",[[]]
2245,"[672, 422]",True,"[0.531439, 0]","[0, 0]",False,weak,"14700,0","[[array([817, 456]), array([831, 596]), array([915, 610]), array([887, 736])]]",[[]]
2246,"[672, 422]",True,"[0.531439, 0]","[0, 0]",False,weak,"14700,0","[[array([817, 446]), array([831, 586]), array([915, 600]), array([887, 726])]]",[[]]
2247,"[672, 422]",True,"[0.531439, 0]","[0, 0]",False,weak,"14700,0","[[array([817, 436]), array([831, 576]), array([915, 590]), array([887, 716])]]",[[]]
2248,"[672, 422]",True,"[0.531439, 0]","[0, 0]",False,weak,"14700,0","[[array([817, 426]), array([831, 566]), array([915, 580]), array([887, 706])]]",[[]]
2249,"[672, 422]",True,"[0.531439, 0]","[0, 0]",False,weak,"14700,0","[[array([817, 416]), array([831, 556]), array([915, 570]), array([887, 696])]]",[[]]
2250,"[672, 422]",True,"[0.531439, 0]","[0, 0]",False,weak,"14700,0","[[array([817, 406]), array([831, 546]), array([915, 560]), array([887, 686])]]",[[]]
2251,"[672, 422]",True,"[0.531439, 0]","[0, 0]",False,weak,"14700,0","[[array([817, 396]), array([831, 536]), array([915, 550]), array([887, 676])]]",[[]]
2252,"[672, 422]",True,"[0.531439, 0]","[0, 0]",False,weak,"14700,0","[[array([817, 386]), array([831, 526]), array([915, 540]), array([887, 666])]]",[[]]
2253,"[672, 422]",True,"[0.531439, 0]","[0, 0]",False,weak,"14700,0","[[array([817, 376]), array([831, 516]), array([915, 530]), array([887, 656])]]",[[]]
2254,"[672, 422]",True,"[0.531439, 0]","[0, 0]",False,weak,"14700,0","[[array([817, 366]), array([831, 506]), array([915, 520]), array([887, 646])]]",[[]]
2255,"[672, 422]",True,"[0.531439, 0]","[0, 0]",False,weak,"14700,0","[[array([817, 356]), array([831, 496]), array([915, 510]), array([887, 636])]]",[[]]
2256,"[672, 422]",True,"[0.531439, 0]","[0, 0]",False,weak,"14700,0","[[array([817, 346]), array([831, 486]), array([915, 500]), array([887, 626])]]",[[]]
2257,"[672, 422]",True,"[0.531439, 0]","[0, 0]",False,weak,"14700,0","[[array([817, 336]), array([831, 476]), array([915, 490]), array([887, 616])]]",[[]]
2258,"[672, 422]",True,"[0.531439, 0]","[0, 0]",False,weak,"14700,0","[[array([817, 326]), array([831, 466]), array([915, 480]), array([887, 606])]]",[[]]
2259,"[672, 422]",True,"[0.531439, 0]","[0, 0]",False,weak,"14700,0","[[array([817, 316]), array([831, 456]), array([915, 470]), array([887, 596])]]",[[]]
2260,"[672, 422]",True,"[0.531439, 0]","[0, 0]",False,weak,"14700,0","[[array([817, 306]), array([831, 446]), array([915, 460]), array([887, 586])]]",[[]]
2261,"[672, 422]",True,"[0.531439, 0]","[0, 0]",False,weak,"14700,0","[[array([817, 296]), array([831, 436]), array([915, 450]), array([887, 576])]]",[[]]
2262,"[672, 422]",True,"[0.531439, 0]","[0, 0]",False,weak,"14700,0","[[array([817, 286]), array([831, 426]), array([915, 440]), array([887, 566])]]",[[]]
2263,"[672, 422]",True,"[0.531439, 0]","[0, 0]",False,weak,"14700,0","[[array([817, 276]), array([831, 416]), array([915, 430]), array([887, 556])]]",[[]]
2264,"[672, 422]",True,"[0.531439, 0]","[0, 0]",False,weak,"14700,0","[[array([817, 266]), array([831, 406]), array([915, 420]), array([887, 546])]]",[[]]
2265,"[672, 422]",True,"[0.531439, 0]","[0, 0]",False,weak,"14700,0","[[array([817, 256]), array([831, 396]), array([915, 410]), array([887, 536])]]",[[]]
2266,"[672, 422]",True,"[0.531439, 0]","[0, 0]",False,weak,"14700,0","[[array([817, 246]), array([831, 386]), array([915, 400]), array([887, 526])]]",[[]]
2267,"[672, 422]",True,"[0.531439, 0]","[0, 0]",False,weak,"14700,0","[[array([817, 236]), array([831, 376]), array([915, 390]), array([887, 516])]]",[[]]
2268,"[672, 422]",True,"[0.531439, 0]","[0, 0]",False,weak,"14700,0","[[array([817, 226]), array([831, 366]), array([915, 380]), array([887, 506])]]",[[]]
2269,"[672, 422]",True,"[0.531439, 0]","[0, 0]",False,weak,"14700,0","[[array([817, 216]), array([831, 356]), array([915, 370]), array([887, 496])]]",[[]]
2270,"[672, 422]",True,"[0.531439, 0]","[0, 0]",False,weak,"14700,0","[[array([817, 206]), array([831, 346]), array([915, 360]), array([887, 486])]]",[[]]
2271,"[672, 422]",True,"[0.531439, 0]","[0, 0]",False,weak,"14700,0","[[array([817, 196]), array([831, 336]), array([915, 350]), array([887, 476])]]",[[]]
2272,"[672, 422]",True,"[0.531439, 0]","[0, 0]",False,weak,"14700,0","[[array([817, 186]), array([831, 326]), array([915, 340]), array([887, 466])]]",[[]]
2273,"[672, 422]",True,"[0.531439, 0]","[0, 0]",False,weak,"14700,0","[[array([817, 176]), array([831, 316]), array([915, 330]), array([887, 456])]]",[[]]
2274,"[672, 422]",True,"[0.531439, 0]","[0, 0]",False,weak,"14700,0","[[array([817, 166]), array([831, 306]), array([915, 320]), array([887, 446]), array([901, 838])]]",[[]]
2275,"[672, 422]",True,"[0.531439, 0]","[0, 0]",False,weak,"14700,0","[[array([817, 156]), array([831, 296]), array([915, 310]), array([887, 436]), array([901, 828])]]",[[]]
2276,"[672, 422]",True,"[0.531439, 0]","[0, 0]",False,weak,"14700,0","[[array([817, 146]), array([831, 286]), array([915, 300]), array([887, 426]), array([901, 818])]]",[[]]
2277,"[672, 422]",True,"[0.531439, 0]","[0, 0]",False,weak,"14700,0","[[array([817, 136]), array([831, 276]), array([915, 290]), array([887, 416]), array([901, 808])]]",[[]]
2278,"[672, 422]",True,"[0.531439, 0]","[0, 0]",False,weak,"14700,0","[[array([817, 126]), array([831, 266]), array([915, 280]), array([887, 406]), array([901, 798])]]",[[]]
2279,"[672, 422]",True,"[0.531439, 0]","[0, 0]",False,weak,"14700,0","[[array([817, 116]), array([831, 256]), array([915, 270]), array([887, 396]), array([901, 788])]]",[[]]
2280,"[672, 422]",True,"[0.531439, 0]","[0, 0]",False,weak,"14700,0","[[array([817, 106]), array([831, 246]), array([915, 260]), array([887, 386]), array([901, 778])]]",[[]]
2281,"[672, 422]",True,"[0.531439, 0]","[0, 0]",False,weak,"14700,0","[[array([817,  96]), array([831, 236]), array([915, 250]), array([887, 376]), array([901, 768])]]",[[]]
2282,"[672, 422]",True,"[0.531439, 0]","[0, 0]",False,weak,"14700,0","[[array([817,  86]), array([831, 226]), array([915, 240]), array([887, 366]), array([901, 758])]]",[[]]
2283,"[672, 422]",True,"[0.531439, 0]","[0, 0]",False,weak,"14700,0","[[array([817,  76]), array([831, 216]), array([915, 230]), array([887, 356]), array([901, 748])]]",[[]]
2284,"[672, 422]",True,"[0.531439, 0]","[0, 0]",False,weak,"14700,0","[[array([817,  66]), array([831, 206]), array([915, 220]), array([887, 346]), array([901, 738])]]",[[]]
2285,"[672, 422]",True,"[0.531439, 0]","[0, 0]",False,weak,"14700,0","[[array([817,  56]), array([831, 196]), array([915, 210]), array([887, 336]), array([901, 728])]]",[[]]
2286,"[672, 422]",True,"[0.531439, 0]","[0, 0]",False,weak,"14700,0","[[array([817,  46]), array([831, 186]), array([915, 200]), array([887, 326]), array([901, 718])]]",[[]]
2287,"[672, 422]",True,"[0.531439, 0]","[0, 0]",False,weak,"14700,0","[[array([817,  36]), array([831, 176]), array([915, 190]), array([887, 316]), array([901, 708])]]",[[]]
2288,"[672, 422]",True,"[0.531439, 0]","[0, 0]",False,weak,"14700,0","[[array([817,  26]), array([831, 166]), array([915, 180]), array([887, 306]), array([901, 698])]]",[[]]
2289,"[672, 422]",True,"[0.531439, 0]","[0, 0]",False,weak,"14700,0","[[array([817,  16]), array([831, 156]), array([915, 170]), array([887, 296]), array([901, 688])]]",[[]]
2290,"[672, 422]",True,"[0.531439, 0]","[0, 0]",False,weak,"14700,0","[[array([817,   6]), array([831, 146]), array([915, 160]), array([887, 286]), array([901, 678])]]",[[]]
2291,"[672, 422]",True,"[0.531439, 0]","[0, 0]",False,weak,"14700,0","[[array([831, 136]), array([915, 150]), array([887, 276]), array([901, 668])]]",[[]]
2292,"[672, 422]",True,"[0.531439, 0]","[0, 0]",False,weak,"14700,0","[[array([831, 126]), array([915, 140]), array([887, 266]), array([901, 658]), array([579, 840])]]",[[]]
2293,"[672, 422]",True,"[0.531439, 0]","[0, 0]",False,weak,"14700,0","[[array([831, 116]), array([915, 130]), array([887, 256]), array([901, 648]), array([579, 830])]]",[[]]
2294,"[672, 422]",True,"[0.531439, 0]","[0, 0]",False,weak,"14700,0","[[array([831, 106]), array([915, 120]), array([887, 246]), array([901, 638]), array([579, 820])]]",[[]]
2295,"[672, 422]",True,"[0.531439, 0]","[0, 0]",False,weak,"14700,0","[[array([831,  96]), array([915, 110]), array([887, 236]), array([901, 628]), array([579, 810])]]",[[]]
2296,"[672, 422]",True,"[0.531439, 0]","[0, 0]",False,weak,"14700,0","[[array([831,  86]), array([915, 100]), array([887, 226]), array([901, 618]), array([579, 800])]]",[[]]
2297,"[672, 422]",True,"[0.531439, 0]","[0, 0]",False,weak,"14700,0","[[array([831,  76]), array([915,  90]), array([887, 216]), array([901, 608]), array([579, 790])]]",[[]]
2298,"[672, 422]",True,"[0.531439, 0]","[0, 0]",False,weak,"14700,0","[[array([831,  66]), array([915,  80]), array([887, 206]), array([901, 598]), array([579, 780])]]",[[]]
2299,"[672, 422]",True,"[0.531439, 0]","[0, 0]",False,weak,"14700,0","[[array([831,  56]), array([915,  70]), array([887, 196]), array([901, 588]), array([579, 770])]]",[[]]
2300,"[672, 422]",True,"[0.531439, 0]","[0, 0]",False,weak,"14700,0","[[array([831,  46]), array([915,  60]), array([887, 186]), array([901, 578]), array([579, 760])]]",[[]]
2301,"[672, 422]",True,"[0.531439, 0]","[0, 0]",False,weak,"14700,0","[[array([831,  36]), array([915,  50]), array([887, 176]), array([901, 568]), array([579, 750])]]",[[]]
2302,"[672, 422]",True,"[0.531439, 0]","[0, 0]",False,weak,"14700,0","[[array([831,  26]), array([915,  40]), array([887, 166]), array([901, 558]), array([579, 740])]]",[[]]
2303,"[672, 422]",True,"[0.531439, 0]","[0, 0]",False,weak,"14700,0","[[array([831,  16]), array([915,  30]), array([887, 156]), array([901, 548]), array([579, 730])]]",[[]]
2304,"[672, 422]",True,"[0.531439, 0]","[0, 0]",False,weak,"14700,0","[[array([831,   6]), array([915,  20]), array([887, 146]), array([901, 538]), array([579, 720])]]",[[]]
2305,"[672, 422]",True,"[0.531439, 0]","[0, 0]",False,weak,"14700,0","[[array([915,  10]), array([887, 136]), array([901, 528]), array([579, 710])]]",[[]]
2306,"[672, 422]",True,"[0.531439, 0]","[0, 0]",False,weak,"14700,0","[[array([915,   0]), array([887, 126]), array([901, 518]), array([579, 700])]]",[[]]
2307,"[672, 422]",True,"[0.531439, 0]","[0, 0]",False,weak,"14700,0","[[array([887, 116]), array([901, 508]), array([579, 690])]]",[[]]
2308,"[672, 422]",True,"[0.531439, 0]","[0, 0]",False,weak,"14700,0","[[array([887, 106]), array([901, 498]), array([579, 680])]]",[[]]
2309,"[672, 422]",True,"[0.531439, 0]","[0, 0]",False,weak,"14700,0","[[array([887,  96]), array([901, 488]), array([579, 670])]]",[[]]
2310,"[672, 422]",True,"[0.531439, 0]","[0, 0]",False,weak,"14700,0","[[array([887,  86]), array([901, 478]), array([579, 660])]]",[[]]
2311,"[672, 422]",True,"[0.531439, 0]","[0, 0]",False,weak,"14700,0","[[array([887,  76]), array([901, 468]), array([579, 650])]]",[[]]
2312,"[672, 422]",True,"[0.531439, 0]","[0, 0]",False,weak,"14700,0","[[array([887,  66]), array([901, 458]), array([579, 640])]]",[[]]
2313,"[672, 422]",True,"[0.531439, 0]","[0, 0]",False,weak,"14700,0","[[array([887,  56]), array([901, 448]), array([579, 630])]]",[[]]
2314,"[672, 422]",True,"[0.531439, 0]","[0, 0]",False,weak,"14700,0","[[array([887,  46]), array([901, 438]), array([579, 620])]]",[[]]
2315,"[672, 422]",True,"[0.531439, 0]","[0, 0]",False,weak,"14700,0","[[array([887,  36]), array([901, 428]), array([579, 610])]]",[[]]
2316,"[672, 422]",True,"[0.531439, 0]","[0, 0]",False,weak,"14700,0","[[array([887,  26]), array([901, 418]), array([579, 600])]]",[[]]
2317,"[672, 422]",True,"[0.531439, 0]","[0, 0]",False,weak,"14700,0","[[array([887,  16]), array([901, 408]), array([579, 590])]]",[[]]
2318,"[672, 422]",True,"[0.531439, 0]","[0, 0]",False,weak,"14700,0","[[array([887,   6]), array([901, 398]), array([579, 580])]]",[[]]
2319,"[672, 422]",True,"[0.531439, 0]","[0, 0]",False,weak,"14700,0","[[array([901, 388]), array([579, 570])]]",[[]]
2320,"[672, 422]",True,"[0.531439, 0]","[0, 0]",False,weak,"14700,0","[[array([901, 378]), array([579, 560]), array([425, 840])]]",[[]]
2321,"[672, 422]",True,"[0.531439, 0]","[0, 0]",False,weak,"14700,0","[[array([901, 368]), array([579, 550]), array([425, 830])]]",[[]]
2322,"[672, 422]",True,"[0.531439, 0]","[0, 0]",False,weak,"14700,0","[[array([901, 358]), array([579, 540]), array([425, 820])]]",[[]]
2323,"[672, 422]",True,"[0.531439, 0]","[0, 0]",False,weak,"14700,0","[[array([901, 348]), array([579, 530]), array([425, 810])]]",[[]]
2324,"[672, 422]",True,"[0.531439, 0]","[0, 0]",False,weak,"14700,0","[[array([901, 338]), array([579, 520]), array([425, 800])]]",[[]]
2325,"[672, 422]",True,"[0.531439, 0]","[0, 0]",False,weak,"14700,0","[[array([901, 328]), array([579, 510]), array([425, 790])]]",[[]]
2326,"[672, 422]",True,"[0.531439, 0]","[0, 0]",False,weak,"14700,0","[[array([901, 318]), array([579, 500]), array([425, 780])]]",[[]]
2327,"[672, 422]",True,"[0.531439, 0]","[0, 0]",False,weak,"14700,0","[[array([901, 308]), array([579, 490]), array([425, 770])]]",[[]]
2328,"[672, 422]",True,"[0.531439, 0]","[0, 0]",False,weak,"14700,0","[[array([901, 298]), array([579, 480]), array([425, 760])]]",[[]]
2329,"[672, 422]",True,"[0.531439, 0]","[0, 0]",False,weak,"14700,0","[[array([901, 288]), array([579, 470]), array([425, 750]), array([663, 834])]]",[[]]
2330,"[672, 422]",True,"[0.531439, 0]","[0, 0]",False,weak,"14700,0","[[array([886, 278]), array([564, 460]), array([410, 740]), array([648, 824])]]",[[]]
2331,"[672, 422]",True,"[0.531439, 0]","[0, 0]",False,weak,"14700,0","[[array([870, 268]), array([548, 450]), array([394, 730]), array([632, 814])]]",[[]]
2332,"[672, 422]",True,"[0.531439, 0]","[0, 0]",False,weak,"14700,0","[[array([868, 258]), array([546, 440]), array([392, 720]), array([630, 804])]]",[[]]
2333,"[672, 422]",True,"[0.531439, 0]","[0, 0]",False,weak,"14700,0","[[array([856, 248]), array([534, 430]), array([380, 710]), array([618, 794])]]",[[]]
2334,"[672, 422]",True,"[0.531439, 0]","[0, 0]",False,weak,"14700,0","[[array([856, 238]), array([534, 420]), array([380, 700]), array([618, 784])]]",[[]]
2335,"[672, 422]",True,"[0.531439, 0]","[0, 0]",False,weak,"14700,0","[[array([856, 228]), array([534, 410]), array([380, 690]), array([618, 774])]]",[[]]
2336,"[672, 422]",True,"[0.531439, 0]","[0, 0]",False,weak,"14700,0","[[array([856, 218]), array([534, 400]), array([380, 680]), array([618, 764])]]",[[]]
2337,"[672, 422]",True,"[0.531439, 0]","[0, 0]",False,weak,"14700,0","[[array([856, 208]), array([534, 390]), array([380, 670]), array([618, 754])]]",[[]]
2338,"[672, 422]",True,"[0.531439, 0]","[0, 0]",False,weak,"14700,0","[[array([856, 198]), array([534, 380]), array([380, 660]), array([618, 744])]]",[[]]
2339,"[672, 422]",True,"[0.531439, 0]","[0, 0]",False,weak,"14700,0","[[array([856, 188]), array([534, 370]), array([380, 650]), array([618, 734])]]",[[]]
2340,"[672, 422]",True,"[0.531439, 0]","[0, 0]",False,weak,"14700,0","[[array([856, 178]), array([534, 360]), array([380, 640]), array([618, 724])]]",[[]]
2341,"[672, 422]",True,"[0.531439, 0]","[0, 0]",False,weak,"14700,0","[[array([856, 168]), array([534, 350]), array([380, 630]), array([618, 714])]]",[[]]
2342,"[672, 422]",True,"[0.531439, 0]","[0, 0]",False,weak,"14700,0","[[array([856, 158]), array([534, 340]), array([380, 620]), array([618, 704])]]",[[]]
2343,"[672, 422]",True,"[0.531439, 0]","[0, 0]",False,weak,"14700,0","[[array([856, 148]), array([534, 330]), array([380, 610]), array([618, 694])]]",[[]]
2344,"[672, 422]",True,"[0.531439, 0]","[0, 0]",False,weak,"14700,0","[[array([856, 138]), array([534, 320]), array([380, 600]), array([618, 684])]]",[[]]
2345,"[672, 422]",True,"[0.531439, 0]","[0, 0]",False,weak,"14700,0","[[array([856, 128]), array([534, 310]), array([380, 590]), array([618, 674])]]",[[]]
2346,"[672, 422]",True,"[0.531439, 0]","[0, 0]",False,weak,"14700,0","[[array([856, 118]), array([534, 300]), array([380, 580]), array([618, 664])]]",[[]]
2347,"[672, 422]",True,"[0.531439, 0]","[0, 0]",False,weak,"14700,0","[[array([856, 108]), array([534, 290]), array([380, 570]), array([618, 654])]]",[[]]
2348,"[672, 422]",True,"[0.531439, 0]","[0, 0]",False,weak,"14700,0","[[array([856,  98]), array([534, 280]), array([380, 560]), array([618, 644])]]",[[]]
2349,"[672, 422]",True,"[0.531439, 0]","[0, 0]",False,weak,"14700,0","[[array([856,  88]), array([534, 270]), array([380, 550]), array([618, 634])]]",[[]]
2350,"[672, 422]",True,"[0.531439, 0]","[0, 0]",False,weak,"14700,0","[[array([856,  78]), array([534, 260]), array([380, 540]), array([618, 624])]]",[[]]
2351,"[672, 422]",True,"[0.531439, 0]","[0, 0]",False,weak,"14700,0","[[array([856,  68]), array([534, 250]), array([380, 530]), array([618, 614])]]",[[]]
2352,"[672, 422]",True,"[0.531439, 0]","[0, 0]",False,weak,"14700,0","[[array([856,  58]), array([534, 240]), array([380, 520]), array([618, 604])]]",[[]]
2353,"[672, 422]",True,"[0.531439, 0]","[0, 0]",False,weak,"14700,0","[[array([846,  48]), array([524, 230]), array([370, 510]), array([608, 594])]]",[[]]
2354,"[672, 422]",True,"[0.531439, 0]","[0, 0]",False,weak,"14700,0","[[array([832,  38]), array([510, 220]), array([356, 500]), array([594, 584])]]",[[]]
2355,"[672, 422]",True,"[0.531439, 0]","[0, 0]",False,weak,"14700,0","[[array([830,  28]), array([508, 210]), array([354, 490]), array([592, 574])]]",[[]]
2356,"[672, 422]",True,"[0.531439, 0]","[0, 0]",False,weak,"14700,0","[[array([818,  18]), array([496, 200]), array([342, 480]), array([580, 564])]]",[[]]
2357,"[672, 422]",True,"[0.531439, 0]","[0, 0]",False,weak,"14700,0","[[array([807,   8]), array([485, 190]), array([331, 470]), array([569, 554])]]",[[]]
2358,"[672, 422]",True,"[0.531439, 0]","[0, 0]",False,weak,"14700,0","[[array([485, 180]), array([331, 460]), array([569, 544])]]",[[]]
2359,"[672, 422]",True,"[0.531439, 0]","[0, 0]",False,weak,"14700,0","[[array([485, 170]), array([331, 450]), array([569, 534])]]",[[]]
2360,"[672, 422]",True,"[0.531439, 0]","[0, 0]",False,weak,"14700,0","[[array([485, 160]), array([331, 440]), array([569, 524])]]",[[]]
2361,"[672, 422]",True,"[0.531439, 0]","[0, 0]",False,weak,"14700,0","[[array([485, 150]), array([331, 430]), array([569, 514])]]",[[]]
2362,"[672, 422]",True,"[0.531439, 0]","[0, 0]",False,weak,"14700,0","[[array([485, 140]), array([331, 420]), array([569, 504])]]",[[]]
2363,"[672, 422]",True,"[0.531439, 0]","[0, 0]",False,weak,"14700,0","[[array([485, 130]), array([331, 410]), array([569, 494])]]",[[]]
2364,"[672, 422]",True,"[0.531439, 0]","[0, 0]",False,weak,"14700,0","[[array([485, 120]), array([331, 400]), array([569, 484])]]",[[]]
2365,"[672, 422]",True,"[0.531439, 0]","[0, 0]",False,weak,"14700,0","[[array([485, 110]), array([331, 390]), array([569, 474])]]",[[]]
2366,"[672, 422]",True,"[0.531439, 0]","[0, 0]",False,weak,"14700,0","[[array([485, 100]), array([331, 380]), array([569, 464])]]",[[]]
2367,"[672, 422]",True,"[0.531439, 0]","[0, 0]",False,weak,"14700,0","[[array([485,  90]), array([331, 370]), array([569, 454])]]",[[]]
2368,"[672, 422]",True,"[0.531439, 0]","[0, 0]",False,weak,"14700,0","[[array([485,  80]), array([331, 360]), array([569, 444])]]",[[]]
2369,"[672, 422]",True,"[0.531439, 0]","[0, 0]",False,weak,"14700,0","[[array([485,  70]), array([331, 350]), array([569, 434]), array([695, 840])]]",[[]]
2370,"[672, 422]",True,"[0.531439, 0]","[0, 0]",False,weak,"14700,0","[[array([485,  60]), array([331, 340]), array([569, 424]), array([695, 830])]]",[[]]
2371,"[672, 422]",True,"[0.531439, 0]","[0, 0]",False,weak,"14700,0","[[array([485,  50]), array([331, 330]), array([569, 414]), array([695, 820]), array([331, 834]), array([541, 834])]]",[[]]
2372,"[672, 422]",True,"[0.531439, 0]","[0, 0]",False,weak,"14700,0","[[array([485,  40]), array([331, 320]), array([569, 404]), array([695, 810]), array([331, 824]), array([541, 824])]]",[[]]
2373,"[672, 422]",True,"[0.531439, 0]","[0, 0]",False,weak,"14700,0","[[array([485,  30]), array([331, 310]), array([569, 394]), array([695, 800]), array([331, 814]), array([541, 814])]]",[[]]
2374,"[672, 422]",True,"[0.531439, 0]","[0, 0]",False,weak,"14700,0","[[array([485,  20]), array([331, 300]), array([569, 384]), array([695, 790]), array([331, 804]), array([541, 804])]]",[[]]
2375,"[672, 422]",True,"[0.531439, 0]","[0, 0]",False,weak,"14700,0","[[array([485,  10]), array([331, 290]), array([569, 374]), array([695, 780]), array([331, 794]), array([541, 794])]]",[[]]
2376,"[672, 422]",True,"[0.531439, 0]","[0, 0]",False,weak,"14700,0","[[array([485,   0]), array([331, 280]), array([569, 364]), array([695, 770]), array([331, 784]), array([541, 784])]]",[[]]
2377,"[672, 422]",True,"[0.531439, 0]","[0, 0]",False,weak,"14700,0","[[array([331, 270]), array([569, 354]), array([695, 760]), array([331, 774]), array([541, 774])]]",[[]]
2378,"[672, 422]",True,"[0.531439, 0]","[0, 0]",False,weak,"14700,0","[[array([331, 260]), array([569, 344]), array([695, 750]), array([331, 764]), array([541, 764])]]",[[]]
2379,"[672, 422]",True,"[0.531439, 0]","[0, 0]",False,weak,"14700,0","[[array([331, 250]), array([569, 334]), array([695, 740]), array([331, 754]), array([541, 754])]]",[[]]
2380,"[672, 422]",True,"[0.531439, 0]","[0, 0]",False,weak,"14700,0","[[array([331, 240]), array([569, 324]), array([695, 730]), array([331, 744]), array([541, 744])]]",[[]]
2381,"[672, 422]",True,"[0.531439, 0]","[0, 0]",False,weak,"14700,0","[[array([331, 230]), array([569, 314]), array([695, 720]), array([331, 734]), array([541, 734])]]",[[]]
2382,"[672, 422]",True,"[0.531439, 0]","[0, 0]",False,weak,"14700,0","[[array([331, 220]), array([569, 304]), array([695, 710]), array([331, 724]), array([541, 724])]]",[[]]
2383,"[672, 422]",True,"[0.531439, 0]","[0, 0]",False,weak,"14700,0","[[array([331, 210]), array([569, 294]), array([695, 700]), array([331, 714]), array([541, 714]), array([751, 840])]]",[[]]
2384,"[672, 422]",True,"[0.531439, 0]","[0, 0]",False,weak,"14700,0","[[array([331, 200]), array([569, 284]), array([695, 690]), array([331, 704]), array([541, 704]), array([751, 830])]]",[[]]
2385,"[672, 422]",True,"[0.531439, 0]","[0, 0]",False,weak,"14700,0","[[array([344, 190]), array([582, 274]), array([708, 680]), array([344, 694]), array([554, 694]), array([764, 820])]]",[[]]
2386,"[672, 422]",True,"[0.531439, 0]","[0, 0]",False,weak,"14700,0","[[array([354, 180]), array([592, 264]), array([718, 670]), array([354, 684]), array([564, 684]), array([774, 810])]]",[[]]
2387,"[672, 422]",True,"[0.531439, 0]","[0, 0]",False,weak,"14700,0","[[array([365, 170]), array([603, 254]), array([729, 660]), array([365, 674]), array([575, 674]), array([785, 800])]]",[[]]
2388,"[672, 422]",True,"[0.531439, 0]","[0, 0]",False,weak,"14700,0","[[array([377, 160]), array([615, 244]), array([741, 650]), array([377, 664]), array([587, 664]), array([797, 790])]]",[[]]
2389,"[672, 422]",True,"[0.531439, 0]","[0, 0]",False,weak,"14700,0","[[array([391, 150]), array([629, 234]), array([755, 640]), array([391, 654]), array([601, 654]), array([811, 780])]]",[[]]
2390,"[672, 422]",True,"[0.531439, 0]","[0, 0]",False,weak,"14700,0","[[array([395, 140]), array([633, 224]), array([759, 630]), array([395, 644]), array([605, 644]), array([815, 770])]]",[[]]
2391,"[672, 422]",True,"[0.531439, 0]","[0, 0]",False,weak,"14700,0","[[array([409, 130]), array([647, 214]), array([773, 620]), array([409, 634]), array([619, 634]), array([829, 760])]]",[[]]
2392,"[672, 422]",True,"[0.531439, 0]","[0, 0]",False,weak,"14700,0","[[array([409, 120]), array([647, 204]), array([773, 610]), array([409, 624]), array([619, 624]), array([829, 750])]]",[[]]
2393,"[672, 422]",True,"[0.531439, 0]","[0, 0]",False,weak,"14700,0","[[array([409, 110]), array([647, 194]), array([773, 600]), array([409, 614]), array([619, 614]), array([829, 740])]]",[[]]
2394,"[672, 422]",True,"[0.531439, 0]","[0, 0]",False,weak,"14700,0","[[array([409, 100]), array([647, 184]), array([773, 590]), array([409, 604]), array([619, 604]), array([829, 730])]]",[[]]
2395,"[672, 422]",True,"[0.531439, 0]","[0, 0]",False,weak,"14700,0","[[array([409,  90]), array([647, 174]), array([773, 580]), array([409, 594]), array([619, 594]), array([829, 720]), array([885, 832])]]",[[]]
2396,"[672, 422]",True,"[0.531439, 0]","[0, 0]",False,weak,"14700,0","[[array([409,  80]), array([647, 164]), array([773, 570]), array([409, 584]), array([619, 584]), array([829, 710]), array([885, 822])]]",[[]]
2397,"[672, 422]",True,"[0.531439, 0]","[0, 0]",False,weak,"14700,0","[[array([409,  70]), array([647, 154]), array([773, 560]), array([409, 574]), array([619, 574]), array([829, 700]), array([885, 812])]]",[[]]
2398,"[672, 422]",True,"[0.531439, 0]","[0, 0]",False,weak,"14700,0","[[array([409,  60]), array([647, 144]), array([773, 550]), array([409, 564]), array([619, 564]), array([829, 690]), array([885, 802])]]",[[]]
2399,"[672, 422]",True,"[0.531439, 0]","[0, 0]",False,weak,"14700,0","[[array([409,  50]), array([647, 134]), array([773, 540]), array([409, 554]), array([619, 554]), array([829, 680]), array([885, 792])]]",[[]]
2400,"[672, 422]",True,"[0.531439, 0]","[0, 0]",False,weak,"14700,0","[[array([409,  40]), array([647, 124]), array([773, 530]), array([409, 544]), array([619, 544]), array([829, 670]), array([885, 782]), array([801, 838])]]",[[]]
2401,"[672, 422]",True,"[0.531439, 0]","[0, 0]",False,weak,"14700,0","[[array([409,  30]), array([647, 114]), array([773, 520]), array([409, 534]), array([619, 534]), array([829, 660]), array([885, 772]), array([801, 828])]]",[[]]
2402,"[672, 422]",True,"[0.531439, 0]","[0, 0]",False,weak,"14700,0","[[array([409,  20]), array([647, 104]), array([773, 510]), array([409, 524]), array([619, 524]), array([829, 650]), array([885, 762]), array([801, 818])]]",[[]]
2403,"[672, 422]",True,"[0.531439, 0]","[0, 0]",False,weak,"14700,0","[[array([400,  10]), array([638,  94]), array([764, 500]), array([400, 514]), array([610, 514]), array([820, 640]), array([876, 752]), array([792, 808])]]",[[]]
2404,"[672, 422]",True,"[0.531439, 0]","[0, 0]",False,weak,"14700,0","[[array([393,   0]), array([631,  84]), array([757, 490]), array([393, 504]), array([603, 504]), array([813, 630]), array([869, 742]), array([785, 798])]]",[[]]
2405,"[672, 422]",True,"[0.531439, 0]","[0, 0]",False,weak,"14700,0","[[array([612,  74]), array([738, 480]), array([374, 494]), array([584, 494]), array([794, 620]), array([850, 732]), array([766, 788])]]",[[]]
2406,"[672, 422]",True,"[0.531439, 0]","[0, 0]",False,weak,"14700,0","[[array([598,  64]), array([724, 470]), array([360, 484]), array([570, 484]), array([780, 610]), array([836, 722]), array([752, 778])]]",[[]]
2407,"[672, 422]",True,"[0.531439, 0]","[0, 0]",False,weak,"14700,0","[[array([598,  54]), array([724, 460]), array([360, 474]), array([570, 474]), array([780, 600]), array([836, 712]), array([752, 768]), array([668, 838])]]",[[]]
2408,"[672, 422]",True,"[0.531439, 0]","[0, 0]",False,weak,"14700,0","[[array([598,  44]), array([724, 450]), array([360, 464]), array([570, 464]), array([780, 590]), array([836, 702]), array([752, 758]), array([668, 828])]]",[[]]
2409,"[672, 422]",True,"[0.531439, 0]","[0, 0]",False,weak,"14700,0","[[array([598,  34]), array([724, 440]), array([360, 454]), array([570, 454]), array([780, 580]), array([836, 692]), array([752, 748]), array([668, 818])]]",[[]]
2410,"[672, 422]",True,"[0.531439, 0]","[0, 0]",False,weak,"14700,0","[[array([598,  24]), array([724, 430]), array([360, 444]), array([570, 444]), array([780, 570]), array([836, 682]), array([752, 738]), array([668, 808])]]",[[]]
2411,"[672, 422]",True,"[0.531439, 0]","[0, 0]",False,weak,"14700,0","[[array([598,  14]), array([724, 420]), array([360, 434]), array([570, 434]), array([780, 560]), array([836, 672]), array([752, 728]), array([668, 798])]]",[[]]
2412,"[672, 422]",True,"[0.531439, 0]","[0, 0]",False,weak,"14700,0","[[array([598,   4]), array([724, 410]), array([360, 424]), array([570, 424]), array([780, 550]), array([836, 662]), array([752, 718]), array([668, 788])]]",[[]]
2413,"[672, 422]",True,"[0.531439, 0]","[0, 0]",False,weak,"14700,0","[[array([724, 400]), array([360, 414]), array([570, 414]), array([780, 540]), array([836, 652]), array([752, 708]), array([668, 778])]]",[[]]
2414,"[672, 422]",True,"[0.531439, 0]","[0, 0]",False,weak,"14700,0","[[array([724, 390]), array([360, 404]), array([570, 404]), array([780, 530]), array([836, 642]), array([752, 698]), array([668, 768])]]",[[]]
2415,"[672, 422]",True,"[0.531439, 0]","[0, 0]",False,weak,"14700,0","[[array([724, 380]), array([360, 394]), array([570, 394]), array([780, 520]), array([836, 632]), array([752, 688]), array([668, 758])]]",[[]]
2416,"[672, 422]",True,"[0.531439, 0]","[0, 0]",False,weak,"14700,0","[[array([734, 370]), array([370, 384]), array([580, 384]), array([790, 510]), array([846, 622]), array([762, 678]), array([678, 748])]]",[[]]
2417,"[672, 422]",True,"[0.531439, 0]","[0, 0]",False,weak,"14700,0","[[array([739, 360]), array([375, 374]), array([585, 374]), array([795, 500]), array([851, 612]), array([767, 668]), array([683, 738])]]",[[]]
2418,"[672, 422]",True,"[0.531439, 0]","[0, 0]",False,weak,"14700,0","[[array([739, 350]), array([375, 364]), array([585, 364]), array([795, 490]), array([851, 602]), array([767, 658]), array([683, 728])]]",[[]]
2419,"[672, 422]",True,"[0.531439, 0]","[0, 0]",False,weak,"14700,0","[[array([739, 340]), array([375, 354]), array([585, 354]), array([795, 480]), array([851, 592]), array([767, 648]), array([683, 718])]]",[[]]
2420,"[672, 422]",True,"[0.531439, 0]","[0, 0]",False,weak,"14700,0","[[array([739, 330]), array([375, 344]), array([585, 344]), array([795, 470]), array([851, 582]), array([767, 638]), array([683, 708])]]",[[]]
2421,"[672, 422]",True,"[0.531439, 0]","[0, 0]",False,weak,"14700,0","[[array([739, 320]), array([375, 334]), array([585, 334]), array([795, 460]), array([851, 572]), array([767, 628]), array([683, 698])]]",[[]]
2422,"[672, 422]",True,"[0.531439, 0]","[0, 0]",False,weak,"14700,0","[[array([739, 310]), array([375, 324]), array([585, 324]), array([795, 450]), array([851, 562]), array([767, 618]), array([683, 688])]]",[[]]
2423,"[672, 422]",True,"[0.531439, 0]","[0, 0]",False,weak,"14700,0","[[array([739, 300]), array([375, 314]), array([585, 314]), array([795, 440]), array([851, 552]), array([767, 608]), array([683, 678])]]",[[]]
2424,"[672, 422]",True,"[0.531439, 0]","[0, 0]",False,weak,"14700,0","[[array([739, 290]), array([375, 304]), array([585, 304]), array([795, 430]), array([851, 542]), array([767, 598]), array([683, 668])]]",[[]]
2425,"[672, 422]",True,"[0.531439, 0]","[0, 0]",False,weak,"14700,0","[[array([739, 280]), array([375, 294]), array([585, 294]), array([795, 420]), array([851, 532]), array([767, 588]), array([683, 658])]]",[[]]
2426,"[672, 422]",True,"[0.531439, 0]","[0, 0]",False,weak,"14700,0","[[array([739, 270]), array([375, 284]), array([585, 284]), array([795, 410]), array([851, 522]), array([767, 578]), array([683, 648])]]",[[]]
2427,"[672, 422]",True,"[0.531439, 0]","[0, 0]",False,weak,"14700,0","[[array([739, 260]), array([375, 274]), array([585, 274]), array([795, 400]), array([851, 512]), array([767, 568]), array([683, 638])]]",[[]]
2428,"[672, 422]",True,"[0.531439, 0]","[0, 0]",False,weak,"14700,0","[[array([739, 250]), array([375, 264]), array([585, 264]), array([795, 390]), array([851, 502]), array([767, 558]), array([683, 628])]]",[[]]
2429,"[672, 422]",True,"[0.531439, 0]","[0, 0]",False,weak,"14700,0","[[array([745, 240]), array([381, 254]), array([591, 254]), array([801, 380]), array([857, 492]), array([773, 548]), array([689, 618])]]",[[]]
2430,"[672, 422]",True,"[0.531439, 0]","[0, 0]",False,weak,"14700,0","[[array([757, 230]), array([393, 244]), array([603, 244]), array([813, 370]), array([869, 482]), array([785, 538]), array([701, 608])]]",[[]]
2431,"[672, 422]",True,"[0.531439, 0]","[0, 0]",False,weak,"14700,0","[[array([773, 220]), array([409, 234]), array([619, 234]), array([829, 360]), array([885, 472]), array([801, 528]), array([717, 598])]]",[[]]
2432,"[672, 422]",True,"[0.531439, 0]","[0, 0]",False,weak,"14700,0","[[array([779, 210]), array([415, 224]), array([625, 224]), array([835, 350]), array([891, 462]), array([807, 518]), array([723, 588])]]",[[]]
2433,"[672, 422]",True,"[0.531439, 0]","[0, 0]",False,weak,"14700,0","[[array([792, 200]), array([428, 214]), array([638, 214]), array([848, 340]), array([904, 452]), array([820, 508]), array([736, 578])]]",[[]]
2434,"[672, 422]",True,"[0.531439, 0]","[0, 0]",False,weak,"14700,0","[[array([809, 190]), array([445, 204]), array([655, 204]), array([865, 330]), array([921, 442]), array([837, 498]), array([753, 568])]]",[[]]
2435,"[672, 422]",True,"[0.531439, 0]","[0, 0]",False,weak,"14700,0","[[array([825, 180]), array([461, 194]), array([671, 194]), array([881, 320]), array([937, 432]), array([853, 488]), array([769, 558])]]",[[]]
2436,"[672, 422]",True,"[0.531439, 0]","[0, 0]",False,weak,"14700,0","[[array([839, 170]), array([475, 184]), array([685, 184]), array([895, 310]), array([951, 422]), array([867, 478]), array([783, 548])]]",[[]]
2437,"[672, 422]",True,"[0.531439, 0]","[0, 0]",False,weak,"14700,0","[[array([839, 160]), array([475, 174]), array([685, 174]), array([895, 300]), array([951, 412]), array([867, 468]), array([783, 538])]]",[[]]
2438,"[672, 422]",True,"[0.531439, 0]","[0, 0]",False,weak,"14700,0","[[array([839, 150]), array([475, 164]), array([685, 164]), array([895, 290]), array([951, 402]), array([867, 458]), array([783, 528])]]",[[]]
2439,"[672, 422]",True,"[0.531439, 0]","[0, 0]",False,weak,"14700,0","[[array([839, 140]), array([475, 154]), array([685, 154]), array([895, 280]), array([951, 392]), array([867, 448]), array([783, 518])]]",[[]]
2440,"[672, 422]",True,"[0.531439, 0]","[0, 0]",False,weak,"14700,0","[[array([839, 130]), array([475, 144]), array([685, 144]), array([895, 270]), array([951, 382]), array([867, 438]), array([783, 508])]]",[[]]
2441,"[672, 422]",True,"[0.531439, 0]","[0, 0]",False,weak,"14700,0","[[array([839, 120]), array([475, 134]), array([685, 134]), array([895, 260]), array([951, 372]), array([867, 428]), array([783, 498]), array([643, 834])]]",[[]]
2442,"[672, 422]",True,"[0.531439, 0]","[0, 0]",False,weak,"14700,0","[[array([839, 110]), array([475, 124]), array([685, 124]), array([895, 250]), array([951, 362]), array([867, 418]), array([783, 488]), array([643, 824])]]",[[]]
2443,"[672, 422]",True,"[0.531439, 0]","[0, 0]",False,weak,"14700,0","[[array([839, 100]), array([475, 114]), array([685, 114]), array([895, 240]), array([951, 352]), array([867, 408]), array([783, 478]), array([643, 814])]]",[[]]
2444,"[672, 422]",True,"[0.531439, 0]","[0, 0]",False,weak,"14700,0","[[array([839,  90]), array([475, 104]), array([685, 104]), array([895, 230]), array([951, 342]), array([867, 398]), array([783, 468]), array([643, 804])]]",[[]]
2445,"[672, 422]",True,"[0.531439, 0]","[0, 0]",False,weak,"14700,0","[[array([839,  80]), array([475,  94]), array([685,  94]), array([895, 220]), array([951, 332]), array([867, 388]), array([783, 458]), array([643, 794])]]",[[]]
2446,"[672, 422]",True,"[0.531439, 0]","[0, 0]",False,weak,"14700,0","[[array([839,  70]), array([475,  84]), array([685,  84]), array([895, 210]), array([951, 322]), array([867, 378]), array([783, 448]), array([643, 784])]]",[[]]
2447,"[672, 422]",True,"[0.531439, 0]","[0, 0]",False,weak,"14700,0","[[array([839,  60]), array([475,  74]), array([685,  74]), array([895, 200]), array([951, 312]), array([867, 368]), array([783, 438]), array([643, 774])]]",[[]]
2448,"[672, 422]",True,"[0.531439, 0]","[0, 0]",False,weak,"14700,0","[[array([839,  50]), array([475,  64]), array([685,  64]), array([895, 190]), array([951, 302]), array([867, 358]), array([783, 428]), array([643, 764])]]",[[]]
2449,"[672, 422]",True,"[0.531439, 0]","[0, 0]",False,weak,"14700,0","[[array([839,  40]), array([475,  54]), array([685,  54]), array([895, 180]), array([951, 292]), array([867, 348]), array([783, 418]), array([643, 754])]]",[[]]
2450,"[672, 422]",True,"[0.531439, 0]","[0, 0]",False,weak,"14700,0","[[array([839,  30]), array([475,  44]), array([685,  44]), array([895, 170]), array([951, 282]), array([867, 338]), array([783, 408]), array([643, 744])]]",[[]]
2451,"[672, 422]",True,"[0.531439, 0]","[0, 0]",False,weak,"14700,0","[[array([839,  20]), array([475,  34]), array([685,  34]), array([895, 160]), array([951, 272]), array([867, 328]), array([783, 398]), array([643, 734])]]",[[]]
2452,"[672, 422]",True,"[0.531439, 0]","[0, 0]",False,weak,"14700,0","[[array([839,  10]), array([475,  24]), array([685,  24]), array([895, 150]), array([951, 262]), array([867, 318]), array([783, 388]), array([643, 724])]]",[[]]
2453,"[672, 422]",True,"[0.531439, 0]","[0, 0]",False,weak,"14700,0","[[array([839,   0]), array([475,  14]), array([685,  14]), array([895, 140]), array([951, 252]), array([867, 308]), array([783, 378]), array([643, 714])]]",[[]]
2454,"[672, 422]",True,"[0.531439, 0]","[0, 0]",False,weak,"14700,0","[[array([475,   4]), array([685,   4]), array([895, 130]), array([951, 242]), array([867, 298]), array([783, 368]), array([643, 704])]]",[[]]
2455,"[672, 422]",True,"[0.531439, 0]","[0, 0]",False,weak,"14700,0","[[array([895, 120]), array([951, 232]), array([867, 288]), array([783, 358]), array([643, 694])]]",[[]]
2456,"[672, 422]",True,"[0.531439, 0]","[0, 0]",False,weak,"14700,0","[[array([882, 110]), array([938, 222]), array([854, 278]), array([770, 348]), array([630, 684])]]",[[]]
2457,"[672, 422]",True,"[0.531439, 0]","[0, 0]",False,weak,"14700,0","[[array([875, 100]), array([931, 212]), array([847, 268]), array([763, 338]), array([623, 674])]]",[[]]
2458,"[672, 422]",True,"[0.531439, 0]","[0, 0]",False,weak,"14700,0","[[array([853,  90]), array([909, 202]), array([825, 258]), array([741, 328]), array([601, 664])]]",[[]]
2459,"[672, 422]",True,"[0.531439, 0]","[0, 0]",False,weak,"14700,0","[[array([853,  80]), array([909, 192]), array([825, 248]), array([741, 318]), array([601, 654])]]",[[]]
2460,"[672, 422]",True,"[0.531439, 0]","[0, 0]",False,weak,"14700,0","[[array([853,  70]), array([909, 182]), array([825, 238]), array([741, 308]), array([601, 644])]]",[[]]
2461,"[672, 422]",True,"[0.531439, 0]","[0, 0]",False,weak,"14700,0","[[array([853,  60]), array([909, 172]), array([825, 228]), array([741, 298]), array([601, 634])]]",[[]]
2462,"[672, 422]",True,"[0.531439, 0]","[0, 0]",False,weak,"14700,0","[[array([853,  50]), array([909, 162]), array([825, 218]), array([741, 288]), array([601, 624])]]",[[]]
2463,"[672, 422]",True,"[0.531439, 0]","[0, 0]",False,weak,"14700,0","[[array([853,  40]), array([909, 152]), array([825, 208]), array([741, 278]), array([601, 614])]]",[[]]
2464,"[672, 422]",True,"[0.531439, 0]","[0, 0]",False,weak,"14700,0","[[array([853,  30]), array([909, 142]), array([825, 198]), array([741, 268]), array([601, 604])]]",[[]]
2465,"[672, 422]",True,"[0.531439, 0]","[0, 0]",False,weak,"14700,0","[[array([853,  20]), array([909, 132]), array([825, 188]), array([741, 258]), array([601, 594])]]",[[]]
2466,"[672, 422]",True,"[0.531439, 0]","[0, 0]",False,weak,"14700,0","[[array([853,  10]), array([909, 122]), array([825, 178]), array([741, 248]), array([601, 584])]]",[[]]
2467,"[672, 422]",True,"[0.531439, 0]","[0, 0]",False,weak,"14700,0","[[array([853,   0]), array([909, 112]), array([825, 168]), array([741, 238]), array([601, 574])]]",[[]]
2468,"[672, 422]",True,"[0.531439, 0]","[0, 0]",False,weak,"14700,0","[[array([903, 102]), array([819, 158]), array([735, 228]), array([595, 564])]]",[[]]
2469,"[672, 422]",True,"[0.531439, 0]","[0, 0]",False,weak,"14700,0","[[array([898,  92]), array([814, 148]), array([730, 218]), array([590, 554])]]",[[]]
2470,"[672, 422]",True,"[0.531439, 0]","[0, 0]",False,weak,"14700,0","[[array([885,  82]), array([801, 138]), array([717, 208]), array([577, 544])]]",[[]]
2471,"[672, 422]",True,"[0.531439, 0]","[0, 0]",False,weak,"14700,0","[[array([880,  72]), array([796, 128]), array([712, 198]), array([572, 534])]]",[[]]
2472,"[672, 422]",True,"[0.531439, 0]","[0, 0]",False,weak,"14700,0","[[array([880,  62]), array([796, 118]), array([712, 188]), array([572, 524])]]",[[]]
2473,"[672, 422]",True,"[0.531439, 0]","[0, 0]",False,weak,"14700,0","[[array([880,  52]), array([796, 108]), array([712, 178]), array([572, 514])]]",[[]]
2474,"[672, 422]",True,"[0.531439, 0]","[0, 0]",False,weak,"14700,0","[[array([880,  42]), array([796,  98]), array([712, 168]), array([572, 504])]]",[[]]
2475,"[672, 422]",True,"[0.531439, 0]","[0, 0]",False,weak,"14700,0","[[array([880,  32]), array([796,  88]), array([712, 158]), array([572, 494])]]",[[]]
2476,"[672, 422]",True,"[0.531439, 0]","[0, 0]",False,weak,"14700,0","[[array([880,  22]), array([796,  78]), array([712, 148]), array([572, 484])]]",[[]]
2477,"[672, 422]",True,"[0.531439, 0]","[0, 0]",False,weak,"14700,0","[[array([880,  12]), array([796,  68]), array([712, 138]), array([572, 474]), array([488, 838])]]",[[]]
2478,"[672, 422]",True,"[0.531439, 0]","[0, 0]",False,weak,"14700,0","[[array([880,   2]), array([796,  58]), array([712, 128]), array([572, 464]), array([488, 828])]]",[[]]
2479,"[672, 422]",True,"[0.531439, 0]","[0, 0]",False,weak,"14700,0","[[array([796,  48]), array([712, 118]), array([572, 454]), array([488, 818])]]",[[]]
2480,"[672, 422]",True,"[0.531439, 0]","[0, 0]",False,weak,"14700,0","[[array([796,  38]), array([712, 108]), array([572, 444]), array([488, 808])]]",[[]]
2481,"[672, 422]",True,"[0.531439, 0]","[0, 0]",False,weak,"14700,0","[[array([796,  28]), array([712,  98]), array([572, 434]), array([488, 798])]]",[[]]
2482,"[672, 422]",True,"[0.531439, 0]","[0, 0]",False,weak,"14700,0","[[array([796,  18]), array([712,  88]), array([572, 424]), array([488, 788])]]",[[]]
2483,"[672, 422]",True,"[0.531439, 0]","[0, 0]",False,weak,"14700,0","[[array([796,   8]), array([712,  78]), array([572, 414]), array([488, 778])]]",[[]]
2484,"[672, 422]",True,"[0.531439, 0]","[0, 0]",False,weak,"14700,0","[[array([712,  68]), array([572, 404]), array([488, 768])]]",[[]]
2485,"[672, 422]",True,"[0.531439, 0]","[0, 0]",False,weak,"14700,0","[[array([712,  58]), array([572, 394]), array([488, 758])]]",[[]]
2486,"[672, 422]",True,"[0.531439, 0]","[0, 0]",False,weak,"14700,0","[[array([712,  48]), array([572, 384]), array([488, 748])]]",[[]]
2487,"[672, 422]",True,"[0.531439, 0]","[0, 0]",False,weak,"14700,0","[[array([712,  38]), array([572, 374]), array([488, 738]), array([404, 836])]]",[[]]
2488,"[672, 422]",True,"[0.531439, 0]","[0, 0]",False,weak,"14700,0","[[array([712,  28]), array([572, 364]), array([488, 728]), array([404, 826])]]",[[]]
2489,"[672, 422]",True,"[0.531439, 0]","[0, 0]",False,weak,"14700,0","[[array([712,  18]), array([572, 354]), array([488, 718]), array([404, 816])]]",[[]]
2490,"[672, 422]",True,"[0.531439, 0]","[0, 0]",False,weak,"14700,0","[[array([712,   8]), array([572, 344]), array([488, 708]), array([404, 806])]]",[[]]
2491,"[672, 422]",True,"[0.531439, 0]","[0, 0]",False,weak,"14700,0","[[array([572, 334]), array([488, 698]), array([404, 796])]]",[[]]
2492,"[672, 422]",True,"[0.531439, 0]","[0, 0]",False,weak,"14700,0","[[array([572, 324]), array([488, 688]), array([404, 786])]]",[[]]
2493,"[672, 422]",True,"[0.531439, 0]","[0, 0]",False,weak,"14700,0","[[array([572, 314]), array([488, 678]), array([404, 776])]]",[[]]
2494,"[672, 422]",True,"[0.531439, 0]","[0, 0]",False,weak,"14700,0","[[array([572, 304]), array([488, 668]), array([404, 766])]]",[[]]
2495,"[672, 422]",True,"[0.531439, 0]","[0, 0]",False,weak,"14700,0","[[array([572, 294]), array([488, 658]), array([404, 756])]]",[[]]
2496,"[672, 422]",True,"[0.531439, 0]","[0, 0]",False,weak,"14700,0","[[array([572, 284]), array([488, 648]), array([404, 746])]]",[[]]
2497,"[672, 422]",True,"[0.531439, 0]","[0, 0]",False,weak,"14700,0","[[array([572, 274]), array([488, 638]), array([404, 736]), array([600, 834])]]",[[]]
2498,"[672, 422]",True,"[0.531439, 0]","[0, 0]",False,weak,"14700,0","[[array([572, 264]), array([488, 628]), array([404, 726]), array([600, 824])]]",[[]]
2499,"[672, 422]",True,"[0.531439, 0]","[0, 0]",False,weak,"14700,0","[[array([572, 254]), array([488, 618]), array([404, 716]), array([600, 814])]]",[[]]
2500,"[672, 422]",True,"[0.531439, 0]","[0, 0]",False,weak,"14700,0","[[array([572, 244]), array([488, 608]), array([404, 706]), array([600, 804])]]",[[]]
2501,"[672, 422]",True,"[0.531439, 0]","[0, 0]",False,weak,"14700,0","[[array([572, 234]), array([488, 598]), array([404, 696]), array([600, 794])]]",[[]]
2502,"[672, 422]",True,"[0.531439, 0]","[0, 0]",False,weak,"14700,0","[[array([572, 224]), array([488, 588]), array([404, 686]), array([600, 784])]]",[[]]
2503,"[672, 422]",True,"[0.531439, 0]","[0, 0]",False,weak,"14700,0","[[array([572, 214]), array([488, 578]), array([404, 676]), array([600, 774])]]",[[]]
2504,"[672, 422]",True,"[0.531439, 0]","[0, 0]",False,weak,"14700,0","[[array([572, 204]), array([488, 568]), array([404, 666]), array([600, 764])]]",[[]]
2505,"[672, 422]",True,"[0.531439, 0]","[0, 0]",False,weak,"14700,0","[[array([572, 194]), array([488, 558]), array([404, 656]), array([600, 754]), array([502, 838])]]",[[]]
2506,"[672, 422]",True,"[0.531439, 0]","[0, 0]",False,weak,"14700,0","[[array([572, 184]), array([488, 548]), array([404, 646]), array([600, 744]), array([502, 828])]]",[[]]
2507,"[672, 422]",True,"[0.531439, 0]","[0, 0]",False,weak,"14700,0","[[array([572, 174]), array([488, 538]), array([404, 636]), array([600, 734]), array([502, 818])]]",[[]]
2508,"[672, 422]",True,"[0.531439, 0]","[0, 0]",False,weak,"14700,0","[[array([572, 164]), array([488, 528]), array([404, 626]), array([600, 724]), array([502, 808])]]",[[]]
2509,"[672, 422]",True,"[0.531439, 0]","[0, 0]",False,weak,"14700,0","[[array([572, 154]), array([488, 518]), array([404, 616]), array([600, 714]), array([502, 798])]]",[[]]
2510,"[672, 422]",True,"[0.531439, 0]","[0, 0]",False,weak,"14700,0","[[array([572, 144]), array([488, 508]), array([404, 606]), array([600, 704]), array([502, 788])]]",[[]]
2511,"[672, 422]",True,"[0.531439, 0]","[0, 0]",False,weak,"14700,0","[[array([572, 134]), array([488, 498]), array([404, 596]), array([600, 694]), array([502, 778])]]",[[]]
2512,"[672, 422]",True,"[0.531439, 0]","[0, 0]",False,weak,"14700,0","[[array([572, 124]), array([488, 488]), array([404, 586]), array([600, 684]), array([502, 768])]]",[[]]
2513,"[672, 422]",True,"[0.531439, 0]","[0, 0]",False,weak,"14700,0","[[array([572, 114]), array([488, 478]), array([404, 576]), array([600, 674]), array([502, 758])]]",[[]]
2514,"[672, 422]",True,"[0.531439, 0]","[0, 0]",False,weak,"14700,0","[[array([579, 104]), array([495, 468]), array([411, 566]), array([607, 664]), array([509, 748])]]",[[]]
2515,"[672, 422]",True,"[0.531439, 0]","[0, 0]",False,weak,"14700,0","[[array([579,  94]), array([495, 458]), array([411, 556]), array([607, 654]), array([509, 738])]]",[[]]
2516,"[672, 422]",True,"[0.531439, 0]","[0, 0]",False,weak,"14700,0","[[array([579,  84]), array([495, 448]), array([411, 546]), array([607, 644]), array([509, 728])]]",[[]]
2517,"[672, 422]",True,"[0.531439, 0]","[0, 0]",False,weak,"14700,0","[[array([579,  74]), array([495, 438]), array([411, 536]), array([607, 634]), array([509, 718])]]",[[]]
2518,"[672, 422]",True,"[0.531439, 0]","[0, 0]",False,weak,"14700,0","[[array([579,  64]), array([495, 428]), array([411, 526]), array([607, 624]), array([509, 708])]]",[[]]
2519,"[672, 422]",True,"[0.531439, 0]","[0, 0]",False,weak,"14700,0","[[array([579,  54]), array([495, 418]), array([411, 516]), array([607, 614]), array([509, 698])]]",[[]]
2520,"[672, 422]",True,"[0.531439, 0]","[0, 0]",False,weak,"14700,0","[[array([579,  44]), array([495, 408]), array([411, 506]), array([607, 604]), array([509, 688])]]",[[]]
2521,"[672, 422]",True,"[0.531439, 0]","[0, 0]",False,weak,"14700,0","[[array([569,  34]), array([485, 398]), array([401, 496]), array([597, 594]), array([499, 678])]]",[[]]
2522,"[672, 422]",True,"[0.531439, 0]","[0, 0]",False,weak,"14700,0","[[array([560,  24]), array([476, 388]), array([392, 486]), array([588, 584]), array([490, 668])]]",[[]]
2523,"[672, 422]",True,"[0.531439, 0]","[0, 0]",False,weak,"14700,0","[[array([553,  14]), array([469, 378]), array([385, 476]), array([581, 574]), array([483, 658])]]",[[]]
2524,"[672, 422]",True,"[0.531439, 0]","[0, 0]",False,weak,"14700,0","[[array([545,   4]), array([461, 368]), array([377, 466]), array([573, 564]), array([475, 648])]]",[[]]
2525,"[672, 422]",True,"[0.531439, 0]","[0, 0]",False,weak,"14700,0","[[array([454, 358]), array([370, 456]), array([566, 554]), array([468, 638])]]",[[]]
2526,"[672, 422]",True,"[0.531439, 0]","[0, 0]",False,weak,"14700,0","[[array([454, 348]), array([370, 446]), array([566, 544]), array([468, 628])]]",[[]]
2527,"[672, 422]",True,"[0.531439, 0]","[0, 0]",False,weak,"14700,0","[[array([454, 338]), array([370, 436]), array([566, 534]), array([468, 618])]]",[[]]
2528,"[672, 422]",True,"[0.531439, 0]","[0, 0]",False,weak,"14700,0","[[array([454, 328]), array([370, 426]), array([566, 524]), array([468, 608])]]",[[]]
2529,"[672, 422]",True,"[0.531439, 0]","[0, 0]",False,weak,"14700,0","[[array([454, 318]), array([370, 416]), array([566, 514]), array([468, 598])]]",[[]]
2530,"[672, 422]",True,"[0.531439, 0]","[0, 0]",False,weak,"14700,0","[[array([454, 308]), array([370, 406]), array([566, 504]), array([468, 588])]]",[[]]
2531,"[672, 422]",True,"[0.531439, 0]","[0, 0]",False,weak,"14700,0","[[array([454, 298]), array([370, 396]), array([566, 494]), array([468, 578])]]",[[]]
2532,"[672, 422]",True,"[0.531439, 0]","[0, 0]",False,weak,"14700,0","[[array([454, 288]), array([370, 386]), array([566, 484]), array([468, 568])]]",[[]]
2533,"[672, 422]",True,"[0.531439, 0]","[0, 0]",False,weak,"14700,0","[[array([454, 278]), array([370, 376]), array([566, 474]), array([468, 558])]]",[[]]
2534,"[672, 422]",True,"[0.531439, 0]","[0, 0]",False,weak,"14700,0","[[array([454, 268]), array([370, 366]), array([566, 464]), array([468, 548])]]",[[]]
2535,"[672, 422]",True,"[0.531439, 0]","[0, 0]",False,weak,"14700,0","[[array([454, 258]), array([370, 356]), array([566, 454]), array([468, 538]), array([538, 832])]]",[[]]
2536,"[672, 422]",True,"[0.531439, 0]","[0, 0]",False,weak,"14700,0","[[array([454, 248]), array([370, 346]), array([566, 444]), array([468, 528]), array([538, 822])]]",[[]]
2537,"[672, 422]",True,"[0.531439, 0]","[0, 0]",False,weak,"14700,0","[[array([454, 238]), array([370, 336]), array([566, 434]), array([468, 518]), array([538, 812]), array([776, 840])]]",[[]]
2538,"[672, 422]",True,"[0.531439, 0]","[0, 0]",False,weak,"14700,0","[[array([454, 228]), array([370, 326]), array([566, 424]), array([468, 508]), array([538, 802]), array([776, 830])]]",[[]]
2539,"[672, 422]",True,"[0.531439, 0]","[0, 0]",False,weak,"14700,0","[[array([454, 218]), array([370, 316]), array([566, 414]), array([468, 498]), array([538, 792]), array([776, 820])]]",[[]]
2540,"[672, 422]",True,"[0.531439, 0]","[0, 0]",False,weak,"14700,0","[[array([454, 208]), array([370, 306]), array([566, 404]), array([468, 488]), array([538, 782]), array([776, 810]), array([636, 838])]]",[[]]
2541,"[672, 422]",True,"[0.531439, 0]","[0, 0]",False,weak,"14700,0","[[array([454, 198]), array([370, 296]), array([566, 394]), array([468, 478]), array([538, 772]), array([776, 800]), array([636, 828])]]",[[]]
2542,"[672, 422]",True,"[0.531439, 0]","[0, 0]",False,weak,"14700,0","[[array([454, 188]), array([370, 286]), array([566, 384]), array([468, 468]), array([538, 762]), array([776, 790]), array([636, 818])]]",[[]]
2543,"[672, 422]",True,"[0.531439, 0]","[0, 0]",False,weak,"14700,0","[[array([454, 178]), array([370, 276]), array([566, 374]), array([468, 458]), array([538, 752]), array([776, 780]), array([636, 808])]]",[[]]
2544,"[672, 422]",True,"[0.531439, 0]","[0, 0]",False,weak,"14700,0","[[array([454, 168]), array([370, 266]), array([566, 364]), array([468, 448]), array([538, 742]), array([776, 770]), array([636, 798])]]",[[]]
2545,"[672, 422]",True,"[0.531439, 0]","[0, 0]",False,weak,"14700,0","[[array([454, 158]), array([370, 256]), array([566, 354]), array([468, 438]), array([538, 732]), array([776, 760]), array([636, 788])]]",[[]]
2546,"[672, 422]",True,"[0.531439, 0]","[0, 0]",False,weak,"14700,0","[[array([454, 148]), array([370, 246]), array([566, 344]), array([468, 428]), array([538, 722]), array([776, 750]), array([636, 778])]]",[[]]
2547,"[672, 422]",True,"[0.531439, 0]","[0, 0]",False,weak,"14700,0","[[array([454, 138]), array([370, 236]), array([566, 334]), array([468, 418]), array([538, 712]), array([776, 740]), array([636, 768])]]",[[]]
2548,"[672, 422]",True,"[0.531439, 0]","[0, 0]",False,weak,"14700,0","[[array([454, 128]), array([370, 226]), array([566, 324]), array([468, 408]), array([538, 702]), array([776, 730]), array([636, 758])]]",[[]]
2549,"[672, 422]",True,"[0.531439, 0]","[0, 0]",False,weak,"14700,0","[[array([454, 118]), array([370, 216]), array([566, 314]), array([468, 398]), array([538, 692]), array([776, 720]), array([636, 748])]]",[[]]
2550,"[672, 422]",True,"[0.531439, 0]","[0, 0]",False,weak,"14700,0","[[array([454, 108]), array([370, 206]), array([566, 304]), array([468, 388]), array([538, 682]), array([776, 710]), array([636, 738])]]",[[]]
2551,"[672, 422]",True,"[0.531439, 0]","[0, 0]",False,weak,"14700,0","[[array([454,  98]), array([370, 196]), array([566, 294]), array([468, 378]), array([538, 672]), array([776, 700]), array([636, 728])]]",[[]]
2552,"[672, 422]",True,"[0.531439, 0]","[0, 0]",False,weak,"14700,0","[[array([454,  88]), array([370, 186]), array([566, 284]), array([468, 368]), array([538, 662]), array([776, 690]), array([636, 718])]]",[[]]
2553,"[672, 422]",True,"[0.531439, 0]","[0, 0]",False,weak,"14700,0","[[array([454,  78]), array([370, 176]), array([566, 274]), array([468, 358]), array([538, 652]), array([776, 680]), array([636, 708])]]",[[]]
2554,"[672, 422]",True,"[0.531439, 0]","[0, 0]",False,weak,"14700,0","[[array([454,  68]), array([370, 166]), array([566, 264]), array([468, 348]), array([538, 642]), array([776, 670]), array([636, 698])]]",[[]]
2555,"[672, 422]",True,"[0.531439, 0]","[0, 0]",False,weak,"14700,0","[[array([454,  58]), array([370, 156]), array([566, 254]), array([468, 338]), array([538, 632]), array([776, 660]), array([636, 688])]]",[[]]
2556,"[672, 422]",True,"[0.531439, 0]","[0, 0]",False,weak,"14700,0","[[array([454,  48]), array([370, 146]), array([566, 244]), array([468, 328]), array([538, 622]), array([776, 650]), array([636, 678])]]",[[]]
2557,"[672, 422]",True,"[0.531439, 0]","[0, 0]",False,weak,"14700,0","[[array([454,  38]), array([370, 136]), array([566, 234]), array([468, 318]), array([538, 612]), array([776, 640]), array([636, 668])]]",[[]]
2558,"[672, 422]",True,"[0.531439, 0]","[0, 0]",False,weak,"14700,0","[[array([454,  28]), array([370, 126]), array([566, 224]), array([468, 308]), array([538, 602]), array([776, 630]), array([636, 658])]]",[[]]
2559,"[672, 422]",True,"[0.531439, 0]","[0, 0]",False,weak,"14700,0","[[array([454,  18]), array([370, 116]), array([566, 214]), array([468, 298]), array([538, 592]), array([776, 620]), array([636, 648])]]",[[]]
2560,"[672, 422]",True,"[0.531439, 0]","[0, 0]",False,weak,"14700,0","[[array([454,   8]), array([370, 106]), array([566, 204]), array([468, 288]), array([538, 582]), array([776, 610]), array([636, 638])]]",[[]]
2561,"[672, 422]",True,"[0.531439, 0]","[0, 0]",False,weak,"14700,0","[[array([373,  96]), array([569, 194]), array([471, 278]), array([541, 572]), array([779, 600]), array([639, 628])]]",[[]]
2562,"[672, 422]",True,"[0.531439, 0]","[0, 0]",False,weak,"14700,0","[[array([377,  86]), array([573, 184]), array([475, 268]), array([545, 562]), array([783, 590]), array([643, 618])]]",[[]]
2563,"[672, 422]",True,"[0.531439, 0]","[0, 0]",False,weak,"14700,0","[[array([383,  76]), array([579, 174]), array([481, 258]), array([551, 552]), array([789, 580]), array([649, 608])]]",[[]]
2564,"[672, 422]",True,"[0.531439, 0]","[0, 0]",False,weak,"14700,0","[[array([397,  66]), array([593, 164]), array([495, 248]), array([565, 542]), array([803, 570]), array([663, 598])]]",[[]]
2565,"[672, 422]",True,"[0.531439, 0]","[0, 0]",False,weak,"14700,0","[[array([410,  56]), array([606, 154]), array([508, 238]), array([578, 532]), array([816, 560]), array([676, 588])]]",[[]]
2566,"[672, 422]",True,"[0.531439, 0]","[0, 0]",False,weak,"14700,0","[[array([420,  46]), array([616, 144]), array([518, 228]), array([588, 522]), array([826, 550]), array([686, 578])]]",[[]]
2567,"[672, 422]",True,"[0.531439, 0]","[0, 0]",False,weak,"14700,0","[[array([429,  36]), array([625, 134]), array([527, 218]), array([597, 512]), array([835, 540]), array([695, 568])]]",[[]]
2568,"[672, 422]",True,"[0.531439, 0]","[0, 0]",False,weak,"14700,0","[[array([437,  26]), array([633, 124]), array([535, 208]), array([605, 502]), array([843, 530]), array([703, 558])]]",[[]]
2569,"[672, 422]",True,"[0.531439, 0]","[0, 0]",False,weak,"14700,0","[[array([447,  16]), array([643, 114]), array([545, 198]), array([615, 492]), array([853, 520]), array([713, 548])]]",[[]]
2570,"[672, 422]",True,"[0.531439, 0]","[0, 0]",False,weak,"14700,0","[[array([466,   6]), array([662, 104]), array([564, 188]), array([634, 482]), array([872, 510]), array([732, 538])]]",[[]]
2571,"[672, 422]",True,"[0.531439, 0]","[0, 0]",False,weak,"14700,0","[[array([670,  94]), array([572, 178]), array([642, 472]), array([880, 500]), array([740, 528])]]",[[]]
2572,"[672, 422]",True,"[0.531439, 0]","[0, 0]",False,weak,"14700,0","[[array([686,  84]), array([588, 168]), array([658, 462]), array([896, 490]), array([756, 518])]]",[[]]
2573,"[672, 422]",True,"[0.531439, 0]","[0, 0]",False,weak,"14700,0","[[array([695,  74]), array([597, 158]), array([667, 452]), array([905, 480]), array([765, 508])]]",[[]]
2574,"[672, 422]",True,"[0.531439, 0]","[0, 0]",False,weak,"14700,0","[[array([709,  64]), array([611, 148]), array([681, 442]), array([919, 470]), array([779, 498])]]",[[]]
2575,"[672, 422]",True,"[0.531439, 0]","[0, 0]",False,weak,"14700,0","[[array([716,  54]), array([618, 138]), array([688, 432]), array([926, 460]), array([786, 488])]]",[[]]
2576,"[672, 422]",True,"[0.531439, 0]","[0, 0]",False,weak,"14700,0","[[array([716,  44]), array([618, 128]), array([688, 422]), array([926, 450]), array([786, 478])]]",[[]]
2577,"[672, 422]",True,"[0.531439, 0]","[0, 0]",False,weak,"14700,0","[[array([716,  34]), array([618, 118]), array([688, 412]), array([926, 440]), array([786, 468])]]",[[]]
2578,"[672, 422]",True,"[0.531439, 0]","[0, 0]",False,weak,"14700,0","[[array([716,  24]), array([618, 108]), array([688, 402]), array([926, 430]), array([786, 458])]]",[[]]
2579,"[672, 422]",True,"[0.531439, 0]","[0, 0]",False,weak,"14700,0","[[array([716,  14]), array([618,  98]), array([688, 392]), array([926, 420]), array([786, 448]), array([842, 840])]]",[[]]
2580,"[672, 422]",True,"[0.531439, 0]","[0, 0]",False,weak,"14700,0","[[array([716,   4]), array([618,  88]), array([688, 382]), array([926, 410]), array([786, 438]), array([842, 830])]]",[[]]
2581,"[672, 422]",True,"[0.531439, 0]","[0, 0]",False,weak,"14700,0","[[array([618,  78]), array([688, 372]), array([926, 400]), array([786, 428]), array([842, 820])]]",[[]]
2582,"[672, 422]",True,"[0.531439, 0]","[0, 0]",False,weak,"14700,0","[[array([618,  68]), array([688, 362]), array([926, 390]), array([786, 418]), array([842, 810])]]",[[]]
2583,"[672, 422]",True,"[0.531439, 0]","[0, 0]",False,weak,"14700,0","[[array([618,  58]), array([688, 352]), array([926, 380]), array([786, 408]), array([842, 800])]]",[[]]
2584,"[672, 422]",True,"[0.531439, 0]","[0, 0]",False,weak,"14700,0","[[array([618,  48]), array([688, 342]), array([926, 370]), array([786, 398]), array([842, 790])]]",[[]]
2585,"[672, 422]",True,"[0.531439, 0]","[0, 0]",False,weak,"14700,0","[[array([618,  38]), array([688, 332]), array([926, 360]), array([786, 388]), array([842, 780])]]",[[]]
2586,"[672, 422]",True,"[0.531439, 0]","[0, 0]",False,weak,"14700,0","[[array([618,  28]), array([688, 322]), array([926, 350]), array([786, 378]), array([842, 770])]]",[[]]
2587,"[672, 422]",True,"[0.531439, 0]","[0, 0]",False,weak,"14700,0","[[array([618,  18]), array([688, 312]), array([926, 340]), array([786, 368]), array([842, 760])]]",[[]]
2588,"[672, 422]",True,"[0.531439, 0]","[0, 0]",False,weak,"14700,0","[[array([618,   8]), array([688, 302]), array([926, 330]), array([786, 358]), array([842, 750])]]",[[]]
2589,"[672, 422]",True,"[0.531439, 0]","[0, 0]",False,weak,"14700,0","[[array([688, 292]), array([926, 320]), array([786, 348]), array([842, 740])]]",[[]]
2590,"[672, 422]",True,"[0.531439, 0]","[0, 0]",False,weak,"14700,0","[[array([688, 282]), array([926, 310]), array([786, 338]), array([842, 730])]]",[[]]
2591,"[672, 422]",True,"[0.531439, 0]","[0, 0]",False,weak,"14700,0","[[array([679, 272]), array([917, 300]), array([777, 328]), array([833, 720])]]",[[]]
2592,"[672, 422]",True,"[0.531439, 0]","[0, 0]",False,weak,"14700,0","[[array([672, 262]), array([910, 290]), array([770, 318]), array([826, 710])]]",[[]]
2593,"[672, 422]",True,"[0.531439, 0]","[0, 0]",False,weak,"14700,0","[[array([658, 252]), array([896, 280]), array([756, 308]), array([812, 700])]]",[[]]
2594,"[672, 422]",True,"[0.531439, 0]","[0, 0]",False,weak,"14700,0","[[array([658, 242]), array([896, 270]), array([756, 298]), array([812, 690])]]",[[]]
2595,"[672, 422]",True,"[0.531439, 0]","[0, 0]",False,weak,"14700,0","[[array([658, 232]), array([896, 260]), array([756, 288]), array([812, 680])]]",[[]]
2596,"[672, 422]",True,"[0.531439, 0]","[0, 0]",False,weak,"14700,0","[[array([658, 222]), array([896, 250]), array([756, 278]), array([812, 670])]]",[[]]
2597,"[672, 422]",True,"[0.531439, 0]","[0, 0]",False,weak,"14700,0","[[array([658, 212]), array([896, 240]), array([756, 268]), array([812, 660])]]",[[]]
2598,"[672, 422]",True,"[0.531439, 0]","[0, 0]",False,weak,"14700,0","[[array([658, 202]), array([896, 230]), array([756, 258]), array([812, 650])]]",[[]]
2599,"[672, 422]",True,"[0.531439, 0]","[0, 0]",False,weak,"14700,0","[[array([658, 192]), array([896, 220]), array([756, 248]), array([812, 640])]]",[[]]
2600,"[672, 422]",True,"[0.531439, 0]","[0, 0]",False,weak,"14700,0","[[array([658, 182]), array([896, 210]), array([756, 238]), array([812, 630])]]",[[]]
2601,"[672, 422]",True,"[0.531439, 0]","[0, 0]",False,weak,"14700,0","[[array([658, 172]), array([896, 200]), array([756, 228]), array([812, 620])]]",[[]]
2602,"[672, 422]",True,"[0.531439, 0]","[0, 0]",False,weak,"14700,0","[[array([650, 162]), array([888, 190]), array([748, 218]), array([804, 610])]]",[[]]
2603,"[672, 422]",True,"[0.531439, 0]","[0, 0]",False,weak,"14700,0","[[array([633, 152]), array([871, 180]), array([731, 208]), array([787, 600])]]",[[]]
2604,"[672, 422]",True,"[0.531439, 0]","[0, 0]",False,weak,"14700,0","[[array([628, 142]), array([866, 170]), array([726, 198]), array([782, 590])]]",[[]]
2605,"[672, 422]",True,"[0.531439, 0]","[0, 0]",False,weak,"14700,0","[[array([628, 132]), array([866, 160]), array([726, 188]), array([782, 580])]]",[[]]
2606,"[672, 422]",True,"[0.531439, 0]","[0, 0]",False,weak,"14700,0","[[array([628, 122]), array([866, 150]), array([726, 178]), array([782, 570]), array([838, 836])]]",[[]]
2607,"[672, 422]",True,"[0.531439, 0]","[0, 0]",False,weak,"14700,0","[[array([628, 112]), array([866, 140]), array([726, 168]), array([782, 560]), array([838, 826])]]",[[]]
2608,"[672, 422]",True,"[0.531439, 0]","[0, 0]",False,weak,"14700,0","[[array([628, 102]), array([866, 130]), array([726, 158]), array([782, 550]), array([838, 816])]]",[[]]
2609,"[672, 422]",True,"[0.531439, 0]","[0, 0]",False,weak,"14700,0","[[array([628,  92]), array([866, 120]), array([726, 148]), array([782, 540]), array([838, 806])]]",[[]]
2610,"[672, 422]",True,"[0.531439, 0]","[0, 0]",False,weak,"14700,0","[[array([628,  82]), array([866, 110]), array([726, 138]), array([782, 530]), array([838, 796])]]",[[]]
2611,"[672, 422]",True,"[0.531439, 0]","[0, 0]",False,weak,"14700,0","[[array([628,  72]), array([866, 100]), array([726, 128]), array([782, 520]), array([838, 786])]]",[[]]
2612,"[672, 422]",True,"[0.531439, 0]","[0, 0]",False,weak,"14700,0","[[array([628,  62]), array([866,  90]), array([726, 118]), array([782, 510]), array([838, 776])]]",[[]]
2613,"[672, 422]",True,"[0.531439, 0]","[0, 0]",False,weak,"14700,0","[[array([628,  52]), array([866,  80]), array([726, 108]), array([782, 500]), array([838, 766])]]",[[]]
2614,"[672, 422]",True,"[0.531439, 0]","[0, 0]",False,weak,"14700,0","[[array([628,  42]), array([866,  70]), array([726,  98]), array([782, 490]), array([838, 756])]]",[[]]
2615,"[672, 422]",True,"[0.531439, 0]","[0, 0]",False,weak,"14700,0","[[array([628,  32]), array([866,  60]), array([726,  88]), array([782, 480]), array([838, 746])]]",[[]]
2616,"[672, 422]",True,"[0.531439, 0]","[0, 0]",False,weak,"14700,0","[[array([628,  22]), array([866,  50]), array([726,  78]), array([782, 470]), array([838, 736])]]",[[]]
2617,"[672, 422]",True,"[0.531439, 0]","[0, 0]",False,weak,"14700,0","[[array([628,  12]), array([866,  40]), array([726,  68]), array([782, 460]), array([838, 726])]]",[[]]
2618,"[672, 422]",True,"[0.531439, 0]","[0, 0]",False,weak,"14700,0","[[array([628,   2]), array([866,  30]), array([726,  58]), array([782, 450]), array([838, 716])]]",[[]]
2619,"[672, 422]",True,"[0.531439, 0]","[0, 0]",False,weak,"14700,0","[[array([866,  20]), array([726,  48]), array([782, 440]), array([838, 706])]]",[[]]
2620,"[672, 422]",True,"[0.531439, 0]","[0, 0]",False,weak,"14700,0","[[array([866,  10]), array([726,  38]), array([782, 430]), array([838, 696])]]",[[]]
2621,"[672, 422]",True,"[0.531439, 0]","[0, 0]",False,weak,"14700,0","[[array([866,   0]), array([726,  28]), array([782, 420]), array([838, 686])]]",[[]]
2622,"[672, 422]",True,"[0.531439, 0]","[0, 0]",False,weak,"14700,0","[[array([726,  18]), array([782, 410]), array([838, 676])]]",[[]]
2623,"[672, 422]",True,"[0.531439, 0]","[0, 0]",False,weak,"14700,0","[[array([726,   8]), array([782, 400]), array([838, 666])]]",[[]]
2624,"[672, 422]",True,"[0.531439, 0]","[0, 0]",False,weak,"14700,0","[[array([782, 390]), array([838, 656])]]",[[]]
2625,"[672, 422]",True,"[0.531439, 0]","[0, 0]",False,weak,"14700,0","[[array([782, 380]), array([838, 646])]]",[[]]
2626,"[672, 422]",True,"[0.531439, 0]","[0, 0]",False,weak,"14700,0","[[array([782, 370]), array([838, 636])]]",[[]]
2627,"[672, 422]",True,"[0.531439, 0]","[0, 0]",False,weak,"14700,0","[[array([782, 360]), array([838, 626])]]",[[]]
2628,"[672, 422]",True,"[0.531439, 0]","[0, 0]",False,weak,"14700,0","[[array([782, 350]), array([838, 616])]]",[[]]
2629,"[672, 422]",True,"[0.531439, 0]","[0, 0]",False,weak,"14700,0","[[array([782, 340]), array([838, 606])]]",[[]]
2630,"[672, 422]",True,"[0.531439, 0]","[0, 0]",False,weak,"14700,0","[[array([782, 330]), array([838, 596])]]",[[]]
2631,"[672, 422]",True,"[0.531439, 0]","[0, 0]",False,weak,"14700,0","[[array([782, 320]), array([838, 586])]]",[[]]
2632,"[672, 422]",True,"[0.531439, 0]","[0, 0]",False,weak,"14700,0","[[array([782, 310]), array([838, 576])]]",[[]]
2633,"[672, 422]",True,"[0.531439, 0]","[0, 0]",False,weak,"14700,0","[[array([782, 300]), array([838, 566]), array([796, 832])]]",[[]]
2634,"[672, 422]",True,"[0.531439, 0]","[0, 0]",False,weak,"14700,0","[[array([782, 290]), array([838, 556]), array([796, 822])]]",[[]]
2635,"[672, 422]",True,"[0.531439, 0]","[0, 0]",False,weak,"14700,0","[[array([782, 280]), array([838, 546]), array([796, 812])]]",[[]]
2636,"[672, 422]",True,"[0.531439, 0]","[0, 0]",False,weak,"14700,0","[[array([782, 270]), array([838, 536]), array([796, 802])]]",[[]]
2637,"[672, 422]",True,"[0.531439, 0]","[0, 0]",False,weak,"14700,0","[[array([782, 260]), array([838, 526]), array([796, 792])]]",[[]]
2638,"[672, 422]",True,"[0.531439, 0]","[0, 0]",False,weak,"14700,0","[[array([782, 250]), array([838, 516]), array([796, 782])]]",[[]]
2639,"[672, 422]",True,"[0.531439, 0]","[0, 0]",False,weak,"14700,0","[[array([782, 240]), array([838, 506]), array([796, 772])]]",[[]]
2640,"[672, 422]",True,"[0.531439, 0]","[0, 0]",False,weak,"14700,0","[[array([782, 230]), array([838, 496]), array([796, 762])]]",[[]]
2641,"[672, 422]",True,"[0.531439, 0]","[0, 0]",False,weak,"14700,0","[[array([782, 220]), array([838, 486]), array([796, 752])]]",[[]]
2642,"[672, 422]",True,"[0.531439, 0]","[0, 0]",False,weak,"14700,0","[[array([782, 210]), array([838, 476]), array([796, 742]), array([558, 840])]]",[[]]
2643,"[672, 422]",True,"[0.531439, 0]","[0, 0]",False,weak,"14700,0","[[array([782, 200]), array([838, 466]), array([796, 732]), array([558, 830])]]",[[]]
2644,"[672, 422]",True,"[0.531439, 0]","[0, 0]",False,weak,"14700,0","[[array([782, 190]), array([838, 456]), array([796, 722]), array([558, 820])]]",[[]]
2645,"[672, 422]",True,"[0.531439, 0]","[0, 0]",False,weak,"14700,0","[[array([782, 180]), array([838, 446]), array([796, 712]), array([558, 810])]]",[[]]
2646,"[672, 422]",True,"[0.531439, 0]","[0, 0]",False,weak,"14700,0","[[array([782, 170]), array([838, 436]), array([796, 702]), array([558, 800])]]",[[]]
2647,"[672, 422]",True,"[0.531439, 0]","[0, 0]",False,weak,"14700,0","[[array([782, 160]), array([838, 426]), array([796, 692]), array([558, 790])]]",[[]]
2648,"[672, 422]",True,"[0.531439, 0]","[0, 0]",False,weak,"14700,0","[[array([782, 150]), array([838, 416]), array([796, 682]), array([558, 780])]]",[[]]
2649,"[672, 422]",True,"[0.531439, 0]","[0, 0]",False,weak,"14700,0","[[array([782, 140]), array([838, 406]), array([796, 672]), array([558, 770])]]",[[]]
2650,"[672, 422]",True,"[0.531439, 0]","[0, 0]",False,weak,"14700,0","[[array([792, 130]), array([848, 396]), array([806, 662]), array([568, 760])]]",[[]]
2651,"[672, 422]",True,"[0.531439, 0]","[0, 0]",False,weak,"14700,0","[[array([801, 120]), array([857, 386]), array([815, 652]), array([577, 750])]]",[[]]
2652,"[672, 422]",True,"[0.531439, 0]","[0, 0]",False,weak,"14700,0","[[array([813, 110]), array([869, 376]), array([827, 642]), array([589, 740])]]",[[]]
2653,"[672, 422]",True,"[0.531439, 0]","[0, 0]",False,weak,"14700,0","[[array([820, 100]), array([876, 366]), array([834, 632]), array([596, 730])]]",[[]]
2654,"[672, 422]",True,"[0.531439, 0]","[0, 0]",False,weak,"14700,0","[[array([820,  90]), array([876, 356]), array([834, 622]), array([596, 720])]]",[[]]
2655,"[672, 422]",True,"[0.531439, 0]","[0, 0]",False,weak,"14700,0","[[array([820,  80]), array([876, 346]), array([834, 612]), array([596, 710])]]",[[]]
2656,"[672, 422]",True,"[0.531439, 0]","[0, 0]",False,weak,"14700,0","[[array([820,  70]), array([876, 336]), array([834, 602]), array([596, 700])]]",[[]]
2657,"[672, 422]",True,"[0.531439, 0]","[0, 0]",False,weak,"14700,0","[[array([820,  60]), array([876, 326]), array([834, 592]), array([596, 690])]]",[[]]
2658,"[672, 422]",True,"[0.531439, 0]","[0, 0]",False,weak,"14700,0","[[array([820,  50]), array([876, 316]), array([834, 582]), array([596, 680])]]",[[]]
2659,"[672, 422]",True,"[0.531439, 0]","[0, 0]",False,weak,"14700,0","[[array([820,  40]), array([876, 306]), array([834, 572]), array([596, 670])]]",[[]]
2660,"[672, 422]",True,"[0.531439, 0]","[0, 0]",False,weak,"14700,0","[[array([820,  30]), array([876, 296]), array([834, 562]), array([596, 660])]]",[[]]
2661,"[672, 422]",True,"[0.531439, 0]","[0, 0]",False,weak,"14700,0","[[array([820,  20]), array([876, 286]), array([834, 552]), array([596, 650])]]",[[]]
2662,"[672, 422]",True,"[0.531439, 0]","[0, 0]",False,weak,"14700,0","[[array([820,  10]), array([876, 276]), array([834, 542]), array([596, 640])]]",[[]]
2663,"[672, 422]",True,"[0.531439, 0]","[0, 0]",False,weak,"14700,0","[[array([820,   0]), array([876, 266]), array([834, 532]), array([596, 630])]]",[[]]
2664,"[672, 422]",True,"[0.531439, 0]","[0, 0]",False,weak,"14700,0","[[array([876, 256]), array([834, 522]), array([596, 620])]]",[[]]
2665,"[672, 422]",True,"[0.531439, 0]","[0, 0]",False,weak,"14700,0","[[array([876, 246]), array([834, 512]), array([596, 610])]]",[[]]
2666,"[672, 422]",True,"[0.531439, 0]","[0, 0]",False,weak,"14700,0","[[array([876, 236]), array([834, 502]), array([596, 600]), array([680, 838])]]",[[]]
2667,"[672, 422]",True,"[0.531439, 0]","[0, 0]",False,weak,"14700,0","[[array([871, 226]), array([829, 492]), array([591, 590]), array([675, 828])]]",[[]]
2668,"[672, 422]",True,"[0.531439, 0]","[0, 0]",False,weak,"14700,0","[[array([863, 216]), array([821, 482]), array([583, 580]), array([667, 818])]]",[[]]
2669,"[672, 422]",True,"[0.531439, 0]","[0, 0]",False,weak,"14700,0","[[array([856, 206]), array([814, 472]), array([576, 570]), array([660, 808])]]",[[]]
2670,"[672, 422]",True,"[0.531439, 0]","[0, 0]",False,weak,"14700,0","[[array([856, 196]), array([814, 462]), array([576, 560]), array([660, 798])]]",[[]]
2671,"[672, 422]",True,"[0.531439, 0]","[0, 0]",False,weak,"14700,0","[[array([856, 186]), array([814, 452]), array([576, 550]), array([660, 788])]]",[[]]
2672,"[672, 422]",True,"[0.531439, 0]","[0, 0]",False,weak,"14700,0","[[array([856, 176]), array([814, 442]), array([576, 540]), array([660, 778])]]",[[]]
2673,"[672, 422]",True,"[0.531439, 0]","[0, 0]",False,weak,"14700,0","[[array([856, 166]), array([814, 432]), array([576, 530]), array([660, 768])]]",[[]]
2674,"[672, 422]",True,"[0.531439, 0]","[0, 0]",False,weak,"14700,0","[[array([856, 156]), array([814, 422]), array([576, 520]), array([660, 758])]]",[[]]
2675,"[672, 422]",True,"[0.531439, 0]","[0, 0]",False,weak,"14700,0","[[array([856, 146]), array([814, 412]), array([576, 510]), array([660, 748])]]",[[]]
2676,"[672, 422]",True,"[0.531439, 0]","[0, 0]",False,weak,"14700,0","[[array([856, 136]), array([814, 402]), array([576, 500]), array([660, 738])]]",[[]]
2677,"[672, 422]",True,"[0.531439, 0]","[0, 0]",False,weak,"14700,0","[[array([856, 126]), array([814, 392]), array([576, 490]), array([660, 728])]]",[[]]
2678,"[672, 422]",True,"[0.531439, 0]","[0, 0]",False,weak,"14700,0","[[array([856, 116]), array([814, 382]), array([576, 480]), array([660, 718])]]",[[]]
2679,"[672, 422]",True,"[0.531439, 0]","[0, 0]",False,weak,"14700,0","[[array([848, 106]), array([806, 372]), array([568, 470]), array([652, 708])]]",[[]]
2680,"[672, 422]",True,"[0.531439, 0]","[0, 0]",False,weak,"14700,0","[[array([837,  96]), array([795, 362]), array([557, 460]), array([641, 698])]]",[[]]
2681,"[672, 422]",True,"[0.531439, 0]","[0, 0]",False,weak,"14700,0","[[array([827,  86]), array([785, 352]), array([547, 450]), array([631, 688])]]",[[]]
2682,"[672, 422]",True,"[0.531439, 0]","[0, 0]",False,weak,"14700,0","[[array([823,  76]), array([781, 342]), array([543, 440]), array([627, 678])]]",[[]]
2683,"[672, 422]",True,"[0.531439, 0]","[0, 0]",False,weak,"14700,0","[[array([813,  66]), array([771, 332]), array([533, 430]), array([617, 668]), array([701, 836]), array([505, 836])]]",[[]]
2684,"[672, 422]",True,"[0.531439, 0]","[0, 0]",False,weak,"14700,0","[[array([808,  56]), array([766, 322]), array([528, 420]), array([612, 658]), array([696, 826]), array([500, 826])]]",[[]]
2685,"[672, 422]",True,"[0.531439, 0]","[0, 0]",False,weak,"14700,0","[[array([803,  46]), array([761, 312]), array([523, 410]), array([607, 648]), array([691, 816]), array([495, 816])]]",[[]]
2686,"[672, 422]",True,"[0.531439, 0]","[0, 0]",False,weak,"14700,0","[[array([788,  36]), array([746, 302]), array([508, 400]), array([592, 638]), array([676, 806]), array([480, 806])]]",[[]]
2687,"[672, 422]",True,"[0.531439, 0]","[0, 0]",False,weak,"14700,0","[[array([780,  26]), array([738, 292]), array([500, 390]), array([584, 628]), array([668, 796]), array([472, 796])]]",[[]]
2688,"[672, 422]",True,"[0.531439, 0]","[0, 0]",False,weak,"14700,0","[[array([773,  16]), array([731, 282]), array([493, 380]), array([577, 618]), array([661, 786]), array([465, 786])]]",[[]]
2689,"[672, 422]",True,"[0.531439, 0]","[0, 0]",False,weak,"14700,0","[[array([763,   6]), array([721, 272]), array([483, 370]), array([567, 608]), array([651, 776]), array([455, 776])]]",[[]]
2690,"[672, 422]",True,"[0.531439, 0]","[0, 0]",False,weak,"14700,0","[[array([713, 262]), array([475, 360]), array([559, 598]), array([643, 766]), array([447, 766])]]",[[]]
2691,"[672, 422]",True,"[0.531439, 0]","[0, 0]",False,weak,"14700,0","[[array([699, 252]), array([461, 350]), array([545, 588]), array([629, 756]), array([433, 756])]]",[[]]
2692,"[672, 422]",True,"[0.531439, 0]","[0, 0]",False,weak,"14700,0","[[array([697, 242]), array([459, 340]), array([543, 578]), array([627, 746]), array([431, 746])]]",[[]]
2693,"[672, 422]",True,"[0.531439, 0]","[0, 0]",False,weak,"14700,0","[[array([693, 232]), array([455, 330]), array([539, 568]), array([623, 736]), array([427, 736])]]",[[]]
2694,"[672, 422]",True,"[0.531439, 0]","[0, 0]",False,weak,"14700,0","[[array([675, 222]), array([437, 320]), array([521, 558]), array([605, 726]), array([409, 726])]]",[[]]
2695,"[672, 422]",True,"[0.531439, 0]","[0, 0]",False,weak,"14700,0","[[array([671, 212]), array([433, 310]), array([517, 548]), array([601, 716]), array([405, 716])]]",[[]]
2696,"[672, 422]",True,"[0.531439, 0]","[0, 0]",False,weak,"14700,0","[[array([671, 202]), array([433, 300]), array([517, 538]), array([601, 706]), array([405, 706])]]",[[]]
2697,"[672, 422]",True,"[0.531439, 0]","[0, 0]",False,weak,"14700,0","[[array([671, 192]), array([433, 290]), array([517, 528]), array([601, 696]), array([405, 696])]]",[[]]
2698,"[672, 422]",True,"[0.531439, 0]","[0, 0]",False,weak,"14700,0","[[array([671, 182]), array([433, 280]), array([517, 518]), array([601, 686]), array([405, 686])]]",[[]]
2699,"[672, 422]",True,"[0.531439, 0]","[0, 0]",False,weak,"14700,0","[[array([671, 172]), array([433, 270]), array([517, 508]), array([601, 676]), array([405, 676])]]",[[]]
2700,"[672, 422]",True,"[0.531439, 0]","[0, 0]",False,weak,"14700,0","[[array([671, 162]), array([433, 260]), array([517, 498]), array([601, 666]), array([405, 666]), array([559, 834])]]",[[]]
2701,"[672, 422]",True,"[0.531439, 0]","[0, 0]",False,weak,"14700,0","[[array([671, 152]), array([433, 250]), array([517, 488]), array([601, 656]), array([405, 656]), array([559, 824])]]",[[]]
2702,"[672, 422]",True,"[0.531439, 0]","[0, 0]",False,weak,"14700,0","[[array([671, 142]), array([433, 240]), array([517, 478]), array([601, 646]), array([405, 646]), array([559, 814])]]",[[]]
2703,"[672, 422]",True,"[0.531439, 0]","[0, 0]",False,weak,"14700,0","[[array([671, 132]), array([433, 230]), array([517, 468]), array([601, 636]), array([405, 636]), array([559, 804])]]",[[]]
2704,"[672, 422]",True,"[0.531439, 0]","[0, 0]",False,weak,"14700,0","[[array([671, 122]), array([433, 220]), array([517, 458]), array([601, 626]), array([405, 626]), array([559, 794])]]",[[]]
2705,"[672, 422]",True,"[0.531439, 0]","[0, 0]",False,weak,"14700,0","[[array([671, 112]), array([433, 210]), array([517, 448]), array([601, 616]), array([405, 616]), array([559, 784])]]",[[]]
2706,"[672, 422]",True,"[0.531439, 0]","[0, 0]",False,weak,"14700,0","[[array([671, 102]), array([433, 200]), array([517, 438]), array([601, 606]), array([405, 606]), array([559, 774])]]",[[]]
2707,"[672, 422]",True,"[0.531439, 0]","[0, 0]",False,weak,"14700,0","[[array([671,  92]), array([433, 190]), array([517, 428]), array([601, 596]), array([405, 596]), array([559, 764])]]",[[]]
2708,"[672, 422]",True,"[0.531439, 0]","[0, 0]",False,weak,"14700,0","[[array([660,  82]), array([422, 180]), array([506, 418]), array([590, 586]), array([394, 586]), array([548, 754])]]",[[]]
2709,"[672, 422]",True,"[0.531439, 0]","[0, 0]",False,weak,"14700,0","[[array([648,  72]), array([410, 170]), array([494, 408]), array([578, 576]), array([382, 576]), array([536, 744])]]",[[]]
2710,"[672, 422]",True,"[0.531439, 0]","[0, 0]",False,weak,"14700,0","[[array([636,  62]), array([398, 160]), array([482, 398]), array([566, 566]), array([370, 566]), array([524, 734])]]",[[]]
2711,"[672, 422]",True,"[0.531439, 0]","[0, 0]",False,weak,"14700,0","[[array([621,  52]), array([383, 150]), array([467, 388]), array([551, 556]), array([355, 556]), array([509, 724])]]",[[]]
2712,"[672, 422]",True,"[0.531439, 0]","[0, 0]",False,weak,"14700,0","[[array([621,  42]), array([383, 140]), array([467, 378]), array([551, 546]), array([355, 546]), array([509, 714]), array([355, 840])]]",[[]]
2713,"[672, 422]",True,"[0.531439, 0]","[0, 0]",False,weak,"14700,0","[[array([621,  32]), array([383, 130]), array([467, 368]), array([551, 536]), array([355, 536]), array([509, 704]), array([355, 830])]]",[[]]
2714,"[672, 422]",True,"[0.531439, 0]","[0, 0]",False,weak,"14700,0","[[array([621,  22]), array([383, 120]), array([467, 358]), array([551, 526]), array([355, 526]), array([509, 694]), array([355, 820])]]",[[]]
2715,"[672, 422]",True,"[0.531439, 0]","[0, 0]",False,weak,"14700,0","[[array([621,  12]), array([383, 110]), array([467, 348]), array([551, 516]), array([355, 516]), array([509, 684]), array([355, 810])]]",[[]]
2716,"[672, 422]",True,"[0.531439, 0]","[0, 0]",False,weak,"14700,0","[[array([621,   2]), array([383, 100]), array([467, 338]), array([551, 506]), array([355, 506]), array([509, 674]), array([355, 800])]]",[[]]
2717,"[672, 422]",True,"[0.531439, 0]","[0, 0]",False,weak,"14700,0","[[array([383,  90]), array([467, 328]), array([551, 496]), array([355, 496]), array([509, 664]), array([355, 790])]]",[[]]
2718,"[672, 422]",True,"[0.531439, 0]","[0, 0]",False,weak,"14700,0","[[array([383,  80]), array([467, 318]), array([551, 486]), array([355, 486]), array([509, 654]), array([355, 780])]]",[[]]
2719,"[672, 422]",True,"[0.531439, 0]","[0, 0]",False,weak,"14700,0","[[array([383,  70]), array([467, 308]), array([551, 476]), array([355, 476]), array([509, 644]), array([355, 770])]]",[[]]
2720,"[672, 422]",True,"[0.531439, 0]","[0, 0]",False,weak,"14700,0","[[array([383,  60]), array([467, 298]), array([551, 466]), array([355, 466]), array([509, 634]), array([355, 760])]]",[[]]
2721,"[672, 422]",True,"[0.531439, 0]","[0, 0]",False,weak,"14700,0","[[array([383,  50]), array([467, 288]), array([551, 456]), array([355, 456]), array([509, 624]), array([355, 750])]]",[[]]
2722,"[672, 422]",True,"[0.531439, 0]","[0, 0]",False,weak,"14700,0","[[array([383,  40]), array([467, 278]), array([551, 446]), array([355, 446]), array([509, 614]), array([355, 740])]]",[[]]
2723,"[672, 422]",True,"[0.531439, 0]","[0, 0]",False,weak,"14700,0","[[array([383,  30]), array([467, 268]), array([551, 436]), array([355, 436]), array([509, 604]), array([355, 730])]]",[[]]
2724,"[672, 422]",True,"[0.531439, 0]","[0, 0]",False,weak,"14700,0","[[array([383,  20]), array([467, 258]), array([551, 426]), array([355, 426]), array([509, 594]), array([355, 720])]]",[[]]
2725,"[672, 422]",True,"[0.531439, 0]","[0, 0]",False,weak,"14700,0","[[array([383,  10]), array([467, 248]), array([551, 416]), array([355, 416]), array([509, 584]), array([355, 710])]]",[[]]
2726,"[672, 422]",True,"[0.531439, 0]","[0, 0]",False,weak,"14700,0","[[array([383,   0]), array([467, 238]), array([551, 406]), array([355, 406]), array([509, 574]), array([355, 700])]]",[[]]
2727,"[672, 422]",True,"[0.531439, 0]","[0, 0]",False,weak,"14700,0","[[array([470, 228]), array([554, 396]), array([358, 396]), array([512, 564]), array([358, 690])]]",[[]]
2728,"[672, 422]",True,"[0.531439, 0]","[0, 0]",False,weak,"14700,0","[[array([481, 218]), array([565, 386]), array([369, 386]), array([523, 554]), array([369, 680])]]",[[]]
2729,"[672, 422]",True,"[0.531439, 0]","[0, 0]",False,weak,"14700,0","[[array([493, 208]), array([577, 376]), array([381, 376]), array([535, 544]), array([381, 670])]]",[[]]
2730,"[672, 422]",True,"[0.531439, 0]","[0, 0]",False,weak,"14700,0","[[array([503, 198]), array([587, 366]), array([391, 366]), array([545, 534]), array([391, 660])]]",[[]]
2731,"[672, 422]",True,"[0.531439, 0]","[0, 0]",False,weak,"14700,0","[[array([503, 188]), array([587, 356]), array([391, 356]), array([545, 524]), array([391, 650])]]",[[]]
2732,"[672, 422]",True,"[0.531439, 0]","[0, 0]",False,weak,"14700,0","[[array([503, 178]), array([587, 346]), array([391, 346]), array([545, 514]), array([391, 640])]]",[[]]
2733,"[672, 422]",True,"[0.531439, 0]","[0, 0]",False,weak,"14700,0","[[array([503, 168]), array([587, 336]), array([391, 336]), array([545, 504]), array([391, 630]), array([657, 840])]]",[[]]
2734,"[672, 422]",True,"[0.531439, 0]","[0, 0]",False,weak,"14700,0","[[array([503, 158]), array([587, 326]), array([391, 326]), array([545, 494]), array([391, 620]), array([657, 830])]]",[[]]
2735,"[672, 422]",True,"[0.531439, 0]","[0, 0]",False,weak,"14700,0","[[array([503, 148]), array([587, 316]), array([391, 316]), array([545, 484]), array([391, 610]), array([657, 820])]]",[[]]
2736,"[672, 422]",True,"[0.531439, 0]","[0, 0]",False,weak,"14700,0","[[array([503, 138]), array([587, 306]), array([391, 306]), array([545, 474]), array([391, 600]), array([657, 810])]]",[[]]
2737,"[672, 422]",True,"[0.531439, 0]","[0, 0]",False,weak,"14700,0","[[array([507, 128]), array([591, 296]), array([395, 296]), array([549, 464]), array([395, 590]), array([661, 800])]]",[[]]
2738,"[672, 422]",True,"[0.531439, 0]","[0, 0]",False,weak,"14700,0","[[array([502, 118]), array([586, 286]), array([390, 286]), array([544, 454]), array([390, 580]), array([656, 790])]]",[[]]
2739,"[672, 422]",True,"[0.531439, 0]","[0, 0]",False,weak,"14700,0","[[array([515, 108]), array([599, 276]), array([403, 276]), array([557, 444]), array([403, 570]), array([669, 780])]]",[[]]
2740,"[672, 422]",True,"[0.531439, 0]","[0, 0]",False,weak,"14700,0","[[array([524,  98]), array([608, 266]), array([412, 266]), array([566, 434]), array([412, 560]), array([678, 770])]]",[[]]
2741,"[672, 422]",True,"[0.531439, 0]","[0, 0]",False,weak,"14700,0","[[array([529,  88]), array([613, 256]), array([417, 256]), array([571, 424]), array([417, 550]), array([683, 760])]]",[[]]
2742,"[672, 422]",True,"[0.531439, 0]","[0, 0]",False,weak,"14700,0","[[array([548,  78]), array([632, 246]), array([436, 246]), array([590, 414]), array([436, 540]), array([702, 750])]]",[[]]
2743,"[672, 422]",True,"[0.531439, 0]","[0, 0]",False,weak,"14700,0","[[array([564,  68]), array([648, 236]), array([452, 236]), array([606, 404]), array([452, 530]), array([718, 740])]]",[[]]
2744,"[672, 422]",True,"[0.531439, 0]","[0, 0]",False,weak,"14700,0","[[array([564,  58]), array([648, 226]), array([452, 226]), array([606, 394]), array([452, 520]), array([718, 730])]]",[[]]
2745,"[672, 422]",True,"[0.531439, 0]","[0, 0]",False,weak,"14700,0","[[array([564,  48]), array([648, 216]), array([452, 216]), array([606, 384]), array([452, 510]), array([718, 720])]]",[[]]
2746,"[672, 422]",True,"[0.531439, 0]","[0, 0]",False,weak,"14700,0","[[array([564,  38]), array([648, 206]), array([452, 206]), array([606, 374]), array([452, 500]), array([718, 710])]]",[[]]
2747,"[672, 422]",True,"[0.531439, 0]","[0, 0]",False,weak,"14700,0","[[array([564,  28]), array([648, 196]), array([452, 196]), array([606, 364]), array([452, 490]), array([718, 700])]]",[[]]
2748,"[672, 422]",True,"[0.531439, 0]","[0, 0]",False,weak,"14700,0","[[array([564,  18]), array([648, 186]), array([452, 186]), array([606, 354]), array([452, 480]), array([718, 690])]]",[[]]
2749,"[672, 422]",True,"[0.531439, 0]","[0, 0]",False,weak,"14700,0","[[array([564,   8]), array([648, 176]), array([452, 176]), array([606, 344]), array([452, 470]), array([718, 680])]]",[[]]
2750,"[672, 422]",True,"[0.531439, 0]","[0, 0]",False,weak,"14700,0","[[array([648, 166]), array([452, 166]), array([606, 334]), array([452, 460]), array([718, 670])]]",[[]]
2751,"[672, 422]",True,"[0.531439, 0]","[0, 0]",False,weak,"14700,0","[[array([648, 156]), array([452, 156]), array([606, 324]), array([452, 450]), array([718, 660])]]",[[]]
2752,"[672, 422]",True,"[0.531439, 0]","[0, 0]",False,weak,"14700,0","[[array([648, 146]), array([452, 146]), array([606, 314]), array([452, 440]), array([718, 650])]]",[[]]
2753,"[672, 422]",True,"[0.531439, 0]","[0, 0]",False,weak,"14700,0","[[array([663, 136]), array([467, 136]), array([621, 304]), array([467, 430]), array([733, 640])]]",[[]]
2754,"[672, 422]",True,"[0.531439, 0]","[0, 0]",False,weak,"14700,0","[[array([667, 126]), array([471, 126]), array([625, 294]), array([471, 420]), array([737, 630])]]",[[]]
2755,"[672, 422]",True,"[0.531439, 0]","[0, 0]",False,weak,"14700,0","[[array([674, 116]), array([478, 116]), array([632, 284]), array([478, 410]), array([744, 620])]]",[[]]
2756,"[672, 422]",True,"[0.531439, 0]","[0, 0]",False,weak,"14700,0","[[array([686, 106]), array([490, 106]), array([644, 274]), array([490, 400]), array([756, 610]), array([910, 834])]]",[[]]
2757,"[672, 422]",True,"[0.531439, 0]","[0, 0]",False,weak,"14700,0","[[array([697,  96]), array([501,  96]), array([655, 264]), array([501, 390]), array([767, 600]), array([921, 824])]]",[[]]
2758,"[672, 422]",True,"[0.531439, 0]","[0, 0]",False,weak,"14700,0","[[array([703,  86]), array([507,  86]), array([661, 254]), array([507, 380]), array([773, 590]), array([927, 814])]]",[[]]
2759,"[672, 422]",True,"[0.531439, 0]","[0, 0]",False,weak,"14700,0","[[array([714,  76]), array([518,  76]), array([672, 244]), array([518, 370]), array([784, 580]), array([938, 804])]]",[[]]
2760,"[672, 422]",True,"[0.531439, 0]","[0, 0]",False,weak,"14700,0","[[array([726,  66]), array([530,  66]), array([684, 234]), array([530, 360]), array([796, 570]), array([950, 794])]]",[[]]
2761,"[672, 422]",True,"[0.531439, 0]","[0, 0]",False,weak,"14700,0","[[array([727,  56]), array([531,  56]), array([685, 224]), array([531, 350]), array([797, 560]), array([951, 784])]]",[[]]
2762,"[672, 422]",True,"[0.531439, 0]","[0, 0]",False,weak,"14700,0","[[array([730,  46]), array([534,  46]), array([688, 214]), array([534, 340]), array([800, 550]), array([954, 774])]]",[[]]
2763,"[672, 422]",True,"[0.531439, 0]","[0, 0]",False,weak,"14700,0","[[array([743,  36]), array([547,  36]), array([701, 204]), array([547, 330]), array([813, 540]), array([967, 764])]]",[[]]
2764,"[672, 422]",True,"[0.531439, 0]","[0, 0]",False,weak,"14700,0","[[array([749,  26]), array([553,  26]), array([707, 194]), array([553, 320]), array([819, 530]), array([973, 754])]]",[[]]
2765,"[672, 422]",True,"[0.531439, 0]","[0, 0]",False,weak,"14700,0","[[array([761,  16]), array([565,  16]), array([719, 184]), array([565, 310]), array([831, 520]), array([985, 744])]]",[[]]
2766,"[672, 422]",True,"[0.531439, 0]","[0, 0]",False,weak,"14700,0","[[array([770,   6]), array([574,   6]), array([728, 174]), array([574, 300]), array([840, 510]), array([994, 734])]]",[[]]
2767,"[672, 422]",True,"[0.531439, 0]","[0, 0]",False,weak,"14700,0","[[array([736, 164]), array([582, 290]), array([848, 500]), array([1002,  724])]]",[[]]
2768,"[672, 422]",True,"[0.531439, 0]","[0, 0]",False,weak,"14700,0","[[array([752, 154]), array([598, 280]), array([864, 490]), array([1018,  714])]]",[[]]
2769,"[672, 422]",True,"[0.531439, 0]","[0, 0]",False,weak,"14700,0","[[array([760, 144]), array([606, 270]), array([872, 480]), array([1026,  704])]]",[[]]
2770,"[672, 422]",True,"[0.531439, 0]","[0, 0]",False,weak,"14700,0","[[array([767, 134]), array([613, 260]), array([879, 470]), array([1033,  694]), array([893, 834])]]",[[]]
2771,"[672, 422]",True,"[0.531439, 0]","[0, 0]",False,weak,"14700,0","[[array([778, 124]), array([624, 250]), array([890, 460]), array([1044,  684]), array([904, 824]), array([694, 838])]]",[[]]
2772,"[672, 422]",True,"[0.531439, 0]","[0, 0]",False,weak,"14700,0","[[array([782, 114]), array([628, 240]), array([894, 450]), array([1048,  674]), array([908, 814]), array([698, 828])]]",[[]]
2773,"[672, 422]",True,"[0.531439, 0]","[0, 0]",False,weak,"14700,0","[[array([790, 104]), array([636, 230]), array([902, 440]), array([1056,  664]), array([916, 804]), array([706, 818])]]",[[]]
2774,"[672, 422]",True,"[0.531439, 0]","[0, 0]",False,weak,"14700,0","[[array([790,  94]), array([636, 220]), array([902, 430]), array([1056,  654]), array([916, 794]), array([706, 808])]]",[[]]
2775,"[672, 422]",True,"[0.531439, 0]","[0, 0]",False,weak,"14700,0","[[array([790,  84]), array([636, 210]), array([902, 420]), array([1056,  644]), array([916, 784]), array([706, 798])]]",[[]]
2776,"[672, 422]",True,"[0.531439, 0]","[0, 0]",False,weak,"14700,0","[[array([790,  74]), array([636, 200]), array([902, 410]), array([1056,  634]), array([916, 774]), array([706, 788])]]",[[]]
2777,"[672, 422]",True,"[0.531439, 0]","[0, 0]",False,weak,"14700,0","[[array([790,  64]), array([636, 190]), array([902, 400]), array([1056,  624]), array([916, 764]), array([706, 778])]]",[[]]
2778,"[672, 422]",True,"[0.531439, 0]","[0, 0]",False,weak,"14700,0","[[array([784,  54]), array([630, 180]), array([896, 390]), array([1050,  614]), array([910, 754]), array([700, 768])]]",[[]]
2779,"[672, 422]",True,"[0.531439, 0]","[0, 0]",False,weak,"14700,0","[[array([767,  44]), array([613, 170]), array([879, 380]), array([1033,  604]), array([893, 744]), array([683, 758])]]",[[]]
2780,"[672, 422]",True,"[0.531439, 0]","[0, 0]",False,weak,"14700,0","[[array([754,  34]), array([600, 160]), array([866, 370]), array([1020,  594]), array([880, 734]), array([670, 748])]]",[[]]
2781,"[672, 422]",True,"[0.531439, 0]","[0, 0]",False,weak,"14700,0","[[array([752,  24]), array([598, 150]), array([864, 360]), array([1018,  584]), array([878, 724]), array([668, 738]), array([892, 836])]]",[[]]
2782,"[672, 422]",True,"[0.531439, 0]","[0, 0]",False,weak,"14700,0","[[array([741,  14]), array([587, 140]), array([853, 350]), array([1007,  574]), array([867, 714]), array([657, 728]), array([881, 826])]]",[[]]
2783,"[672, 422]",True,"[0.531439, 0]","[0, 0]",False,weak,"14700,0","[[array([733,   4]), array([579, 130]), array([845, 340]), array([999, 564]), array([859, 704]), array([649, 718]), array([873, 816])]]",[[]]
2784,"[672, 422]",True,"[0.531439, 0]","[0, 0]",False,weak,"14700,0","[[array([562, 120]), array([828, 330]), array([982, 554]), array([842, 694]), array([632, 708]), array([856, 806])]]",[[]]
2785,"[672, 422]",True,"[0.531439, 0]","[0, 0]",False,weak,"14700,0","[[array([564, 110]), array([830, 320]), array([984, 544]), array([844, 684]), array([634, 698]), array([858, 796]), array([704, 838])]]",[[]]
2786,"[672, 422]",True,"[0.531439, 0]","[0, 0]",False,weak,"14700,0","[[array([551, 100]), array([817, 310]), array([971, 534]), array([831, 674]), array([621, 688]), array([845, 786]), array([691, 828])]]",[[]]
2787,"[672, 422]",True,"[0.531439, 0]","[0, 0]",False,weak,"14700,0","[[array([545,  90]), array([811, 300]), array([965, 524]), array([825, 664]), array([615, 678]), array([839, 776]), array([685, 818])]]",[[]]
2788,"[672, 422]",True,"[0.531439, 0]","[0, 0]",False,weak,"14700,0","[[array([541,  80]), array([807, 290]), array([961, 514]), array([821, 654]), array([611, 668]), array([835, 766]), array([681, 808])]]",[[]]
2789,"[672, 422]",True,"[0.531439, 0]","[0, 0]",False,weak,"14700,0","[[array([534,  70]), array([800, 280]), array([954, 504]), array([814, 644]), array([604, 658]), array([828, 756]), array([674, 798])]]",[[]]
2790,"[672, 422]",True,"[0.531439, 0]","[0, 0]",False,weak,"14700,0","[[array([528,  60]), array([794, 270]), array([948, 494]), array([808, 634]), array([598, 648]), array([822, 746]), array([668, 788])]]",[[]]
2791,"[672, 422]",True,"[0.531439, 0]","[0, 0]",False,weak,"14700,0","[[array([516,  50]), array([782, 260]), array([936, 484]), array([796, 624]), array([586, 638]), array([810, 736]), array([656, 778]), array([558, 834])]]",[[]]
2792,"[672, 422]",True,"[0.531439, 0]","[0, 0]",False,weak,"14700,0","[[array([516,  40]), array([782, 250]), array([936, 474]), array([796, 614]), array([586, 628]), array([810, 726]), array([656, 768]), array([558, 824])]]",[[]]
2793,"[672, 422]",True,"[0.531439, 0]","[0, 0]",False,weak,"14700,0","[[array([516,  30]), array([782, 240]), array([936, 464]), array([796, 604]), array([586, 618]), array([810, 716]), array([656, 758]), array([558, 814])]]",[[]]
2794,"[672, 422]",True,"[0.531439, 0]","[0, 0]",False,weak,"14700,0","[[array([516,  20]), array([782, 230]), array([936, 454]), array([796, 594]), array([586, 608]), array([810, 706]), array([656, 748]), array([558, 804])]]",[[]]
2795,"[672, 422]",True,"[0.531439, 0]","[0, 0]",False,weak,"14700,0","[[array([516,  10]), array([782, 220]), array([936, 444]), array([796, 584]), array([586, 598]), array([810, 696]), array([656, 738]), array([558, 794]), array([446, 836])]]",[[]]
2796,"[672, 422]",True,"[0.531439, 0]","[0, 0]",False,weak,"14700,0","[[array([516,   0]), array([782, 210]), array([936, 434]), array([796, 574]), array([586, 588]), array([810, 686]), array([656, 728]), array([558, 784]), array([446, 826])]]",[[]]
2797,"[672, 422]",True,"[0.531439, 0]","[0, 0]",False,weak,"14700,0","[[array([782, 200]), array([936, 424]), array([796, 564]), array([586, 578]), array([810, 676]), array([656, 718]), array([558, 774]), array([446, 816])]]",[[]]
2798,"[672, 422]",True,"[0.531439, 0]","[0, 0]",False,weak,"14700,0","[[array([782, 190]), array([936, 414]), array([796, 554]), array([586, 568]), array([810, 666]), array([656, 708]), array([558, 764]), array([446, 806])]]",[[]]
2799,"[672, 422]",True,"[0.531439, 0]","[0, 0]",False,weak,"14700,0","[[array([782, 180]), array([936, 404]), array([796, 544]), array([586, 558]), array([810, 656]), array([656, 698]), array([558, 754]), array([446, 796])]]",[[]]
2800,"[672, 422]",True,"[0.531439, 0]","[0, 0]",False,weak,"14700,0","[[array([782, 170]), array([936, 394]), array([796, 534]), array([586, 548]), array([810, 646]), array([656, 688]), array([558, 744]), array([446, 786])]]",[[]]
2801,"[672, 422]",True,"[0.531439, 0]","[0, 0]",False,weak,"14700,0","[[array([782, 160]), array([936, 384]), array([796, 524]), array([586, 538]), array([810, 636]), array([656, 678]), array([558, 734]), array([446, 776])]]",[[]]
2802,"[672, 422]",True,"[0.531439, 0]","[0, 0]",False,weak,"14700,0","[[array([782, 150]), array([936, 374]), array([796, 514]), array([586, 528]), array([810, 626]), array([656, 668]), array([558, 724]), array([446, 766])]]",[[]]
2803,"[672, 422]",True,"[0.531439, 0]","[0, 0]",False,weak,"14700,0","[[array([782, 140]), array([936, 364]), array([796, 504]), array([586, 518]), array([810, 616]), array([656, 658]), array([558, 714]), array([446, 756])]]",[[]]
2804,"[672, 422]",True,"[0.531439, 0]","[0, 0]",False,weak,"14700,0","[[array([782, 130]), array([936, 354]), array([796, 494]), array([586, 508]), array([810, 606]), array([656, 648]), array([558, 704]), array([446, 746])]]",[[]]
2805,"[672, 422]",True,"[0.531439, 0]","[0, 0]",False,weak,"14700,0","[[array([782, 120]), array([936, 344]), array([796, 484]), array([586, 498]), array([810, 596]), array([656, 638]), array([558, 694]), array([446, 736])]]",[[]]
2806,"[672, 422]",True,"[0.531439, 0]","[0, 0]",False,weak,"14700,0","[[array([782, 110]), array([936, 334]), array([796, 474]), array([586, 488]), array([810, 586]), array([656, 628]), array([558, 684]), array([446, 726])]]",[[]]
2807,"[672, 422]",True,"[0.531439, 0]","[0, 0]",False,weak,"14700,0","[[array([778, 100]), array([932, 324]), array([792, 464]), array([582, 478]), array([806, 576]), array([652, 618]), array([554, 674]), array([442, 716])]]",[[]]
2808,"[672, 422]",True,"[0.531439, 0]","[0, 0]",False,weak,"14700,0","[[array([770,  90]), array([924, 314]), array([784, 454]), array([574, 468]), array([798, 566]), array([644, 608]), array([546, 664]), array([434, 706])]]",[[]]
2809,"[672, 422]",True,"[0.531439, 0]","[0, 0]",False,weak,"14700,0","[[array([762,  80]), array([916, 304]), array([776, 444]), array([566, 458]), array([790, 556]), array([636, 598]), array([538, 654]), array([426, 696])]]",[[]]
2810,"[672, 422]",True,"[0.531439, 0]","[0, 0]",False,weak,"14700,0","[[array([762,  70]), array([916, 294]), array([776, 434]), array([566, 448]), array([790, 546]), array([636, 588]), array([538, 644]), array([426, 686])]]",[[]]
2811,"[672, 422]",True,"[0.531439, 0]","[0, 0]",False,weak,"14700,0","[[array([762,  60]), array([916, 284]), array([776, 424]), array([566, 438]), array([790, 536]), array([636, 578]), array([538, 634]), array([426, 676])]]",[[]]
2812,"[672, 422]",True,"[0.531439, 0]","[0, 0]",False,weak,"14700,0","[[array([762,  50]), array([916, 274]), array([776, 414]), array([566, 428]), array([790, 526]), array([636, 568]), array([538, 624]), array([426, 666]), array([664, 834])]]",[[]]
2813,"[672, 422]",True,"[0.531439, 0]","[0, 0]",False,weak,"14700,0","[[array([762,  40]), array([916, 264]), array([776, 404]), array([566, 418]), array([790, 516]), array([636, 558]), array([538, 614]), array([426, 656]), array([664, 824])]]",[[]]
2814,"[672, 422]",True,"[0.531439, 0]","[0, 0]",False,weak,"14700,0","[[array([762,  30]), array([916, 254]), array([776, 394]), array([566, 408]), array([790, 506]), array([636, 548]), array([538, 604]), array([426, 646]), array([664, 814])]]",[[]]
2815,"[672, 422]",True,"[0.531439, 0]","[0, 0]",False,weak,"14700,0","[[array([762,  20]), array([916, 244]), array([776, 384]), array([566, 398]), array([790, 496]), array([636, 538]), array([538, 594]), array([426, 636]), array([664, 804])]]",[[]]
2816,"[672, 422]",True,"[0.531439, 0]","[0, 0]",False,weak,"14700,0","[[array([762,  10]), array([916, 234]), array([776, 374]), array([566, 388]), array([790, 486]), array([636, 528]), array([538, 584]), array([426, 626]), array([664, 794])]]",[[]]
2817,"[672, 422]",True,"[0.531439, 0]","[0, 0]",False,weak,"14700,0","[[array([755,   0]), array([909, 224]), array([769, 364]), array([559, 378]), array([783, 476]), array([629, 518]), array([531, 574]), array([419, 616]), array([657, 784])]]",[[]]
2818,"[672, 422]",True,"[0.531439, 0]","[0, 0]",False,weak,"14700,0","[[array([900, 214]), array([760, 354]), array([550, 368]), array([774, 466]), array([620, 508]), array([522, 564]), array([410, 606]), array([648, 774])]]",[[]]
2819,"[672, 422]",True,"[0.531439, 0]","[0, 0]",False,weak,"14700,0","[[array([889, 204]), array([749, 344]), array([539, 358]), array([763, 456]), array([609, 498]), array([511, 554]), array([399, 596]), array([637, 764])]]",[[]]
2820,"[672, 422]",True,"[0.531439, 0]","[0, 0]",False,weak,"14700,0","[[array([889, 194]), array([749, 334]), array([539, 348]), array([763, 446]), array([609, 488]), array([511, 544]), array([399, 586]), array([637, 754]), array([735, 838])]]",[[]]
2821,"[672, 422]",True,"[0.531439, 0]","[0, 0]",False,weak,"14700,0","[[array([889, 184]), array([749, 324]), array([539, 338]), array([763, 436]), array([609, 478]), array([511, 534]), array([399, 576]), array([637, 744]), array([735, 828])]]",[[]]
2822,"[672, 422]",True,"[0.531439, 0]","[0, 0]",False,weak,"14700,0","[[array([889, 174]), array([749, 314]), array([539, 328]), array([763, 426]), array([609, 468]), array([511, 524]), array([399, 566]), array([637, 734]), array([735, 818])]]",[[]]
2823,"[672, 422]",True,"[0.531439, 0]","[0, 0]",False,weak,"14700,0","[[array([889, 164]), array([749, 304]), array([539, 318]), array([763, 416]), array([609, 458]), array([511, 514]), array([399, 556]), array([637, 724]), array([735, 808])]]",[[]]
2824,"[672, 422]",True,"[0.531439, 0]","[0, 0]",False,weak,"14700,0","[[array([889, 154]), array([749, 294]), array([539, 308]), array([763, 406]), array([609, 448]), array([511, 504]), array([399, 546]), array([637, 714]), array([735, 798])]]",[[]]
2825,"[672, 422]",True,"[0.531439, 0]","[0, 0]",False,weak,"14700,0","[[array([889, 144]), array([749, 284]), array([539, 298]), array([763, 396]), array([609, 438]), array([511, 494]), array([399, 536]), array([637, 704]), array([735, 788])]]",[[]]
2826,"[672, 422]",True,"[0.531439, 0]","[0, 0]",False,weak,"14700,0","[[array([889, 134]), array([749, 274]), array([539, 288]), array([763, 386]), array([609, 428]), array([511, 484]), array([399, 526]), array([637, 694]), array([735, 778])]]",[[]]
2827,"[672, 422]",True,"[0.531439, 0]","[0, 0]",False,weak,"14700,0","[[array([889, 124]), array([749, 264]), array([539, 278]), array([763, 376]), array([609, 418]), array([511, 474]), array([399, 516]), array([637, 684]), array([735, 768])]]",[[]]
2828,"[672, 422]",True,"[0.531439, 0]","[0, 0]",False,weak,"14700,0","[[array([883, 114]), array([743, 254]), array([533, 268]), array([757, 366]), array([603, 408]), array([505, 464]), array([393, 506]), array([631, 674]), array([729, 758])]]",[[]]
2829,"[672, 422]",True,"[0.531439, 0]","[0, 0]",False,weak,"14700,0","[[array([873, 104]), array([733, 244]), array([523, 258]), array([747, 356]), array([593, 398]), array([495, 454]), array([383, 496]), array([621, 664]), array([719, 748])]]",[[]]
2830,"[672, 422]",True,"[0.531439, 0]","[0, 0]",False,weak,"14700,0","[[array([866,  94]), array([726, 234]), array([516, 248]), array([740, 346]), array([586, 388]), array([488, 444]), array([376, 486]), array([614, 654]), array([712, 738])]]",[[]]
2831,"[672, 422]",True,"[0.531439, 0]","[0, 0]",False,weak,"14700,0","[[array([862,  84]), array([722, 224]), array([512, 238]), array([736, 336]), array([582, 378]), array([484, 434]), array([372, 476]), array([610, 644]), array([708, 728])]]",[[]]
2832,"[672, 422]",True,"[0.531439, 0]","[0, 0]",False,weak,"14700,0","[[array([850,  74]), array([710, 214]), array([500, 228]), array([724, 326]), array([570, 368]), array([472, 424]), array([360, 466]), array([598, 634]), array([696, 718])]]",[[]]
2833,"[672, 422]",True,"[0.531439, 0]","[0, 0]",False,weak,"14700,0","[[array([850,  64]), array([710, 204]), array([500, 218]), array([724, 316]), array([570, 358]), array([472, 414]), array([360, 456]), array([598, 624]), array([696, 708])]]",[[]]
2834,"[672, 422]",True,"[0.531439, 0]","[0, 0]",False,weak,"14700,0","[[array([850,  54]), array([710, 194]), array([500, 208]), array([724, 306]), array([570, 348]), array([472, 404]), array([360, 446]), array([598, 614]), array([696, 698])]]",[[]]
2835,"[672, 422]",True,"[0.531439, 0]","[0, 0]",False,weak,"14700,0","[[array([850,  44]), array([710, 184]), array([500, 198]), array([724, 296]), array([570, 338]), array([472, 394]), array([360, 436]), array([598, 604]), array([696, 688])]]",[[]]
2836,"[672, 422]",True,"[0.531439, 0]","[0, 0]",False,weak,"14700,0","[[array([850,  34]), array([710, 174]), array([500, 188]), array([724, 286]), array([570, 328]), array([472, 384]), array([360, 426]), array([598, 594]), array([696, 678])]]",[[]]
2837,"[672, 422]",True,"[0.531439, 0]","[0, 0]",False,weak,"14700,0","[[array([850,  24]), array([710, 164]), array([500, 178]), array([724, 276]), array([570, 318]), array([472, 374]), array([360, 416]), array([598, 584]), array([696, 668])]]",[[]]
2838,"[672, 422]",True,"[0.531439, 0]","[0, 0]",False,weak,"14700,0","[[array([840,  14]), array([700, 154]), array([490, 168]), array([714, 266]), array([560, 308]), array([462, 364]), array([350, 406]), array([588, 574]), array([686, 658])]]",[[]]
2839,"[672, 422]",True,"[0.531439, 0]","[0, 0]",False,weak,"14700,0","[[array([822,   4]), array([682, 144]), array([472, 158]), array([696, 256]), array([542, 298]), array([444, 354]), array([332, 396]), array([570, 564]), array([668, 648])]]",[[]]
2840,"[672, 422]",True,"[0.531439, 0]","[0, 0]",False,weak,"14700,0","[[array([672, 134]), array([462, 148]), array([686, 246]), array([532, 288]), array([434, 344]), array([322, 386]), array([560, 554]), array([658, 638])]]",[[]]
2841,"[672, 422]",True,"[0.531439, 0]","[0, 0]",False,weak,"14700,0","[[array([662, 124]), array([452, 138]), array([676, 236]), array([522, 278]), array([424, 334]), array([312, 376]), array([550, 544]), array([648, 628])]]",[[]]
2842,"[672, 422]",True,"[0.531439, 0]","[0, 0]",False,weak,"14700,0","[[array([648, 114]), array([438, 128]), array([662, 226]), array([508, 268]), array([410, 324]), array([298, 366]), array([536, 534]), array([634, 618])]]",[[]]
2843,"[672, 422]",True,"[0.531439, 0]","[0, 0]",False,weak,"14700,0","[[array([637, 104]), array([427, 118]), array([651, 216]), array([497, 258]), array([399, 314]), array([287, 356]), array([525, 524]), array([623, 608])]]",[[]]
2844,"[672, 422]",True,"[0.531439, 0]","[0, 0]",False,weak,"14700,0","[[array([624,  94]), array([414, 108]), array([638, 206]), array([484, 248]), array([386, 304]), array([274, 346]), array([512, 514]), array([610, 598])]]",[[]]
2845,"[672, 422]",True,"[0.531439, 0]","[0, 0]",False,weak,"14700,0","[[array([618,  84]), array([408,  98]), array([632, 196]), array([478, 238]), array([380, 294]), array([268, 336]), array([506, 504]), array([604, 588])]]",[[]]
2846,"[672, 422]",True,"[0.531439, 0]","[0, 0]",False,weak,"14700,0","[[array([607,  74]), array([397,  88]), array([621, 186]), array([467, 228]), array([369, 284]), array([257, 326]), array([495, 494]), array([593, 578])]]",[[]]
2847,"[672, 422]",True,"[0.531439, 0]","[0, 0]",False,weak,"14700,0","[[array([607,  64]), array([397,  78]), array([621, 176]), array([467, 218]), array([369, 274]), array([257, 316]), array([495, 484]), array([593, 568])]]",[[]]
2848,"[672, 422]",True,"[0.531439, 0]","[0, 0]",False,weak,"14700,0","[[array([593,  54]), array([383,  68]), array([607, 166]), array([453, 208]), array([355, 264]), array([243, 306]), array([481, 474]), array([579, 558])]]",[[]]
2849,"[672, 422]",True,"[0.531439, 0]","[0, 0]",False,weak,"14700,0","[[array([593,  44]), array([383,  58]), array([607, 156]), array([453, 198]), array([355, 254]), array([243, 296]), array([481, 464]), array([579, 548])]]",[[]]
2850,"[672, 422]",True,"[0.531439, 0]","[0, 0]",False,weak,"14700,0","[[array([593,  34]), array([383,  48]), array([607, 146]), array([453, 188]), array([355, 244]), array([243, 286]), array([481, 454]), array([579, 538]), array([439, 832]), array([551, 832]), array([327, 832])]]",[[]]
2851,"[672, 422]",True,"[0.531439, 0]","[0, 0]",False,weak,"14700,0","[[array([593,  24]), array([383,  38]), array([607, 136]), array([453, 178]), array([355, 234]), array([243, 276]), array([481, 444]), array([579, 528]), array([439, 822]), array([551, 822]), array([327, 822])]]",[[]]
2852,"[672, 422]",True,"[0.531439, 0]","[0, 0]",False,weak,"14700,0","[[array([593,  14]), array([383,  28]), array([607, 126]), array([453, 168]), array([355, 224]), array([243, 266]), array([481, 434]), array([579, 518]), array([439, 812]), array([551, 812]), array([327, 812])]]",[[]]
2853,"[672, 422]",True,"[0.531439, 0]","[0, 0]",False,weak,"14700,0","[[array([593,   4]), array([383,  18]), array([607, 116]), array([453, 158]), array([355, 214]), array([243, 256]), array([481, 424]), array([579, 508]), array([439, 802]), array([551, 802]), array([327, 802])]]",[[]]
2854,"[672, 422]",True,"[0.531439, 0]","[0, 0]",False,weak,"14700,0","[[array([383,   8]), array([607, 106]), array([453, 148]), array([355, 204]), array([243, 246]), array([481, 414]), array([579, 498]), array([439, 792]), array([551, 792]), array([327, 792])]]",[[]]
2855,"[672, 422]",True,"[0.531439, 0]","[0, 0]",False,weak,"14700,0","[[array([607,  96]), array([453, 138]), array([355, 194]), array([243, 236]), array([481, 404]), array([579, 488]), array([439, 782]), array([551, 782]), array([327, 782])]]",[[]]
2856,"[672, 422]",True,"[0.531439, 0]","[0, 0]",False,weak,"14700,0","[[array([607,  86]), array([453, 128]), array([355, 184]), array([243, 226]), array([481, 394]), array([579, 478]), array([439, 772]), array([551, 772]), array([327, 772])]]",[[]]
2857,"[672, 422]",True,"[0.531439, 0]","[0, 0]",False,weak,"14700,0","[[array([607,  76]), array([453, 118]), array([355, 174]), array([243, 216]), array([481, 384]), array([579, 468]), array([439, 762]), array([551, 762]), array([327, 762])]]",[[]]
2858,"[672, 422]",True,"[0.531439, 0]","[0, 0]",False,weak,"14700,0","[[array([607,  66]), array([453, 108]), array([355, 164]), array([243, 206]), array([481, 374]), array([579, 458]), array([439, 752]), array([551, 752]), array([327, 752])]]",[[]]
2859,"[672, 422]",True,"[0.531439, 0]","[0, 0]",False,weak,"14700,0","[[array([607,  56]), array([453,  98]), array([355, 154]), array([243, 196]), array([481, 364]), array([579, 448]), array([439, 742]), array([551, 742]), array([327, 742]), array([397, 840])]]",[[]]
2860,"[672, 422]",True,"[0.531439, 0]","[0, 0]",False,weak,"14700,0","[[array([607,  46]), array([453,  88]), array([355, 144]), array([243, 186]), array([481, 354]), array([579, 438]), array([439, 732]), array([551, 732]), array([327, 732]), array([397, 830])]]",[[]]
2861,"[672, 422]",True,"[0.531439, 0]","[0, 0]",False,weak,"14700,0","[[array([607,  36]), array([453,  78]), array([355, 134]), array([243, 176]), array([481, 344]), array([579, 428]), array([439, 722]), array([551, 722]), array([327, 722]), array([397, 820])]]",[[]]
2862,"[672, 422]",True,"[0.531439, 0]","[0, 0]",False,weak,"14700,0","[[array([607,  26]), array([453,  68]), array([355, 124]), array([243, 166]), array([481, 334]), array([579, 418]), array([439, 712]), array([551, 712]), array([327, 712]), array([397, 810])]]",[[]]
2863,"[672, 422]",True,"[0.531439, 0]","[0, 0]",False,weak,"14700,0","[[array([607,  16]), array([453,  58]), array([355, 114]), array([243, 156]), array([481, 324]), array([579, 408]), array([439, 702]), array([551, 702]), array([327, 702]), array([397, 800])]]",[[]]
2864,"[672, 422]",True,"[0.531439, 0]","[0, 0]",False,weak,"14700,0","[[array([607,   6]), array([453,  48]), array([355, 104]), array([243, 146]), array([481, 314]), array([579, 398]), array([439, 692]), array([551, 692]), array([327, 692]), array([397, 790])]]",[[]]
2865,"[672, 422]",True,"[0.531439, 0]","[0, 0]",False,weak,"14700,0","[[array([453,  38]), array([355,  94]), array([243, 136]), array([481, 304]), array([579, 388]), array([439, 682]), array([551, 682]), array([327, 682]), array([397, 780])]]",[[]]
2866,"[672, 422]",True,"[0.531439, 0]","[0, 0]",False,weak,"14700,0","[[array([453,  28]), array([355,  84]), array([243, 126]), array([481, 294]), array([579, 378]), array([439, 672]), array([551, 672]), array([327, 672]), array([397, 770])]]",[[]]
2867,"[672, 422]",True,"[0.531439, 0]","[0, 0]",False,weak,"14700,0","[[array([467,  18]), array([369,  74]), array([257, 116]), array([495, 284]), array([593, 368]), array([453, 662]), array([565, 662]), array([341, 662]), array([411, 760])]]",[[]]
2868,"[672, 422]",True,"[0.531439, 0]","[0, 0]",False,weak,"14700,0","[[array([485,   8]), array([387,  64]), array([275, 106]), array([513, 274]), array([611, 358]), array([471, 652]), array([583, 652]), array([359, 652]), array([429, 750]), array([765, 834])]]",[[]]
2869,"[672, 422]",True,"[0.531439, 0]","[0, 0]",False,weak,"14700,0","[[array([396,  54]), array([284,  96]), array([522, 264]), array([620, 348]), array([480, 642]), array([592, 642]), array([368, 642]), array([438, 740]), array([774, 824])]]",[[]]
2870,"[672, 422]",True,"[0.531439, 0]","[0, 0]",False,weak,"14700,0","[[array([408,  44]), array([296,  86]), array([534, 254]), array([632, 338]), array([492, 632]), array([604, 632]), array([380, 632]), array([450, 730]), array([786, 814])]]",[[]]
2871,"[672, 422]",True,"[0.531439, 0]","[0, 0]",False,weak,"14700,0","[[array([408,  34]), array([296,  76]), array([534, 244]), array([632, 328]), array([492, 622]), array([604, 622]), array([380, 622]), array([450, 720]), array([786, 804])]]",[[]]
2872,"[672, 422]",True,"[0.531439, 0]","[0, 0]",False,weak,"14700,0","[[array([408,  24]), array([296,  66]), array([534, 234]), array([632, 318]), array([492, 612]), array([604, 612]), array([380, 612]), array([450, 710]), array([786, 794])]]",[[]]
2873,"[672, 422]",True,"[0.531439, 0]","[0, 0]",False,weak,"14700,0","[[array([408,  14]), array([296,  56]), array([534, 224]), array([632, 308]), array([492, 602]), array([604, 602]), array([380, 602]), array([450, 700]), array([786, 784])]]",[[]]
2874,"[672, 422]",True,"[0.531439, 0]","[0, 0]",False,weak,"14700,0","[[array([408,   4]), array([296,  46]), array([534, 214]), array([632, 298]), array([492, 592]), array([604, 592]), array([380, 592]), array([450, 690]), array([786, 774])]]",[[]]
2875,"[672, 422]",True,"[0.531439, 0]","[0, 0]",False,weak,"14700,0","[[array([296,  36]), array([534, 204]), array([632, 288]), array([492, 582]), array([604, 582]), array([380, 582]), array([450, 680]), array([786, 764])]]",[[]]
2876,"[672, 422]",True,"[0.531439, 0]","[0, 0]",False,weak,"14700,0","[[array([296,  26]), array([534, 194]), array([632, 278]), array([492, 572]), array([604, 572]), array([380, 572]), array([450, 670]), array([786, 754])]]",[[]]
2877,"[672, 422]",True,"[0.531439, 0]","[0, 0]",False,weak,"14700,0","[[array([296,  16]), array([534, 184]), array([632, 268]), array([492, 562]), array([604, 562]), array([380, 562]), array([450, 660]), array([786, 744])]]",[[]]
2878,"[672, 422]",True,"[0.531439, 0]","[0, 0]",False,weak,"14700,0","[[array([285,   6]), array([523, 174]), array([621, 258]), array([481, 552]), array([593, 552]), array([369, 552]), array([439, 650]), array([775, 734])]]",[[]]
2879,"[672, 422]",True,"[0.531439, 0]","[0, 0]",False,weak,"14700,0","[[array([512, 164]), array([610, 248]), array([470, 542]), array([582, 542]), array([358, 542]), array([428, 640]), array([764, 724])]]",[[]]
2880,"[672, 422]",True,"[0.531439, 0]","[0, 0]",False,weak,"14700,0","[[array([506, 154]), array([604, 238]), array([464, 532]), array([576, 532]), array([352, 532]), array([422, 630]), array([758, 714])]]",[[]]
2881,"[672, 422]",True,"[0.531439, 0]","[0, 0]",False,weak,"14700,0","[[array([506, 144]), array([604, 228]), array([464, 522]), array([576, 522]), array([352, 522]), array([422, 620]), array([758, 704])]]",[[]]
2882,"[672, 422]",True,"[0.531439, 0]","[0, 0]",False,weak,"14700,0","[[array([506, 134]), array([604, 218]), array([464, 512]), array([576, 512]), array([352, 512]), array([422, 610]), array([758, 694])]]",[[]]
2883,"[672, 422]",True,"[0.531439, 0]","[0, 0]",False,weak,"14700,0","[[array([506, 124]), array([604, 208]), array([464, 502]), array([576, 502]), array([352, 502]), array([422, 600]), array([758, 684])]]",[[]]
2884,"[672, 422]",True,"[0.531439, 0]","[0, 0]",False,weak,"14700,0","[[array([506, 114]), array([604, 198]), array([464, 492]), array([576, 492]), array([352, 492]), array([422, 590]), array([758, 674])]]",[[]]
2885,"[672, 422]",True,"[0.531439, 0]","[0, 0]",False,weak,"14700,0","[[array([506, 104]), array([604, 188]), array([464, 482]), array([576, 482]), array([352, 482]), array([422, 580]), array([758, 664]), array([394, 832])]]",[[]]
2886,"[672, 422]",True,"[0.531439, 0]","[0, 0]",False,weak,"14700,0","[[array([506,  94]), array([604, 178]), array([464, 472]), array([576, 472]), array([352, 472]), array([422, 570]), array([758, 654]), array([394, 822])]]",[[]]
2887,"[672, 422]",True,"[0.531439, 0]","[0, 0]",False,weak,"14700,0","[[array([506,  84]), array([604, 168]), array([464, 462]), array([576, 462]), array([352, 462]), array([422, 560]), array([758, 644]), array([394, 812])]]",[[]]
2888,"[672, 422]",True,"[0.531439, 0]","[0, 0]",False,weak,"14700,0","[[array([506,  74]), array([604, 158]), array([464, 452]), array([576, 452]), array([352, 452]), array([422, 550]), array([758, 634]), array([394, 802])]]",[[]]
2889,"[672, 422]",True,"[0.531439, 0]","[0, 0]",False,weak,"14700,0","[[array([506,  64]), array([604, 148]), array([464, 442]), array([576, 442]), array([352, 442]), array([422, 540]), array([758, 624]), array([394, 792]), array([478, 834]), array([730, 834])]]",[[]]
2890,"[672, 422]",True,"[0.531439, 0]","[0, 0]",False,weak,"14700,0","[[array([506,  54]), array([604, 138]), array([464, 432]), array([576, 432]), array([352, 432]), array([422, 530]), array([758, 614]), array([394, 782]), array([478, 824]), array([730, 824])]]",[[]]
2891,"[672, 422]",True,"[0.531439, 0]","[0, 0]",False,weak,"14700,0","[[array([506,  44]), array([604, 128]), array([464, 422]), array([576, 422]), array([352, 422]), array([422, 520]), array([758, 604]), array([394, 772]), array([478, 814]), array([730, 814])]]",[[]]
2892,"[672, 422]",True,"[0.531439, 0]","[0, 0]",False,weak,"14700,0","[[array([506,  34]), array([604, 118]), array([464, 412]), array([576, 412]), array([352, 412]), array([422, 510]), array([758, 594]), array([394, 762]), array([478, 804]), array([730, 804])]]",[[]]
2893,"[672, 422]",True,"[0.531439, 0]","[0, 0]",False,weak,"14700,0","[[array([506,  24]), array([604, 108]), array([464, 402]), array([576, 402]), array([352, 402]), array([422, 500]), array([758, 584]), array([394, 752]), array([478, 794]), array([730, 794])]]",[[]]
2894,"[672, 422]",True,"[0.531439, 0]","[0, 0]",False,weak,"14700,0","[[array([506,  14]), array([604,  98]), array([464, 392]), array([576, 392]), array([352, 392]), array([422, 490]), array([758, 574]), array([394, 742]), array([478, 784]), array([730, 784])]]",[[]]
2895,"[672, 422]",True,"[0.531439, 0]","[0, 0]",False,weak,"14700,0","[[array([506,   4]), array([604,  88]), array([464, 382]), array([576, 382]), array([352, 382]), array([422, 480]), array([758, 564]), array([394, 732]), array([478, 774]), array([730, 774])]]",[[]]
2896,"[672, 422]",True,"[0.531439, 0]","[0, 0]",False,weak,"14700,0","[[array([604,  78]), array([464, 372]), array([576, 372]), array([352, 372]), array([422, 470]), array([758, 554]), array([394, 722]), array([478, 764]), array([730, 764])]]",[[]]
2897,"[672, 422]",True,"[0.531439, 0]","[0, 0]",False,weak,"14700,0","[[array([604,  68]), array([464, 362]), array([576, 362]), array([352, 362]), array([422, 460]), array([758, 544]), array([394, 712]), array([478, 754]), array([730, 754])]]",[[]]
2898,"[672, 422]",True,"[0.531439, 0]","[0, 0]",False,weak,"14700,0","[[array([604,  58]), array([464, 352]), array([576, 352]), array([352, 352]), array([422, 450]), array([758, 534]), array([394, 702]), array([478, 744]), array([730, 744])]]",[[]]
2899,"[672, 422]",True,"[0.531439, 0]","[0, 0]",False,weak,"14700,0","[[array([623,  48]), array([483, 342]), array([595, 342]), array([371, 342]), array([441, 440]), array([777, 524]), array([413, 692]), array([497, 734]), array([749, 734])]]",[[]]
2900,"[672, 422]",True,"[0.531439, 0]","[0, 0]",False,weak,"14700,0","[[array([630,  38]), array([490, 332]), array([602, 332]), array([378, 332]), array([448, 430]), array([784, 514]), array([420, 682]), array([504, 724]), array([756, 724])]]",[[]]
2901,"[672, 422]",True,"[0.531439, 0]","[0, 0]",False,weak,"14700,0","[[array([639,  28]), array([499, 322]), array([611, 322]), array([387, 322]), array([457, 420]), array([793, 504]), array([429, 672]), array([513, 714]), array([765, 714])]]",[[]]
2902,"[672, 422]",True,"[0.531439, 0]","[0, 0]",False,weak,"14700,0","[[array([644,  18]), array([504, 312]), array([616, 312]), array([392, 312]), array([462, 410]), array([798, 494]), array([434, 662]), array([518, 704]), array([770, 704])]]",[[]]
