,time_played,player_pos,collision,current_direction,current_drift,level_done,input_noise_magnitude,input_noise_threshold,visible_obstacles,visible_drift_tiles
0,"4,291534423828125e-05","[672, 146]",False,"[0.517927, 0]","[0, 0]",False,weak,"14700,0",[[]],[[]]
1,"0,034754037857055664","[672, 152]",False,"[0.517927, 0]","[0, 0]",False,weak,"14700,0",[[]],[[]]
2,"0,06883478164672852","[672, 158]",False,"[0.517927, 0]","[0, 0]",False,weak,"14700,0",[[]],[[]]
3,"0,10300993919372559","[672, 164]",False,"[0.517927, 0]","[0, 0]",False,weak,"14700,0",[[]],[[]]
4,"0,13696885108947754","[672, 170]",False,"[0.517927, 0]","[0, 0]",False,weak,"14700,0",[[]],[[]]
5,"0,17008209228515625","[672, 176]",False,"[0.517927, 0]","[0, 0]",False,weak,"14700,0",[[]],[[]]
6,"0,20436978340148926","[672, 182]",False,"[0.517927, 0]","[0, 0]",False,weak,"14700,0",[[]],[[]]
7,"0,23815083503723145","[672, 188]",False,"[0.517927, 0]","[0, 0]",False,weak,"14700,0",[[]],[[]]
8,"0,2728099822998047","[672, 194]",False,"[0.517927, 0]","[0, 0]",False,weak,"14700,0",[[]],[[]]
9,"0,3065328598022461","[672, 200]",False,"[0.517927, 0]","[0, 0]",False,weak,"14700,0",[[]],[[]]
10,"0,3404998779296875","[672, 206]",False,"[0.517927, 0]","[0, 0]",False,weak,"14700,0",[[]],[[]]
11,"0,37465381622314453","[672, 212]",False,"[0.517927, 0]","[0, 0]",False,weak,"14700,0",[[]],[[]]
12,"0,408923864364624","[672, 218]",False,"[0.517927, 0]","[0, 0]",False,weak,"14700,0",[[]],[[]]
13,"0,4422628879547119","[672, 224]",False,"[0.517927, 0]","[0, 0]",False,weak,"14700,0",[[]],[[]]
14,"0,4769768714904785","[672, 230]",False,"[0.517927, 0]","[0, 0]",False,weak,"14700,0",[[]],[[]]
15,"0,5108828544616699","[672, 236]",False,"[0.517927, 0]","[0, 0]",False,weak,"14700,0",[[]],[[]]
16,"0,5441527366638184","[672, 242]",False,"[0.517927, 0]","[0, 0]",False,weak,"14700,0",[[]],[[]]
17,"0,578373908996582","[672, 248]",False,"[0.517927, 0]","[0, 0]",False,weak,"14700,0",[[]],[[]]
18,"0,612523078918457","[672, 254]",False,"[0.517927, 0]","[0, 0]",False,weak,"14700,0",[[]],[[]]
19,"0,646751880645752","[672, 260]",False,"[0.517927, 0]","[0, 0]",False,weak,"14700,0",[[]],[[]]
20,"0,6802628040313721","[672, 266]",False,"[0.517927, 0]","[0, 0]",False,weak,"14700,0",[[]],[[]]
21,"0,714547872543335","[672, 272]",False,"[0.517927, 0]","[0, 0]",False,weak,"14700,0",[[]],[[]]
22,"0,7488439083099365","[672, 278]",False,"[0.517927, 0]","[0, 0]",False,weak,"14700,0",[[]],[[]]
23,"0,7821249961853027","[672, 284]",False,"[0.517927, 0]","[0, 0]",False,weak,"14700,0",[[]],[[]]
24,"0,8161149024963379","[672, 290]",False,"[0.517927, 0]","[0, 0]",False,weak,"14700,0",[[]],[[]]
25,"0,8510298728942871","[672, 296]",False,"[0.517927, 0]","[0, 0]",False,weak,"14700,0",[[]],[[]]
26,"0,8860208988189697","[672, 302]",False,"[0.517927, 0]","[0, 0]",False,weak,"14700,0",[[]],[[]]
27,"0,9197008609771729","[672, 308]",False,"[0.517927, 0]","[0, 0]",False,weak,"14700,0",[[]],[[]]
28,"0,9535608291625977","[672, 314]",False,"[0.517927, 0]","[0, 0]",False,weak,"14700,0",[[]],[[]]
29,"0,9881558418273926","[672, 320]",False,"[0.517927, 0]","[0, 0]",False,weak,"14700,0",[[]],[[]]
30,"1,0211589336395264","[672, 326]",False,"[0.517927, 0]","[0, 0]",False,weak,"14700,0",[[]],[[]]
31,"1,0554327964782715","[672, 332]",False,"[0.517927, 0]","[0, 0]",False,weak,"14700,0",[[]],[[]]
32,"1,0894129276275635","[672, 338]",False,"[0.517927, 0]","[0, 0]",False,weak,"14700,0",[[]],[[]]
33,"1,1232719421386719","[672, 344]",False,"[0.517927, 0]","[0, 0]",False,weak,"14700,0",[[]],[[]]
34,"1,1579508781433105","[672, 350]",False,"[0.517927, 0]","[0, 0]",False,weak,"14700,0",[[]],[[]]
35,"1,1915628910064697","[672, 356]",False,"[0.517927, 0]","[0, 0]",False,weak,"14700,0",[[]],[[]]
36,"1,225266933441162","[672, 362]",False,"[0.517927, 0]","[0, 0]",False,weak,"14700,0",[[]],[[]]
37,"1,2600157260894775","[672, 368]",False,"[0.517927, 0]","[0, 0]",False,weak,"14700,0",[[]],[[]]
38,"1,2938039302825928","[672, 374]",False,"[0.517927, 0]","[0, 0]",False,weak,"14700,0",[[]],[[]]
39,"1,327543020248413","[672, 380]",False,"[0.517927, 0]","[0, 0]",False,weak,"14700,0",[[]],[[]]
40,"1,361353874206543","[672, 386]",False,"[0.517927, 0]","[0, 0]",False,weak,"14700,0",[[]],[[]]
41,"1,395359992980957","[672, 392]",False,"[0.517927, 0]","[0, 0]",False,weak,"14700,0",[[]],[[]]
42,"1,4296069145202637","[672, 398]",False,"[0.517927, 0]","[0, 0]",False,weak,"14700,0",[[]],[[]]
43,"1,463836908340454","[672, 404]",False,"[0.517927, 0]","[0, 0]",False,weak,"14700,0",[[]],[[]]
44,"1,497941017150879","[672, 410]",False,"[0.517927, 0]","[0, 0]",False,weak,"14700,0",[[]],[[]]
45,"1,5313317775726318","[672, 416]",False,"[0.517927, 0]","[0, 0]",False,weak,"14700,0",[[]],[[]]
46,"1,5660429000854492","[672, 422]",False,"[0.517927, 0]","[0, 0]",False,weak,"14700,0",[[]],[[]]
47,"1,6008110046386719","[672, 422]",False,"[0.517927, 0]","[0, 0]",False,weak,"14700,0",[[]],[[]]
48,"1,6348168849945068","[672, 422]",False,"[0.517927, 0]","[0, 0]",False,weak,"14700,0",[[]],[[]]
49,"1,6685550212860107","[672, 422]",False,"[0.517927, 0]","[0, 0]",False,weak,"14700,0",[[]],[[]]
50,"1,7025647163391113","[672, 422]",False,"[0.517927, 0]","[0, 0]",False,weak,"14700,0",[[]],[[]]
51,"1,7367198467254639","[672, 422]",False,"[0.517927, 0]","[0, 0]",False,weak,"14700,0",[[]],[[]]
52,"1,7708029747009277","[672, 422]",False,"[0.517927, 0]","[0, 0]",False,weak,"14700,0",[[]],[[]]
53,"1,8044319152832031","[672, 422]",False,"[0.517927, 0]","[0, 0]",False,weak,"14700,0",[[]],[[]]
54,"1,8391900062561035","[672, 422]",False,"[0.517927, 0]","[0, 0]",False,weak,"14700,0",[[]],[[]]
55,"1,8717808723449707","[672, 422]",False,"[0.517927, 0]","[0, 0]",False,weak,"14700,0",[[]],[[]]
56,"1,905566930770874","[672, 422]",False,"[0.517927, 0]","[0, 0]",False,weak,"14700,0",[[]],[[]]
57,"1,9398949146270752","[672, 422]",False,"[0.517927, 0]","[0, 0]",False,weak,"14700,0",[[]],[[]]
58,"1,9732999801635742","[672, 422]",False,"[0.517927, 0]","[0, 0]",False,weak,"14700,0",[[]],[[]]
59,"2,007689952850342","[672, 422]",False,"[0.517927, 0]","[0, 0]",False,weak,"14700,0",[[]],[[]]
60,"2,04187273979187","[672, 422]",False,"[0.517927, 0]","[0, 0]",False,weak,"14700,0",[[]],[[]]
61,"2,0760538578033447","[672, 422]",False,"[0.517927, 0]","[0, 0]",False,weak,"14700,0",[[]],[[]]
62,"2,110621929168701","[672, 422]",False,"[0.517927, 0]","[0, 0]",False,weak,"14700,0",[[]],[[]]
63,"2,1448187828063965","[672, 422]",False,"[0.517927, 0]","[0, 0]",False,weak,"14700,0",[[]],[[]]
64,"2,1789560317993164","[672, 422]",False,"[0.517927, 0]","[0, 0]",False,weak,"14700,0",[[]],[[]]
65,"2,2122178077697754","[672, 422]",False,"[0.517927, 0]","[0, 0]",False,weak,"14700,0",[[]],[[]]
66,"2,2463817596435547","[672, 422]",False,"[0.517927, 0]","[0, 0]",False,weak,"14700,0",[[]],[[]]
67,"2,28108286857605","[672, 422]",False,"[0.517927, 0]","[0, 0]",False,weak,"14700,0",[[]],[[]]
68,"2,314300775527954","[672, 422]",False,"[0.517927, 0]","[0, 0]",False,weak,"14700,0",[[]],[[]]
69,"2,348472833633423","[672, 422]",False,"[0.517927, 0]","[0, 0]",False,weak,"14700,0",[[]],[[]]
70,"2,3827598094940186","[672, 422]",False,"[0.517927, 0]","[0, 0]",False,weak,"14700,0",[[]],[[]]
71,"2,4166767597198486","[672, 422]",False,"[0.517927, 0]","[0, 0]",False,weak,"14700,0",[[]],[[]]
72,"2,4505767822265625","[672, 422]",False,"[0.517927, 0]","[0, 0]",False,weak,"14700,0",[[]],[[]]
73,"2,4847607612609863","[672, 422]",False,"[0.517927, 0]","[0, 0]",False,weak,"14700,0",[[]],[[]]
74,"2,5187859535217285","[672, 422]",False,"[0.517927, 0]","[0, 0]",False,weak,"14700,0",[[]],[[]]
75,"2,5527398586273193","[672, 422]",False,"[0.517927, 0]","[0, 0]",False,weak,"14700,0",[[]],[[]]
76,"2,586650848388672","[672, 422]",False,"[0.517927, 0]","[0, 0]",False,weak,"14700,0",[[]],[[]]
77,"2,620512008666992","[672, 422]",False,"[0.517927, 0]","[0, 0]",False,weak,"14700,0",[[]],[[]]
78,"2,654301881790161","[672, 422]",False,"[0.517927, 0]","[0, 0]",False,weak,"14700,0",[[]],[[]]
79,"2,6880998611450195","[672, 422]",False,"[0.517927, 0]","[0, 0]",False,weak,"14700,0",[[]],[[]]
80,"2,7232367992401123","[672, 422]",False,"[0.517927, 0]","[0, 0]",False,weak,"14700,0",[[]],[[]]
81,"2,7564139366149902","[672, 422]",False,"[0.517927, 0]","[0, 0]",False,weak,"14700,0",[[]],[[]]
82,"2,7904629707336426","[672, 422]",False,"[0.517927, 0]","[0, 0]",False,weak,"14700,0",[[]],[[]]
83,"2,824449062347412","[672, 422]",False,"[0.517927, 0]","[0, 0]",False,weak,"14700,0",[[]],[[]]
84,"2,8588149547576904","[672, 422]",False,"[0.517927, 0]","[0, 0]",False,weak,"14700,0",[[]],[[]]
85,"2,8929789066314697","[672, 422]",False,"[0.517927, 0]","[0, 0]",False,weak,"14700,0",[[]],[[]]
86,"2,92697811126709","[672, 422]",False,"[0.517927, 0]","[0, 0]",False,weak,"14700,0",[[]],[[]]
87,"2,960925817489624","[672, 422]",False,"[0.517927, 0]","[0, 0]",False,weak,"14700,0",[[]],[[]]
88,"2,994091033935547","[672, 422]",False,"[0.517927, 0]","[0, 0]",False,weak,"14700,0",[[]],[[]]
89,"3,0282270908355713","[672, 422]",False,"[0.517927, 0]","[0, 0]",False,weak,"14700,0",[[]],[[]]
90,"3,062384843826294","[672, 422]",False,"[0.517927, 0]","[0, 0]",False,weak,"14700,0",[[]],[[]]
91,"3,0966739654541016","[672, 422]",False,"[0.517927, 0]","[0, 0]",False,weak,"14700,0",[[]],[[]]
92,"3,130826950073242","[672, 422]",False,"[0.517927, 0]","[0, 0]",False,weak,"14700,0",[[]],[[]]
93,"3,1649510860443115","[672, 422]",False,"[0.517927, 0]","[0, 0]",False,weak,"14700,0",[[]],"[[array([350, 836])]]"
94,"3,198309898376465","[672, 422]",False,"[0.517927, 0]","[0, 0]",False,weak,"14700,0",[[]],"[[array([350, 826])]]"
95,"3,232269048690796","[672, 422]",False,"[0.517927, 0]","[0, 0]",False,weak,"14700,0",[[]],"[[array([350, 816])]]"
96,"3,2665107250213623","[672, 422]",False,"[0.517927, 0]","[0, 0]",False,weak,"14700,0",[[]],"[[array([350, 806])]]"
97,"3,300837755203247","[672, 422]",False,"[0.517927, 0]","[0, 0]",False,weak,"14700,0",[[]],"[[array([350, 796])]]"
98,"3,334049940109253","[672, 422]",False,"[0.517927, 0]","[0, 0]",False,weak,"14700,0",[[]],"[[array([350, 786])]]"
99,"3,3683528900146484","[672, 422]",False,"[0.517927, 0]","[0, 0]",False,weak,"14700,0",[[]],"[[array([350, 776])]]"
100,"3,402431011199951","[672, 422]",False,"[0.517927, 0]","[0, 0]",False,weak,"14700,0",[[]],"[[array([350, 766])]]"
101,"3,4367568492889404","[672, 422]",False,"[0.517927, 0]","[0, 0]",False,weak,"14700,0",[[]],"[[array([350, 756])]]"
102,"3,4708118438720703","[672, 422]",False,"[0.517927, 0]","[0, 0]",False,weak,"14700,0",[[]],"[[array([350, 746])]]"
103,"3,504934787750244","[672, 422]",False,"[0.517927, 0]","[0, 0]",False,weak,"14700,0",[[]],"[[array([350, 736])]]"
104,"3,5389039516448975","[672, 422]",False,"[0.517927, 0]","[0, 0]",False,weak,"14700,0",[[]],"[[array([350, 726])]]"
105,"3,5724408626556396","[672, 422]",False,"[0.517927, 0]","[0, 0]",False,weak,"14700,0",[[]],"[[array([350, 716])]]"
106,"3,606968879699707","[672, 422]",False,"[0.517927, 0]","[0, 0]",False,weak,"14700,0",[[]],"[[array([350, 706])]]"
107,"3,640401840209961","[672, 422]",False,"[0.517927, 0]","[0, 0]",False,weak,"14700,0",[[]],"[[array([350, 696]), array([1027,  836])]]"
108,"3,6747467517852783","[672, 422]",False,"[0.517927, 0]","[0, 0]",False,weak,"14700,0",[[]],"[[array([350, 686]), array([1027,  826])]]"
109,"3,7082159519195557","[672, 422]",False,"[0.517927, 0]","[0, 0]",False,weak,"14700,0",[[]],"[[array([350, 676]), array([1027,  816])]]"
110,"3,74251389503479","[672, 422]",False,"[0.517927, 0]","[0, 0]",False,weak,"14700,0",[[]],"[[array([350, 666]), array([1027,  806])]]"
111,"3,776740789413452","[672, 422]",False,"[0.517927, 0]","[0, 0]",False,weak,"14700,0",[[]],"[[array([350, 656]), array([1027,  796])]]"
112,"3,8098268508911133","[672, 422]",False,"[0.517927, 0]","[0, 0]",False,weak,"14700,0",[[]],"[[array([350, 646]), array([1027,  786])]]"
113,"3,843899965286255","[672, 422]",False,"[0.517927, 0]","[0, 0]",False,weak,"14700,0",[[]],"[[array([350, 636]), array([1027,  776])]]"
114,"3,8779938220977783","[672, 422]",False,"[0.517927, 0]","[0, 0]",False,weak,"14700,0",[[]],"[[array([350, 626]), array([1027,  766])]]"
115,"3,9120230674743652","[672, 422]",False,"[0.517927, 0]","[0, 0]",False,weak,"14700,0",[[]],"[[array([350, 616]), array([1027,  756])]]"
116,"3,9452579021453857","[672, 422]",False,"[0.517927, 0]","[0, 0]",False,weak,"14700,0",[[]],"[[array([350, 606]), array([1027,  746])]]"
117,"3,9791839122772217","[672, 422]",False,"[0.517927, 0]","[0, 0]",False,weak,"14700,0",[[]],"[[array([350, 596]), array([1027,  736])]]"
118,"4,013031959533691","[672, 422]",False,"[0.517927, 0]","[0, 0]",False,weak,"14700,0",[[]],"[[array([350, 586]), array([1027,  726])]]"
119,"4,047804832458496","[672, 422]",False,"[0.517927, 0]","[0, 0]",False,weak,"14700,0",[[]],"[[array([350, 576]), array([1027,  716])]]"
120,"4,080728769302368","[672, 422]",False,"[0.517927, 0]","[0, 0]",False,weak,"14700,0",[[]],"[[array([350, 566]), array([1027,  706])]]"
121,"4,114733695983887","[672, 422]",False,"[0.517927, 0]","[0, 0]",False,weak,"14700,0",[[]],"[[array([350, 556]), array([1027,  696])]]"
122,"4,149004936218262","[672, 422]",False,"[0.517927, 0]","[0, 0]",False,weak,"14700,0",[[]],"[[array([350, 546]), array([1027,  686])]]"
123,"4,182199001312256","[672, 422]",False,"[0.517927, 0]","[0, 0]",False,weak,"14700,0",[[]],"[[array([350, 536]), array([1027,  676])]]"
124,"4,216476917266846","[672, 422]",False,"[0.517927, 0]","[0, 0]",False,weak,"14700,0",[[]],"[[array([350, 526]), array([1027,  666])]]"
125,"4,250684976577759","[672, 422]",False,"[0.517927, 0]","[0, 0]",False,weak,"14700,0",[[]],"[[array([350, 516]), array([1027,  656])]]"
126,"4,2848451137542725","[672, 422]",False,"[0.517927, 0]","[0, 0]",False,weak,"14700,0",[[]],"[[array([350, 506]), array([1027,  646])]]"
127,"4,318128824234009","[672, 422]",False,"[0.517927, 0]","[0, 0]",False,weak,"14700,0",[[]],"[[array([350, 496]), array([1027,  636])]]"
128,"4,352962970733643","[672, 422]",False,"[0.517927, 0]","[0, 0]",False,weak,"14700,0",[[]],"[[array([350, 486]), array([1027,  626])]]"
129,"4,386092901229858","[672, 422]",False,"[0.517927, 0]","[0, 0]",False,weak,"14700,0",[[]],"[[array([350, 476]), array([1027,  616])]]"
130,"4,420918941497803","[672, 422]",False,"[0.517927, 0]","[0, 0]",False,weak,"14700,0",[[]],"[[array([350, 466]), array([1027,  606])]]"
131,"4,454984903335571","[672, 422]",False,"[0.517927, 0]","[0, 0]",False,weak,"14700,0",[[]],"[[array([350, 456]), array([1027,  596])]]"
132,"4,488232851028442","[672, 422]",False,"[0.517927, 0]","[0, 0]",False,weak,"14700,0",[[]],"[[array([345, 446]), array([1022,  586])]]"
133,"4,5222389698028564","[672, 422]",False,"[0.517927, 0]","[0, 0]",False,weak,"14700,0",[[]],"[[array([340, 436]), array([1017,  576])]]"
134,"4,556508779525757","[672, 422]",False,"[0.517927, 0]","[0, 0]",False,weak,"14700,0",[[]],"[[array([335, 426]), array([1012,  566])]]"
135,"4,5906758308410645","[672, 422]",False,"[0.517927, 0]","[0, 0]",False,weak,"14700,0",[[]],"[[array([330, 416]), array([1007,  556])]]"
136,"4,624745845794678","[672, 422]",False,"[0.517927, 0]","[0, 0]",False,weak,"14700,0",[[]],"[[array([325, 406]), array([1002,  546])]]"
137,"4,658873796463013","[672, 422]",False,"[0.517927, 0]","[0, 0]",False,weak,"14700,0",[[]],"[[array([320, 396]), array([997, 536])]]"
138,"4,692173719406128","[672, 422]",False,"[0.517927, 0]","[0, 0]",False,weak,"14700,0",[[]],"[[array([315, 386]), array([992, 526])]]"
139,"4,726162910461426","[672, 422]",False,"[0.517927, 0]","[0, 0]",False,weak,"14700,0",[[]],"[[array([310, 376]), array([987, 516])]]"
140,"4,760504722595215","[672, 422]",False,"[0.517927, 0]","[0, 0]",False,weak,"14700,0",[[]],"[[array([305, 366]), array([982, 506])]]"
141,"4,794716835021973","[672, 422]",False,"[0.517927, 0]","[0, 0]",False,weak,"14700,0",[[]],"[[array([300, 356]), array([977, 496])]]"
142,"4,828111886978149","[672, 422]",False,"[0.517927, 0]","[0, 0]",False,weak,"14700,0",[[]],"[[array([295, 346]), array([972, 486])]]"
143,"4,862189054489136","[672, 422]",False,"[0.517927, 0]","[0, 0]",False,weak,"14700,0",[[]],"[[array([295, 336]), array([972, 476]), array([295, 840])]]"
144,"4,895405054092407","[672, 422]",False,"[0.517927, 0]","[0, 0]",False,weak,"14700,0",[[]],"[[array([295, 326]), array([972, 466]), array([295, 830])]]"
145,"4,929174900054932","[672, 422]",False,"[0.517927, 0]","[0, 0]",False,weak,"14700,0",[[]],"[[array([295, 316]), array([972, 456]), array([295, 820])]]"
146,"4,963183879852295","[672, 422]",False,"[0.517927, 0]","[0, 0]",False,weak,"14700,0",[[]],"[[array([299, 306]), array([976, 446]), array([299, 810])]]"
147,"4,99748682975769","[672, 422]",False,"[0.517927, 0]","[0, 0]",False,weak,"14700,0",[[]],"[[array([303, 296]), array([980, 436]), array([303, 800])]]"
148,"5,031939744949341","[672, 422]",False,"[0.517927, 0]","[0, 0]",False,weak,"14700,0",[[]],"[[array([307, 286]), array([984, 426]), array([307, 790])]]"
149,"5,065526008605957","[672, 422]",False,"[0.517927, 0]","[0, 0]",False,weak,"14700,0",[[]],"[[array([311, 276]), array([988, 416]), array([311, 780])]]"
150,"5,09973669052124","[672, 422]",False,"[0.517927, 0]","[0, 0]",False,weak,"14700,0",[[]],"[[array([315, 266]), array([992, 406]), array([315, 770])]]"
151,"5,133080005645752","[672, 422]",False,"[0.517927, 0]","[0, 0]",False,weak,"14700,0",[[]],"[[array([319, 256]), array([996, 396]), array([319, 760])]]"
152,"5,1674439907073975","[672, 422]",False,"[0.517927, 0]","[0, 0]",False,weak,"14700,0",[[]],"[[array([323, 246]), array([1000,  386]), array([323, 750])]]"
153,"5,2017107009887695","[672, 422]",False,"[0.517927, 0]","[0, 0]",False,weak,"14700,0",[[]],"[[array([327, 236]), array([1004,  376]), array([327, 740])]]"
154,"5,235854864120483","[672, 422]",False,"[0.517927, 0]","[0, 0]",False,weak,"14700,0",[[]],"[[array([331, 226]), array([1008,  366]), array([331, 730])]]"
155,"5,269317865371704","[672, 422]",False,"[0.517927, 0]","[0, 0]",False,weak,"14700,0",[[]],"[[array([335, 216]), array([1012,  356]), array([335, 720])]]"
156,"5,303287029266357","[672, 422]",False,"[0.517927, 0]","[0, 0]",False,weak,"14700,0",[[]],"[[array([339, 206]), array([1016,  346]), array([339, 710])]]"
157,"5,337739944458008","[672, 422]",False,"[0.517927, 0]","[0, 0]",False,weak,"14700,0",[[]],"[[array([339, 196]), array([1016,  336]), array([339, 700])]]"
158,"5,371953964233398","[672, 422]",False,"[0.517927, 0]","[0, 0]",False,weak,"14700,0",[[]],"[[array([339, 186]), array([1016,  326]), array([339, 690])]]"
159,"5,405298948287964","[672, 422]",False,"[0.517927, 0]","[0, 0]",False,weak,"14700,0",[[]],"[[array([339, 176]), array([1016,  316]), array([339, 680])]]"
160,"5,439485788345337","[672, 422]",False,"[0.517927, 0]","[0, 0]",False,weak,"14700,0",[[]],"[[array([339, 166]), array([1016,  306]), array([339, 670])]]"
161,"5,473710775375366","[672, 422]",False,"[0.517927, 0]","[0, 0]",False,weak,"14700,0",[[]],"[[array([339, 156]), array([1016,  296]), array([339, 660])]]"
162,"5,507913827896118","[672, 422]",False,"[0.517927, 0]","[0, 0]",False,weak,"14700,0",[[]],"[[array([339, 146]), array([1016,  286]), array([339, 650])]]"
163,"5,541997671127319","[672, 422]",False,"[0.517927, 0]","[0, 0]",False,weak,"14700,0",[[]],"[[array([339, 136]), array([1016,  276]), array([339, 640])]]"
164,"5,575254917144775","[672, 422]",False,"[0.517927, 0]","[0, 0]",False,weak,"14700,0",[[]],"[[array([339, 126]), array([1016,  266]), array([339, 630])]]"
165,"5,609121084213257","[672, 422]",False,"[0.517927, 0]","[0, 0]",False,weak,"14700,0",[[]],"[[array([339, 116]), array([1016,  256]), array([339, 620])]]"
166,"5,643247842788696","[672, 422]",False,"[0.517927, 0]","[0, 0]",False,weak,"14700,0",[[]],"[[array([339, 106]), array([1016,  246]), array([339, 610])]]"
167,"5,677670955657959","[672, 422]",False,"[0.517927, 0]","[0, 0]",False,weak,"14700,0",[[]],"[[array([339,  96]), array([1016,  236]), array([339, 600])]]"
168,"5,711863994598389","[672, 422]",False,"[0.517927, 0]","[0, 0]",False,weak,"14700,0",[[]],"[[array([339,  86]), array([1016,  226]), array([339, 590])]]"
169,"5,745142936706543","[672, 422]",False,"[0.517927, 0]","[0, 0]",False,weak,"14700,0",[[]],"[[array([339,  76]), array([1016,  216]), array([339, 580])]]"
170,"5,779263019561768","[672, 422]",False,"[0.517927, 0]","[0, 0]",False,weak,"14700,0",[[]],"[[array([339,  66]), array([1016,  206]), array([339, 570])]]"
171,"5,813482999801636","[672, 422]",False,"[0.517927, 0]","[0, 0]",False,weak,"14700,0",[[]],"[[array([339,  56]), array([1016,  196]), array([339, 560])]]"
172,"5,847393035888672","[672, 422]",False,"[0.517927, 0]","[0, 0]",False,weak,"14700,0",[[]],"[[array([339,  46]), array([1016,  186]), array([339, 550])]]"
173,"5,881200790405273","[672, 422]",False,"[0.517927, 0]","[0, 0]",False,weak,"14700,0",[[]],"[[array([339,  36]), array([1016,  176]), array([339, 540])]]"
174,"5,915995836257935","[672, 422]",False,"[0.517927, 0]","[0, 0]",False,weak,"14700,0",[[]],"[[array([339,  26]), array([1016,  166]), array([339, 530])]]"
175,"5,9493088722229","[672, 422]",False,"[0.517927, 0]","[0, 0]",False,weak,"14700,0",[[]],"[[array([339,  16]), array([1016,  156]), array([339, 520])]]"
176,"5,9832518100738525","[672, 422]",False,"[0.517927, 0]","[0, 0]",False,weak,"14700,0",[[]],"[[array([339,   6]), array([1016,  146]), array([339, 510])]]"
177,"6,017527103424072","[672, 422]",False,"[0.517927, 0]","[0, 0]",False,weak,"14700,0",[[]],"[[array([1016,  136]), array([339, 500])]]"
178,"6,051736116409302","[672, 422]",False,"[0.517927, 0]","[0, 0]",False,weak,"14700,0",[[]],"[[array([1016,  126]), array([339, 490])]]"
179,"6,085133790969849","[672, 422]",False,"[0.517927, 0]","[0, 0]",False,weak,"14700,0",[[]],"[[array([1016,  116]), array([339, 480])]]"
180,"6,119218826293945","[672, 422]",False,"[0.517927, 0]","[0, 0]",False,weak,"14700,0",[[]],"[[array([1016,  106]), array([339, 470])]]"
181,"6,153520822525024","[672, 422]",False,"[0.517927, 0]","[0, 0]",False,weak,"14700,0",[[]],"[[array([1016,   96]), array([339, 460])]]"
182,"6,187721014022827","[672, 422]",False,"[0.517927, 0]","[0, 0]",False,weak,"14700,0",[[]],"[[array([1011,   86]), array([334, 450])]]"
183,"6,221808910369873","[672, 422]",False,"[0.517927, 0]","[0, 0]",False,weak,"14700,0",[[]],"[[array([1006,   76]), array([329, 440])]]"
184,"6,255116939544678","[672, 422]",False,"[0.517927, 0]","[0, 0]",False,weak,"14700,0",[[]],"[[array([1001,   66]), array([324, 430])]]"
185,"6,2899229526519775","[672, 422]",False,"[0.517927, 0]","[0, 0]",False,weak,"14700,0",[[]],"[[array([996,  56]), array([319, 420])]]"
186,"6,323436975479126","[672, 422]",False,"[0.517927, 0]","[0, 0]",False,weak,"14700,0",[[]],"[[array([991,  46]), array([314, 410])]]"
187,"6,357500791549683","[672, 422]",False,"[0.517927, 0]","[0, 0]",False,weak,"14700,0",[[]],"[[array([986,  36]), array([309, 400])]]"
188,"6,391618967056274","[672, 422]",False,"[0.517927, 0]","[0, 0]",False,weak,"14700,0",[[]],"[[array([981,  26]), array([304, 390])]]"
189,"6,42560887336731","[672, 422]",False,"[0.517927, 0]","[0, 0]",False,weak,"14700,0",[[]],"[[array([976,  16]), array([299, 380])]]"
190,"6,459928750991821","[672, 422]",False,"[0.517927, 0]","[0, 0]",False,weak,"14700,0",[[]],"[[array([971,   6]), array([294, 370])]]"
191,"6,493179798126221","[672, 422]",False,"[0.517927, 0]","[0, 0]",False,weak,"14700,0",[[]],"[[array([289, 360])]]"
192,"6,528081893920898","[672, 422]",False,"[0.517927, 0]","[0, 0]",False,weak,"14700,0",[[]],"[[array([284, 350])]]"
193,"6,562234878540039","[672, 422]",False,"[0.517927, 0]","[0, 0]",False,weak,"14700,0",[[]],"[[array([284, 340])]]"
194,"6,5962889194488525","[672, 422]",False,"[0.517927, 0]","[0, 0]",False,weak,"14700,0",[[]],"[[array([284, 330])]]"
195,"6,630385875701904","[672, 422]",False,"[0.517927, 0]","[0, 0]",False,weak,"14700,0",[[]],"[[array([284, 320])]]"
196,"6,664689779281616","[672, 422]",False,"[0.517927, 0]","[0, 0]",False,weak,"14700,0",[[]],"[[array([284, 310])]]"
197,"6,699436902999878","[672, 422]",False,"[0.517927, 0]","[0, 0]",False,weak,"14700,0",[[]],"[[array([293, 300])]]"
198,"6,732671022415161","[672, 422]",False,"[0.517927, 0]","[0, 0]",False,weak,"14700,0",[[]],"[[array([302, 290])]]"
199,"6,766808748245239","[672, 422]",False,"[0.517927, 0]","[0, 0]",False,weak,"14700,0",[[]],"[[array([311, 280])]]"
200,"6,800931692123413","[672, 422]",False,"[0.517927, 0]","[0, 0]",False,weak,"14700,0",[[]],"[[array([320, 270])]]"
201,"6,834472894668579","[672, 422]",False,"[0.517927, 0]","[0, 0]",False,weak,"14700,0",[[]],"[[array([320, 260])]]"
202,"6,868458032608032","[672, 422]",False,"[0.517927, 0]","[0, 0]",False,weak,"14700,0",[[]],"[[array([320, 250])]]"
203,"6,902087926864624","[672, 422]",False,"[0.517927, 0]","[0, 0]",False,weak,"14700,0",[[]],"[[array([320, 240])]]"
204,"6,937046051025391","[672, 422]",False,"[0.517927, 0]","[0, 0]",False,weak,"14700,0",[[]],"[[array([320, 230])]]"
205,"6,970134973526001","[672, 422]",False,"[0.517927, 0]","[0, 0]",False,weak,"14700,0",[[]],"[[array([320, 220])]]"
206,"7,004958868026733","[672, 422]",False,"[0.517927, 0]","[0, 0]",False,weak,"14700,0",[[]],"[[array([320, 210])]]"
207,"7,038574695587158","[672, 422]",False,"[0.517927, 0]","[0, 0]",False,weak,"14700,0",[[]],"[[array([329, 200])]]"
208,"7,072510004043579","[672, 422]",False,"[0.517927, 0]","[0, 0]",False,weak,"14700,0",[[]],"[[array([338, 190])]]"
209,"7,106437921524048","[672, 422]",False,"[0.517927, 0]","[0, 0]",False,weak,"14700,0",[[]],"[[array([347, 180])]]"
210,"7,140444993972778","[672, 422]",False,"[0.517927, 0]","[0, 0]",False,weak,"14700,0",[[]],"[[array([347, 170])]]"
211,"7,174278974533081","[672, 422]",False,"[0.517927, 0]","[0, 0]",False,weak,"14700,0",[[]],"[[array([347, 160])]]"
212,"7,2082788944244385","[672, 422]",False,"[0.517927, 0]","[0, 0]",False,weak,"14700,0",[[]],"[[array([347, 150])]]"
213,"7,242666959762573","[672, 422]",False,"[0.517927, 0]","[0, 0]",False,weak,"14700,0",[[]],"[[array([347, 140])]]"
214,"7,276838779449463","[672, 422]",False,"[0.517927, 0]","[0, 0]",False,weak,"14700,0",[[]],"[[array([347, 130])]]"
215,"7,310940980911255","[672, 422]",False,"[0.517927, 0]","[0, 0]",False,weak,"14700,0",[[]],"[[array([347, 120])]]"
216,"7,344336748123169","[672, 422]",False,"[0.517927, 0]","[0, 0]",False,weak,"14700,0",[[]],"[[array([347, 110])]]"
217,"7,377739906311035","[672, 422]",False,"[0.517927, 0]","[0, 0]",False,weak,"14700,0",[[]],"[[array([347, 100])]]"
218,"7,4118757247924805","[672, 422]",False,"[0.517927, 0]","[0, 0]",False,weak,"14700,0",[[]],"[[array([347,  90])]]"
219,"7,445263862609863","[672, 422]",False,"[0.517927, 0]","[0, 0]",False,weak,"14700,0",[[]],"[[array([347,  80])]]"
220,"7,479277849197388","[672, 422]",False,"[0.517927, 0]","[0, 0]",False,weak,"14700,0",[[]],"[[array([347,  70])]]"
221,"7,513202905654907","[672, 422]",False,"[0.517927, 0]","[0, 0]",False,weak,"14700,0",[[]],"[[array([347,  60])]]"
222,"7,54732084274292","[672, 422]",False,"[0.517927, 0]","[0, 0]",False,weak,"14700,0",[[]],"[[array([347,  50])]]"
223,"7,581348896026611","[672, 422]",False,"[0.517927, 0]","[0, 0]",False,weak,"14700,0",[[]],"[[array([347,  40])]]"
224,"7,615514755249023","[672, 422]",False,"[0.517927, 0]","[0, 0]",False,weak,"14700,0",[[]],"[[array([347,  30])]]"
225,"7,6498589515686035","[672, 422]",False,"[0.517927, 0]","[0, 0]",False,weak,"14700,0",[[]],"[[array([347,  20])]]"
226,"7,684063911437988","[672, 422]",False,"[0.517927, 0]","[0, 0]",False,weak,"14700,0",[[]],"[[array([347,  10])]]"
227,"7,718148708343506","[672, 422]",False,"[0.517927, 0]","[0, 0]",False,weak,"14700,0",[[]],"[[array([347,   0])]]"
228,"7,752492904663086","[672, 422]",False,"[0.517927, 0]","[0, 0]",False,weak,"14700,0",[[]],[[]]
229,"7,786689043045044","[672, 422]",False,"[0.517927, 0]","[0, 0]",False,weak,"14700,0",[[]],[[]]
230,"7,8207879066467285","[672, 422]",False,"[0.517927, 0]","[0, 0]",False,weak,"14700,0",[[]],[[]]
231,"7,854729890823364","[672, 422]",False,"[0.517927, 0]","[0, 0]",False,weak,"14700,0",[[]],[[]]
232,"7,888984680175781","[672, 422]",False,"[0.517927, 0]","[0, 0]",False,weak,"14700,0",[[]],[[]]
233,"7,9221718311309814","[672, 422]",False,"[0.517927, 0]","[0, 0]",False,weak,"14700,0",[[]],[[]]
234,"7,956405878067017","[672, 422]",False,"[0.517927, 0]","[0, 0]",False,weak,"14700,0",[[]],[[]]
235,"7,99053168296814","[672, 422]",False,"[0.517927, 0]","[0, 0]",False,weak,"14700,0",[[]],[[]]
236,"8,024710893630981","[672, 422]",False,"[0.517927, 0]","[0, 0]",False,weak,"14700,0",[[]],[[]]
237,"8,058740854263306","[672, 422]",False,"[0.517927, 0]","[0, 0]",False,weak,"14700,0",[[]],[[]]
238,"8,09272289276123","[672, 422]",False,"[0.517927, 0]","[0, 0]",False,weak,"14700,0",[[]],[[]]
239,"8,126921892166138","[672, 422]",False,"[0.517927, 0]","[0, 0]",False,weak,"14700,0",[[]],[[]]
240,"8,160928010940552","[672, 422]",False,"[0.517927, 0]","[0, 0]",False,weak,"14700,0",[[]],[[]]
241,"8,195064067840576","[672, 422]",False,"[0.517927, 0]","[0, 0]",False,weak,"14700,0",[[]],[[]]
242,"8,228492021560669","[672, 422]",False,"[0.517927, 0]","[0, 0]",False,weak,"14700,0",[[]],[[]]
243,"8,262489795684814","[672, 422]",False,"[0.517927, 0]","[0, 0]",False,weak,"14700,0",[[]],[[]]
244,"8,296466827392578","[672, 422]",False,"[0.517927, 0]","[0, 0]",False,weak,"14700,0",[[]],[[]]
245,"8,330782890319824","[672, 422]",False,"[0.517927, 0]","[0, 0]",False,weak,"14700,0",[[]],[[]]
246,"8,36459493637085","[672, 422]",False,"[0.517927, 0]","[0, 0]",False,weak,"14700,0",[[]],[[]]
247,"8,398585796356201","[672, 422]",False,"[0.517927, 0]","[0, 0]",False,weak,"14700,0",[[]],[[]]
248,"8,43266487121582","[672, 422]",False,"[0.517927, 0]","[0, 0]",False,weak,"14700,0",[[]],[[]]
249,"8,467017889022827","[672, 422]",False,"[0.517927, 0]","[0, 0]",False,weak,"14700,0",[[]],[[]]
250,"8,500301837921143","[672, 422]",False,"[0.517927, 0]","[0, 0]",False,weak,"14700,0",[[]],[[]]
251,"8,534543752670288","[672, 422]",False,"[0.517927, 0]","[0, 0]",False,weak,"14700,0",[[]],[[]]
252,"8,568706035614014","[672, 422]",False,"[0.517927, 0]","[0, 0]",False,weak,"14700,0",[[]],[[]]
253,"8,602876901626587","[672, 422]",False,"[0.517927, 0]","[0, 0]",False,weak,"14700,0",[[]],[[]]
254,"8,636114835739136","[672, 422]",False,"[0.517927, 0]","[0, 0]",False,weak,"14700,0",[[]],[[]]
255,"8,670541048049927","[672, 422]",False,"[0.517927, 0]","[0, 0]",False,weak,"14700,0",[[]],[[]]
256,"8,70411992073059","[672, 422]",False,"[0.517927, 0]","[0, 0]",False,weak,"14700,0",[[]],[[]]
257,"8,738479852676392","[672, 422]",False,"[0.517927, 0]","[0, 0]",False,weak,"14700,0",[[]],[[]]
258,"8,772862911224365","[672, 422]",False,"[0.517927, 0]","[0, 0]",False,weak,"14700,0",[[]],[[]]
259,"8,80609679222107","[672, 422]",False,"[0.517927, 0]","[0, 0]",False,weak,"14700,0",[[]],[[]]
260,"8,840325832366943","[672, 422]",False,"[0.517927, 0]","[0, 0]",False,weak,"14700,0",[[]],[[]]
261,"8,87430191040039","[672, 422]",False,"[0.517927, 0]","[0, 0]",False,weak,"14700,0",[[]],[[]]
262,"8,908432960510254","[672, 422]",False,"[0.517927, 0]","[0, 0]",False,weak,"14700,0",[[]],[[]]
263,"8,942131996154785","[672, 422]",False,"[0.517927, 0]","[0, 0]",False,weak,"14700,0",[[]],[[]]
264,"8,976507902145386","[672, 422]",False,"[0.517927, 0]","[0, 0]",False,weak,"14700,0",[[]],[[]]
265,"9,011075019836426","[672, 422]",False,"[0.517927, 0]","[0, 0]",False,weak,"14700,0",[[]],[[]]
266,"9,045533895492554","[672, 422]",False,"[0.517927, 0]","[0, 0]",False,weak,"14700,0",[[]],[[]]
267,"9,07909893989563","[672, 422]",False,"[0.517927, 0]","[0, 0]",False,weak,"14700,0",[[]],[[]]
268,"9,113561868667603","[672, 422]",False,"[0.517927, 0]","[0, 0]",False,weak,"14700,0",[[]],[[]]
269,"9,147939682006836","[672, 422]",False,"[0.517927, 0]","[0, 0]",False,weak,"14700,0",[[]],[[]]
270,"9,181427955627441","[672, 422]",False,"[0.517927, 0]","[0, 0]",False,weak,"14700,0",[[]],[[]]
271,"9,215921878814697","[672, 422]",False,"[0.517927, 0]","[0, 0]",False,weak,"14700,0",[[]],[[]]
272,"9,24936294555664","[672, 422]",False,"[0.517927, 0]","[0, 0]",False,weak,"14700,0",[[]],[[]]
273,"9,283676862716675","[672, 422]",False,"[0.517927, 0]","[0, 0]",False,weak,"14700,0",[[]],[[]]
274,"9,317105770111084","[672, 422]",False,"[0.517927, 0]","[0, 0]",False,weak,"14700,0",[[]],[[]]
275,"9,351146936416626","[672, 422]",False,"[0.517927, 0]","[0, 0]",False,weak,"14700,0",[[]],[[]]
276,"9,385483980178833","[672, 422]",False,"[0.517927, 0]","[0, 0]",False,weak,"14700,0",[[]],[[]]
277,"9,419852018356323","[672, 422]",False,"[0.517927, 0]","[0, 0]",False,weak,"14700,0",[[]],[[]]
278,"9,45320987701416","[672, 422]",False,"[0.517927, 0]","[0, 0]",False,weak,"14700,0",[[]],[[]]
279,"9,487331867218018","[672, 422]",False,"[0.517927, 0]","[0, 0]",False,weak,"14700,0",[[]],[[]]
280,"9,521697044372559","[672, 422]",False,"[0.517927, 0]","[0, 0]",False,weak,"14700,0",[[]],[[]]
281,"9,555270910263062","[672, 422]",False,"[0.517927, 0]","[0, 0]",False,weak,"14700,0",[[]],[[]]
282,"9,589524984359741","[672, 422]",False,"[0.517927, 0]","[0, 0]",False,weak,"14700,0",[[]],[[]]
283,"9,623689889907837","[672, 422]",False,"[0.517927, 0]","[0, 0]",False,weak,"14700,0",[[]],[[]]
284,"9,65804386138916","[672, 422]",False,"[0.517927, 0]","[0, 0]",False,weak,"14700,0",[[]],[[]]
285,"9,691289901733398","[672, 422]",False,"[0.517927, 0]","[0, 0]",False,weak,"14700,0",[[]],[[]]
286,"9,725631952285767","[672, 422]",False,"[0.517927, 0]","[0, 0]",False,weak,"14700,0",[[]],[[]]
287,"9,760014772415161","[672, 422]",False,"[0.517927, 0]","[0, 0]",False,weak,"14700,0",[[]],[[]]
288,"9,793169975280762","[672, 422]",False,"[0.517927, 0]","[0, 0]",False,weak,"14700,0",[[]],[[]]
289,"9,827390909194946","[672, 422]",False,"[0.517927, 0]","[0, 0]",False,weak,"14700,0",[[]],[[]]
290,"9,861549854278564","[672, 422]",False,"[0.517927, 0]","[0, 0]",False,weak,"14700,0",[[]],[[]]
291,"9,895941734313965","[672, 422]",False,"[0.517927, 0]","[0, 0]",False,weak,"14700,0",[[]],[[]]
292,"9,929178714752197","[672, 422]",False,"[0.517927, 0]","[0, 0]",False,weak,"14700,0",[[]],[[]]
293,"9,963117122650146","[672, 422]",False,"[0.517927, 0]","[0, 0]",False,weak,"14700,0",[[]],[[]]
294,"9,998028039932251","[672, 422]",False,"[0.517927, 0]","[0, 0]",False,weak,"14700,0",[[]],[[]]
295,"10,031296014785767","[672, 422]",False,"[0.517927, 0]","[0, 0]",False,weak,"14700,0",[[]],[[]]
296,"10,065263748168945","[672, 422]",False,"[0.517927, 0]","[0, 0]",False,weak,"14700,0",[[]],[[]]
297,"10,099604845046997","[672, 422]",False,"[0.517927, 0]","[0, 0]",False,weak,"14700,0",[[]],[[]]
298,"10,133856058120728","[672, 422]",False,"[0.517927, 0]","[0, 0]",False,weak,"14700,0",[[]],[[]]
299,"10,167219877243042","[672, 422]",False,"[0.517927, 0]","[0, 0]",False,weak,"14700,0",[[]],[[]]
300,"10,20143985748291","[672, 422]",False,"[0.517927, 0]","[0, 0]",False,weak,"14700,0",[[]],[[]]
301,"10,235643863677979","[672, 422]",False,"[0.517927, 0]","[0, 0]",False,weak,"14700,0",[[]],[[]]
302,"10,270009756088257","[672, 422]",False,"[0.517927, 0]","[0, 0]",False,weak,"14700,0",[[]],[[]]
303,"10,30323576927185","[672, 422]",False,"[0.517927, 0]","[0, 0]",False,weak,"14700,0",[[]],[[]]
304,"10,337620973587036","[672, 422]",False,"[0.517927, 0]","[0, 0]",False,weak,"14700,0",[[]],[[]]
305,"10,372196912765503","[672, 422]",False,"[0.517927, 0]","[0, 0]",False,weak,"14700,0",[[]],[[]]
306,"10,405434846878052","[672, 422]",False,"[0.517927, 0]","[0, 0]",False,weak,"14700,0",[[]],[[]]
307,"10,440037727355957","[672, 422]",False,"[0.517927, 0]","[0, 0]",False,weak,"14700,0",[[]],[[]]
308,"10,473400831222534","[672, 422]",False,"[0.517927, 0]","[0, 0]",False,weak,"14700,0",[[]],[[]]
309,"10,50785779953003","[672, 422]",False,"[0.517927, 0]","[0, 0]",False,weak,"14700,0",[[]],[[]]
310,"10,541348934173584","[672, 422]",False,"[0.517927, 0]","[0, 0]",False,weak,"14700,0",[[]],[[]]
311,"10,575862884521484","[672, 422]",False,"[0.517927, 0]","[0, 0]",False,weak,"14700,0",[[]],[[]]
312,"10,608275890350342","[672, 422]",False,"[0.517927, 0]","[0, 0]",False,weak,"14700,0",[[]],[[]]
313,"10,64245080947876","[672, 422]",False,"[0.517927, 0]","[0, 0]",False,weak,"14700,0",[[]],[[]]
314,"10,676634788513184","[672, 422]",False,"[0.517927, 0]","[0, 0]",False,weak,"14700,0",[[]],[[]]
315,"10,710849046707153","[672, 422]",False,"[0.517927, 0]","[0, 0]",False,weak,"14700,0",[[]],[[]]
316,"10,744545936584473","[672, 422]",False,"[0.517927, 0]","[0, 0]",False,weak,"14700,0",[[]],[[]]
317,"10,778680086135864","[672, 422]",False,"[0.517927, 0]","[0, 0]",False,weak,"14700,0",[[]],[[]]
318,"10,81276798248291","[672, 422]",False,"[0.517927, 0]","[0, 0]",False,weak,"14700,0",[[]],[[]]
319,"10,846693754196167","[672, 422]",False,"[0.517927, 0]","[0, 0]",False,weak,"14700,0",[[]],[[]]
320,"10,880722999572754","[672, 422]",False,"[0.517927, 0]","[0, 0]",False,weak,"14700,0",[[]],[[]]
321,"10,915013790130615","[672, 422]",False,"[0.517927, 0]","[0, 0]",False,weak,"14700,0",[[]],[[]]
322,"10,94828176498413","[672, 422]",False,"[0.517927, 0]","[0, 0]",False,weak,"14700,0",[[]],[[]]
323,"10,98215389251709","[672, 422]",False,"[0.517927, 0]","[0, 0]",False,weak,"14700,0",[[]],[[]]
324,"11,016997814178467","[672, 422]",False,"[0.517927, 0]","[0, 0]",False,weak,"14700,0",[[]],[[]]
325,"11,050275802612305","[672, 422]",False,"[0.517927, 0]","[0, 0]",False,weak,"14700,0",[[]],[[]]
326,"11,084210872650146","[672, 422]",False,"[0.517927, 0]","[0, 0]",False,weak,"14700,0",[[]],[[]]
327,"11,11847710609436","[672, 422]",False,"[0.517927, 0]","[0, 0]",False,weak,"14700,0",[[]],[[]]
328,"11,152645826339722","[672, 422]",False,"[0.517927, 0]","[0, 0]",False,weak,"14700,0",[[]],[[]]
329,"11,186337947845459","[672, 422]",False,"[0.517927, 0]","[0, 0]",False,weak,"14700,0",[[]],[[]]
330,"11,221329927444458","[672, 422]",False,"[0.517927, 0]","[0, 0]",False,weak,"14700,0",[[]],[[]]
331,"11,254595756530762","[672, 422]",False,"[0.517927, 0]","[0, 0]",False,weak,"14700,0",[[]],[[]]
332,"11,289094924926758","[672, 422]",False,"[0.517927, 0]","[0, 0]",False,weak,"14700,0",[[]],[[]]
333,"11,322169780731201","[672, 422]",False,"[0.517927, 0]","[0, 0]",False,weak,"14700,0",[[]],[[]]
334,"11,35611891746521","[672, 422]",False,"[0.517927, 0]","[0, 0]",False,weak,"14700,0",[[]],[[]]
335,"11,390267848968506","[672, 422]",False,"[0.517927, 0]","[0, 0]",False,weak,"14700,0",[[]],[[]]
336,"11,42445182800293","[672, 422]",False,"[0.517927, 0]","[0, 0]",False,weak,"14700,0",[[]],[[]]
337,"11,458493947982788","[672, 422]",False,"[0.517927, 0]","[0, 0]",False,weak,"14700,0",[[]],[[]]
338,"11,492342948913574","[672, 422]",False,"[0.517927, 0]","[0, 0]",False,weak,"14700,0",[[]],[[]]
339,"11,526274919509888","[672, 422]",False,"[0.517927, 0]","[0, 0]",False,weak,"14700,0",[[]],[[]]
340,"11,560463905334473","[672, 422]",False,"[0.517927, 0]","[0, 0]",False,weak,"14700,0",[[]],[[]]
341,"11,59488582611084","[672, 422]",False,"[0.517927, 0]","[0, 0]",False,weak,"14700,0",[[]],[[]]
342,"11,628156900405884","[672, 422]",False,"[0.517927, 0]","[0, 0]",False,weak,"14700,0",[[]],[[]]
343,"11,662245750427246","[672, 422]",False,"[0.517927, 0]","[0, 0]",False,weak,"14700,0",[[]],[[]]
344,"11,696088790893555","[672, 422]",False,"[0.517927, 0]","[0, 0]",False,weak,"14700,0",[[]],[[]]
345,"11,730940818786621","[672, 422]",False,"[0.517927, 0]","[0, 0]",False,weak,"14700,0",[[]],[[]]
346,"11,764173746109009","[672, 422]",False,"[0.517927, 0]","[0, 0]",False,weak,"14700,0",[[]],[[]]
347,"11,798138856887817","[672, 422]",False,"[0.517927, 0]","[0, 0]",False,weak,"14700,0",[[]],[[]]
348,"11,83207082748413","[672, 422]",False,"[0.517927, 0]","[0, 0]",False,weak,"14700,0",[[]],[[]]
349,"11,86705207824707","[672, 422]",False,"[0.517927, 0]","[0, 0]",False,weak,"14700,0",[[]],[[]]
350,"11,900270700454712","[672, 422]",False,"[0.517927, 0]","[0, 0]",False,weak,"14700,0",[[]],[[]]
351,"11,934294939041138","[672, 422]",False,"[0.517927, 0]","[0, 0]",False,weak,"14700,0",[[]],[[]]
352,"11,968693971633911","[672, 422]",False,"[0.517927, 0]","[0, 0]",False,weak,"14700,0",[[]],[[]]
353,"12,002902030944824","[672, 422]",False,"[0.517927, 0]","[0, 0]",False,weak,"14700,0",[[]],[[]]
354,"12,036462783813477","[672, 422]",False,"[0.517927, 0]","[0, 0]",False,weak,"14700,0",[[]],[[]]
355,"12,070926904678345","[672, 422]",False,"[0.517927, 0]","[0, 0]",False,weak,"14700,0",[[]],[[]]
356,"12,104203939437866","[672, 422]",False,"[0.517927, 0]","[0, 0]",False,weak,"14700,0",[[]],[[]]
357,"12,13851284980774","[672, 422]",False,"[0.517927, 0]","[0, 0]",False,weak,"14700,0",[[]],[[]]
358,"12,172631978988647","[672, 422]",False,"[0.517927, 0]","[0, 0]",False,weak,"14700,0",[[]],[[]]
359,"12,206958770751953","[672, 422]",False,"[0.517927, 0]","[0, 0]",False,weak,"14700,0",[[]],[[]]
360,"12,240149974822998","[672, 422]",False,"[0.517927, 0]","[0, 0]",False,weak,"14700,0",[[]],[[]]
361,"12,2743558883667","[672, 422]",False,"[0.517927, 0]","[0, 0]",False,weak,"14700,0",[[]],[[]]
362,"12,308496952056885","[672, 422]",False,"[0.517927, 0]","[0, 0]",False,weak,"14700,0",[[]],[[]]
363,"12,343055725097656","[672, 422]",False,"[0.517927, 0]","[0, 0]",False,weak,"14700,0",[[]],[[]]
364,"12,376389741897583","[672, 422]",False,"[0.517927, 0]","[0, 0]",False,weak,"14700,0",[[]],[[]]
365,"12,410534858703613","[672, 422]",False,"[0.517927, 0]","[0, 0]",False,weak,"14700,0",[[]],[[]]
366,"12,444683074951172","[672, 422]",False,"[0.517927, 0]","[0, 0]",False,weak,"14700,0",[[]],[[]]
367,"12,478259801864624","[672, 422]",False,"[0.517927, 0]","[0, 0]",False,weak,"14700,0",[[]],[[]]
368,"12,51304292678833","[672, 422]",False,"[0.517927, 0]","[0, 0]",False,weak,"14700,0",[[]],[[]]
369,"12,547270774841309","[672, 422]",False,"[0.517927, 0]","[0, 0]",False,weak,"14700,0",[[]],[[]]
370,"12,581125736236572","[672, 422]",False,"[0.517927, 0]","[0, 0]",False,weak,"14700,0",[[]],[[]]
371,"12,61457371711731","[672, 422]",False,"[0.517927, 0]","[0, 0]",False,weak,"14700,0",[[]],[[]]
372,"12,648705959320068","[672, 422]",False,"[0.517927, 0]","[0, 0]",False,weak,"14700,0",[[]],[[]]
373,"12,682629823684692","[672, 422]",False,"[0.517927, 0]","[0, 0]",False,weak,"14700,0",[[]],[[]]
374,"12,716931104660034","[672, 422]",False,"[0.517927, 0]","[0, 0]",False,weak,"14700,0",[[]],[[]]
375,"12,750192880630493","[672, 422]",False,"[0.517927, 0]","[0, 0]",False,weak,"14700,0",[[]],[[]]
376,"12,784492015838623","[672, 422]",False,"[0.517927, 0]","[0, 0]",False,weak,"14700,0",[[]],[[]]
377,"12,818910837173462","[672, 422]",False,"[0.517927, 0]","[0, 0]",False,weak,"14700,0",[[]],[[]]
378,"12,852438926696777","[672, 422]",False,"[0.517927, 0]","[0, 0]",False,weak,"14700,0",[[]],[[]]
379,"12,8869149684906","[672, 422]",False,"[0.517927, 0]","[0, 0]",False,weak,"14700,0",[[]],[[]]
380,"12,920217752456665","[672, 422]",False,"[0.517927, 0]","[0, 0]",False,weak,"14700,0",[[]],[[]]
381,"12,954442977905273","[672, 422]",False,"[0.517927, 0]","[0, 0]",False,weak,"14700,0",[[]],[[]]
382,"12,988664865493774","[672, 422]",False,"[0.517927, 0]","[0, 0]",False,weak,"14700,0",[[]],[[]]
383,"13,023085117340088","[672, 422]",False,"[0.517927, 0]","[0, 0]",False,weak,"14700,0",[[]],[[]]
384,"13,056330919265747","[672, 422]",False,"[0.517927, 0]","[0, 0]",False,weak,"14700,0",[[]],[[]]
385,"13,090425729751587","[672, 422]",False,"[0.517927, 0]","[0, 0]",False,weak,"14700,0",[[]],[[]]
386,"13,124634742736816","[672, 422]",False,"[0.517927, 0]","[0, 0]",False,weak,"14700,0",[[]],[[]]
387,"13,15829873085022","[672, 422]",False,"[0.517927, 0]","[0, 0]",False,weak,"14700,0",[[]],[[]]
388,"13,192963123321533","[672, 422]",False,"[0.517927, 0]","[0, 0]",False,weak,"14700,0",[[]],[[]]
389,"13,226332902908325","[672, 422]",False,"[0.517927, 0]","[0, 0]",False,weak,"14700,0",[[]],[[]]
390,"13,260726928710938","[672, 422]",False,"[0.517927, 0]","[0, 0]",False,weak,"14700,0",[[]],[[]]
391,"13,294148921966553","[672, 422]",False,"[0.517927, 0]","[0, 0]",False,weak,"14700,0",[[]],[[]]
392,"13,328410863876343","[672, 422]",False,"[0.517927, 0]","[0, 0]",False,weak,"14700,0",[[]],[[]]
393,"13,362758874893188","[672, 422]",False,"[0.517927, 0]","[0, 0]",False,weak,"14700,0",[[]],[[]]
394,"13,396143913269043","[672, 422]",False,"[0.517927, 0]","[0, 0]",False,weak,"14700,0",[[]],[[]]
395,"13,430328130722046","[672, 422]",False,"[0.517927, 0]","[0, 0]",False,weak,"14700,0",[[]],[[]]
396,"13,464643716812134","[672, 422]",False,"[0.517927, 0]","[0, 0]",False,weak,"14700,0",[[]],[[]]
397,"13,499018907546997","[672, 422]",False,"[0.517927, 0]","[0, 0]",False,weak,"14700,0",[[]],[[]]
398,"13,532203912734985","[672, 422]",False,"[0.517927, 0]","[0, 0]",False,weak,"14700,0",[[]],[[]]
399,"13,566557884216309","[672, 422]",False,"[0.517927, 0]","[0, 0]",False,weak,"14700,0",[[]],[[]]
400,"13,601081848144531","[672, 422]",False,"[0.517927, 0]","[0, 0]",False,weak,"14700,0",[[]],[[]]
401,"13,634346008300781","[672, 422]",False,"[0.517927, 0]","[0, 0]",False,weak,"14700,0",[[]],[[]]
402,"13,668846845626831","[672, 422]",False,"[0.517927, 0]","[0, 0]",False,weak,"14700,0",[[]],[[]]
403,"13,70224380493164","[672, 422]",False,"[0.517927, 0]","[0, 0]",False,weak,"14700,0",[[]],[[]]
404,"13,736384868621826","[672, 422]",False,"[0.517927, 0]","[0, 0]",False,weak,"14700,0",[[]],[[]]
405,"13,77065396308899","[672, 422]",False,"[0.517927, 0]","[0, 0]",False,weak,"14700,0",[[]],[[]]
406,"13,804889917373657","[672, 422]",False,"[0.517927, 0]","[0, 0]",False,weak,"14700,0",[[]],[[]]
407,"13,839045763015747","[672, 422]",False,"[0.517927, 0]","[0, 0]",False,weak,"14700,0",[[]],[[]]
408,"13,872582912445068","[672, 422]",False,"[0.517927, 0]","[0, 0]",False,weak,"14700,0",[[]],[[]]
409,"13,906171798706055","[672, 422]",False,"[0.517927, 0]","[0, 0]",False,weak,"14700,0",[[]],[[]]
410,"13,939476013183594","[672, 422]",False,"[0.517927, 0]","[0, 0]",False,weak,"14700,0",[[]],[[]]
411,"13,97353482246399","[672, 422]",False,"[0.517927, 0]","[0, 0]",False,weak,"14700,0",[[]],[[]]
412,"14,00802206993103","[672, 422]",False,"[0.517927, 0]","[0, 0]",False,weak,"14700,0",[[]],[[]]
413,"14,041311025619507","[672, 422]",False,"[0.517927, 0]","[0, 0]",False,weak,"14700,0",[[]],[[]]
414,"14,075403928756714","[672, 422]",False,"[0.517927, 0]","[0, 0]",False,weak,"14700,0",[[]],[[]]
415,"14,109567880630493","[672, 422]",False,"[0.517927, 0]","[0, 0]",False,weak,"14700,0",[[]],[[]]
416,"14,1439528465271","[672, 422]",False,"[0.517927, 0]","[0, 0]",False,weak,"14700,0",[[]],[[]]
417,"14,177137851715088","[672, 422]",False,"[0.517927, 0]","[0, 0]",False,weak,"14700,0",[[]],[[]]
418,"14,211286067962646","[672, 422]",False,"[0.517927, 0]","[0, 0]",False,weak,"14700,0",[[]],[[]]
419,"14,245168924331665","[672, 422]",False,"[0.517927, 0]","[0, 0]",False,weak,"14700,0",[[]],[[]]
420,"14,280040979385376","[672, 422]",False,"[0.517927, 0]","[0, 0]",False,weak,"14700,0",[[]],[[]]
421,"14,313366889953613","[672, 422]",False,"[0.517927, 0]","[0, 0]",False,weak,"14700,0",[[]],[[]]
422,"14,347335815429688","[672, 422]",False,"[0.517927, 0]","[0, 0]",False,weak,"14700,0",[[]],[[]]
423,"14,38136076927185","[672, 422]",False,"[0.517927, 0]","[0, 0]",False,weak,"14700,0",[[]],[[]]
424,"14,415227890014648","[672, 422]",False,"[0.517927, 0]","[0, 0]",False,weak,"14700,0",[[]],[[]]
425,"14,450096845626831","[672, 422]",False,"[0.517927, 0]","[0, 0]",False,weak,"14700,0",[[]],[[]]
426,"14,483309030532837","[672, 422]",False,"[0.517927, 0]","[0, 0]",False,weak,"14700,0",[[]],[[]]
427,"14,517292976379395","[672, 422]",False,"[0.517927, 0]","[0, 0]",False,weak,"14700,0",[[]],[[]]
428,"14,55133581161499","[672, 422]",False,"[0.517927, 0]","[0, 0]",False,weak,"14700,0",[[]],[[]]
429,"14,585347890853882","[672, 422]",False,"[0.517927, 0]","[0, 0]",False,weak,"14700,0",[[]],[[]]
430,"14,619302749633789","[672, 422]",False,"[0.517927, 0]","[0, 0]",False,weak,"14700,0",[[]],[[]]
431,"14,653723955154419","[672, 422]",False,"[0.517927, 0]","[0, 0]",False,weak,"14700,0",[[]],[[]]
432,"14,687926054000854","[672, 422]",False,"[0.517927, 0]","[0, 0]",False,weak,"14700,0",[[]],[[]]
433,"14,72202181816101","[672, 422]",False,"[0.517927, 0]","[0, 0]",False,weak,"14700,0",[[]],[[]]
434,"14,75528597831726","[672, 422]",False,"[0.517927, 0]","[0, 0]",False,weak,"14700,0",[[]],[[]]
435,"14,789231777191162","[672, 422]",False,"[0.517927, 0]","[0, 0]",False,weak,"14700,0",[[]],[[]]
436,"14,82362985610962","[672, 422]",False,"[0.517927, 0]","[0, 0]",False,weak,"14700,0",[[]],[[]]
437,"14,857840776443481","[672, 422]",False,"[0.517927, 0]","[0, 0]",False,weak,"14700,0",[[]],[[]]
438,"14,891989946365356","[672, 422]",False,"[0.517927, 0]","[0, 0]",False,weak,"14700,0",[[]],[[]]
439,"14,924494743347168","[672, 422]",False,"[0.517927, 0]","[0, 0]",False,weak,"14700,0",[[]],[[]]
440,"14,958653926849365","[672, 422]",False,"[0.517927, 0]","[0, 0]",False,weak,"14700,0",[[]],[[]]
441,"14,992870807647705","[672, 422]",False,"[0.517927, 0]","[0, 0]",False,weak,"14700,0",[[]],[[]]
442,"15,027071952819824","[672, 422]",False,"[0.517927, 0]","[0, 0]",False,weak,"14700,0",[[]],[[]]
443,"15,060471057891846","[672, 422]",False,"[0.517927, 0]","[0, 0]",False,weak,"14700,0",[[]],[[]]
444,"15,094289779663086","[672, 422]",False,"[0.517927, 0]","[0, 0]",False,weak,"14700,0",[[]],[[]]
445,"15,128344774246216","[672, 422]",False,"[0.517927, 0]","[0, 0]",False,weak,"14700,0",[[]],[[]]
446,"15,16258978843689","[672, 422]",False,"[0.517927, 0]","[0, 0]",False,weak,"14700,0",[[]],[[]]
447,"15,19698691368103","[672, 422]",False,"[0.517927, 0]","[0, 0]",False,weak,"14700,0",[[]],[[]]
448,"15,23027777671814","[672, 422]",False,"[0.517927, 0]","[0, 0]",False,weak,"14700,0",[[]],[[]]
449,"15,264589786529541","[672, 422]",False,"[0.517927, 0]","[0, 0]",False,weak,"14700,0",[[]],[[]]
450,"15,298897981643677","[672, 422]",False,"[0.517927, 0]","[0, 0]",False,weak,"14700,0",[[]],[[]]
451,"15,332239866256714","[672, 422]",False,"[0.517927, 0]","[0, 0]",False,weak,"14700,0",[[]],[[]]
452,"15,366656064987183","[672, 422]",False,"[0.517927, 0]","[0, 0]",False,weak,"14700,0",[[]],[[]]
453,"15,400944948196411","[672, 422]",False,"[0.517927, 0]","[0, 0]",False,weak,"14700,0",[[]],[[]]
454,"15,434185028076172","[672, 422]",False,"[0.517927, 0]","[0, 0]",False,weak,"14700,0",[[]],[[]]
455,"15,468482971191406","[672, 422]",False,"[0.517927, 0]","[0, 0]",False,weak,"14700,0",[[]],[[]]
456,"15,502153873443604","[672, 422]",False,"[0.517927, 0]","[0, 0]",False,weak,"14700,0",[[]],[[]]
457,"15,536798000335693","[672, 422]",False,"[0.517927, 0]","[0, 0]",False,weak,"14700,0",[[]],[[]]
458,"15,570534944534302","[672, 422]",False,"[0.517927, 0]","[0, 0]",False,weak,"14700,0",[[]],[[]]
459,"15,6042160987854","[672, 422]",False,"[0.517927, 0]","[0, 0]",False,weak,"14700,0",[[]],[[]]
460,"15,638911962509155","[672, 422]",False,"[0.517927, 0]","[0, 0]",False,weak,"14700,0",[[]],[[]]
461,"15,672515869140625","[672, 422]",False,"[0.517927, 0]","[0, 0]",False,weak,"14700,0",[[]],[[]]
462,"15,706947088241577","[672, 422]",False,"[0.517927, 0]","[0, 0]",False,weak,"14700,0",[[]],[[]]
463,"15,740476846694946","[672, 422]",False,"[0.517927, 0]","[0, 0]",False,weak,"14700,0",[[]],[[]]
464,"15,774165868759155","[672, 422]",False,"[0.517927, 0]","[0, 0]",False,weak,"14700,0",[[]],[[]]
465,"15,808857917785645","[672, 422]",False,"[0.517927, 0]","[0, 0]",False,weak,"14700,0",[[]],[[]]
466,"15,842383861541748","[672, 422]",False,"[0.517927, 0]","[0, 0]",False,weak,"14700,0",[[]],[[]]
467,"15,876852035522461","[672, 422]",False,"[0.517927, 0]","[0, 0]",False,weak,"14700,0",[[]],[[]]
468,"15,91037893295288","[672, 422]",False,"[0.517927, 0]","[0, 0]",False,weak,"14700,0",[[]],[[]]
469,"15,944831848144531","[672, 422]",False,"[0.517927, 0]","[0, 0]",False,weak,"14700,0",[[]],[[]]
470,"15,979107856750488","[672, 422]",False,"[0.517927, 0]","[0, 0]",False,weak,"14700,0",[[]],[[]]
471,"16,012748956680298","[672, 422]",False,"[0.517927, 0]","[0, 0]",False,weak,"14700,0",[[]],[[]]
472,"16,046881914138794","[672, 422]",False,"[0.517927, 0]","[0, 0]",False,weak,"14700,0",[[]],[[]]
473,"16,08029794692993","[672, 422]",False,"[0.517927, 0]","[0, 0]",False,weak,"14700,0",[[]],[[]]
474,"16,114593029022217","[672, 422]",False,"[0.517927, 0]","[0, 0]",False,weak,"14700,0",[[]],[[]]
475,"16,148874044418335","[672, 422]",False,"[0.517927, 0]","[0, 0]",False,weak,"14700,0",[[]],[[]]
476,"16,18226408958435","[672, 422]",False,"[0.517927, 0]","[0, 0]",False,weak,"14700,0",[[]],[[]]
477,"16,21681785583496","[672, 422]",False,"[0.517927, 0]","[0, 0]",False,weak,"14700,0",[[]],[[]]
478,"16,2510929107666","[672, 422]",False,"[0.517927, 0]","[0, 0]",False,weak,"14700,0",[[]],[[]]
479,"16,284315824508667","[672, 422]",False,"[0.517927, 0]","[0, 0]",False,weak,"14700,0",[[]],[[]]
480,"16,318558931350708","[672, 422]",False,"[0.517927, 0]","[0, 0]",False,weak,"14700,0",[[]],[[]]
481,"16,352726936340332","[672, 422]",False,"[0.517927, 0]","[0, 0]",False,weak,"14700,0",[[]],[[]]
482,"16,387128114700317","[672, 422]",False,"[0.517927, 0]","[0, 0]",False,weak,"14700,0",[[]],[[]]
483,"16,42141890525818","[672, 422]",False,"[0.517927, 0]","[0, 0]",False,weak,"14700,0",[[]],[[]]
484,"16,454773902893066","[672, 422]",False,"[0.517927, 0]","[0, 0]",False,weak,"14700,0",[[]],[[]]
485,"16,488966941833496","[672, 422]",False,"[0.517927, 0]","[0, 0]",False,weak,"14700,0",[[]],[[]]
486,"16,52232599258423","[672, 422]",False,"[0.517927, 0]","[0, 0]",False,weak,"14700,0",[[]],[[]]
487,"16,556676864624023","[672, 422]",False,"[0.517927, 0]","[0, 0]",False,weak,"14700,0",[[]],[[]]
488,"16,59091567993164","[672, 422]",False,"[0.517927, 0]","[0, 0]",False,weak,"14700,0",[[]],[[]]
489,"16,624948024749756","[672, 422]",False,"[0.517927, 0]","[0, 0]",False,weak,"14700,0",[[]],[[]]
490,"16,658862829208374","[672, 422]",False,"[0.517927, 0]","[0, 0]",False,weak,"14700,0",[[]],[[]]
491,"16,692272901535034","[672, 422]",False,"[0.517927, 0]","[0, 0]",False,weak,"14700,0",[[]],[[]]
492,"16,727128744125366","[672, 422]",False,"[0.517927, 0]","[0, 0]",False,weak,"14700,0",[[]],[[]]
493,"16,76129388809204","[672, 422]",False,"[0.517927, 0]","[0, 0]",False,weak,"14700,0",[[]],[[]]
494,"16,795390844345093","[672, 422]",False,"[0.517927, 0]","[0, 0]",False,weak,"14700,0",[[]],[[]]
495,"16,829632997512817","[672, 422]",False,"[0.517927, 0]","[0, 0]",False,weak,"14700,0",[[]],[[]]
496,"16,863949060440063","[672, 422]",False,"[0.517927, 0]","[0, 0]",False,weak,"14700,0",[[]],[[]]
497,"16,897130966186523","[672, 422]",False,"[0.517927, 0]","[0, 0]",False,weak,"14700,0",[[]],[[]]
498,"16,931389808654785","[672, 422]",False,"[0.517927, 0]","[0, 0]",False,weak,"14700,0",[[]],[[]]
499,"16,965534925460815","[672, 422]",False,"[0.517927, 0]","[0, 0]",False,weak,"14700,0",[[]],[[]]
500,"16,999948024749756","[672, 422]",False,"[0.517927, 0]","[0, 0]",False,weak,"14700,0",[[]],[[]]
501,"17,033195972442627","[672, 422]",False,"[0.517927, 0]","[0, 0]",False,weak,"14700,0",[[]],[[]]
502,"17,067195892333984","[672, 422]",False,"[0.517927, 0]","[0, 0]",False,weak,"14700,0",[[]],[[]]
503,"17,101191997528076","[672, 422]",False,"[0.517927, 0]","[0, 0]",False,weak,"14700,0",[[]],[[]]
504,"17,13615369796753","[672, 422]",False,"[0.517927, 0]","[0, 0]",False,weak,"14700,0",[[]],[[]]
505,"17,17053484916687","[672, 422]",False,"[0.517927, 0]","[0, 0]",False,weak,"14700,0",[[]],[[]]
506,"17,20492696762085","[672, 422]",False,"[0.517927, 0]","[0, 0]",False,weak,"14700,0",[[]],[[]]
507,"17,238293886184692","[672, 422]",False,"[0.517927, 0]","[0, 0]",False,weak,"14700,0",[[]],[[]]
508,"17,27255868911743","[672, 422]",False,"[0.517927, 0]","[0, 0]",False,weak,"14700,0",[[]],[[]]
509,"17,306776762008667","[672, 422]",False,"[0.517927, 0]","[0, 0]",False,weak,"14700,0",[[]],[[]]
510,"17,34019184112549","[672, 422]",False,"[0.517927, 0]","[0, 0]",False,weak,"14700,0",[[]],[[]]
511,"17,374197959899902","[672, 422]",False,"[0.517927, 0]","[0, 0]",False,weak,"14700,0",[[]],[[]]
512,"17,40858793258667","[672, 422]",False,"[0.517927, 0]","[0, 0]",False,weak,"14700,0",[[]],[[]]
513,"17,442948818206787","[672, 422]",False,"[0.517927, 0]","[0, 0]",False,weak,"14700,0",[[]],[[]]
514,"17,476133823394775","[672, 422]",False,"[0.517927, 0]","[0, 0]",False,weak,"14700,0",[[]],[[]]
515,"17,51034688949585","[672, 422]",False,"[0.517927, 0]","[0, 0]",False,weak,"14700,0",[[]],[[]]
516,"17,5448739528656","[672, 422]",False,"[0.517927, 0]","[0, 0]",False,weak,"14700,0",[[]],[[]]
517,"17,57911705970764","[672, 422]",False,"[0.517927, 0]","[0, 0]",False,weak,"14700,0",[[]],[[]]
518,"17,613456964492798","[672, 422]",False,"[0.517927, 0]","[0, 0]",False,weak,"14700,0",[[]],[[]]
519,"17,647466897964478","[672, 422]",False,"[0.517927, 0]","[0, 0]",False,weak,"14700,0",[[]],[[]]
520,"17,681462049484253","[672, 422]",False,"[0.517927, 0]","[0, 0]",False,weak,"14700,0",[[]],[[]]
521,"17,715335845947266","[672, 422]",False,"[0.517927, 0]","[0, 0]",False,weak,"14700,0",[[]],[[]]
522,"17,749387979507446","[672, 422]",False,"[0.517927, 0]","[0, 0]",False,weak,"14700,0",[[]],[[]]
523,"17,783341884613037","[672, 422]",False,"[0.517927, 0]","[0, 0]",False,weak,"14700,0",[[]],[[]]
524,"17,8176748752594","[672, 422]",False,"[0.517927, 0]","[0, 0]",False,weak,"14700,0",[[]],[[]]
525,"17,851900815963745","[672, 422]",False,"[0.517927, 0]","[0, 0]",False,weak,"14700,0",[[]],[[]]
526,"17,885324954986572","[672, 422]",False,"[0.517927, 0]","[0, 0]",False,weak,"14700,0",[[]],"[[array([334, 832])]]"
527,"17,919216871261597","[672, 422]",False,"[0.517927, 0]","[0, 0]",False,weak,"14700,0",[[]],"[[array([334, 822])]]"
528,"17,953215837478638","[672, 422]",False,"[0.517927, 0]","[0, 0]",False,weak,"14700,0",[[]],"[[array([334, 812])]]"
529,"17,987591981887817","[672, 422]",False,"[0.517927, 0]","[0, 0]",False,weak,"14700,0",[[]],"[[array([334, 802])]]"
530,"18,021846055984497","[672, 422]",False,"[0.517927, 0]","[0, 0]",False,weak,"14700,0",[[]],"[[array([334, 792])]]"
531,"18,05606698989868","[672, 422]",False,"[0.517927, 0]","[0, 0]",False,weak,"14700,0",[[]],"[[array([334, 782])]]"
532,"18,089514017105103","[672, 422]",False,"[0.517927, 0]","[0, 0]",False,weak,"14700,0",[[]],"[[array([334, 772])]]"
533,"18,123679876327515","[672, 422]",False,"[0.517927, 0]","[0, 0]",False,weak,"14700,0",[[]],"[[array([334, 762])]]"
534,"18,15766978263855","[672, 422]",False,"[0.517927, 0]","[0, 0]",False,weak,"14700,0",[[]],"[[array([334, 752])]]"
535,"18,191564083099365","[672, 422]",False,"[0.517927, 0]","[0, 0]",False,weak,"14700,0",[[]],"[[array([334, 742])]]"
536,"18,225591897964478","[672, 422]",False,"[0.517927, 0]","[0, 0]",False,weak,"14700,0",[[]],"[[array([334, 732])]]"
537,"18,25955080986023","[672, 422]",False,"[0.517927, 0]","[0, 0]",False,weak,"14700,0",[[]],"[[array([334, 722])]]"
538,"18,293916940689087","[672, 422]",False,"[0.517927, 0]","[0, 0]",False,weak,"14700,0",[[]],"[[array([334, 712])]]"
539,"18,32810378074646","[672, 422]",False,"[0.517927, 0]","[0, 0]",False,weak,"14700,0",[[]],"[[array([334, 702])]]"
540,"18,362157821655273","[672, 422]",False,"[0.517927, 0]","[0, 0]",False,weak,"14700,0",[[]],"[[array([334, 692])]]"
541,"18,396530866622925","[672, 422]",False,"[0.517927, 0]","[0, 0]",False,weak,"14700,0",[[]],"[[array([334, 682])]]"
542,"18,430787801742554","[672, 422]",False,"[0.517927, 0]","[0, 0]",False,weak,"14700,0",[[]],"[[array([334, 672])]]"
543,"18,465004920959473","[672, 422]",False,"[0.517927, 0]","[0, 0]",False,weak,"14700,0",[[]],"[[array([334, 662])]]"
544,"18,49732494354248","[672, 422]",False,"[0.517927, 0]","[0, 0]",False,weak,"14700,0",[[]],"[[array([334, 652])]]"
545,"18,531219959259033","[672, 422]",False,"[0.517927, 0]","[0, 0]",False,weak,"14700,0",[[]],"[[array([334, 642])]]"
546,"18,5657160282135","[672, 422]",False,"[0.517927, 0]","[0, 0]",False,weak,"14700,0",[[]],"[[array([334, 632])]]"
547,"18,59916591644287","[672, 422]",False,"[0.517927, 0]","[0, 0]",False,weak,"14700,0",[[]],"[[array([334, 622])]]"
548,"18,633783102035522","[672, 422]",False,"[0.517927, 0]","[0, 0]",False,weak,"14700,0",[[]],"[[array([334, 612])]]"
549,"18,667396783828735","[672, 422]",False,"[0.517927, 0]","[0, 0]",False,weak,"14700,0",[[]],"[[array([334, 602])]]"
550,"18,70205783843994","[672, 422]",False,"[0.517927, 0]","[0, 0]",False,weak,"14700,0",[[]],"[[array([334, 592])]]"
551,"18,735540866851807","[672, 422]",False,"[0.517927, 0]","[0, 0]",False,weak,"14700,0",[[]],"[[array([334, 582])]]"
552,"18,76985192298889","[672, 422]",False,"[0.517927, 0]","[0, 0]",False,weak,"14700,0",[[]],"[[array([334, 572])]]"
553,"18,803950786590576","[672, 422]",False,"[0.517927, 0]","[0, 0]",False,weak,"14700,0",[[]],"[[array([334, 562])]]"
554,"18,83730983734131","[672, 422]",False,"[0.517927, 0]","[0, 0]",False,weak,"14700,0",[[]],"[[array([334, 552])]]"
555,"18,87147808074951","[672, 422]",False,"[0.517927, 0]","[0, 0]",False,weak,"14700,0",[[]],"[[array([334, 542])]]"
556,"18,905865907669067","[672, 422]",False,"[0.517927, 0]","[0, 0]",False,weak,"14700,0",[[]],"[[array([334, 532])]]"
557,"18,939198970794678","[672, 422]",False,"[0.517927, 0]","[0, 0]",False,weak,"14700,0",[[]],"[[array([334, 522])]]"
558,"18,973519802093506","[672, 422]",False,"[0.517927, 0]","[0, 0]",False,weak,"14700,0",[[]],"[[array([334, 512])]]"
559,"19,007856845855713","[672, 422]",False,"[0.517927, 0]","[0, 0]",False,weak,"14700,0",[[]],"[[array([334, 502])]]"
560,"19,04200506210327","[672, 422]",False,"[0.517927, 0]","[0, 0]",False,weak,"14700,0",[[]],"[[array([334, 492])]]"
561,"19,07533097267151","[672, 422]",False,"[0.517927, 0]","[0, 0]",False,weak,"14700,0",[[]],"[[array([334, 482])]]"
562,"19,10957098007202","[672, 422]",False,"[0.517927, 0]","[0, 0]",False,weak,"14700,0",[[]],"[[array([334, 472])]]"
563,"19,143773794174194","[672, 422]",False,"[0.517927, 0]","[0, 0]",False,weak,"14700,0",[[]],"[[array([334, 462])]]"
564,"19,177636861801147","[672, 422]",False,"[0.517927, 0]","[0, 0]",False,weak,"14700,0",[[]],"[[array([329, 452])]]"
565,"19,211293935775757","[672, 422]",False,"[0.517927, 0]","[0, 0]",False,weak,"14700,0",[[]],"[[array([324, 442])]]"
566,"19,245993852615356","[672, 422]",False,"[0.517927, 0]","[0, 0]",False,weak,"14700,0",[[]],"[[array([319, 432])]]"
567,"19,27953577041626","[672, 422]",False,"[0.517927, 0]","[0, 0]",False,weak,"14700,0",[[]],"[[array([314, 422])]]"
568,"19,313215970993042","[672, 422]",False,"[0.517927, 0]","[0, 0]",False,weak,"14700,0",[[]],"[[array([309, 412])]]"
569,"19,34766387939453","[672, 422]",False,"[0.517927, 0]","[0, 0]",False,weak,"14700,0",[[]],"[[array([304, 402])]]"
570,"19,382004976272583","[672, 422]",False,"[0.517927, 0]","[0, 0]",False,weak,"14700,0",[[]],"[[array([299, 392])]]"
571,"19,41522979736328","[672, 422]",False,"[0.517927, 0]","[0, 0]",False,weak,"14700,0",[[]],"[[array([294, 382])]]"
572,"19,449461936950684","[672, 422]",False,"[0.517927, 0]","[0, 0]",False,weak,"14700,0",[[]],"[[array([289, 372])]]"
573,"19,483630895614624","[672, 422]",False,"[0.517927, 0]","[0, 0]",False,weak,"14700,0",[[]],"[[array([284, 362])]]"
574,"19,51717185974121","[672, 422]",False,"[0.517927, 0]","[0, 0]",False,weak,"14700,0",[[]],"[[array([279, 352])]]"
575,"19,551759719848633","[672, 422]",False,"[0.517927, 0]","[0, 0]",False,weak,"14700,0",[[]],"[[array([279, 342])]]"
576,"19,585579872131348","[672, 422]",False,"[0.517927, 0]","[0, 0]",False,weak,"14700,0",[[]],"[[array([279, 332])]]"
577,"19,619184732437134","[672, 422]",False,"[0.517927, 0]","[0, 0]",False,weak,"14700,0",[[]],"[[array([279, 322])]]"
578,"19,653711795806885","[672, 422]",False,"[0.517927, 0]","[0, 0]",False,weak,"14700,0",[[]],"[[array([279, 312])]]"
579,"19,687641859054565","[672, 422]",False,"[0.517927, 0]","[0, 0]",False,weak,"14700,0",[[]],"[[array([288, 302])]]"
580,"19,72118878364563","[672, 422]",False,"[0.517927, 0]","[0, 0]",False,weak,"14700,0",[[]],"[[array([297, 292])]]"
581,"19,755461931228638","[672, 422]",False,"[0.517927, 0]","[0, 0]",False,weak,"14700,0",[[]],"[[array([306, 282])]]"
582,"19,789695024490356","[672, 422]",False,"[0.517927, 0]","[0, 0]",False,weak,"14700,0",[[]],"[[array([315, 272])]]"
583,"19,823664903640747","[672, 422]",False,"[0.517927, 0]","[0, 0]",False,weak,"14700,0",[[]],"[[array([324, 262])]]"
584,"19,857563972473145","[672, 422]",False,"[0.517927, 0]","[0, 0]",False,weak,"14700,0",[[]],"[[array([333, 252])]]"
585,"19,891855716705322","[672, 422]",False,"[0.517927, 0]","[0, 0]",False,weak,"14700,0",[[]],"[[array([333, 242])]]"
586,"19,92617702484131","[672, 422]",False,"[0.517927, 0]","[0, 0]",False,weak,"14700,0",[[]],"[[array([333, 232])]]"
587,"19,96032190322876","[672, 422]",False,"[0.517927, 0]","[0, 0]",False,weak,"14700,0",[[]],"[[array([333, 222])]]"
588,"19,994958877563477","[672, 422]",False,"[0.517927, 0]","[0, 0]",False,weak,"14700,0",[[]],"[[array([333, 212])]]"
589,"20,02778387069702","[672, 422]",False,"[0.517927, 0]","[0, 0]",False,weak,"14700,0",[[]],"[[array([333, 202])]]"
590,"20,06196093559265","[672, 422]",False,"[0.517927, 0]","[0, 0]",False,weak,"14700,0",[[]],"[[array([333, 192])]]"
591,"20,095821857452393","[672, 422]",False,"[0.517927, 0]","[0, 0]",False,weak,"14700,0",[[]],"[[array([333, 182])]]"
592,"20,129618883132935","[672, 422]",False,"[0.517927, 0]","[0, 0]",False,weak,"14700,0",[[]],"[[array([333, 172])]]"
593,"20,163410902023315","[672, 422]",False,"[0.517927, 0]","[0, 0]",False,weak,"14700,0",[[]],"[[array([333, 162])]]"
594,"20,19808292388916","[672, 422]",False,"[0.517927, 0]","[0, 0]",False,weak,"14700,0",[[]],"[[array([333, 152])]]"
595,"20,231560945510864","[672, 422]",False,"[0.517927, 0]","[0, 0]",False,weak,"14700,0",[[]],"[[array([333, 142])]]"
596,"20,26646876335144","[672, 422]",False,"[0.517927, 0]","[0, 0]",False,weak,"14700,0",[[]],"[[array([342, 132])]]"
597,"20,299816846847534","[672, 422]",False,"[0.517927, 0]","[0, 0]",False,weak,"14700,0",[[]],"[[array([351, 122])]]"
598,"20,333980798721313","[672, 422]",False,"[0.517927, 0]","[0, 0]",False,weak,"14700,0",[[]],"[[array([360, 112])]]"
599,"20,36763596534729","[672, 422]",False,"[0.517927, 0]","[0, 0]",False,weak,"14700,0",[[]],"[[array([360, 102])]]"
600,"20,401636838912964","[672, 422]",False,"[0.517927, 0]","[0, 0]",False,weak,"14700,0",[[]],"[[array([360,  92])]]"
601,"20,43524193763733","[672, 422]",False,"[0.517927, 0]","[0, 0]",False,weak,"14700,0",[[]],"[[array([360,  82])]]"
602,"20,469495058059692","[672, 422]",False,"[0.517927, 0]","[0, 0]",False,weak,"14700,0",[[]],"[[array([360,  72])]]"
603,"20,503695726394653","[672, 422]",False,"[0.517927, 0]","[0, 0]",False,weak,"14700,0",[[]],"[[array([360,  62])]]"
604,"20,538002967834473","[672, 422]",False,"[0.517927, 0]","[0, 0]",False,weak,"14700,0",[[]],"[[array([360,  52])]]"
605,"20,571228981018066","[672, 422]",False,"[0.517927, 0]","[0, 0]",False,weak,"14700,0",[[]],"[[array([360,  42])]]"
606,"20,60565686225891","[672, 422]",False,"[0.517927, 0]","[0, 0]",False,weak,"14700,0",[[]],"[[array([360,  32])]]"
607,"20,63989496231079","[672, 422]",False,"[0.517927, 0]","[0, 0]",False,weak,"14700,0",[[]],"[[array([360,  22])]]"
608,"20,673707962036133","[672, 422]",False,"[0.517927, 0]","[0, 0]",False,weak,"14700,0",[[]],"[[array([360,  12])]]"
609,"20,707932949066162","[672, 422]",False,"[0.517927, 0]","[0, 0]",False,weak,"14700,0",[[]],"[[array([360,   2])]]"
610,"20,741312980651855","[672, 422]",False,"[0.517927, 0]","[0, 0]",False,weak,"14700,0",[[]],[[]]
611,"20,775791883468628","[672, 422]",False,"[0.517927, 0]","[0, 0]",False,weak,"14700,0",[[]],[[]]
612,"20,809178829193115","[672, 422]",False,"[0.517927, 0]","[0, 0]",False,weak,"14700,0",[[]],[[]]
613,"20,843199014663696","[672, 422]",False,"[0.517927, 0]","[0, 0]",False,weak,"14700,0",[[]],[[]]
614,"20,877366065979004","[672, 422]",False,"[0.517927, 0]","[0, 0]",False,weak,"14700,0",[[]],[[]]
615,"20,911932945251465","[672, 422]",False,"[0.517927, 0]","[0, 0]",False,weak,"14700,0",[[]],[[]]
616,"20,945154905319214","[672, 422]",False,"[0.517927, 0]","[0, 0]",False,weak,"14700,0",[[]],[[]]
617,"20,979469060897827","[672, 422]",False,"[0.517927, 0]","[0, 0]",False,weak,"14700,0",[[]],[[]]
618,"21,01412582397461","[672, 422]",False,"[0.517927, 0]","[0, 0]",False,weak,"14700,0",[[]],"[[array([350, 836])]]"
619,"21,047528982162476","[672, 422]",False,"[0.517927, 0]","[0, 0]",False,weak,"14700,0",[[]],"[[array([340, 826])]]"
620,"21,08188486099243","[672, 422]",False,"[0.517927, 0]","[0, 0]",False,weak,"14700,0",[[]],"[[array([340, 816])]]"
621,"21,116097927093506","[672, 422]",False,"[0.517927, 0]","[0, 0]",False,weak,"14700,0",[[]],"[[array([340, 806])]]"
622,"21,149346113204956","[672, 422]",False,"[0.517927, 0]","[0, 0]",False,weak,"14700,0",[[]],"[[array([340, 796])]]"
623,"21,18341612815857","[672, 422]",False,"[0.517927, 0]","[0, 0]",False,weak,"14700,0",[[]],"[[array([340, 786])]]"
624,"21,21752381324768","[672, 422]",False,"[0.517927, 0]","[0, 0]",False,weak,"14700,0",[[]],"[[array([340, 776])]]"
625,"21,251490831375122","[672, 422]",False,"[0.517927, 0]","[0, 0]",False,weak,"14700,0",[[]],"[[array([340, 766])]]"
626,"21,285640954971313","[672, 422]",False,"[0.517927, 0]","[0, 0]",False,weak,"14700,0",[[]],"[[array([340, 756])]]"
627,"21,319873094558716","[672, 422]",False,"[0.517927, 0]","[0, 0]",False,weak,"14700,0",[[]],"[[array([340, 746])]]"
628,"21,35326385498047","[672, 422]",False,"[0.517927, 0]","[0, 0]",False,weak,"14700,0",[[]],"[[array([340, 736])]]"
629,"21,387833833694458","[672, 422]",False,"[0.517927, 0]","[0, 0]",False,weak,"14700,0",[[]],"[[array([340, 726])]]"
630,"21,42117977142334","[672, 422]",False,"[0.517927, 0]","[0, 0]",False,weak,"14700,0",[[]],"[[array([340, 716])]]"
631,"21,45554780960083","[672, 422]",False,"[0.517927, 0]","[0, 0]",False,weak,"14700,0",[[]],"[[array([340, 706])]]"
632,"21,489819765090942","[672, 422]",False,"[0.517927, 0]","[0, 0]",False,weak,"14700,0",[[]],"[[array([340, 696])]]"
633,"21,523416757583618","[672, 422]",False,"[0.517927, 0]","[0, 0]",False,weak,"14700,0",[[]],"[[array([340, 686])]]"
634,"21,557367086410522","[672, 422]",False,"[0.517927, 0]","[0, 0]",False,weak,"14700,0",[[]],"[[array([340, 676])]]"
635,"21,591197967529297","[672, 422]",False,"[0.517927, 0]","[0, 0]",False,weak,"14700,0",[[]],"[[array([340, 666])]]"
636,"21,62605381011963","[672, 422]",False,"[0.517927, 0]","[0, 0]",False,weak,"14700,0",[[]],"[[array([340, 656])]]"
637,"21,65989589691162","[672, 422]",False,"[0.517927, 0]","[0, 0]",False,weak,"14700,0",[[]],"[[array([340, 646])]]"
638,"21,693894863128662","[672, 422]",False,"[0.517927, 0]","[0, 0]",False,weak,"14700,0",[[]],"[[array([340, 636])]]"
639,"21,727336883544922","[672, 422]",False,"[0.517927, 0]","[0, 0]",False,weak,"14700,0",[[]],"[[array([340, 626])]]"
640,"21,761220932006836","[672, 422]",False,"[0.517927, 0]","[0, 0]",False,weak,"14700,0",[[]],"[[array([340, 616])]]"
641,"21,79590082168579","[672, 422]",False,"[0.517927, 0]","[0, 0]",False,weak,"14700,0",[[]],"[[array([340, 606])]]"
642,"21,82997989654541","[672, 422]",False,"[0.517927, 0]","[0, 0]",False,weak,"14700,0",[[]],"[[array([340, 596])]]"
643,"21,86414098739624","[672, 422]",False,"[0.517927, 0]","[0, 0]",False,weak,"14700,0",[[]],"[[array([340, 586])]]"
644,"21,897596836090088","[672, 422]",False,"[0.517927, 0]","[0, 0]",False,weak,"14700,0",[[]],"[[array([340, 576])]]"
645,"21,932068824768066","[672, 422]",False,"[0.517927, 0]","[0, 0]",False,weak,"14700,0",[[]],"[[array([340, 566])]]"
646,"21,965325832366943","[672, 422]",False,"[0.517927, 0]","[0, 0]",False,weak,"14700,0",[[]],"[[array([340, 556])]]"
647,"21,999642848968506","[672, 422]",False,"[0.517927, 0]","[0, 0]",False,weak,"14700,0",[[]],"[[array([340, 546])]]"
648,"22,033838748931885","[672, 422]",False,"[0.517927, 0]","[0, 0]",False,weak,"14700,0",[[]],"[[array([340, 536])]]"
649,"22,068009853363037","[672, 422]",False,"[0.517927, 0]","[0, 0]",False,weak,"14700,0",[[]],"[[array([340, 526])]]"
650,"22,101342916488647","[672, 422]",False,"[0.517927, 0]","[0, 0]",False,weak,"14700,0",[[]],"[[array([340, 516])]]"
651,"22,135409832000732","[672, 422]",False,"[0.517927, 0]","[0, 0]",False,weak,"14700,0",[[]],"[[array([340, 506])]]"
652,"22,16974186897278","[672, 422]",False,"[0.517927, 0]","[0, 0]",False,weak,"14700,0",[[]],"[[array([340, 496])]]"
653,"22,203990936279297","[672, 422]",False,"[0.517927, 0]","[0, 0]",False,weak,"14700,0",[[]],"[[array([340, 486])]]"
654,"22,237433910369873","[672, 422]",False,"[0.517927, 0]","[0, 0]",False,weak,"14700,0",[[]],"[[array([340, 476])]]"
655,"22,271286010742188","[672, 422]",False,"[0.517927, 0]","[0, 0]",False,weak,"14700,0",[[]],"[[array([340, 466])]]"
656,"22,305171966552734","[672, 422]",False,"[0.517927, 0]","[0, 0]",False,weak,"14700,0",[[]],"[[array([340, 456])]]"
657,"22,340073823928833","[672, 422]",False,"[0.517927, 0]","[0, 0]",False,weak,"14700,0",[[]],"[[array([335, 446])]]"
658,"22,373204946517944","[672, 422]",False,"[0.517927, 0]","[0, 0]",False,weak,"14700,0",[[]],"[[array([330, 436])]]"
659,"22,408164739608765","[672, 422]",False,"[0.517927, 0]","[0, 0]",False,weak,"14700,0",[[]],"[[array([325, 426])]]"
660,"22,44145894050598","[672, 422]",False,"[0.517927, 0]","[0, 0]",False,weak,"14700,0",[[]],"[[array([320, 416])]]"
661,"22,475702047348022","[672, 422]",False,"[0.517927, 0]","[0, 0]",False,weak,"14700,0",[[]],"[[array([315, 406])]]"
662,"22,509828805923462","[672, 422]",False,"[0.517927, 0]","[0, 0]",False,weak,"14700,0",[[]],"[[array([310, 396])]]"
663,"22,543860912322998","[672, 422]",False,"[0.517927, 0]","[0, 0]",False,weak,"14700,0",[[]],"[[array([305, 386])]]"
664,"22,57785391807556","[672, 422]",False,"[0.517927, 0]","[0, 0]",False,weak,"14700,0",[[]],"[[array([300, 376])]]"
665,"22,611803770065308","[672, 422]",False,"[0.517927, 0]","[0, 0]",False,weak,"14700,0",[[]],"[[array([295, 366])]]"
666,"22,64598298072815","[672, 422]",False,"[0.517927, 0]","[0, 0]",False,weak,"14700,0",[[]],"[[array([290, 356])]]"
667,"22,67921471595764","[672, 422]",False,"[0.517927, 0]","[0, 0]",False,weak,"14700,0",[[]],"[[array([285, 346])]]"
668,"22,713517665863037","[672, 422]",False,"[0.517927, 0]","[0, 0]",False,weak,"14700,0",[[]],"[[array([285, 336])]]"
669,"22,748082876205444","[672, 422]",False,"[0.517927, 0]","[0, 0]",False,weak,"14700,0",[[]],"[[array([294, 326])]]"
670,"22,78125786781311","[672, 422]",False,"[0.517927, 0]","[0, 0]",False,weak,"14700,0",[[]],"[[array([303, 316])]]"
671,"22,815306901931763","[672, 422]",False,"[0.517927, 0]","[0, 0]",False,weak,"14700,0",[[]],"[[array([312, 306])]]"
672,"22,849475860595703","[672, 422]",False,"[0.517927, 0]","[0, 0]",False,weak,"14700,0",[[]],"[[array([321, 296])]]"
673,"22,88381791114807","[672, 422]",False,"[0.517927, 0]","[0, 0]",False,weak,"14700,0",[[]],"[[array([330, 286])]]"
674,"22,91808295249939","[672, 422]",False,"[0.517927, 0]","[0, 0]",False,weak,"14700,0",[[]],"[[array([339, 276])]]"
675,"22,951266050338745","[672, 422]",False,"[0.517927, 0]","[0, 0]",False,weak,"14700,0",[[]],"[[array([348, 266])]]"
676,"22,986117839813232","[672, 422]",False,"[0.517927, 0]","[0, 0]",False,weak,"14700,0",[[]],"[[array([357, 256])]]"
677,"23,01937484741211","[672, 422]",False,"[0.517927, 0]","[0, 0]",False,weak,"14700,0",[[]],"[[array([366, 246])]]"
678,"23,053598880767822","[672, 422]",False,"[0.517927, 0]","[0, 0]",False,weak,"14700,0",[[]],"[[array([366, 236])]]"
679,"23,087920904159546","[672, 422]",False,"[0.517927, 0]","[0, 0]",False,weak,"14700,0",[[]],"[[array([366, 226])]]"
680,"23,122095823287964","[672, 422]",False,"[0.517927, 0]","[0, 0]",False,weak,"14700,0",[[]],"[[array([366, 216])]]"
681,"23,155449867248535","[672, 422]",False,"[0.517927, 0]","[0, 0]",False,weak,"14700,0",[[]],"[[array([366, 206])]]"
682,"23,189562797546387","[672, 422]",False,"[0.517927, 0]","[0, 0]",False,weak,"14700,0",[[]],"[[array([366, 196])]]"
683,"23,223433017730713","[672, 422]",False,"[0.517927, 0]","[0, 0]",False,weak,"14700,0",[[]],"[[array([366, 186])]]"
684,"23,25733995437622","[672, 422]",False,"[0.517927, 0]","[0, 0]",False,weak,"14700,0",[[]],"[[array([366, 176])]]"
685,"23,291218996047974","[672, 422]",False,"[0.517927, 0]","[0, 0]",False,weak,"14700,0",[[]],"[[array([366, 166])]]"
686,"23,325670957565308","[672, 422]",False,"[0.517927, 0]","[0, 0]",False,weak,"14700,0",[[]],"[[array([356, 156])]]"
687,"23,360017776489258","[672, 422]",False,"[0.517927, 0]","[0, 0]",False,weak,"14700,0",[[]],"[[array([346, 146])]]"
688,"23,39318609237671","[672, 422]",False,"[0.517927, 0]","[0, 0]",False,weak,"14700,0",[[]],"[[array([336, 136])]]"
689,"23,427573919296265","[672, 422]",False,"[0.517927, 0]","[0, 0]",False,weak,"14700,0",[[]],"[[array([336, 126])]]"
690,"23,461713790893555","[672, 422]",False,"[0.517927, 0]","[0, 0]",False,weak,"14700,0",[[]],"[[array([336, 116])]]"
691,"23,496014833450317","[672, 422]",False,"[0.517927, 0]","[0, 0]",False,weak,"14700,0",[[]],"[[array([336, 106])]]"
692,"23,52922487258911","[672, 422]",False,"[0.517927, 0]","[0, 0]",False,weak,"14700,0",[[]],"[[array([336,  96])]]"
693,"23,564153909683228","[672, 422]",False,"[0.517927, 0]","[0, 0]",False,weak,"14700,0",[[]],"[[array([336,  86])]]"
694,"23,597641944885254","[672, 422]",False,"[0.517927, 0]","[0, 0]",False,weak,"14700,0",[[]],"[[array([336,  76])]]"
695,"23,63163185119629","[672, 422]",False,"[0.517927, 0]","[0, 0]",False,weak,"14700,0",[[]],"[[array([336,  66])]]"
696,"23,665623903274536","[672, 422]",False,"[0.517927, 0]","[0, 0]",False,weak,"14700,0",[[]],"[[array([336,  56])]]"
697,"23,69951891899109","[672, 422]",False,"[0.517927, 0]","[0, 0]",False,weak,"14700,0",[[]],"[[array([336,  46])]]"
698,"23,733730792999268","[672, 422]",False,"[0.517927, 0]","[0, 0]",False,weak,"14700,0",[[]],"[[array([336,  36])]]"
699,"23,76793599128723","[672, 422]",False,"[0.517927, 0]","[0, 0]",False,weak,"14700,0",[[]],"[[array([336,  26])]]"
700,"23,80204176902771","[672, 422]",False,"[0.517927, 0]","[0, 0]",False,weak,"14700,0",[[]],"[[array([336,  16])]]"
701,"23,835278749465942","[672, 422]",False,"[0.517927, 0]","[0, 0]",False,weak,"14700,0",[[]],"[[array([336,   6])]]"
702,"23,869225025177002","[672, 422]",False,"[0.517927, 0]","[0, 0]",False,weak,"14700,0",[[]],[[]]
703,"23,903275966644287","[672, 422]",False,"[0.517927, 0]","[0, 0]",False,weak,"14700,0",[[]],[[]]
704,"23,937299013137817","[672, 422]",False,"[0.517927, 0]","[0, 0]",False,weak,"14700,0",[[]],[[]]
705,"23,971307039260864","[672, 422]",False,"[0.517927, 0]","[0, 0]",False,weak,"14700,0",[[]],[[]]
706,"24,00573182106018","[672, 422]",False,"[0.517927, 0]","[0, 0]",False,weak,"14700,0",[[]],[[]]
707,"24,04035186767578","[672, 422]",False,"[0.517927, 0]","[0, 0]",False,weak,"14700,0",[[]],[[]]
708,"24,073498725891113","[672, 422]",False,"[0.517927, 0]","[0, 0]",False,weak,"14700,0",[[]],[[]]
709,"24,10735273361206","[672, 422]",False,"[0.517927, 0]","[0, 0]",False,weak,"14700,0",[[]],[[]]
710,"24,14163589477539","[672, 422]",False,"[0.517927, 0]","[0, 0]",False,weak,"14700,0",[[]],[[]]
711,"24,175952911376953","[672, 422]",False,"[0.517927, 0]","[0, 0]",False,weak,"14700,0",[[]],[[]]
712,"24,210136890411377","[672, 422]",False,"[0.517927, 0]","[0, 0]",False,weak,"14700,0",[[]],[[]]
713,"24,244603872299194","[672, 422]",False,"[0.517927, 0]","[0, 0]",False,weak,"14700,0",[[]],"[[array([363, 838])]]"
714,"24,278905868530273","[672, 422]",False,"[0.517927, 0]","[0, 0]",False,weak,"14700,0",[[]],"[[array([363, 828])]]"
715,"24,312180995941162","[672, 422]",False,"[0.517927, 0]","[0, 0]",False,weak,"14700,0",[[]],"[[array([363, 818])]]"
716,"24,347105979919434","[672, 422]",False,"[0.517927, 0]","[0, 0]",False,weak,"14700,0",[[]],"[[array([363, 808])]]"
717,"24,3804349899292","[672, 422]",False,"[0.517927, 0]","[0, 0]",False,weak,"14700,0",[[]],"[[array([363, 798])]]"
718,"24,414464950561523","[672, 422]",False,"[0.517927, 0]","[0, 0]",False,weak,"14700,0",[[]],"[[array([363, 788])]]"
719,"24,44867205619812","[672, 422]",False,"[0.517927, 0]","[0, 0]",False,weak,"14700,0",[[]],"[[array([363, 778])]]"
720,"24,48249912261963","[672, 422]",False,"[0.517927, 0]","[0, 0]",False,weak,"14700,0",[[]],"[[array([363, 768])]]"
721,"24,516807794570923","[672, 422]",False,"[0.517927, 0]","[0, 0]",False,weak,"14700,0",[[]],"[[array([363, 758])]]"
722,"24,55025291442871","[672, 422]",False,"[0.517927, 0]","[0, 0]",False,weak,"14700,0",[[]],"[[array([363, 748])]]"
723,"24,58476996421814","[672, 422]",False,"[0.517927, 0]","[0, 0]",False,weak,"14700,0",[[]],"[[array([353, 738])]]"
724,"24,61824893951416","[672, 422]",False,"[0.517927, 0]","[0, 0]",False,weak,"14700,0",[[]],"[[array([343, 728])]]"
725,"24,652179956436157","[672, 422]",False,"[0.517927, 0]","[0, 0]",False,weak,"14700,0",[[]],"[[array([343, 718])]]"
726,"24,685176849365234","[672, 422]",False,"[0.517927, 0]","[0, 0]",False,weak,"14700,0",[[]],"[[array([343, 708])]]"
727,"24,720160007476807","[672, 422]",False,"[0.517927, 0]","[0, 0]",False,weak,"14700,0",[[]],"[[array([343, 698])]]"
728,"24,753520965576172","[672, 422]",False,"[0.517927, 0]","[0, 0]",False,weak,"14700,0",[[]],"[[array([343, 688])]]"
729,"24,787847995758057","[672, 422]",False,"[0.517927, 0]","[0, 0]",False,weak,"14700,0",[[]],"[[array([343, 678])]]"
730,"24,82204580307007","[672, 422]",False,"[0.517927, 0]","[0, 0]",False,weak,"14700,0",[[]],"[[array([343, 668])]]"
731,"24,8557288646698","[672, 422]",False,"[0.517927, 0]","[0, 0]",False,weak,"14700,0",[[]],"[[array([343, 658])]]"
732,"24,889546871185303","[672, 422]",False,"[0.517927, 0]","[0, 0]",False,weak,"14700,0",[[]],"[[array([343, 648])]]"
733,"24,923349857330322","[672, 422]",False,"[0.517927, 0]","[0, 0]",False,weak,"14700,0",[[]],"[[array([343, 638])]]"
734,"24,95794677734375","[672, 422]",False,"[0.517927, 0]","[0, 0]",False,weak,"14700,0",[[]],"[[array([343, 628])]]"
735,"24,991724014282227","[672, 422]",False,"[0.517927, 0]","[0, 0]",False,weak,"14700,0",[[]],"[[array([343, 618])]]"
736,"25,02540373802185","[672, 422]",False,"[0.517927, 0]","[0, 0]",False,weak,"14700,0",[[]],"[[array([343, 608])]]"
737,"25,059993743896484","[672, 422]",False,"[0.517927, 0]","[0, 0]",False,weak,"14700,0",[[]],"[[array([343, 598])]]"
738,"25,093934774398804","[672, 422]",False,"[0.517927, 0]","[0, 0]",False,weak,"14700,0",[[]],"[[array([352, 588])]]"
739,"25,127275943756104","[672, 422]",False,"[0.517927, 0]","[0, 0]",False,weak,"14700,0",[[]],"[[array([361, 578])]]"
740,"25,16185975074768","[672, 422]",False,"[0.517927, 0]","[0, 0]",False,weak,"14700,0",[[]],"[[array([370, 568])]]"
741,"25,19537591934204","[672, 422]",False,"[0.517927, 0]","[0, 0]",False,weak,"14700,0",[[]],"[[array([379, 558])]]"
742,"25,22973895072937","[672, 422]",False,"[0.517927, 0]","[0, 0]",False,weak,"14700,0",[[]],"[[array([379, 548])]]"
743,"25,264034748077393","[672, 422]",False,"[0.517927, 0]","[0, 0]",False,weak,"14700,0",[[]],"[[array([379, 538])]]"
744,"25,297841787338257","[672, 422]",False,"[0.517927, 0]","[0, 0]",False,weak,"14700,0",[[]],"[[array([379, 528])]]"
745,"25,33145809173584","[672, 422]",False,"[0.517927, 0]","[0, 0]",False,weak,"14700,0",[[]],"[[array([379, 518])]]"
746,"25,36517596244812","[672, 422]",False,"[0.517927, 0]","[0, 0]",False,weak,"14700,0",[[]],"[[array([379, 508])]]"
747,"25,39981698989868","[672, 422]",False,"[0.517927, 0]","[0, 0]",False,weak,"14700,0",[[]],"[[array([379, 498])]]"
748,"25,433061838150024","[672, 422]",False,"[0.517927, 0]","[0, 0]",False,weak,"14700,0",[[]],"[[array([379, 488])]]"
749,"25,46667170524597","[672, 422]",False,"[0.517927, 0]","[0, 0]",False,weak,"14700,0",[[]],"[[array([379, 478])]]"
750,"25,50108289718628","[672, 422]",False,"[0.517927, 0]","[0, 0]",False,weak,"14700,0",[[]],"[[array([379, 468])]]"
751,"25,534355878829956","[672, 422]",False,"[0.517927, 0]","[0, 0]",False,weak,"14700,0",[[]],"[[array([379, 458])]]"
752,"25,568813800811768","[672, 422]",False,"[0.517927, 0]","[0, 0]",False,weak,"14700,0",[[]],"[[array([374, 448])]]"
753,"25,603127002716064","[672, 422]",False,"[0.517927, 0]","[0, 0]",False,weak,"14700,0",[[]],"[[array([369, 438])]]"
754,"25,63636302947998","[672, 422]",False,"[0.517927, 0]","[0, 0]",False,weak,"14700,0",[[]],"[[array([364, 428])]]"
755,"25,67034077644348","[672, 422]",False,"[0.517927, 0]","[0, 0]",False,weak,"14700,0",[[]],"[[array([359, 418])]]"
756,"25,704532861709595","[672, 422]",False,"[0.517927, 0]","[0, 0]",False,weak,"14700,0",[[]],"[[array([354, 408])]]"
757,"25,73876404762268","[672, 422]",False,"[0.517927, 0]","[0, 0]",False,weak,"14700,0",[[]],"[[array([349, 398])]]"
758,"25,77314782142639","[672, 422]",False,"[0.517927, 0]","[0, 0]",False,weak,"14700,0",[[]],"[[array([344, 388])]]"
759,"25,807331800460815","[672, 422]",False,"[0.517927, 0]","[0, 0]",False,weak,"14700,0",[[]],"[[array([339, 378])]]"
760,"25,84186291694641","[672, 422]",False,"[0.517927, 0]","[0, 0]",False,weak,"14700,0",[[]],"[[array([334, 368])]]"
761,"25,87524676322937","[672, 422]",False,"[0.517927, 0]","[0, 0]",False,weak,"14700,0",[[]],"[[array([329, 358])]]"
762,"25,909581661224365","[672, 422]",False,"[0.517927, 0]","[0, 0]",False,weak,"14700,0",[[]],"[[array([324, 348])]]"
763,"25,943986892700195","[672, 422]",False,"[0.517927, 0]","[0, 0]",False,weak,"14700,0",[[]],"[[array([324, 338])]]"
764,"25,977427005767822","[672, 422]",False,"[0.517927, 0]","[0, 0]",False,weak,"14700,0",[[]],"[[array([324, 328]), array([324, 832])]]"
765,"26,011575937271118","[672, 422]",False,"[0.517927, 0]","[0, 0]",False,weak,"14700,0",[[]],"[[array([324, 318]), array([324, 822])]]"
766,"26,045814037322998","[672, 422]",False,"[0.517927, 0]","[0, 0]",False,weak,"14700,0",[[]],"[[array([324, 308]), array([324, 812])]]"
767,"26,080085039138794","[672, 422]",False,"[0.517927, 0]","[0, 0]",False,weak,"14700,0",[[]],"[[array([324, 298]), array([324, 802])]]"
768,"26,113847017288208","[672, 422]",False,"[0.517927, 0]","[0, 0]",False,weak,"14700,0",[[]],"[[array([333, 288]), array([333, 792])]]"
769,"26,14797592163086","[672, 422]",False,"[0.517927, 0]","[0, 0]",False,weak,"14700,0",[[]],"[[array([342, 278]), array([342, 782])]]"
770,"26,181936740875244","[672, 422]",False,"[0.517927, 0]","[0, 0]",False,weak,"14700,0",[[]],"[[array([351, 268]), array([351, 772])]]"
771,"26,215994834899902","[672, 422]",False,"[0.517927, 0]","[0, 0]",False,weak,"14700,0",[[]],"[[array([360, 258]), array([360, 762])]]"
772,"26,249648809432983","[672, 422]",False,"[0.517927, 0]","[0, 0]",False,weak,"14700,0",[[]],"[[array([360, 248]), array([360, 752])]]"
773,"26,2838237285614","[672, 422]",False,"[0.517927, 0]","[0, 0]",False,weak,"14700,0",[[]],"[[array([360, 238]), array([360, 742])]]"
774,"26,318135976791382","[672, 422]",False,"[0.517927, 0]","[0, 0]",False,weak,"14700,0",[[]],"[[array([360, 228]), array([360, 732])]]"
775,"26,35157608985901","[672, 422]",False,"[0.517927, 0]","[0, 0]",False,weak,"14700,0",[[]],"[[array([360, 218]), array([360, 722])]]"
776,"26,386056900024414","[672, 422]",False,"[0.517927, 0]","[0, 0]",False,weak,"14700,0",[[]],"[[array([360, 208]), array([360, 712])]]"
777,"26,419726848602295","[672, 422]",False,"[0.517927, 0]","[0, 0]",False,weak,"14700,0",[[]],"[[array([360, 198]), array([360, 702])]]"
778,"26,453353881835938","[672, 422]",False,"[0.517927, 0]","[0, 0]",False,weak,"14700,0",[[]],"[[array([360, 188]), array([360, 692])]]"
779,"26,488199949264526","[672, 422]",False,"[0.517927, 0]","[0, 0]",False,weak,"14700,0",[[]],"[[array([369, 178]), array([369, 682])]]"
780,"26,521676063537598","[672, 422]",False,"[0.517927, 0]","[0, 0]",False,weak,"14700,0",[[]],"[[array([369, 168]), array([369, 672])]]"
781,"26,556006908416748","[672, 422]",False,"[0.517927, 0]","[0, 0]",False,weak,"14700,0",[[]],"[[array([369, 158]), array([369, 662])]]"
782,"26,589378118515015","[672, 422]",False,"[0.517927, 0]","[0, 0]",False,weak,"14700,0",[[]],"[[array([369, 148]), array([369, 652])]]"
783,"26,62374186515808","[672, 422]",False,"[0.517927, 0]","[0, 0]",False,weak,"14700,0",[[]],"[[array([369, 138]), array([369, 642])]]"
784,"26,657938957214355","[672, 422]",False,"[0.517927, 0]","[0, 0]",False,weak,"14700,0",[[]],"[[array([369, 128]), array([369, 632])]]"
785,"26,691293954849243","[672, 422]",False,"[0.517927, 0]","[0, 0]",False,weak,"14700,0",[[]],"[[array([369, 118]), array([369, 622])]]"
786,"26,725507736206055","[672, 422]",False,"[0.517927, 0]","[0, 0]",False,weak,"14700,0",[[]],"[[array([369, 108]), array([369, 612])]]"
787,"26,759845733642578","[672, 422]",False,"[0.517927, 0]","[0, 0]",False,weak,"14700,0",[[]],"[[array([369,  98]), array([369, 602])]]"
788,"26,793226957321167","[672, 422]",False,"[0.517927, 0]","[0, 0]",False,weak,"14700,0",[[]],"[[array([369,  88]), array([369, 592])]]"
789,"26,827345848083496","[672, 422]",False,"[0.517927, 0]","[0, 0]",False,weak,"14700,0",[[]],"[[array([369,  78]), array([369, 582])]]"
790,"26,861666679382324","[672, 422]",False,"[0.517927, 0]","[0, 0]",False,weak,"14700,0",[[]],"[[array([369,  68]), array([369, 572])]]"
791,"26,895211935043335","[672, 422]",False,"[0.517927, 0]","[0, 0]",False,weak,"14700,0",[[]],"[[array([369,  58]), array([369, 562])]]"
792,"26,929746866226196","[672, 422]",False,"[0.517927, 0]","[0, 0]",False,weak,"14700,0",[[]],"[[array([369,  48]), array([369, 552])]]"
793,"26,963211059570312","[672, 422]",False,"[0.517927, 0]","[0, 0]",False,weak,"14700,0",[[]],"[[array([369,  38]), array([369, 542])]]"
794,"26,997745990753174","[672, 422]",False,"[0.517927, 0]","[0, 0]",False,weak,"14700,0",[[]],"[[array([369,  28]), array([369, 532])]]"
795,"27,03217577934265","[672, 422]",False,"[0.517927, 0]","[0, 0]",False,weak,"14700,0",[[]],"[[array([369,  18]), array([369, 522])]]"
796,"27,066668033599854","[672, 422]",False,"[0.517927, 0]","[0, 0]",False,weak,"14700,0",[[]],"[[array([369,   8]), array([369, 512])]]"
797,"27,100881814956665","[672, 422]",False,"[0.517927, 0]","[0, 0]",False,weak,"14700,0",[[]],"[[array([369, 502])]]"
798,"27,13432502746582","[672, 422]",False,"[0.517927, 0]","[0, 0]",False,weak,"14700,0",[[]],"[[array([369, 492])]]"
799,"27,16857075691223","[672, 422]",False,"[0.517927, 0]","[0, 0]",False,weak,"14700,0",[[]],"[[array([369, 482])]]"
800,"27,202756881713867","[672, 422]",False,"[0.517927, 0]","[0, 0]",False,weak,"14700,0",[[]],"[[array([369, 472])]]"
801,"27,23620295524597","[672, 422]",False,"[0.517927, 0]","[0, 0]",False,weak,"14700,0",[[]],"[[array([369, 462])]]"
802,"27,27066397666931","[672, 422]",False,"[0.517927, 0]","[0, 0]",False,weak,"14700,0",[[]],"[[array([364, 452])]]"
803,"27,304873943328857","[672, 422]",False,"[0.517927, 0]","[0, 0]",False,weak,"14700,0",[[]],"[[array([359, 442])]]"
804,"27,33829689025879","[672, 422]",False,"[0.517927, 0]","[0, 0]",False,weak,"14700,0",[[]],"[[array([354, 432])]]"
805,"27,372638940811157","[672, 422]",False,"[0.517927, 0]","[0, 0]",False,weak,"14700,0",[[]],"[[array([349, 422])]]"
806,"27,40684485435486","[672, 422]",False,"[0.517927, 0]","[0, 0]",False,weak,"14700,0",[[]],"[[array([344, 412])]]"
807,"27,44103980064392","[672, 422]",False,"[0.517927, 0]","[0, 0]",False,weak,"14700,0",[[]],"[[array([339, 402])]]"
808,"27,474584102630615","[672, 422]",False,"[0.517927, 0]","[0, 0]",False,weak,"14700,0",[[]],"[[array([334, 392])]]"
809,"27,509110927581787","[672, 422]",False,"[0.517927, 0]","[0, 0]",False,weak,"14700,0",[[]],"[[array([329, 382])]]"
810,"27,542640924453735","[672, 422]",False,"[0.517927, 0]","[0, 0]",False,weak,"14700,0",[[]],"[[array([324, 372])]]"
811,"27,57618474960327","[672, 422]",False,"[0.517927, 0]","[0, 0]",False,weak,"14700,0",[[]],"[[array([319, 362])]]"
812,"27,610642910003662","[672, 422]",False,"[0.517927, 0]","[0, 0]",False,weak,"14700,0",[[]],"[[array([314, 352])]]"
813,"27,64485192298889","[672, 422]",False,"[0.517927, 0]","[0, 0]",False,weak,"14700,0",[[]],"[[array([314, 342])]]"
814,"27,679034948349","[672, 422]",False,"[0.517927, 0]","[0, 0]",False,weak,"14700,0",[[]],"[[array([314, 332])]]"
815,"27,713042974472046","[672, 422]",False,"[0.517927, 0]","[0, 0]",False,weak,"14700,0",[[]],"[[array([314, 322])]]"
816,"27,7475528717041","[672, 422]",False,"[0.517927, 0]","[0, 0]",False,weak,"14700,0",[[]],"[[array([323, 312])]]"
817,"27,781037092208862","[672, 422]",False,"[0.517927, 0]","[0, 0]",False,weak,"14700,0",[[]],"[[array([332, 302])]]"
818,"27,813679933547974","[672, 422]",False,"[0.517927, 0]","[0, 0]",False,weak,"14700,0",[[]],"[[array([341, 292])]]"
819,"27,847739934921265","[672, 422]",False,"[0.517927, 0]","[0, 0]",False,weak,"14700,0",[[]],"[[array([350, 282])]]"
820,"27,882161855697632","[672, 422]",False,"[0.517927, 0]","[0, 0]",False,weak,"14700,0",[[]],"[[array([350, 272])]]"
821,"27,915315866470337","[672, 422]",False,"[0.517927, 0]","[0, 0]",False,weak,"14700,0",[[]],"[[array([350, 262])]]"
822,"27,949359893798828","[672, 422]",False,"[0.517927, 0]","[0, 0]",False,weak,"14700,0",[[]],"[[array([350, 252])]]"
823,"27,983813762664795","[672, 422]",False,"[0.517927, 0]","[0, 0]",False,weak,"14700,0",[[]],"[[array([350, 242])]]"
824,"28,018101930618286","[672, 422]",False,"[0.517927, 0]","[0, 0]",False,weak,"14700,0",[[]],"[[array([350, 232])]]"
825,"28,051521062850952","[672, 422]",False,"[0.517927, 0]","[0, 0]",False,weak,"14700,0",[[]],"[[array([350, 222]), array([350, 838])]]"
826,"28,08549189567566","[672, 422]",False,"[0.517927, 0]","[0, 0]",False,weak,"14700,0",[[]],"[[array([350, 212]), array([350, 828])]]"
827,"28,118690013885498","[672, 422]",False,"[0.517927, 0]","[0, 0]",False,weak,"14700,0",[[]],"[[array([350, 202]), array([350, 818])]]"
828,"28,152204036712646","[672, 422]",False,"[0.517927, 0]","[0, 0]",False,weak,"14700,0",[[]],"[[array([350, 192]), array([350, 808])]]"
829,"28,186278820037842","[672, 422]",False,"[0.517927, 0]","[0, 0]",False,weak,"14700,0",[[]],"[[array([350, 182]), array([350, 798])]]"
830,"28,22053098678589","[672, 422]",False,"[0.517927, 0]","[0, 0]",False,weak,"14700,0",[[]],"[[array([350, 172]), array([350, 788])]]"
831,"28,254827976226807","[672, 422]",False,"[0.517927, 0]","[0, 0]",False,weak,"14700,0",[[]],"[[array([350, 162]), array([350, 778])]]"
832,"28,289424896240234","[672, 422]",False,"[0.517927, 0]","[0, 0]",False,weak,"14700,0",[[]],"[[array([340, 152]), array([340, 768])]]"
833,"28,322398900985718","[672, 422]",False,"[0.517927, 0]","[0, 0]",False,weak,"14700,0",[[]],"[[array([330, 142]), array([330, 758])]]"
834,"28,35636878013611","[672, 422]",False,"[0.517927, 0]","[0, 0]",False,weak,"14700,0",[[]],"[[array([320, 132]), array([320, 748])]]"
835,"28,39093589782715","[672, 422]",False,"[0.517927, 0]","[0, 0]",False,weak,"14700,0",[[]],"[[array([320, 122]), array([320, 738])]]"
836,"28,424234867095947","[672, 422]",False,"[0.517927, 0]","[0, 0]",False,weak,"14700,0",[[]],"[[array([320, 112]), array([320, 728])]]"
837,"28,459199905395508","[672, 422]",False,"[0.517927, 0]","[0, 0]",False,weak,"14700,0",[[]],"[[array([320, 102]), array([320, 718])]]"
838,"28,49357008934021","[672, 422]",False,"[0.517927, 0]","[0, 0]",False,weak,"14700,0",[[]],"[[array([320,  92]), array([320, 708])]]"
839,"28,527922868728638","[672, 422]",False,"[0.517927, 0]","[0, 0]",False,weak,"14700,0",[[]],"[[array([320,  82]), array([320, 698]), array([997, 838])]]"
840,"28,56124997138977","[672, 422]",False,"[0.517927, 0]","[0, 0]",False,weak,"14700,0",[[]],"[[array([320,  72]), array([320, 688]), array([997, 828])]]"
841,"28,59532594680786","[672, 422]",False,"[0.517927, 0]","[0, 0]",False,weak,"14700,0",[[]],"[[array([320,  62]), array([320, 678]), array([997, 818])]]"
842,"28,629642963409424","[672, 422]",False,"[0.517927, 0]","[0, 0]",False,weak,"14700,0",[[]],"[[array([320,  52]), array([320, 668]), array([997, 808])]]"
843,"28,664113759994507","[672, 422]",False,"[0.517927, 0]","[0, 0]",False,weak,"14700,0",[[]],"[[array([320,  42]), array([320, 658]), array([997, 798])]]"
844,"28,697622060775757","[672, 422]",False,"[0.517927, 0]","[0, 0]",False,weak,"14700,0",[[]],"[[array([320,  32]), array([320, 648]), array([997, 788])]]"
845,"28,73156189918518","[672, 422]",False,"[0.517927, 0]","[0, 0]",False,weak,"14700,0",[[]],"[[array([320,  22]), array([320, 638]), array([997, 778])]]"
846,"28,76554799079895","[672, 422]",False,"[0.517927, 0]","[0, 0]",False,weak,"14700,0",[[]],"[[array([320,  12]), array([320, 628]), array([997, 768])]]"
847,"28,800455808639526","[672, 422]",False,"[0.517927, 0]","[0, 0]",False,weak,"14700,0",[[]],"[[array([329,   2]), array([329, 618]), array([1006,  758])]]"
848,"28,833656072616577","[672, 422]",False,"[0.517927, 0]","[0, 0]",False,weak,"14700,0",[[]],"[[array([338, 608]), array([1015,  748])]]"
849,"28,86799192428589","[672, 422]",False,"[0.517927, 0]","[0, 0]",False,weak,"14700,0",[[]],"[[array([347, 598]), array([1024,  738])]]"
850,"28,90139079093933","[672, 422]",False,"[0.517927, 0]","[0, 0]",False,weak,"14700,0","[[array([926, 840])]]","[[array([356, 588]), array([1033,  728])]]"
851,"28,935629844665527","[672, 422]",False,"[0.517927, 0]","[0, 0]",False,weak,"14700,0","[[array([935, 830])]]","[[array([365, 578]), array([1042,  718])]]"
852,"28,96997094154358","[672, 422]",False,"[0.517927, 0]","[0, 0]",False,weak,"14700,0","[[array([944, 820])]]","[[array([374, 568]), array([1051,  708])]]"
853,"29,003249883651733","[672, 422]",False,"[0.517927, 0]","[0, 0]",False,weak,"14700,0","[[array([953, 810])]]","[[array([383, 558]), array([1060,  698])]]"
854,"29,03774094581604","[672, 422]",False,"[0.517927, 0]","[0, 0]",False,weak,"14700,0","[[array([953, 800])]]","[[array([383, 548]), array([1060,  688])]]"
855,"29,07194495201111","[672, 422]",False,"[0.517927, 0]","[0, 0]",False,weak,"14700,0","[[array([953, 790])]]","[[array([383, 538]), array([1060,  678])]]"
856,"29,105287790298462","[672, 422]",False,"[0.517927, 0]","[0, 0]",False,weak,"14700,0","[[array([953, 780])]]","[[array([383, 528]), array([1060,  668])]]"
857,"29,139341115951538","[672, 422]",False,"[0.517927, 0]","[0, 0]",False,weak,"14700,0","[[array([953, 770])]]","[[array([383, 518]), array([1060,  658])]]"
858,"29,173723936080933","[672, 422]",False,"[0.517927, 0]","[0, 0]",False,weak,"14700,0","[[array([953, 760])]]","[[array([383, 508]), array([1060,  648])]]"
859,"29,20799684524536","[672, 422]",False,"[0.517927, 0]","[0, 0]",False,weak,"14700,0","[[array([953, 750])]]","[[array([383, 498]), array([1060,  638])]]"
860,"29,241339921951294","[672, 422]",False,"[0.517927, 0]","[0, 0]",False,weak,"14700,0","[[array([953, 740])]]","[[array([383, 488]), array([1060,  628])]]"
861,"29,27564287185669","[672, 422]",False,"[0.517927, 0]","[0, 0]",False,weak,"14700,0","[[array([953, 730])]]","[[array([383, 478]), array([1060,  618])]]"
862,"29,309692859649658","[672, 422]",False,"[0.517927, 0]","[0, 0]",False,weak,"14700,0","[[array([953, 720])]]","[[array([383, 468]), array([1060,  608])]]"
863,"29,343584060668945","[672, 422]",False,"[0.517927, 0]","[0, 0]",False,weak,"14700,0","[[array([953, 710])]]","[[array([383, 458]), array([1060,  598])]]"
864,"29,377551794052124","[672, 422]",False,"[0.517927, 0]","[0, 0]",False,weak,"14700,0","[[array([948, 700]), array([850, 840])]]","[[array([378, 448]), array([1055,  588])]]"
865,"29,411558866500854","[672, 422]",False,"[0.517927, 0]","[0, 0]",False,weak,"14700,0","[[array([943, 690]), array([845, 830])]]","[[array([373, 438]), array([1050,  578])]]"
866,"29,445941925048828","[672, 422]",False,"[0.517927, 0]","[0, 0]",False,weak,"14700,0","[[array([938, 680]), array([840, 820]), array([630, 834])]]","[[array([368, 428]), array([1045,  568])]]"
867,"29,479317903518677","[672, 422]",False,"[0.517927, 0]","[0, 0]",False,weak,"14700,0","[[array([933, 670]), array([835, 810]), array([625, 824])]]","[[array([363, 418]), array([1040,  558])]]"
868,"29,51356291770935","[672, 422]",False,"[0.517927, 0]","[0, 0]",False,weak,"14700,0","[[array([928, 660]), array([830, 800]), array([620, 814])]]","[[array([358, 408]), array([1035,  548])]]"
869,"29,547891855239868","[672, 422]",False,"[0.517927, 0]","[0, 0]",False,weak,"14700,0","[[array([923, 650]), array([825, 790]), array([615, 804])]]","[[array([353, 398]), array([1030,  538])]]"
870,"29,58129382133484","[672, 422]",False,"[0.517927, 0]","[0, 0]",False,weak,"14700,0","[[array([918, 640]), array([820, 780]), array([610, 794])]]","[[array([348, 388]), array([1025,  528])]]"
871,"29,615492820739746","[672, 422]",False,"[0.517927, 0]","[0, 0]",False,weak,"14700,0","[[array([913, 630]), array([815, 770]), array([605, 784]), array([535, 840])]]","[[array([343, 378]), array([1020,  518]), array([343, 840])]]"
872,"29,649527072906494","[672, 422]",False,"[0.517927, 0]","[0, 0]",False,weak,"14700,0","[[array([908, 620]), array([810, 760]), array([600, 774]), array([530, 830])]]","[[array([338, 368]), array([1015,  508]), array([338, 830])]]"
873,"29,683559894561768","[672, 422]",False,"[0.517927, 0]","[0, 0]",False,weak,"14700,0","[[array([903, 610]), array([805, 750]), array([595, 764]), array([525, 820])]]","[[array([333, 358]), array([1010,  498]), array([333, 820])]]"
874,"29,717551708221436","[672, 422]",False,"[0.517927, 0]","[0, 0]",False,weak,"14700,0","[[array([898, 600]), array([800, 740]), array([590, 754]), array([520, 810])]]","[[array([328, 348]), array([1005,  488]), array([328, 810])]]"
875,"29,751606941223145","[672, 422]",False,"[0.517927, 0]","[0, 0]",False,weak,"14700,0","[[array([898, 590]), array([800, 730]), array([590, 744]), array([520, 800])]]","[[array([328, 338]), array([1005,  478]), array([328, 800])]]"
876,"29,785964012145996","[672, 422]",False,"[0.517927, 0]","[0, 0]",False,weak,"14700,0","[[array([898, 580]), array([800, 720]), array([590, 734]), array([520, 790])]]","[[array([328, 328]), array([1005,  468]), array([328, 790])]]"
877,"29,819313764572144","[672, 422]",False,"[0.517927, 0]","[0, 0]",False,weak,"14700,0","[[array([898, 570]), array([800, 710]), array([590, 724]), array([520, 780])]]","[[array([328, 318]), array([1005,  458]), array([328, 780])]]"
878,"29,853632926940918","[672, 422]",False,"[0.517927, 0]","[0, 0]",False,weak,"14700,0","[[array([902, 560]), array([804, 700]), array([594, 714]), array([524, 770]), array([650, 840])]]","[[array([332, 308]), array([1009,  448]), array([332, 770])]]"
879,"29,888076066970825","[672, 422]",False,"[0.517927, 0]","[0, 0]",False,weak,"14700,0","[[array([906, 550]), array([808, 690]), array([598, 704]), array([528, 760]), array([654, 830])]]","[[array([336, 298]), array([1013,  438]), array([336, 760])]]"
880,"29,921306848526","[672, 422]",False,"[0.517927, 0]","[0, 0]",False,weak,"14700,0","[[array([910, 540]), array([812, 680]), array([602, 694]), array([532, 750]), array([658, 820])]]","[[array([340, 288]), array([1017,  428]), array([340, 750])]]"
881,"29,955275058746338","[672, 422]",False,"[0.517927, 0]","[0, 0]",False,weak,"14700,0","[[array([914, 530]), array([816, 670]), array([606, 684]), array([536, 740]), array([662, 810]), array([844, 838])]]","[[array([344, 278]), array([1021,  418]), array([344, 740])]]"
882,"29,989332914352417","[672, 422]",False,"[0.517927, 0]","[0, 0]",False,weak,"14700,0","[[array([918, 520]), array([820, 660]), array([610, 674]), array([540, 730]), array([666, 800]), array([848, 828])]]","[[array([348, 268]), array([1025,  408]), array([348, 730])]]"
883,"30,02337384223938","[672, 422]",False,"[0.517927, 0]","[0, 0]",False,weak,"14700,0","[[array([922, 510]), array([824, 650]), array([614, 664]), array([544, 720]), array([670, 790]), array([852, 818])]]","[[array([352, 258]), array([1029,  398]), array([352, 720])]]"
884,"30,057649850845337","[672, 422]",False,"[0.517927, 0]","[0, 0]",False,weak,"14700,0","[[array([926, 500]), array([828, 640]), array([618, 654]), array([548, 710]), array([674, 780]), array([856, 808])]]","[[array([356, 248]), array([1033,  388]), array([356, 710])]]"
885,"30,092029809951782","[672, 422]",False,"[0.517927, 0]","[0, 0]",False,weak,"14700,0","[[array([930, 490]), array([832, 630]), array([622, 644]), array([552, 700]), array([678, 770]), array([860, 798])]]","[[array([360, 238]), array([1037,  378]), array([360, 700])]]"
886,"30,125330924987793","[672, 422]",False,"[0.517927, 0]","[0, 0]",False,weak,"14700,0","[[array([934, 480]), array([836, 620]), array([626, 634]), array([556, 690]), array([682, 760]), array([864, 788])]]","[[array([364, 228]), array([1041,  368]), array([364, 690])]]"
887,"30,15930700302124","[672, 422]",False,"[0.517927, 0]","[0, 0]",False,weak,"14700,0","[[array([938, 470]), array([840, 610]), array([630, 624]), array([560, 680]), array([686, 750]), array([868, 778])]]","[[array([368, 218]), array([1045,  358]), array([368, 680])]]"
888,"30,19360375404358","[672, 422]",False,"[0.517927, 0]","[0, 0]",False,weak,"14700,0","[[array([933, 460]), array([835, 600]), array([625, 614]), array([555, 670]), array([681, 740]), array([863, 768])]]","[[array([363, 208]), array([1040,  348]), array([363, 670])]]"
889,"30,22762703895569","[672, 422]",False,"[0.517927, 0]","[0, 0]",False,weak,"14700,0","[[array([923, 450]), array([825, 590]), array([615, 604]), array([545, 660]), array([671, 730]), array([853, 758])]]","[[array([353, 198]), array([1030,  338]), array([353, 660])]]"
890,"30,26180386543274","[672, 422]",False,"[0.517927, 0]","[0, 0]",False,weak,"14700,0","[[array([913, 440]), array([815, 580]), array([605, 594]), array([535, 650]), array([661, 720]), array([843, 748]), array([759, 832])]]","[[array([343, 188]), array([1020,  328]), array([343, 650])]]"
891,"30,295756101608276","[672, 422]",False,"[0.517927, 0]","[0, 0]",False,weak,"14700,0","[[array([903, 430]), array([805, 570]), array([595, 584]), array([525, 640]), array([651, 710]), array([833, 738]), array([749, 822])]]","[[array([333, 178]), array([1010,  318]), array([333, 640])]]"
892,"30,329752683639526","[672, 422]",False,"[0.517927, 0]","[0, 0]",False,weak,"14700,0","[[array([893, 420]), array([795, 560]), array([585, 574]), array([515, 630]), array([641, 700]), array([823, 728]), array([739, 812])]]","[[array([323, 168]), array([1000,  308]), array([323, 630])]]"
893,"30,363844871520996","[672, 422]",False,"[0.517927, 0]","[0, 0]",False,weak,"14700,0","[[array([883, 410]), array([785, 550]), array([575, 564]), array([505, 620]), array([631, 690]), array([813, 718]), array([729, 802])]]","[[array([313, 158]), array([990, 298]), array([313, 620])]]"
894,"30,398079872131348","[672, 422]",False,"[0.517927, 0]","[0, 0]",False,weak,"14700,0","[[array([873, 400]), array([775, 540]), array([565, 554]), array([495, 610]), array([621, 680]), array([803, 708]), array([719, 792]), array([593, 834])]]","[[array([303, 148]), array([980, 288]), array([303, 610])]]"
895,"30,432087898254395","[672, 422]",False,"[0.517927, 0]","[0, 0]",False,weak,"14700,0","[[array([863, 390]), array([765, 530]), array([555, 544]), array([485, 600]), array([611, 670]), array([793, 698]), array([709, 782]), array([583, 824])]]","[[array([293, 138]), array([970, 278]), array([293, 600])]]"
896,"30,465496063232422","[672, 422]",False,"[0.517927, 0]","[0, 0]",False,weak,"14700,0","[[array([863, 380]), array([765, 520]), array([555, 534]), array([485, 590]), array([611, 660]), array([793, 688]), array([709, 772]), array([583, 814])]]","[[array([293, 128]), array([970, 268]), array([293, 590])]]"
897,"30,499510049819946","[672, 422]",False,"[0.517927, 0]","[0, 0]",False,weak,"14700,0","[[array([863, 370]), array([765, 510]), array([555, 524]), array([485, 580]), array([611, 650]), array([793, 678]), array([709, 762]), array([583, 804])]]","[[array([293, 118]), array([970, 258]), array([293, 580])]]"
898,"30,53347897529602","[672, 422]",False,"[0.517927, 0]","[0, 0]",False,weak,"14700,0","[[array([863, 360]), array([765, 500]), array([555, 514]), array([485, 570]), array([611, 640]), array([793, 668]), array([709, 752]), array([583, 794])]]","[[array([293, 108]), array([970, 248]), array([293, 570])]]"
899,"30,567480087280273","[672, 422]",False,"[0.517927, 0]","[0, 0]",False,weak,"14700,0","[[array([863, 350]), array([765, 490]), array([555, 504]), array([485, 560]), array([611, 630]), array([793, 658]), array([709, 742]), array([583, 784])]]","[[array([293,  98]), array([970, 238]), array([293, 560])]]"
900,"30,601608991622925","[672, 422]",False,"[0.517927, 0]","[0, 0]",False,weak,"14700,0","[[array([863, 340]), array([765, 480]), array([555, 494]), array([485, 550]), array([611, 620]), array([793, 648]), array([709, 732]), array([583, 774])]]","[[array([293,  88]), array([970, 228]), array([293, 550])]]"
901,"30,635631799697876","[672, 422]",False,"[0.517927, 0]","[0, 0]",False,weak,"14700,0","[[array([863, 330]), array([765, 470]), array([555, 484]), array([485, 540]), array([611, 610]), array([793, 638]), array([709, 722]), array([583, 764])]]","[[array([293,  78]), array([970, 218]), array([293, 540])]]"
902,"30,669628858566284","[672, 422]",False,"[0.517927, 0]","[0, 0]",False,weak,"14700,0","[[array([863, 320]), array([765, 460]), array([555, 474]), array([485, 530]), array([611, 600]), array([793, 628]), array([709, 712]), array([583, 754])]]","[[array([293,  68]), array([970, 208]), array([293, 530])]]"
903,"30,703635931015015","[672, 422]",False,"[0.517927, 0]","[0, 0]",False,weak,"14700,0","[[array([863, 310]), array([765, 450]), array([555, 464]), array([485, 520]), array([611, 590]), array([793, 618]), array([709, 702]), array([583, 744])]]","[[array([293,  58]), array([970, 198]), array([293, 520])]]"
904,"30,73722195625305","[672, 422]",False,"[0.517927, 0]","[0, 0]",False,weak,"14700,0","[[array([863, 300]), array([765, 440]), array([555, 454]), array([485, 510]), array([611, 580]), array([793, 608]), array([709, 692]), array([583, 734])]]","[[array([293,  48]), array([970, 188]), array([293, 510])]]"
905,"30,771273851394653","[672, 422]",False,"[0.517927, 0]","[0, 0]",False,weak,"14700,0","[[array([863, 290]), array([765, 430]), array([555, 444]), array([485, 500]), array([611, 570]), array([793, 598]), array([709, 682]), array([583, 724])]]","[[array([293,  38]), array([970, 178]), array([293, 500])]]"
906,"30,804966926574707","[672, 422]",False,"[0.517927, 0]","[0, 0]",False,weak,"14700,0","[[array([863, 280]), array([765, 420]), array([555, 434]), array([485, 490]), array([611, 560]), array([793, 588]), array([709, 672]), array([583, 714])]]","[[array([293,  28]), array([970, 168]), array([293, 490])]]"
907,"30,839354753494263","[672, 422]",False,"[0.517927, 0]","[0, 0]",False,weak,"14700,0","[[array([853, 270]), array([755, 410]), array([545, 424]), array([475, 480]), array([601, 550]), array([783, 578]), array([699, 662]), array([573, 704])]]","[[array([283,  18]), array([960, 158]), array([283, 480])]]"
908,"30,872360944747925","[672, 422]",False,"[0.517927, 0]","[0, 0]",False,weak,"14700,0","[[array([843, 260]), array([745, 400]), array([535, 414]), array([465, 470]), array([591, 540]), array([773, 568]), array([689, 652]), array([563, 694])]]","[[array([273,   8]), array([950, 148]), array([273, 470])]]"
909,"30,906492948532104","[672, 422]",False,"[0.517927, 0]","[0, 0]",False,weak,"14700,0","[[array([843, 250]), array([745, 390]), array([535, 404]), array([465, 460]), array([591, 530]), array([773, 558]), array([689, 642]), array([563, 684])]]","[[array([950, 138]), array([273, 460])]]"
910,"30,940497875213623","[672, 422]",False,"[0.517927, 0]","[0, 0]",False,weak,"14700,0","[[array([838, 240]), array([740, 380]), array([530, 394]), array([460, 450]), array([586, 520]), array([768, 548]), array([684, 632]), array([558, 674])]]","[[array([945, 128]), array([268, 450])]]"
911,"30,974488019943237","[672, 422]",False,"[0.517927, 0]","[0, 0]",False,weak,"14700,0","[[array([833, 230]), array([735, 370]), array([525, 384]), array([455, 440]), array([581, 510]), array([763, 538]), array([679, 622]), array([553, 664])]]","[[array([940, 118]), array([263, 440])]]"
912,"31,00859785079956","[672, 422]",False,"[0.517927, 0]","[0, 0]",False,weak,"14700,0","[[array([828, 220]), array([730, 360]), array([520, 374]), array([450, 430]), array([576, 500]), array([758, 528]), array([674, 612]), array([548, 654])]]","[[array([935, 108]), array([258, 430])]]"
913,"31,04279398918152","[672, 422]",False,"[0.517927, 0]","[0, 0]",False,weak,"14700,0","[[array([823, 210]), array([725, 350]), array([515, 364]), array([445, 420]), array([571, 490]), array([753, 518]), array([669, 602]), array([543, 644])]]","[[array([930,  98]), array([253, 420])]]"
914,"31,077120065689087","[672, 422]",False,"[0.517927, 0]","[0, 0]",False,weak,"14700,0","[[array([818, 200]), array([720, 340]), array([510, 354]), array([440, 410]), array([566, 480]), array([748, 508]), array([664, 592]), array([538, 634])]]","[[array([925,  88]), array([248, 410])]]"
915,"31,11069393157959","[672, 422]",False,"[0.517927, 0]","[0, 0]",False,weak,"14700,0","[[array([813, 190]), array([715, 330]), array([505, 344]), array([435, 400]), array([561, 470]), array([743, 498]), array([659, 582]), array([533, 624])]]","[[array([920,  78]), array([243, 400])]]"
916,"31,145049810409546","[672, 422]",False,"[0.517927, 0]","[0, 0]",False,weak,"14700,0","[[array([808, 180]), array([710, 320]), array([500, 334]), array([430, 390]), array([556, 460]), array([738, 488]), array([654, 572]), array([528, 614])]]","[[array([915,  68]), array([238, 390])]]"
917,"31,17875576019287","[672, 422]",False,"[0.517927, 0]","[0, 0]",False,weak,"14700,0","[[array([812, 170]), array([714, 310]), array([504, 324]), array([434, 380]), array([560, 450]), array([742, 478]), array([658, 562]), array([532, 604])]]","[[array([919,  58]), array([242, 380])]]"
918,"31,21298575401306","[672, 422]",False,"[0.517927, 0]","[0, 0]",False,weak,"14700,0","[[array([816, 160]), array([718, 300]), array([508, 314]), array([438, 370]), array([564, 440]), array([746, 468]), array([662, 552]), array([536, 594])]]","[[array([923,  48]), array([246, 370])]]"
919,"31,246349096298218","[672, 422]",False,"[0.517927, 0]","[0, 0]",False,weak,"14700,0","[[array([820, 150]), array([722, 290]), array([512, 304]), array([442, 360]), array([568, 430]), array([750, 458]), array([666, 542]), array([540, 584]), array([834, 836]), array([456, 836])]]","[[array([927,  38]), array([250, 360])]]"
920,"31,28044581413269","[672, 422]",False,"[0.517927, 0]","[0, 0]",False,weak,"14700,0","[[array([824, 140]), array([726, 280]), array([516, 294]), array([446, 350]), array([572, 420]), array([754, 448]), array([670, 532]), array([544, 574]), array([838, 826]), array([460, 826])]]","[[array([931,  28]), array([254, 350])]]"
921,"31,314740896224976","[672, 422]",False,"[0.517927, 0]","[0, 0]",False,weak,"14700,0","[[array([833, 130]), array([735, 270]), array([525, 284]), array([455, 340]), array([581, 410]), array([763, 438]), array([679, 522]), array([553, 564]), array([847, 816]), array([469, 816])]]","[[array([940,  18]), array([263, 340])]]"
922,"31,349032878875732","[672, 422]",False,"[0.517927, 0]","[0, 0]",False,weak,"14700,0","[[array([842, 120]), array([744, 260]), array([534, 274]), array([464, 330]), array([590, 400]), array([772, 428]), array([688, 512]), array([562, 554]), array([856, 806]), array([478, 806])]]","[[array([949,   8]), array([272, 330])]]"
923,"31,38248300552368","[672, 422]",False,"[0.517927, 0]","[0, 0]",False,weak,"14700,0","[[array([851, 110]), array([753, 250]), array([543, 264]), array([473, 320]), array([599, 390]), array([781, 418]), array([697, 502]), array([571, 544]), array([865, 796]), array([487, 796])]]","[[array([281, 320])]]"
924,"31,41662883758545","[672, 422]",False,"[0.517927, 0]","[0, 0]",False,weak,"14700,0","[[array([860, 100]), array([762, 240]), array([552, 254]), array([482, 310]), array([608, 380]), array([790, 408]), array([706, 492]), array([580, 534]), array([874, 786]), array([496, 786])]]","[[array([290, 310])]]"
925,"31,450652837753296","[672, 422]",False,"[0.517927, 0]","[0, 0]",False,weak,"14700,0","[[array([869,  90]), array([771, 230]), array([561, 244]), array([491, 300]), array([617, 370]), array([799, 398]), array([715, 482]), array([589, 524]), array([883, 776]), array([505, 776])]]","[[array([299, 300])]]"
926,"31,484648942947388","[672, 422]",False,"[0.517927, 0]","[0, 0]",False,weak,"14700,0","[[array([878,  80]), array([780, 220]), array([570, 234]), array([500, 290]), array([626, 360]), array([808, 388]), array([724, 472]), array([598, 514]), array([892, 766]), array([514, 766])]]","[[array([308, 290])]]"
927,"31,518718957901","[672, 422]",False,"[0.517927, 0]","[0, 0]",False,weak,"14700,0","[[array([887,  70]), array([789, 210]), array([579, 224]), array([509, 280]), array([635, 350]), array([817, 378]), array([733, 462]), array([607, 504]), array([901, 756]), array([523, 756])]]","[[array([317, 280])]]"
928,"31,552847862243652","[672, 422]",False,"[0.517927, 0]","[0, 0]",False,weak,"14700,0","[[array([896,  60]), array([798, 200]), array([588, 214]), array([518, 270]), array([644, 340]), array([826, 368]), array([742, 452]), array([616, 494]), array([910, 746]), array([532, 746])]]","[[array([326, 270])]]"
929,"31,58711290359497","[672, 422]",False,"[0.517927, 0]","[0, 0]",False,weak,"14700,0","[[array([896,  50]), array([798, 190]), array([588, 204]), array([518, 260]), array([644, 330]), array([826, 358]), array([742, 442]), array([616, 484]), array([910, 736]), array([532, 736])]]","[[array([326, 260])]]"
930,"31,620248079299927","[672, 422]",False,"[0.517927, 0]","[0, 0]",False,weak,"14700,0","[[array([896,  40]), array([798, 180]), array([588, 194]), array([518, 250]), array([644, 320]), array([826, 348]), array([742, 432]), array([616, 474]), array([910, 726]), array([532, 726])]]","[[array([326, 250])]]"
931,"31,654134035110474","[672, 422]",False,"[0.517927, 0]","[0, 0]",False,weak,"14700,0","[[array([896,  30]), array([798, 170]), array([588, 184]), array([518, 240]), array([644, 310]), array([826, 338]), array([742, 422]), array([616, 464]), array([910, 716]), array([532, 716])]]","[[array([326, 240])]]"
932,"31,687283992767334","[672, 422]",False,"[0.517927, 0]","[0, 0]",False,weak,"14700,0","[[array([896,  20]), array([798, 160]), array([588, 174]), array([518, 230]), array([644, 300]), array([826, 328]), array([742, 412]), array([616, 454]), array([910, 706]), array([532, 706])]]","[[array([326, 230])]]"
933,"31,721795082092285","[672, 422]",False,"[0.517927, 0]","[0, 0]",False,weak,"14700,0","[[array([886,  10]), array([788, 150]), array([578, 164]), array([508, 220]), array([634, 290]), array([816, 318]), array([732, 402]), array([606, 444]), array([900, 696]), array([522, 696])]]","[[array([316, 220])]]"
934,"31,755840063095093","[672, 422]",False,"[0.517927, 0]","[0, 0]",False,weak,"14700,0","[[array([876,   0]), array([778, 140]), array([568, 154]), array([498, 210]), array([624, 280]), array([806, 308]), array([722, 392]), array([596, 434]), array([890, 686]), array([512, 686])]]","[[array([306, 210])]]"
935,"31,790008783340454","[672, 422]",True,"[0.517927, 0]","[0, 0]",False,weak,"14700,0","[[array([768, 130]), array([558, 144]), array([488, 200]), array([614, 270]), array([796, 298]), array([712, 382]), array([586, 424]), array([880, 676]), array([502, 676])]]","[[array([296, 200])]]"
936,"31,824007987976074","[672, 422]",True,"[0.517927, 0]","[0, 0]",False,weak,"14700,0","[[array([758, 120]), array([548, 134]), array([478, 190]), array([604, 260]), array([786, 288]), array([702, 372]), array([576, 414]), array([870, 666]), array([492, 666])]]","[[array([286, 190])]]"
937,"31,858048915863037","[672, 422]",True,"[0.517927, 0]","[0, 0]",False,weak,"14700,0","[[array([748, 110]), array([538, 124]), array([468, 180]), array([594, 250]), array([776, 278]), array([692, 362]), array([566, 404]), array([860, 656]), array([482, 656])]]","[[array([276, 180])]]"
938,"31,892133951187134","[672, 422]",True,"[0.517927, 0]","[0, 0]",False,weak,"14700,0","[[array([738, 100]), array([528, 114]), array([458, 170]), array([584, 240]), array([766, 268]), array([682, 352]), array([556, 394]), array([850, 646]), array([472, 646])]]","[[array([266, 170])]]"
939,"31,925389766693115","[672, 422]",True,"[0.517927, 0]","[0, 0]",False,weak,"14700,0","[[array([738,  90]), array([528, 104]), array([458, 160]), array([584, 230]), array([766, 258]), array([682, 342]), array([556, 384]), array([850, 636]), array([472, 636])]]","[[array([266, 160])]]"
940,"31,959754943847656","[672, 422]",True,"[0.517927, 0]","[0, 0]",False,weak,"14700,0","[[array([738,  80]), array([528,  94]), array([458, 150]), array([584, 220]), array([766, 248]), array([682, 332]), array([556, 374]), array([850, 626]), array([472, 626])]]","[[array([266, 150])]]"
941,"31,993321895599365","[672, 422]",True,"[0.517927, 0]","[0, 0]",False,weak,"14700,0","[[array([738,  70]), array([528,  84]), array([458, 140]), array([584, 210]), array([766, 238]), array([682, 322]), array([556, 364]), array([850, 616]), array([472, 616])]]","[[array([266, 140])]]"
942,"32,02738690376282","[672, 422]",True,"[0.517927, 0]","[0, 0]",False,weak,"14700,0","[[array([738,  60]), array([528,  74]), array([458, 130]), array([584, 200]), array([766, 228]), array([682, 312]), array([556, 354]), array([850, 606]), array([472, 606])]]","[[array([266, 130])]]"
943,"32,061389684677124","[672, 422]",True,"[0.517927, 0]","[0, 0]",False,weak,"14700,0","[[array([738,  50]), array([528,  64]), array([458, 120]), array([584, 190]), array([766, 218]), array([682, 302]), array([556, 344]), array([850, 596]), array([472, 596])]]","[[array([266, 120])]]"
944,"32,09539484977722","[672, 422]",True,"[0.517927, 0]","[0, 0]",False,weak,"14700,0","[[array([738,  40]), array([528,  54]), array([458, 110]), array([584, 180]), array([766, 208]), array([682, 292]), array([556, 334]), array([850, 586]), array([472, 586])]]","[[array([266, 110])]]"
945,"32,129849910736084","[672, 422]",True,"[0.517927, 0]","[0, 0]",False,weak,"14700,0","[[array([738,  30]), array([528,  44]), array([458, 100]), array([584, 170]), array([766, 198]), array([682, 282]), array([556, 324]), array([850, 576]), array([472, 576])]]","[[array([266, 100])]]"
946,"32,16416096687317","[672, 422]",True,"[0.517927, 0]","[0, 0]",False,weak,"14700,0","[[array([738,  20]), array([528,  34]), array([458,  90]), array([584, 160]), array([766, 188]), array([682, 272]), array([556, 314]), array([850, 566]), array([472, 566])]]","[[array([266,  90]), array([943, 832])]]"
947,"32,19721794128418","[672, 422]",True,"[0.517927, 0]","[0, 0]",False,weak,"14700,0","[[array([738,  10]), array([528,  24]), array([458,  80]), array([584, 150]), array([766, 178]), array([682, 262]), array([556, 304]), array([850, 556]), array([472, 556])]]","[[array([266,  80]), array([943, 822])]]"
948,"32,23134112358093","[672, 422]",True,"[0.517927, 0]","[0, 0]",False,weak,"14700,0","[[array([738,   0]), array([528,  14]), array([458,  70]), array([584, 140]), array([766, 168]), array([682, 252]), array([556, 294]), array([850, 546]), array([472, 546]), array([850, 840])]]","[[array([266,  70]), array([943, 812])]]"
949,"32,26529097557068","[672, 422]",True,"[0.517927, 0]","[0, 0]",False,weak,"14700,0","[[array([528,   4]), array([458,  60]), array([584, 130]), array([766, 158]), array([682, 242]), array([556, 284]), array([850, 536]), array([472, 536]), array([850, 830])]]","[[array([266,  60]), array([943, 802])]]"
950,"32,299360036849976","[672, 422]",True,"[0.517927, 0]","[0, 0]",False,weak,"14700,0","[[array([458,  50]), array([584, 120]), array([766, 148]), array([682, 232]), array([556, 274]), array([850, 526]), array([472, 526]), array([850, 820])]]","[[array([266,  50]), array([943, 792])]]"
951,"32,33378887176514","[672, 422]",True,"[0.517927, 0]","[0, 0]",False,weak,"14700,0","[[array([458,  40]), array([584, 110]), array([766, 138]), array([682, 222]), array([556, 264]), array([850, 516]), array([472, 516]), array([850, 810]), array([500, 838])]]","[[array([266,  40]), array([943, 782])]]"
952,"32,368064880371094","[672, 422]",True,"[0.517927, 0]","[0, 0]",False,weak,"14700,0","[[array([458,  30]), array([584, 100]), array([766, 128]), array([682, 212]), array([556, 254]), array([850, 506]), array([472, 506]), array([850, 800]), array([500, 828])]]","[[array([266,  30]), array([943, 772])]]"
953,"32,401442766189575","[672, 422]",True,"[0.517927, 0]","[0, 0]",False,weak,"14700,0","[[array([458,  20]), array([584,  90]), array([766, 118]), array([682, 202]), array([556, 244]), array([850, 496]), array([472, 496]), array([850, 790]), array([500, 818])]]","[[array([266,  20]), array([943, 762])]]"
954,"32,436020851135254","[672, 422]",True,"[0.517927, 0]","[0, 0]",False,weak,"14700,0","[[array([458,  10]), array([584,  80]), array([766, 108]), array([682, 192]), array([556, 234]), array([850, 486]), array([472, 486]), array([850, 780]), array([500, 808])]]","[[array([266,  10]), array([943, 752])]]"
955,"32,46933388710022","[672, 422]",True,"[0.517927, 0]","[0, 0]",False,weak,"14700,0","[[array([458,   0]), array([584,  70]), array([766,  98]), array([682, 182]), array([556, 224]), array([850, 476]), array([472, 476]), array([850, 770]), array([500, 798])]]","[[array([266,   0]), array([943, 742])]]"
956,"32,50328183174133","[672, 422]",True,"[0.517927, 0]","[0, 0]",False,weak,"14700,0","[[array([584,  60]), array([766,  88]), array([682, 172]), array([556, 214]), array([850, 466]), array([472, 466]), array([850, 760]), array([500, 788])]]","[[array([943, 732])]]"
957,"32,53727197647095","[672, 422]",True,"[0.517927, 0]","[0, 0]",False,weak,"14700,0","[[array([584,  50]), array([766,  78]), array([682, 162]), array([556, 204]), array([850, 456]), array([472, 456]), array([850, 750]), array([500, 778])]]","[[array([943, 722])]]"
958,"32,572046756744385","[672, 422]",True,"[0.517927, 0]","[0, 0]",False,weak,"14700,0","[[array([584,  40]), array([766,  68]), array([682, 152]), array([556, 194]), array([850, 446]), array([472, 446]), array([850, 740]), array([500, 768])]]","[[array([943, 712])]]"
959,"32,60537385940552","[672, 422]",True,"[0.517927, 0]","[0, 0]",False,weak,"14700,0","[[array([584,  30]), array([766,  58]), array([682, 142]), array([556, 184]), array([850, 436]), array([472, 436]), array([850, 730]), array([500, 758])]]","[[array([943, 702])]]"
960,"32,63997006416321","[672, 422]",True,"[0.517927, 0]","[0, 0]",False,weak,"14700,0","[[array([593,  20]), array([775,  48]), array([691, 132]), array([565, 174]), array([859, 426]), array([481, 426]), array([859, 720]), array([509, 748])]]","[[array([952, 692])]]"
961,"32,67392373085022","[672, 422]",True,"[0.517927, 0]","[0, 0]",False,weak,"14700,0","[[array([602,  10]), array([784,  38]), array([700, 122]), array([574, 164]), array([868, 416]), array([490, 416]), array([868, 710]), array([518, 738])]]","[[array([961, 682])]]"
962,"32,70786476135254","[672, 422]",True,"[0.517927, 0]","[0, 0]",False,weak,"14700,0","[[array([611,   0]), array([793,  28]), array([709, 112]), array([583, 154]), array([877, 406]), array([499, 406]), array([877, 700]), array([527, 728])]]","[[array([970, 672])]]"
963,"32,74206590652466","[672, 422]",True,"[0.517927, 0]","[0, 0]",False,weak,"14700,0","[[array([793,  18]), array([709, 102]), array([583, 144]), array([877, 396]), array([499, 396]), array([877, 690]), array([527, 718])]]","[[array([970, 662])]]"
964,"32,775471925735474","[672, 422]",True,"[0.517927, 0]","[0, 0]",False,weak,"14700,0","[[array([793,   8]), array([709,  92]), array([583, 134]), array([877, 386]), array([499, 386]), array([877, 680]), array([527, 708])]]","[[array([970, 652]), array([293, 834])]]"
965,"32,80976581573486","[672, 422]",True,"[0.517927, 0]","[0, 0]",False,weak,"14700,0","[[array([709,  82]), array([583, 124]), array([877, 376]), array([499, 376]), array([877, 670]), array([527, 698])]]","[[array([970, 642]), array([293, 824])]]"
966,"32,84403586387634","[672, 422]",True,"[0.517927, 0]","[0, 0]",False,weak,"14700,0","[[array([709,  72]), array([583, 114]), array([877, 366]), array([499, 366]), array([877, 660]), array([527, 688])]]","[[array([970, 632]), array([293, 814])]]"
967,"32,87751507759094","[672, 422]",True,"[0.517927, 0]","[0, 0]",False,weak,"14700,0","[[array([709,  62]), array([583, 104]), array([877, 356]), array([499, 356]), array([877, 650]), array([527, 678])]]","[[array([970, 622]), array([293, 804])]]"
968,"32,91157674789429","[672, 422]",True,"[0.517927, 0]","[0, 0]",False,weak,"14700,0","[[array([709,  52]), array([583,  94]), array([877, 346]), array([499, 346]), array([877, 640]), array([527, 668])]]","[[array([970, 612]), array([293, 794])]]"
969,"32,94568705558777","[672, 422]",True,"[0.517927, 0]","[0, 0]",False,weak,"14700,0","[[array([709,  42]), array([583,  84]), array([877, 336]), array([499, 336]), array([877, 630]), array([527, 658])]]","[[array([970, 602]), array([293, 784])]]"
970,"32,97969675064087","[672, 422]",True,"[0.517927, 0]","[0, 0]",False,weak,"14700,0","[[array([709,  32]), array([583,  74]), array([877, 326]), array([499, 326]), array([877, 620]), array([527, 648])]]","[[array([970, 592]), array([293, 774])]]"
971,"33,01409101486206","[672, 422]",True,"[0.517927, 0]","[0, 0]",False,weak,"14700,0","[[array([699,  22]), array([573,  64]), array([867, 316]), array([489, 316]), array([867, 610]), array([517, 638])]]","[[array([960, 582]), array([283, 764])]]"
972,"33,04813003540039","[672, 422]",True,"[0.517927, 0]","[0, 0]",False,weak,"14700,0","[[array([689,  12]), array([563,  54]), array([857, 306]), array([479, 306]), array([857, 600]), array([507, 628])]]","[[array([950, 572]), array([273, 754])]]"
973,"33,08122897148132","[672, 422]",True,"[0.517927, 0]","[0, 0]",False,weak,"14700,0","[[array([679,   2]), array([553,  44]), array([847, 296]), array([469, 296]), array([847, 590]), array([497, 618])]]","[[array([940, 562]), array([263, 744])]]"
974,"33,115503787994385","[672, 422]",True,"[0.517927, 0]","[0, 0]",False,weak,"14700,0","[[array([553,  34]), array([847, 286]), array([469, 286]), array([847, 580]), array([497, 608])]]","[[array([940, 552]), array([263, 734])]]"
975,"33,14988374710083","[672, 422]",True,"[0.517927, 0]","[0, 0]",False,weak,"14700,0","[[array([553,  24]), array([847, 276]), array([469, 276]), array([847, 570]), array([497, 598])]]","[[array([940, 542]), array([263, 724])]]"
976,"33,18413496017456","[672, 422]",True,"[0.517927, 0]","[0, 0]",False,weak,"14700,0","[[array([553,  14]), array([847, 266]), array([469, 266]), array([847, 560]), array([497, 588])]]","[[array([940, 532]), array([263, 714])]]"
977,"33,21758008003235","[672, 422]",True,"[0.517927, 0]","[0, 0]",False,weak,"14700,0","[[array([553,   4]), array([847, 256]), array([469, 256]), array([847, 550]), array([497, 578])]]","[[array([940, 522]), array([263, 704])]]"
978,"33,25168585777283","[672, 422]",True,"[0.517927, 0]","[0, 0]",False,weak,"14700,0","[[array([847, 246]), array([469, 246]), array([847, 540]), array([497, 568])]]","[[array([940, 512]), array([263, 694])]]"
979,"33,28612303733826","[672, 422]",True,"[0.517927, 0]","[0, 0]",False,weak,"14700,0","[[array([847, 236]), array([469, 236]), array([847, 530]), array([497, 558])]]","[[array([940, 502]), array([263, 684])]]"
980,"33,318655014038086","[672, 422]",True,"[0.517927, 0]","[0, 0]",False,weak,"14700,0","[[array([847, 226]), array([469, 226]), array([847, 520]), array([497, 548])]]","[[array([940, 492]), array([263, 674])]]"
981,"33,3530068397522","[672, 422]",True,"[0.517927, 0]","[0, 0]",False,weak,"14700,0","[[array([847, 216]), array([469, 216]), array([847, 510]), array([497, 538])]]","[[array([940, 482]), array([263, 664])]]"
982,"33,38698983192444","[672, 422]",True,"[0.517927, 0]","[0, 0]",False,weak,"14700,0","[[array([847, 206]), array([469, 206]), array([847, 500]), array([497, 528]), array([637, 836])]]","[[array([940, 472]), array([263, 654])]]"
983,"33,42110896110535","[672, 422]",True,"[0.517927, 0]","[0, 0]",False,weak,"14700,0","[[array([847, 196]), array([469, 196]), array([847, 490]), array([497, 518]), array([637, 826])]]","[[array([940, 462]), array([263, 644])]]"
984,"33,45502281188965","[672, 422]",True,"[0.517927, 0]","[0, 0]",False,weak,"14700,0","[[array([851, 186]), array([473, 186]), array([851, 480]), array([501, 508]), array([641, 816])]]","[[array([944, 452]), array([267, 634])]]"
985,"33,48852586746216","[672, 422]",True,"[0.517927, 0]","[0, 0]",False,weak,"14700,0","[[array([855, 176]), array([477, 176]), array([855, 470]), array([505, 498]), array([645, 806])]]","[[array([948, 442]), array([271, 624])]]"
986,"33,52261781692505","[672, 422]",True,"[0.517927, 0]","[0, 0]",False,weak,"14700,0","[[array([859, 166]), array([481, 166]), array([859, 460]), array([509, 488]), array([649, 796])]]","[[array([952, 432]), array([275, 614])]]"
987,"33,55661106109619","[672, 422]",True,"[0.517927, 0]","[0, 0]",False,weak,"14700,0","[[array([863, 156]), array([485, 156]), array([863, 450]), array([513, 478]), array([653, 786])]]","[[array([956, 422]), array([279, 604])]]"
988,"33,59053182601929","[672, 422]",True,"[0.517927, 0]","[0, 0]",False,weak,"14700,0","[[array([867, 146]), array([489, 146]), array([867, 440]), array([517, 468]), array([657, 776])]]","[[array([960, 412]), array([283, 594])]]"
989,"33,6245539188385","[672, 422]",True,"[0.517927, 0]","[0, 0]",False,weak,"14700,0","[[array([871, 136]), array([493, 136]), array([871, 430]), array([521, 458]), array([661, 766])]]","[[array([964, 402]), array([287, 584])]]"
990,"33,65874195098877","[672, 422]",True,"[0.517927, 0]","[0, 0]",False,weak,"14700,0","[[array([875, 126]), array([497, 126]), array([875, 420]), array([525, 448]), array([665, 756])]]","[[array([968, 392]), array([291, 574])]]"
991,"33,69320797920227","[672, 422]",True,"[0.517927, 0]","[0, 0]",False,weak,"14700,0","[[array([879, 116]), array([501, 116]), array([879, 410]), array([529, 438]), array([669, 746])]]","[[array([972, 382]), array([295, 564])]]"
992,"33,72644782066345","[672, 422]",True,"[0.517927, 0]","[0, 0]",False,weak,"14700,0","[[array([883, 106]), array([505, 106]), array([883, 400]), array([533, 428]), array([673, 736])]]","[[array([976, 372]), array([299, 554])]]"
993,"33,760655879974365","[672, 422]",True,"[0.517927, 0]","[0, 0]",False,weak,"14700,0","[[array([887,  96]), array([509,  96]), array([887, 390]), array([537, 418]), array([677, 726])]]","[[array([980, 362]), array([303, 544])]]"
994,"33,79485011100769","[672, 422]",True,"[0.517927, 0]","[0, 0]",False,weak,"14700,0","[[array([891,  86]), array([513,  86]), array([891, 380]), array([541, 408]), array([681, 716])]]","[[array([984, 352]), array([307, 534])]]"
995,"33,82829785346985","[672, 422]",True,"[0.517927, 0]","[0, 0]",False,weak,"14700,0","[[array([891,  76]), array([513,  76]), array([891, 370]), array([541, 398]), array([681, 706])]]","[[array([984, 342]), array([307, 524])]]"
996,"33,862353801727295","[672, 422]",True,"[0.517927, 0]","[0, 0]",False,weak,"14700,0","[[array([891,  66]), array([513,  66]), array([891, 360]), array([541, 388]), array([681, 696])]]","[[array([984, 332]), array([307, 514])]]"
997,"33,89639592170715","[672, 422]",True,"[0.517927, 0]","[0, 0]",False,weak,"14700,0","[[array([891,  56]), array([513,  56]), array([891, 350]), array([541, 378]), array([681, 686])]]","[[array([984, 322]), array([307, 504])]]"
998,"33,93042302131653","[672, 422]",True,"[0.517927, 0]","[0, 0]",False,weak,"14700,0","[[array([891,  46]), array([513,  46]), array([891, 340]), array([541, 368]), array([681, 676])]]","[[array([984, 312]), array([307, 494])]]"
999,"33,96439075469971","[672, 422]",True,"[0.517927, 0]","[0, 0]",False,weak,"14700,0","[[array([891,  36]), array([513,  36]), array([891, 330]), array([541, 358]), array([681, 666])]]","[[array([984, 302]), array([307, 484])]]"
1000,"33,99862790107727","[672, 422]",True,"[0.517927, 0]","[0, 0]",False,weak,"14700,0","[[array([891,  26]), array([513,  26]), array([891, 320]), array([541, 348]), array([681, 656])]]","[[array([984, 292]), array([307, 474]), array([307, 838])]]"
1001,"34,03276491165161","[672, 422]",True,"[0.517927, 0]","[0, 0]",False,weak,"14700,0","[[array([891,  16]), array([513,  16]), array([891, 310]), array([541, 338]), array([681, 646])]]","[[array([984, 282]), array([307, 464]), array([307, 828])]]"
1002,"34,06688380241394","[672, 422]",True,"[0.517927, 0]","[0, 0]",False,weak,"14700,0","[[array([886,   6]), array([508,   6]), array([886, 300]), array([536, 328]), array([676, 636])]]","[[array([979, 272]), array([302, 454]), array([302, 818])]]"
1003,"34,101409912109375","[672, 422]",True,"[0.517927, 0]","[0, 0]",False,weak,"14700,0","[[array([890, 290]), array([540, 318]), array([680, 626])]]","[[array([983, 262]), array([306, 444]), array([306, 808])]]"
1004,"34,13461685180664","[672, 422]",True,"[0.517927, 0]","[0, 0]",False,weak,"14700,0","[[array([894, 280]), array([544, 308]), array([684, 616])]]","[[array([987, 252]), array([310, 434]), array([310, 798])]]"
1005,"34,168895959854126","[672, 422]",True,"[0.517927, 0]","[0, 0]",False,weak,"14700,0","[[array([898, 270]), array([548, 298]), array([688, 606])]]","[[array([991, 242]), array([314, 424]), array([314, 788])]]"
1006,"34,2024199962616","[672, 422]",True,"[0.517927, 0]","[0, 0]",False,weak,"14700,0","[[array([902, 260]), array([552, 288]), array([692, 596])]]","[[array([995, 232]), array([318, 414]), array([318, 778])]]"
1007,"34,23656702041626","[672, 422]",True,"[0.517927, 0]","[0, 0]",False,weak,"14700,0","[[array([906, 250]), array([556, 278]), array([696, 586])]]","[[array([999, 222]), array([322, 404]), array([322, 768])]]"
1008,"34,27096486091614","[672, 422]",True,"[0.517927, 0]","[0, 0]",False,weak,"14700,0","[[array([910, 240]), array([560, 268]), array([700, 576])]]","[[array([1003,  212]), array([326, 394]), array([326, 758])]]"
1009,"34,304314851760864","[672, 422]",True,"[0.517927, 0]","[0, 0]",False,weak,"14700,0","[[array([914, 230]), array([564, 258]), array([704, 566])]]","[[array([1007,  202]), array([330, 384]), array([330, 748])]]"
1010,"34,33864402770996","[672, 422]",True,"[0.517927, 0]","[0, 0]",False,weak,"14700,0","[[array([918, 220]), array([568, 248]), array([708, 556])]]","[[array([1011,  192]), array([334, 374]), array([334, 738])]]"
1011,"34,373141050338745","[672, 422]",True,"[0.517927, 0]","[0, 0]",False,weak,"14700,0","[[array([922, 210]), array([572, 238]), array([712, 546])]]","[[array([1015,  182]), array([338, 364]), array([338, 728])]]"
1012,"34,40661406517029","[672, 422]",True,"[0.517927, 0]","[0, 0]",False,weak,"14700,0","[[array([917, 200]), array([567, 228]), array([707, 536])]]","[[array([1010,  172]), array([333, 354]), array([333, 718])]]"
1013,"34,44070076942444","[672, 422]",True,"[0.517927, 0]","[0, 0]",False,weak,"14700,0","[[array([912, 190]), array([562, 218]), array([702, 526])]]","[[array([1005,  162]), array([328, 344]), array([328, 708])]]"
1014,"34,47468185424805","[672, 422]",True,"[0.517927, 0]","[0, 0]",False,weak,"14700,0","[[array([912, 180]), array([562, 208]), array([702, 516])]]","[[array([1005,  152]), array([328, 334]), array([328, 698])]]"
1015,"34,508845806121826","[672, 422]",True,"[0.517927, 0]","[0, 0]",False,weak,"14700,0","[[array([912, 170]), array([562, 198]), array([702, 506])]]","[[array([1005,  142]), array([328, 324]), array([328, 688])]]"
1016,"34,5428569316864","[672, 422]",True,"[0.517927, 0]","[0, 0]",False,weak,"14700,0","[[array([912, 160]), array([562, 188]), array([702, 496])]]","[[array([1005,  132]), array([328, 314]), array([328, 678])]]"
1017,"34,57686686515808","[672, 422]",True,"[0.517927, 0]","[0, 0]",False,weak,"14700,0","[[array([912, 150]), array([562, 178]), array([702, 486])]]","[[array([1005,  122]), array([328, 304]), array([328, 668])]]"
1018,"34,61089777946472","[672, 422]",True,"[0.517927, 0]","[0, 0]",False,weak,"14700,0","[[array([912, 140]), array([562, 168]), array([702, 476])]]","[[array([1005,  112]), array([328, 294]), array([328, 658])]]"
1019,"34,64444375038147","[672, 422]",True,"[0.517927, 0]","[0, 0]",False,weak,"14700,0","[[array([912, 130]), array([562, 158]), array([702, 466])]]","[[array([1005,  102]), array([328, 284]), array([328, 648])]]"
1020,"34,67839002609253","[672, 422]",True,"[0.517927, 0]","[0, 0]",False,weak,"14700,0","[[array([912, 120]), array([562, 148]), array([702, 456])]]","[[array([1005,   92]), array([328, 274]), array([328, 638])]]"
1021,"34,71299886703491","[672, 422]",True,"[0.517927, 0]","[0, 0]",False,weak,"14700,0","[[array([921, 110]), array([571, 138]), array([711, 446])]]","[[array([1014,   82]), array([337, 264]), array([337, 628])]]"
1022,"34,74632811546326","[672, 422]",True,"[0.517927, 0]","[0, 0]",False,weak,"14700,0","[[array([930, 100]), array([580, 128]), array([720, 436])]]","[[array([1023,   72]), array([346, 254]), array([346, 618])]]"
1023,"34,78069090843201","[672, 422]",True,"[0.517927, 0]","[0, 0]",False,weak,"14700,0","[[array([939,  90]), array([589, 118]), array([729, 426])]]","[[array([1032,   62]), array([355, 244]), array([355, 608])]]"
1024,"34,8149619102478","[672, 422]",True,"[0.517927, 0]","[0, 0]",False,weak,"14700,0","[[array([948,  80]), array([598, 108]), array([738, 416])]]","[[array([1041,   52]), array([364, 234]), array([364, 598])]]"
1025,"34,84840798377991","[672, 422]",True,"[0.517927, 0]","[0, 0]",False,weak,"14700,0","[[array([957,  70]), array([607,  98]), array([747, 406])]]","[[array([1050,   42]), array([373, 224]), array([373, 588])]]"
1026,"34,88261294364929","[672, 422]",True,"[0.517927, 0]","[0, 0]",False,weak,"14700,0","[[array([966,  60]), array([616,  88]), array([756, 396])]]","[[array([1059,   32]), array([382, 214]), array([382, 578])]]"
1027,"34,91659188270569","[672, 422]",True,"[0.517927, 0]","[0, 0]",False,weak,"14700,0","[[array([975,  50]), array([625,  78]), array([765, 386])]]","[[array([1068,   22]), array([391, 204]), array([391, 568])]]"
1028,"34,950790882110596","[672, 422]",True,"[0.517927, 0]","[0, 0]",False,weak,"14700,0","[[array([975,  40]), array([625,  68]), array([765, 376])]]","[[array([1068,   12]), array([391, 194]), array([391, 558])]]"
1029,"34,984375953674316","[672, 422]",True,"[0.517927, 0]","[0, 0]",False,weak,"14700,0","[[array([975,  30]), array([625,  58]), array([765, 366])]]","[[array([1068,    2]), array([391, 184]), array([391, 548])]]"
1030,"35,01857590675354","[672, 422]",True,"[0.517927, 0]","[0, 0]",False,weak,"14700,0","[[array([975,  20]), array([625,  48]), array([765, 356])]]","[[array([391, 174]), array([391, 538])]]"
1031,"35,053109884262085","[672, 422]",True,"[0.517927, 0]","[0, 0]",False,weak,"14700,0","[[array([975,  10]), array([625,  38]), array([765, 346])]]","[[array([391, 164]), array([391, 528])]]"
1032,"35,08672595024109","[672, 422]",True,"[0.517927, 0]","[0, 0]",False,weak,"14700,0","[[array([975,   0]), array([625,  28]), array([765, 336])]]","[[array([391, 154]), array([391, 518])]]"
1033,"35,12107276916504","[672, 422]",True,"[0.517927, 0]","[0, 0]",False,weak,"14700,0","[[array([625,  18]), array([765, 326])]]","[[array([391, 144]), array([391, 508])]]"
1034,"35,15351390838623","[672, 422]",True,"[0.517927, 0]","[0, 0]",False,weak,"14700,0","[[array([625,   8]), array([765, 316])]]","[[array([391, 134]), array([391, 498])]]"
1035,"35,18777585029602","[672, 422]",True,"[0.517927, 0]","[0, 0]",False,weak,"14700,0","[[array([765, 306])]]","[[array([391, 124]), array([391, 488])]]"
1036,"35,222206830978394","[672, 422]",True,"[0.517927, 0]","[0, 0]",False,weak,"14700,0","[[array([765, 296])]]","[[array([391, 114]), array([391, 478])]]"
1037,"35,255210876464844","[672, 422]",True,"[0.517927, 0]","[0, 0]",False,weak,"14700,0","[[array([765, 286])]]","[[array([391, 104]), array([391, 468])]]"
1038,"35,28940010070801","[672, 422]",True,"[0.517927, 0]","[0, 0]",False,weak,"14700,0","[[array([765, 276])]]","[[array([391,  94]), array([391, 458])]]"
1039,"35,32354998588562","[672, 422]",True,"[0.517927, 0]","[0, 0]",False,weak,"14700,0","[[array([760, 266])]]","[[array([386,  84]), array([386, 448])]]"
1040,"35,357712745666504","[672, 422]",True,"[0.517927, 0]","[0, 0]",False,weak,"14700,0","[[array([755, 256])]]","[[array([381,  74]), array([381, 438])]]"
1041,"35,39202880859375","[672, 422]",True,"[0.517927, 0]","[0, 0]",False,weak,"14700,0","[[array([750, 246]), array([694, 834])]]","[[array([376,  64]), array([376, 428])]]"
1042,"35,425987005233765","[672, 422]",True,"[0.517927, 0]","[0, 0]",False,weak,"14700,0","[[array([745, 236]), array([689, 824])]]","[[array([371,  54]), array([371, 418])]]"
1043,"35,46001386642456","[672, 422]",True,"[0.517927, 0]","[0, 0]",False,weak,"14700,0","[[array([740, 226]), array([684, 814])]]","[[array([366,  44]), array([366, 408])]]"
1044,"35,49340081214905","[672, 422]",True,"[0.517927, 0]","[0, 0]",False,weak,"14700,0","[[array([735, 216]), array([679, 804])]]","[[array([361,  34]), array([361, 398])]]"
1045,"35,5278480052948","[672, 422]",True,"[0.517927, 0]","[0, 0]",False,weak,"14700,0","[[array([730, 206]), array([674, 794])]]","[[array([356,  24]), array([356, 388])]]"
1046,"35,56254696846008","[672, 422]",True,"[0.517927, 0]","[0, 0]",False,weak,"14700,0","[[array([716, 196]), array([660, 784])]]","[[array([342,  14]), array([342, 378])]]"
1047,"35,595706939697266","[672, 422]",True,"[0.517927, 0]","[0, 0]",False,weak,"14700,0","[[array([702, 186]), array([646, 774])]]","[[array([328,   4]), array([328, 368])]]"
1048,"35,629666805267334","[672, 422]",True,"[0.517927, 0]","[0, 0]",False,weak,"14700,0","[[array([688, 176]), array([632, 764])]]","[[array([314, 358])]]"
1049,"35,6639838218689","[672, 422]",True,"[0.517927, 0]","[0, 0]",False,weak,"14700,0","[[array([683, 166]), array([627, 754])]]","[[array([309, 348])]]"
1050,"35,69731783866882","[672, 422]",True,"[0.517927, 0]","[0, 0]",False,weak,"14700,0","[[array([683, 156]), array([627, 744])]]","[[array([309, 338])]]"
1051,"35,731773853302","[672, 422]",True,"[0.517927, 0]","[0, 0]",False,weak,"14700,0","[[array([683, 146]), array([627, 734])]]","[[array([309, 328])]]"
1052,"35,76616382598877","[672, 422]",True,"[0.517927, 0]","[0, 0]",False,weak,"14700,0","[[array([683, 136]), array([627, 724])]]","[[array([309, 318])]]"
1053,"35,799330711364746","[672, 422]",True,"[0.517927, 0]","[0, 0]",False,weak,"14700,0","[[array([683, 126]), array([627, 714]), array([459, 840])]]","[[array([309, 308])]]"
1054,"35,83333396911621","[672, 422]",True,"[0.517927, 0]","[0, 0]",False,weak,"14700,0","[[array([683, 116]), array([627, 704]), array([459, 830])]]","[[array([309, 298])]]"
1055,"35,86729884147644","[672, 422]",True,"[0.517927, 0]","[0, 0]",False,weak,"14700,0","[[array([683, 106]), array([627, 694]), array([459, 820])]]","[[array([309, 288])]]"
1056,"35,90135979652405","[672, 422]",True,"[0.517927, 0]","[0, 0]",False,weak,"14700,0","[[array([683,  96]), array([627, 684]), array([459, 810]), array([739, 838])]]","[[array([309, 278]), array([309, 838])]]"
1057,"35,935760736465454","[672, 422]",True,"[0.517927, 0]","[0, 0]",False,weak,"14700,0","[[array([683,  86]), array([627, 674]), array([459, 800]), array([739, 828])]]","[[array([309, 268]), array([309, 828])]]"
1058,"35,96973490715027","[672, 422]",True,"[0.517927, 0]","[0, 0]",False,weak,"14700,0","[[array([683,  76]), array([627, 664]), array([459, 790]), array([739, 818]), array([809, 832])]]","[[array([309, 258]), array([309, 818])]]"
1059,"36,00396275520325","[672, 422]",True,"[0.517927, 0]","[0, 0]",False,weak,"14700,0","[[array([683,  66]), array([627, 654]), array([459, 780]), array([739, 808]), array([809, 822])]]","[[array([309, 248]), array([309, 808])]]"
1060,"36,03841996192932","[672, 422]",True,"[0.517927, 0]","[0, 0]",False,weak,"14700,0","[[array([673,  56]), array([617, 644]), array([449, 770]), array([729, 798]), array([799, 812])]]","[[array([299, 238]), array([299, 798])]]"
1061,"36,07141995429993","[672, 422]",True,"[0.517927, 0]","[0, 0]",False,weak,"14700,0","[[array([663,  46]), array([607, 634]), array([439, 760]), array([719, 788]), array([789, 802])]]","[[array([289, 228]), array([289, 788])]]"
1062,"36,105469942092896","[672, 422]",True,"[0.517927, 0]","[0, 0]",False,weak,"14700,0","[[array([653,  36]), array([597, 624]), array([429, 750]), array([709, 778]), array([779, 792])]]","[[array([279, 218]), array([279, 778])]]"
1063,"36,13953471183777","[672, 422]",True,"[0.517927, 0]","[0, 0]",False,weak,"14700,0","[[array([643,  26]), array([587, 614]), array([419, 740]), array([699, 768]), array([769, 782])]]","[[array([269, 208]), array([269, 768])]]"
1064,"36,173693895339966","[672, 422]",True,"[0.517927, 0]","[0, 0]",False,weak,"14700,0","[[array([643,  16]), array([587, 604]), array([419, 730]), array([699, 758]), array([769, 772])]]","[[array([269, 198]), array([269, 758])]]"
1065,"36,20767092704773","[672, 422]",True,"[0.517927, 0]","[0, 0]",False,weak,"14700,0","[[array([643,   6]), array([587, 594]), array([419, 720]), array([699, 748]), array([769, 762])]]","[[array([269, 188]), array([269, 748])]]"
1066,"36,24199199676514","[672, 422]",True,"[0.517927, 0]","[0, 0]",False,weak,"14700,0","[[array([587, 584]), array([419, 710]), array([699, 738]), array([769, 752])]]","[[array([269, 178]), array([269, 738])]]"
1067,"36,27551198005676","[672, 422]",True,"[0.517927, 0]","[0, 0]",False,weak,"14700,0","[[array([587, 574]), array([419, 700]), array([699, 728]), array([769, 742]), array([643, 840])]]","[[array([269, 168]), array([269, 728])]]"
1068,"36,30961585044861","[672, 422]",True,"[0.517927, 0]","[0, 0]",False,weak,"14700,0","[[array([587, 564]), array([419, 690]), array([699, 718]), array([769, 732]), array([643, 830])]]","[[array([269, 158]), array([269, 718])]]"
1069,"36,34395909309387","[672, 422]",True,"[0.517927, 0]","[0, 0]",False,weak,"14700,0","[[array([587, 554]), array([419, 680]), array([699, 708]), array([769, 722]), array([643, 820])]]","[[array([269, 148]), array([269, 708])]]"
1070,"36,377296924591064","[672, 422]",True,"[0.517927, 0]","[0, 0]",False,weak,"14700,0","[[array([587, 544]), array([419, 670]), array([699, 698]), array([769, 712]), array([643, 810])]]","[[array([269, 138]), array([269, 698])]]"
1071,"36,41158080101013","[672, 422]",True,"[0.517927, 0]","[0, 0]",False,weak,"14700,0","[[array([587, 534]), array([419, 660]), array([699, 688]), array([769, 702]), array([643, 800])]]","[[array([269, 128]), array([269, 688])]]"
1072,"36,44528579711914","[672, 422]",True,"[0.517927, 0]","[0, 0]",False,weak,"14700,0","[[array([587, 524]), array([419, 650]), array([699, 678]), array([769, 692]), array([643, 790])]]","[[array([269, 118]), array([269, 678])]]"
1073,"36,47937202453613","[672, 422]",True,"[0.517927, 0]","[0, 0]",False,weak,"14700,0","[[array([587, 514]), array([419, 640]), array([699, 668]), array([769, 682]), array([643, 780])]]","[[array([269, 108]), array([269, 668])]]"
1074,"36,513612031936646","[672, 422]",True,"[0.517927, 0]","[0, 0]",False,weak,"14700,0","[[array([587, 504]), array([419, 630]), array([699, 658]), array([769, 672]), array([643, 770])]]","[[array([269,  98]), array([269, 658])]]"
1075,"36,54731488227844","[672, 422]",True,"[0.517927, 0]","[0, 0]",False,weak,"14700,0","[[array([587, 494]), array([419, 620]), array([699, 648]), array([769, 662]), array([643, 760])]]","[[array([269,  88]), array([269, 648])]]"
1076,"36,58188486099243","[672, 422]",True,"[0.517927, 0]","[0, 0]",False,weak,"14700,0","[[array([587, 484]), array([419, 610]), array([699, 638]), array([769, 652]), array([643, 750])]]","[[array([269,  78]), array([269, 638])]]"
1077,"36,61536884307861","[672, 422]",True,"[0.517927, 0]","[0, 0]",False,weak,"14700,0","[[array([587, 474]), array([419, 600]), array([699, 628]), array([769, 642]), array([643, 740])]]","[[array([269,  68]), array([269, 628])]]"
1078,"36,65016198158264","[672, 422]",True,"[0.517927, 0]","[0, 0]",False,weak,"14700,0","[[array([587, 464]), array([419, 590]), array([699, 618]), array([769, 632]), array([643, 730])]]","[[array([269,  58]), array([269, 618])]]"
1079,"36,683629751205444","[672, 422]",True,"[0.517927, 0]","[0, 0]",False,weak,"14700,0","[[array([587, 454]), array([419, 580]), array([699, 608]), array([769, 622]), array([643, 720])]]","[[array([269,  48]), array([269, 608])]]"
1080,"36,71776580810547","[672, 422]",True,"[0.517927, 0]","[0, 0]",False,weak,"14700,0","[[array([587, 444]), array([419, 570]), array([699, 598]), array([769, 612]), array([643, 710])]]","[[array([269,  38]), array([269, 598])]]"
1081,"36,751834869384766","[672, 422]",True,"[0.517927, 0]","[0, 0]",False,weak,"14700,0","[[array([587, 434]), array([419, 560]), array([699, 588]), array([769, 602]), array([643, 700])]]","[[array([269,  28]), array([269, 588])]]"
1082,"36,786141872406006","[672, 422]",True,"[0.517927, 0]","[0, 0]",False,weak,"14700,0","[[array([587, 424]), array([419, 550]), array([699, 578]), array([769, 592]), array([643, 690])]]","[[array([269,  18]), array([269, 578])]]"
1083,"36,81960082054138","[672, 422]",True,"[0.517927, 0]","[0, 0]",False,weak,"14700,0","[[array([587, 414]), array([419, 540]), array([699, 568]), array([769, 582]), array([643, 680])]]","[[array([269,   8]), array([269, 568])]]"
1084,"36,85413098335266","[672, 422]",True,"[0.517927, 0]","[0, 0]",False,weak,"14700,0","[[array([587, 404]), array([419, 530]), array([699, 558]), array([769, 572]), array([643, 670])]]","[[array([269, 558])]]"
1085,"36,88775396347046","[672, 422]",True,"[0.517927, 0]","[0, 0]",False,weak,"14700,0","[[array([596, 394]), array([428, 520]), array([708, 548]), array([778, 562]), array([652, 660])]]","[[array([278, 548])]]"
1086,"36,921741008758545","[672, 422]",True,"[0.517927, 0]","[0, 0]",False,weak,"14700,0","[[array([605, 384]), array([437, 510]), array([717, 538]), array([787, 552]), array([661, 650])]]","[[array([287, 538])]]"
1087,"36,95576286315918","[672, 422]",True,"[0.517927, 0]","[0, 0]",False,weak,"14700,0","[[array([614, 374]), array([446, 500]), array([726, 528]), array([796, 542]), array([670, 640])]]","[[array([296, 528])]]"
1088,"36,98972702026367","[672, 422]",True,"[0.517927, 0]","[0, 0]",False,weak,"14700,0","[[array([623, 364]), array([455, 490]), array([735, 518]), array([805, 532]), array([679, 630])]]","[[array([305, 518])]]"
1089,"37,023756980895996","[672, 422]",True,"[0.517927, 0]","[0, 0]",False,weak,"14700,0","[[array([632, 354]), array([464, 480]), array([744, 508]), array([814, 522]), array([688, 620])]]","[[array([314, 508])]]"
1090,"37,05771088600159","[672, 422]",True,"[0.517927, 0]","[0, 0]",False,weak,"14700,0","[[array([641, 344]), array([473, 470]), array([753, 498]), array([823, 512]), array([697, 610])]]","[[array([323, 498])]]"
1091,"37,09169101715088","[672, 422]",True,"[0.517927, 0]","[0, 0]",False,weak,"14700,0","[[array([650, 334]), array([482, 460]), array([762, 488]), array([832, 502]), array([706, 600])]]","[[array([332, 488])]]"
1092,"37,12571477890015","[672, 422]",True,"[0.517927, 0]","[0, 0]",False,weak,"14700,0","[[array([659, 324]), array([491, 450]), array([771, 478]), array([841, 492]), array([715, 590])]]","[[array([341, 478])]]"
1093,"37,15978479385376","[672, 422]",True,"[0.517927, 0]","[0, 0]",False,weak,"14700,0","[[array([668, 314]), array([500, 440]), array([780, 468]), array([850, 482]), array([724, 580])]]","[[array([350, 468])]]"
1094,"37,19378304481506","[672, 422]",True,"[0.517927, 0]","[0, 0]",False,weak,"14700,0","[[array([677, 304]), array([509, 430]), array([789, 458]), array([859, 472]), array([733, 570])]]","[[array([359, 458])]]"
1095,"37,2277569770813","[672, 422]",True,"[0.517927, 0]","[0, 0]",False,weak,"14700,0","[[array([681, 294]), array([513, 420]), array([793, 448]), array([863, 462]), array([737, 560]), array([611, 840])]]","[[array([363, 448])]]"
1096,"37,26168990135193","[672, 422]",True,"[0.517927, 0]","[0, 0]",False,weak,"14700,0","[[array([685, 284]), array([517, 410]), array([797, 438]), array([867, 452]), array([741, 550]), array([615, 830])]]","[[array([367, 438])]]"
1097,"37,2957718372345","[672, 422]",True,"[0.517927, 0]","[0, 0]",False,weak,"14700,0","[[array([689, 274]), array([521, 400]), array([801, 428]), array([871, 442]), array([745, 540]), array([619, 820])]]","[[array([371, 428])]]"
1098,"37,330137729644775","[672, 422]",True,"[0.517927, 0]","[0, 0]",False,weak,"14700,0","[[array([693, 264]), array([525, 390]), array([805, 418]), array([875, 432]), array([749, 530]), array([623, 810]), array([525, 838])]]","[[array([375, 418])]]"
1099,"37,36361384391785","[672, 422]",True,"[0.517927, 0]","[0, 0]",False,weak,"14700,0","[[array([697, 254]), array([529, 380]), array([809, 408]), array([879, 422]), array([753, 520]), array([627, 800]), array([529, 828])]]","[[array([379, 408])]]"
1100,"37,397619009017944","[672, 422]",True,"[0.517927, 0]","[0, 0]",False,weak,"14700,0","[[array([701, 244]), array([533, 370]), array([813, 398]), array([883, 412]), array([757, 510]), array([631, 790]), array([533, 818])]]","[[array([383, 398])]]"
1101,"37,43176794052124","[672, 422]",True,"[0.517927, 0]","[0, 0]",False,weak,"14700,0","[[array([705, 234]), array([537, 360]), array([817, 388]), array([887, 402]), array([761, 500]), array([635, 780]), array([537, 808])]]","[[array([387, 388])]]"
1102,"37,466203927993774","[672, 422]",True,"[0.517927, 0]","[0, 0]",False,weak,"14700,0","[[array([700, 224]), array([532, 350]), array([812, 378]), array([882, 392]), array([756, 490]), array([630, 770]), array([532, 798])]]","[[array([382, 378])]]"
1103,"37,49949288368225","[672, 422]",True,"[0.517927, 0]","[0, 0]",False,weak,"14700,0","[[array([695, 214]), array([527, 340]), array([807, 368]), array([877, 382]), array([751, 480]), array([625, 760]), array([527, 788])]]","[[array([377, 368])]]"
1104,"37,533997774124146","[672, 422]",True,"[0.517927, 0]","[0, 0]",False,weak,"14700,0","[[array([690, 204]), array([522, 330]), array([802, 358]), array([872, 372]), array([746, 470]), array([620, 750]), array([522, 778])]]","[[array([372, 358])]]"
1105,"37,567386865615845","[672, 422]",True,"[0.517927, 0]","[0, 0]",False,weak,"14700,0","[[array([685, 194]), array([517, 320]), array([797, 348]), array([867, 362]), array([741, 460]), array([615, 740]), array([517, 768])]]","[[array([367, 348])]]"
1106,"37,60168194770813","[672, 422]",True,"[0.517927, 0]","[0, 0]",False,weak,"14700,0","[[array([685, 184]), array([517, 310]), array([797, 338]), array([867, 352]), array([741, 450]), array([615, 730]), array([517, 758])]]","[[array([367, 338])]]"
1107,"37,63612484931946","[672, 422]",True,"[0.517927, 0]","[0, 0]",False,weak,"14700,0","[[array([685, 174]), array([517, 300]), array([797, 328]), array([867, 342]), array([741, 440]), array([615, 720]), array([517, 748])]]","[[array([367, 328])]]"
1108,"37,66954684257507","[672, 422]",True,"[0.517927, 0]","[0, 0]",False,weak,"14700,0","[[array([685, 164]), array([517, 290]), array([797, 318]), array([867, 332]), array([741, 430]), array([615, 710]), array([517, 738])]]","[[array([367, 318])]]"
1109,"37,703715801239014","[672, 422]",True,"[0.517927, 0]","[0, 0]",False,weak,"14700,0","[[array([685, 154]), array([517, 280]), array([797, 308]), array([867, 322]), array([741, 420]), array([615, 700]), array([517, 728])]]","[[array([367, 308])]]"
1110,"37,73817181587219","[672, 422]",True,"[0.517927, 0]","[0, 0]",False,weak,"14700,0","[[array([685, 144]), array([517, 270]), array([797, 298]), array([867, 312]), array([741, 410]), array([615, 690]), array([517, 718])]]","[[array([367, 298])]]"
1111,"37,7713840007782","[672, 422]",True,"[0.517927, 0]","[0, 0]",False,weak,"14700,0","[[array([685, 134]), array([517, 260]), array([797, 288]), array([867, 302]), array([741, 400]), array([615, 680]), array([517, 708])]]","[[array([367, 288])]]"
1112,"37,80541372299194","[672, 422]",True,"[0.517927, 0]","[0, 0]",False,weak,"14700,0","[[array([685, 124]), array([517, 250]), array([797, 278]), array([867, 292]), array([741, 390]), array([615, 670]), array([517, 698]), array([489, 838])]]","[[array([367, 278])]]"
1113,"37,83956789970398","[672, 422]",True,"[0.517927, 0]","[0, 0]",False,weak,"14700,0","[[array([685, 114]), array([517, 240]), array([797, 268]), array([867, 282]), array([741, 380]), array([615, 660]), array([517, 688]), array([489, 828])]]","[[array([367, 268])]]"
1114,"37,873979806900024","[672, 422]",True,"[0.517927, 0]","[0, 0]",False,weak,"14700,0","[[array([685, 104]), array([517, 230]), array([797, 258]), array([867, 272]), array([741, 370]), array([615, 650]), array([517, 678]), array([489, 818])]]","[[array([367, 258])]]"
1115,"37,907285928726196","[672, 422]",True,"[0.517927, 0]","[0, 0]",False,weak,"14700,0","[[array([685,  94]), array([517, 220]), array([797, 248]), array([867, 262]), array([741, 360]), array([615, 640]), array([517, 668]), array([489, 808])]]","[[array([367, 248])]]"
1116,"37,94159269332886","[672, 422]",True,"[0.517927, 0]","[0, 0]",False,weak,"14700,0","[[array([685,  84]), array([517, 210]), array([797, 238]), array([867, 252]), array([741, 350]), array([615, 630]), array([517, 658]), array([489, 798]), array([923, 840])]]","[[array([367, 238])]]"
1117,"37,975860834121704","[672, 422]",True,"[0.517927, 0]","[0, 0]",False,weak,"14700,0","[[array([685,  74]), array([517, 200]), array([797, 228]), array([867, 242]), array([741, 340]), array([615, 620]), array([517, 648]), array([489, 788]), array([923, 830])]]","[[array([367, 228])]]"
1118,"38,01066184043884","[672, 422]",True,"[0.517927, 0]","[0, 0]",False,weak,"14700,0","[[array([675,  64]), array([507, 190]), array([787, 218]), array([857, 232]), array([731, 330]), array([605, 610]), array([507, 638]), array([479, 778]), array([913, 820])]]","[[array([357, 218])]]"
1119,"38,04391694068909","[672, 422]",True,"[0.517927, 0]","[0, 0]",False,weak,"14700,0","[[array([665,  54]), array([497, 180]), array([777, 208]), array([847, 222]), array([721, 320]), array([595, 600]), array([497, 628]), array([469, 768]), array([903, 810])]]","[[array([347, 208])]]"
1120,"38,07791590690613","[672, 422]",True,"[0.517927, 0]","[0, 0]",False,weak,"14700,0","[[array([655,  44]), array([487, 170]), array([767, 198]), array([837, 212]), array([711, 310]), array([585, 590]), array([487, 618]), array([459, 758]), array([893, 800])]]","[[array([337, 198])]]"
1121,"38,11202788352966","[672, 422]",True,"[0.517927, 0]","[0, 0]",False,weak,"14700,0","[[array([645,  34]), array([477, 160]), array([757, 188]), array([827, 202]), array([701, 300]), array([575, 580]), array([477, 608]), array([449, 748]), array([883, 790])]]","[[array([327, 188])]]"
1122,"38,145411014556885","[672, 422]",True,"[0.517927, 0]","[0, 0]",False,weak,"14700,0","[[array([635,  24]), array([467, 150]), array([747, 178]), array([817, 192]), array([691, 290]), array([565, 570]), array([467, 598]), array([439, 738]), array([873, 780])]]","[[array([317, 178])]]"
1123,"38,17983388900757","[672, 422]",True,"[0.517927, 0]","[0, 0]",False,weak,"14700,0","[[array([625,  14]), array([457, 140]), array([737, 168]), array([807, 182]), array([681, 280]), array([555, 560]), array([457, 588]), array([429, 728]), array([863, 770])]]","[[array([307, 168])]]"
1124,"38,21438789367676","[672, 422]",True,"[0.517927, 0]","[0, 0]",False,weak,"14700,0","[[array([625,   4]), array([457, 130]), array([737, 158]), array([807, 172]), array([681, 270]), array([555, 550]), array([457, 578]), array([429, 718]), array([863, 760])]]","[[array([307, 158])]]"
1125,"38,248024702072144","[672, 422]",True,"[0.517927, 0]","[0, 0]",False,weak,"14700,0","[[array([457, 120]), array([737, 148]), array([807, 162]), array([681, 260]), array([555, 540]), array([457, 568]), array([429, 708]), array([863, 750])]]","[[array([307, 148])]]"
1126,"38,28216290473938","[672, 422]",True,"[0.517927, 0]","[0, 0]",False,weak,"14700,0","[[array([457, 110]), array([737, 138]), array([807, 152]), array([681, 250]), array([555, 530]), array([457, 558]), array([429, 698]), array([863, 740])]]","[[array([307, 138])]]"
1127,"38,31561589241028","[672, 422]",True,"[0.517927, 0]","[0, 0]",False,weak,"14700,0","[[array([457, 100]), array([737, 128]), array([807, 142]), array([681, 240]), array([555, 520]), array([457, 548]), array([429, 688]), array([863, 730])]]","[[array([307, 128])]]"
1128,"38,35013508796692","[672, 422]",True,"[0.517927, 0]","[0, 0]",False,weak,"14700,0","[[array([457,  90]), array([737, 118]), array([807, 132]), array([681, 230]), array([555, 510]), array([457, 538]), array([429, 678]), array([863, 720])]]","[[array([307, 118])]]"
1129,"38,38344073295593","[672, 422]",True,"[0.517927, 0]","[0, 0]",False,weak,"14700,0","[[array([457,  80]), array([737, 108]), array([807, 122]), array([681, 220]), array([555, 500]), array([457, 528]), array([429, 668]), array([863, 710]), array([835, 836])]]","[[array([307, 108])]]"
1130,"38,41776990890503","[672, 422]",True,"[0.517927, 0]","[0, 0]",False,weak,"14700,0","[[array([457,  70]), array([737,  98]), array([807, 112]), array([681, 210]), array([555, 490]), array([457, 518]), array([429, 658]), array([863, 700]), array([835, 826])]]","[[array([307,  98])]]"
1131,"38,45162892341614","[672, 422]",True,"[0.517927, 0]","[0, 0]",False,weak,"14700,0","[[array([457,  60]), array([737,  88]), array([807, 102]), array([681, 200]), array([555, 480]), array([457, 508]), array([429, 648]), array([863, 690]), array([835, 816])]]","[[array([307,  88])]]"
1132,"38,48534870147705","[672, 422]",True,"[0.517927, 0]","[0, 0]",False,weak,"14700,0","[[array([457,  50]), array([737,  78]), array([807,  92]), array([681, 190]), array([555, 470]), array([457, 498]), array([429, 638]), array([863, 680]), array([835, 806])]]","[[array([307,  78])]]"
1133,"38,52017688751221","[672, 422]",True,"[0.517927, 0]","[0, 0]",False,weak,"14700,0","[[array([457,  40]), array([737,  68]), array([807,  82]), array([681, 180]), array([555, 460]), array([457, 488]), array([429, 628]), array([863, 670]), array([835, 796]), array([723, 838])]]","[[array([307,  68])]]"
1134,"38,55412793159485","[672, 422]",True,"[0.517927, 0]","[0, 0]",False,weak,"14700,0","[[array([457,  30]), array([737,  58]), array([807,  72]), array([681, 170]), array([555, 450]), array([457, 478]), array([429, 618]), array([863, 660]), array([835, 786]), array([723, 828])]]","[[array([307,  58])]]"
1135,"38,587965965270996","[672, 422]",True,"[0.517927, 0]","[0, 0]",False,weak,"14700,0","[[array([457,  20]), array([737,  48]), array([807,  62]), array([681, 160]), array([555, 440]), array([457, 468]), array([429, 608]), array([863, 650]), array([835, 776]), array([723, 818])]]","[[array([307,  48])]]"
1136,"38,6217200756073","[672, 422]",True,"[0.517927, 0]","[0, 0]",False,weak,"14700,0","[[array([457,  10]), array([737,  38]), array([807,  52]), array([681, 150]), array([555, 430]), array([457, 458]), array([429, 598]), array([863, 640]), array([835, 766]), array([723, 808])]]","[[array([307,  38])]]"
1137,"38,65564584732056","[672, 422]",True,"[0.517927, 0]","[0, 0]",False,weak,"14700,0","[[array([457,   0]), array([737,  28]), array([807,  42]), array([681, 140]), array([555, 420]), array([457, 448]), array([429, 588]), array([863, 630]), array([835, 756]), array([723, 798])]]","[[array([307,  28])]]"
1138,"38,69012975692749","[672, 422]",True,"[0.517927, 0]","[0, 0]",False,weak,"14700,0","[[array([737,  18]), array([807,  32]), array([681, 130]), array([555, 410]), array([457, 438]), array([429, 578]), array([863, 620]), array([835, 746]), array([723, 788])]]","[[array([307,  18])]]"
1139,"38,72401309013367","[672, 422]",True,"[0.517927, 0]","[0, 0]",False,weak,"14700,0","[[array([737,   8]), array([807,  22]), array([681, 120]), array([555, 400]), array([457, 428]), array([429, 568]), array([863, 610]), array([835, 736]), array([723, 778])]]","[[array([307,   8])]]"
1140,"38,75787091255188","[672, 422]",True,"[0.517927, 0]","[0, 0]",False,weak,"14700,0","[[array([807,  12]), array([681, 110]), array([555, 390]), array([457, 418]), array([429, 558]), array([863, 600]), array([835, 726]), array([723, 768])]]",[[]]
1141,"38,79166793823242","[672, 422]",True,"[0.517927, 0]","[0, 0]",False,weak,"14700,0","[[array([807,   2]), array([681, 100]), array([555, 380]), array([457, 408]), array([429, 548]), array([863, 590]), array([835, 716]), array([723, 758])]]",[[]]
1142,"38,826164960861206","[672, 422]",True,"[0.517927, 0]","[0, 0]",False,weak,"14700,0","[[array([681,  90]), array([555, 370]), array([457, 398]), array([429, 538]), array([863, 580]), array([835, 706]), array([723, 748]), array([541, 832])]]",[[]]
1143,"38,85956883430481","[672, 422]",True,"[0.517927, 0]","[0, 0]",False,weak,"14700,0","[[array([681,  80]), array([555, 360]), array([457, 388]), array([429, 528]), array([863, 570]), array([835, 696]), array([723, 738]), array([541, 822])]]",[[]]
1144,"38,89433693885803","[672, 422]",True,"[0.517927, 0]","[0, 0]",False,weak,"14700,0","[[array([690,  70]), array([564, 350]), array([466, 378]), array([438, 518]), array([872, 560]), array([844, 686]), array([732, 728]), array([550, 812])]]",[[]]
1145,"38,92759990692139","[672, 422]",True,"[0.517927, 0]","[0, 0]",False,weak,"14700,0","[[array([699,  60]), array([573, 340]), array([475, 368]), array([447, 508]), array([881, 550]), array([853, 676]), array([741, 718]), array([559, 802])]]",[[]]
1146,"38,96157693862915","[672, 422]",True,"[0.517927, 0]","[0, 0]",False,weak,"14700,0","[[array([708,  50]), array([582, 330]), array([484, 358]), array([456, 498]), array([890, 540]), array([862, 666]), array([750, 708]), array([568, 792])]]",[[]]
1147,"38,996054887771606","[672, 422]",True,"[0.517927, 0]","[0, 0]",False,weak,"14700,0","[[array([717,  40]), array([591, 320]), array([493, 348]), array([465, 488]), array([899, 530]), array([871, 656]), array([759, 698]), array([577, 782])]]",[[]]
1148,"39,029584884643555","[672, 422]",True,"[0.517927, 0]","[0, 0]",False,weak,"14700,0","[[array([717,  30]), array([591, 310]), array([493, 338]), array([465, 478]), array([899, 520]), array([871, 646]), array([759, 688]), array([577, 772])]]",[[]]
1149,"39,06363391876221","[672, 422]",True,"[0.517927, 0]","[0, 0]",False,weak,"14700,0","[[array([717,  20]), array([591, 300]), array([493, 328]), array([465, 468]), array([899, 510]), array([871, 636]), array([759, 678]), array([577, 762])]]",[[]]
1150,"39,0978639125824","[672, 422]",True,"[0.517927, 0]","[0, 0]",False,weak,"14700,0","[[array([717,  10]), array([591, 290]), array([493, 318]), array([465, 458]), array([899, 500]), array([871, 626]), array([759, 668]), array([577, 752])]]",[[]]
1151,"39,13152194023132","[672, 422]",True,"[0.517927, 0]","[0, 0]",False,weak,"14700,0","[[array([717,   0]), array([591, 280]), array([493, 308]), array([465, 448]), array([899, 490]), array([871, 616]), array([759, 658]), array([577, 742])]]",[[]]
1152,"39,16585874557495","[672, 422]",True,"[0.517927, 0]","[0, 0]",False,weak,"14700,0","[[array([591, 270]), array([493, 298]), array([465, 438]), array([899, 480]), array([871, 606]), array([759, 648]), array([577, 732])]]",[[]]
1153,"39,20020508766174","[672, 422]",True,"[0.517927, 0]","[0, 0]",False,weak,"14700,0","[[array([591, 260]), array([493, 288]), array([465, 428]), array([899, 470]), array([871, 596]), array([759, 638]), array([577, 722])]]",[[]]
1154,"39,23367094993591","[672, 422]",True,"[0.517927, 0]","[0, 0]",False,weak,"14700,0","[[array([591, 250]), array([493, 278]), array([465, 418]), array([899, 460]), array([871, 586]), array([759, 628]), array([577, 712])]]",[[]]
1155,"39,267568826675415","[672, 422]",True,"[0.517927, 0]","[0, 0]",False,weak,"14700,0","[[array([591, 240]), array([493, 268]), array([465, 408]), array([899, 450]), array([871, 576]), array([759, 618]), array([577, 702])]]",[[]]
1156,"39,30163097381592","[672, 422]",True,"[0.517927, 0]","[0, 0]",False,weak,"14700,0","[[array([591, 230]), array([493, 258]), array([465, 398]), array([899, 440]), array([871, 566]), array([759, 608]), array([577, 692])]]",[[]]
1157,"39,336138010025024","[672, 422]",True,"[0.517927, 0]","[0, 0]",False,weak,"14700,0","[[array([591, 220]), array([493, 248]), array([465, 388]), array([899, 430]), array([871, 556]), array([759, 598]), array([577, 682])]]",[[]]
1158,"39,36979579925537","[672, 422]",True,"[0.517927, 0]","[0, 0]",False,weak,"14700,0","[[array([591, 210]), array([493, 238]), array([465, 378]), array([899, 420]), array([871, 546]), array([759, 588]), array([577, 672])]]",[[]]
1159,"39,404146909713745","[672, 422]",True,"[0.517927, 0]","[0, 0]",False,weak,"14700,0","[[array([591, 200]), array([493, 228]), array([465, 368]), array([899, 410]), array([871, 536]), array([759, 578]), array([577, 662])]]",[[]]
1160,"39,4377338886261","[672, 422]",True,"[0.517927, 0]","[0, 0]",False,weak,"14700,0","[[array([591, 190]), array([493, 218]), array([465, 358]), array([899, 400]), array([871, 526]), array([759, 568]), array([577, 652])]]",[[]]
1161,"39,471599817276","[672, 422]",True,"[0.517927, 0]","[0, 0]",False,weak,"14700,0","[[array([591, 180]), array([493, 208]), array([465, 348]), array([899, 390]), array([871, 516]), array([759, 558]), array([577, 642])]]",[[]]
1162,"39,50546979904175","[672, 422]",True,"[0.517927, 0]","[0, 0]",False,weak,"14700,0","[[array([591, 170]), array([493, 198]), array([465, 338]), array([899, 380]), array([871, 506]), array([759, 548]), array([577, 632])]]",[[]]
1163,"39,5399968624115","[672, 422]",True,"[0.517927, 0]","[0, 0]",False,weak,"14700,0","[[array([591, 160]), array([493, 188]), array([465, 328]), array([899, 370]), array([871, 496]), array([759, 538]), array([577, 622])]]",[[]]
1164,"39,57382297515869","[672, 422]",True,"[0.517927, 0]","[0, 0]",False,weak,"14700,0","[[array([600, 150]), array([502, 178]), array([474, 318]), array([908, 360]), array([880, 486]), array([768, 528]), array([586, 612])]]",[[]]
1165,"39,60815477371216","[672, 422]",True,"[0.517927, 0]","[0, 0]",False,weak,"14700,0","[[array([609, 140]), array([511, 168]), array([483, 308]), array([917, 350]), array([889, 476]), array([777, 518]), array([595, 602])]]",[[]]
1166,"39,642455101013184","[672, 422]",True,"[0.517927, 0]","[0, 0]",False,weak,"14700,0","[[array([609, 130]), array([511, 158]), array([483, 298]), array([917, 340]), array([889, 466]), array([777, 508]), array([595, 592])]]",[[]]
1167,"39,67657399177551","[672, 422]",True,"[0.517927, 0]","[0, 0]",False,weak,"14700,0","[[array([609, 120]), array([511, 148]), array([483, 288]), array([917, 330]), array([889, 456]), array([777, 498]), array([595, 582])]]",[[]]
1168,"39,71097278594971","[672, 422]",True,"[0.517927, 0]","[0, 0]",False,weak,"14700,0","[[array([609, 110]), array([511, 138]), array([483, 278]), array([917, 320]), array([889, 446]), array([777, 488]), array([595, 572]), array([651, 838])]]","[[array([361, 838])]]"
1169,"39,74453091621399","[672, 422]",True,"[0.517927, 0]","[0, 0]",False,weak,"14700,0","[[array([609, 100]), array([511, 128]), array([483, 268]), array([917, 310]), array([889, 436]), array([777, 478]), array([595, 562]), array([651, 828])]]","[[array([361, 828])]]"
1170,"39,778910875320435","[672, 422]",True,"[0.517927, 0]","[0, 0]",False,weak,"14700,0","[[array([609,  90]), array([511, 118]), array([483, 258]), array([917, 300]), array([889, 426]), array([777, 468]), array([595, 552]), array([651, 818])]]","[[array([361, 818])]]"
1171,"39,81324887275696","[672, 422]",True,"[0.517927, 0]","[0, 0]",False,weak,"14700,0","[[array([609,  80]), array([511, 108]), array([483, 248]), array([917, 290]), array([889, 416]), array([777, 458]), array([595, 542]), array([651, 808])]]","[[array([361, 808])]]"
1172,"39,846505880355835","[672, 422]",True,"[0.517927, 0]","[0, 0]",False,weak,"14700,0","[[array([609,  70]), array([511,  98]), array([483, 238]), array([917, 280]), array([889, 406]), array([777, 448]), array([595, 532]), array([651, 798])]]","[[array([361, 798])]]"
1173,"39,880746841430664","[672, 422]",True,"[0.517927, 0]","[0, 0]",False,weak,"14700,0","[[array([609,  60]), array([511,  88]), array([483, 228]), array([917, 270]), array([889, 396]), array([777, 438]), array([595, 522]), array([651, 788])]]","[[array([361, 788])]]"
1174,"39,915236711502075","[672, 422]",True,"[0.517927, 0]","[0, 0]",False,weak,"14700,0","[[array([609,  50]), array([511,  78]), array([483, 218]), array([917, 260]), array([889, 386]), array([777, 428]), array([595, 512]), array([651, 778])]]","[[array([361, 778])]]"
1175,"39,94886779785156","[672, 422]",True,"[0.517927, 0]","[0, 0]",False,weak,"14700,0","[[array([599,  40]), array([501,  68]), array([473, 208]), array([907, 250]), array([879, 376]), array([767, 418]), array([585, 502]), array([641, 768])]]","[[array([351, 768])]]"
1176,"39,982948780059814","[672, 422]",True,"[0.517927, 0]","[0, 0]",False,weak,"14700,0","[[array([589,  30]), array([491,  58]), array([463, 198]), array([897, 240]), array([869, 366]), array([757, 408]), array([575, 492]), array([631, 758])]]","[[array([341, 758])]]"
1177,"40,01745891571045","[672, 422]",True,"[0.517927, 0]","[0, 0]",False,weak,"14700,0","[[array([589,  20]), array([491,  48]), array([463, 188]), array([897, 230]), array([869, 356]), array([757, 398]), array([575, 482]), array([631, 748])]]","[[array([341, 748])]]"
1178,"40,050955057144165","[672, 422]",True,"[0.517927, 0]","[0, 0]",False,weak,"14700,0","[[array([589,  10]), array([491,  38]), array([463, 178]), array([897, 220]), array([869, 346]), array([757, 388]), array([575, 472]), array([631, 738]), array([575, 836])]]","[[array([341, 738])]]"
1179,"40,084557056427","[672, 422]",True,"[0.517927, 0]","[0, 0]",False,weak,"14700,0","[[array([589,   0]), array([491,  28]), array([463, 168]), array([897, 210]), array([869, 336]), array([757, 378]), array([575, 462]), array([631, 728]), array([575, 826]), array([785, 840])]]","[[array([341, 728]), array([1018,  840])]]"
1180,"40,11904191970825","[672, 422]",True,"[0.517927, 0]","[0, 0]",False,weak,"14700,0","[[array([491,  18]), array([463, 158]), array([897, 200]), array([869, 326]), array([757, 368]), array([575, 452]), array([631, 718]), array([575, 816]), array([785, 830])]]","[[array([341, 718]), array([1018,  830])]]"
1181,"40,15231990814209","[672, 422]",True,"[0.517927, 0]","[0, 0]",False,weak,"14700,0","[[array([491,   8]), array([463, 148]), array([897, 190]), array([869, 316]), array([757, 358]), array([575, 442]), array([631, 708]), array([575, 806]), array([785, 820])]]","[[array([341, 708]), array([1018,  820])]]"
1182,"40,18665790557861","[672, 422]",True,"[0.517927, 0]","[0, 0]",False,weak,"14700,0","[[array([463, 138]), array([897, 180]), array([869, 306]), array([757, 348]), array([575, 432]), array([631, 698]), array([575, 796]), array([785, 810])]]","[[array([341, 698]), array([1018,  810])]]"
1183,"40,22094106674194","[672, 422]",True,"[0.517927, 0]","[0, 0]",False,weak,"14700,0","[[array([463, 128]), array([897, 170]), array([869, 296]), array([757, 338]), array([575, 422]), array([631, 688]), array([575, 786]), array([785, 800])]]","[[array([341, 688]), array([1018,  800])]]"
1184,"40,25438380241394","[672, 422]",True,"[0.517927, 0]","[0, 0]",False,weak,"14700,0","[[array([463, 118]), array([897, 160]), array([869, 286]), array([757, 328]), array([575, 412]), array([631, 678]), array([575, 776]), array([785, 790])]]","[[array([341, 678]), array([1018,  790])]]"
1185,"40,289077043533325","[672, 422]",True,"[0.517927, 0]","[0, 0]",False,weak,"14700,0","[[array([463, 108]), array([897, 150]), array([869, 276]), array([757, 318]), array([575, 402]), array([631, 668]), array([575, 766]), array([785, 780]), array([897, 836])]]","[[array([341, 668]), array([1018,  780])]]"
1186,"40,32223391532898","[672, 422]",True,"[0.517927, 0]","[0, 0]",False,weak,"14700,0","[[array([463,  98]), array([897, 140]), array([869, 266]), array([757, 308]), array([575, 392]), array([631, 658]), array([575, 756]), array([785, 770]), array([897, 826])]]","[[array([341, 658]), array([1018,  770])]]"
1187,"40,35656499862671","[672, 422]",True,"[0.517927, 0]","[0, 0]",False,weak,"14700,0","[[array([463,  88]), array([897, 130]), array([869, 256]), array([757, 298]), array([575, 382]), array([631, 648]), array([575, 746]), array([785, 760]), array([897, 816])]]","[[array([341, 648]), array([1018,  760])]]"
1188,"40,39107584953308","[672, 422]",True,"[0.517927, 0]","[0, 0]",False,weak,"14700,0","[[array([453,  78]), array([887, 120]), array([859, 246]), array([747, 288]), array([565, 372]), array([621, 638]), array([565, 736]), array([775, 750]), array([887, 806])]]","[[array([331, 638]), array([1008,  750])]]"
1189,"40,424574851989746","[672, 422]",True,"[0.517927, 0]","[0, 0]",False,weak,"14700,0","[[array([443,  68]), array([877, 110]), array([849, 236]), array([737, 278]), array([555, 362]), array([611, 628]), array([555, 726]), array([765, 740]), array([877, 796])]]","[[array([321, 628]), array([998, 740])]]"
1190,"40,458929777145386","[672, 422]",True,"[0.517927, 0]","[0, 0]",False,weak,"14700,0","[[array([433,  58]), array([867, 100]), array([839, 226]), array([727, 268]), array([545, 352]), array([601, 618]), array([545, 716]), array([755, 730]), array([867, 786])]]","[[array([311, 618]), array([988, 730])]]"
1191,"40,492451906204224","[672, 422]",True,"[0.517927, 0]","[0, 0]",False,weak,"14700,0","[[array([423,  48]), array([857,  90]), array([829, 216]), array([717, 258]), array([535, 342]), array([591, 608]), array([535, 706]), array([745, 720]), array([857, 776])]]","[[array([301, 608]), array([978, 720])]]"
1192,"40,52699589729309","[672, 422]",True,"[0.517927, 0]","[0, 0]",False,weak,"14700,0","[[array([413,  38]), array([847,  80]), array([819, 206]), array([707, 248]), array([525, 332]), array([581, 598]), array([525, 696]), array([735, 710]), array([847, 766])]]","[[array([291, 598]), array([968, 710])]]"
1193,"40,56138896942139","[672, 422]",True,"[0.517927, 0]","[0, 0]",False,weak,"14700,0","[[array([413,  28]), array([847,  70]), array([819, 196]), array([707, 238]), array([525, 322]), array([581, 588]), array([525, 686]), array([735, 700]), array([847, 756])]]","[[array([291, 588]), array([968, 700])]]"
1194,"40,594520807266235","[672, 422]",True,"[0.517927, 0]","[0, 0]",False,weak,"14700,0","[[array([413,  18]), array([847,  60]), array([819, 186]), array([707, 228]), array([525, 312]), array([581, 578]), array([525, 676]), array([735, 690]), array([847, 746])]]","[[array([291, 578]), array([968, 690])]]"
1195,"40,628588914871216","[672, 422]",True,"[0.517927, 0]","[0, 0]",False,weak,"14700,0","[[array([413,   8]), array([847,  50]), array([819, 176]), array([707, 218]), array([525, 302]), array([581, 568]), array([525, 666]), array([735, 680]), array([847, 736])]]","[[array([291, 568]), array([968, 680])]]"
1196,"40,66305589675903","[672, 422]",True,"[0.517927, 0]","[0, 0]",False,weak,"14700,0","[[array([847,  40]), array([819, 166]), array([707, 208]), array([525, 292]), array([581, 558]), array([525, 656]), array([735, 670]), array([847, 726])]]","[[array([291, 558]), array([968, 670])]]"
1197,"40,69657897949219","[672, 422]",True,"[0.517927, 0]","[0, 0]",False,weak,"14700,0","[[array([847,  30]), array([819, 156]), array([707, 198]), array([525, 282]), array([581, 548]), array([525, 646]), array([735, 660]), array([847, 716])]]","[[array([291, 548]), array([968, 660])]]"
1198,"40,730594873428345","[672, 422]",True,"[0.517927, 0]","[0, 0]",False,weak,"14700,0","[[array([847,  20]), array([819, 146]), array([707, 188]), array([525, 272]), array([581, 538]), array([525, 636]), array([735, 650]), array([847, 706])]]","[[array([291, 538]), array([968, 650])]]"
1199,"40,765095949172974","[672, 422]",True,"[0.517927, 0]","[0, 0]",False,weak,"14700,0","[[array([847,  10]), array([819, 136]), array([707, 178]), array([525, 262]), array([581, 528]), array([525, 626]), array([735, 640]), array([847, 696])]]","[[array([291, 528]), array([968, 640])]]"
1200,"40,79841208457947","[672, 422]",True,"[0.517927, 0]","[0, 0]",False,weak,"14700,0","[[array([847,   0]), array([819, 126]), array([707, 168]), array([525, 252]), array([581, 518]), array([525, 616]), array([735, 630]), array([847, 686]), array([483, 840])]]","[[array([291, 518]), array([968, 630])]]"
1201,"40,83242893218994","[672, 422]",True,"[0.517927, 0]","[0, 0]",False,weak,"14700,0","[[array([819, 116]), array([707, 158]), array([525, 242]), array([581, 508]), array([525, 606]), array([735, 620]), array([847, 676]), array([483, 830])]]","[[array([291, 508]), array([968, 620])]]"
1202,"40,866528034210205","[672, 422]",True,"[0.517927, 0]","[0, 0]",False,weak,"14700,0","[[array([819, 106]), array([707, 148]), array([525, 232]), array([581, 498]), array([525, 596]), array([735, 610]), array([847, 666]), array([483, 820])]]","[[array([291, 498]), array([968, 610])]]"
1203,"40,90104079246521","[672, 422]",True,"[0.517927, 0]","[0, 0]",False,weak,"14700,0","[[array([819,  96]), array([707, 138]), array([525, 222]), array([581, 488]), array([525, 586]), array([735, 600]), array([847, 656]), array([483, 810]), array([581, 838])]]","[[array([291, 488]), array([968, 600]), array([968, 838])]]"
1204,"40,934359073638916","[672, 422]",True,"[0.517927, 0]","[0, 0]",False,weak,"14700,0","[[array([819,  86]), array([707, 128]), array([525, 212]), array([581, 478]), array([525, 576]), array([735, 590]), array([847, 646]), array([483, 800]), array([581, 828])]]","[[array([291, 478]), array([968, 590]), array([968, 828])]]"
1205,"40,968411922454834","[672, 422]",True,"[0.517927, 0]","[0, 0]",False,weak,"14700,0","[[array([819,  76]), array([707, 118]), array([525, 202]), array([581, 468]), array([525, 566]), array([735, 580]), array([847, 636]), array([483, 790]), array([581, 818])]]","[[array([291, 468]), array([968, 580]), array([968, 818])]]"
1206,"41,002662897109985","[672, 422]",True,"[0.517927, 0]","[0, 0]",False,weak,"14700,0","[[array([819,  66]), array([707, 108]), array([525, 192]), array([581, 458]), array([525, 556]), array([735, 570]), array([847, 626]), array([483, 780]), array([581, 808])]]","[[array([291, 458]), array([968, 570]), array([968, 808])]]"
1207,"41,037073850631714","[672, 422]",True,"[0.517927, 0]","[0, 0]",False,weak,"14700,0","[[array([814,  56]), array([702,  98]), array([520, 182]), array([576, 448]), array([520, 546]), array([730, 560]), array([842, 616]), array([478, 770]), array([576, 798])]]","[[array([286, 448]), array([963, 560]), array([963, 798])]]"
1208,"41,070422887802124","[672, 422]",True,"[0.517927, 0]","[0, 0]",False,weak,"14700,0","[[array([809,  46]), array([697,  88]), array([515, 172]), array([571, 438]), array([515, 536]), array([725, 550]), array([837, 606]), array([473, 760]), array([571, 788])]]","[[array([281, 438]), array([958, 550]), array([958, 788])]]"
1209,"41,10470199584961","[672, 422]",True,"[0.517927, 0]","[0, 0]",False,weak,"14700,0","[[array([804,  36]), array([692,  78]), array([510, 162]), array([566, 428]), array([510, 526]), array([720, 540]), array([832, 596]), array([468, 750]), array([566, 778])]]","[[array([276, 428]), array([953, 540]), array([953, 778])]]"
1210,"41,138142824172974","[672, 422]",True,"[0.517927, 0]","[0, 0]",False,weak,"14700,0","[[array([799,  26]), array([687,  68]), array([505, 152]), array([561, 418]), array([505, 516]), array([715, 530]), array([827, 586]), array([463, 740]), array([561, 768])]]","[[array([271, 418]), array([948, 530]), array([948, 768])]]"
1211,"41,17130184173584","[672, 422]",True,"[0.517927, 0]","[0, 0]",False,weak,"14700,0","[[array([794,  16]), array([682,  58]), array([500, 142]), array([556, 408]), array([500, 506]), array([710, 520]), array([822, 576]), array([458, 730]), array([556, 758])]]","[[array([266, 408]), array([943, 520]), array([943, 758])]]"
1212,"41,20568585395813","[672, 422]",True,"[0.517927, 0]","[0, 0]",False,weak,"14700,0","[[array([798,   6]), array([686,  48]), array([504, 132]), array([560, 398]), array([504, 496]), array([714, 510]), array([826, 566]), array([462, 720]), array([560, 748])]]","[[array([270, 398]), array([947, 510]), array([947, 748])]]"
1213,"41,2397518157959","[672, 422]",True,"[0.517927, 0]","[0, 0]",False,weak,"14700,0","[[array([690,  38]), array([508, 122]), array([564, 388]), array([508, 486]), array([718, 500]), array([830, 556]), array([466, 710]), array([564, 738])]]","[[array([274, 388]), array([951, 500]), array([951, 738])]]"
1214,"41,27385592460632","[672, 422]",True,"[0.517927, 0]","[0, 0]",False,weak,"14700,0","[[array([694,  28]), array([512, 112]), array([568, 378]), array([512, 476]), array([722, 490]), array([834, 546]), array([470, 700]), array([568, 728]), array([694, 840])]]","[[array([278, 378]), array([955, 490]), array([955, 728])]]"
1215,"41,308199882507324","[672, 422]",True,"[0.517927, 0]","[0, 0]",False,weak,"14700,0","[[array([698,  18]), array([516, 102]), array([572, 368]), array([516, 466]), array([726, 480]), array([838, 536]), array([474, 690]), array([572, 718]), array([698, 830])]]","[[array([282, 368]), array([959, 480]), array([959, 718])]]"
1216,"41,34149670600891","[672, 422]",True,"[0.517927, 0]","[0, 0]",False,weak,"14700,0","[[array([702,   8]), array([520,  92]), array([576, 358]), array([520, 456]), array([730, 470]), array([842, 526]), array([478, 680]), array([576, 708]), array([702, 820])]]","[[array([286, 358]), array([963, 470]), array([963, 708])]]"
1217,"41,37599802017212","[672, 422]",True,"[0.517927, 0]","[0, 0]",False,weak,"14700,0","[[array([524,  82]), array([580, 348]), array([524, 446]), array([734, 460]), array([846, 516]), array([482, 670]), array([580, 698]), array([706, 810])]]","[[array([290, 348]), array([967, 460]), array([967, 698])]]"
1218,"41,409337759017944","[672, 422]",True,"[0.517927, 0]","[0, 0]",False,weak,"14700,0","[[array([538,  72]), array([594, 338]), array([538, 436]), array([748, 450]), array([860, 506]), array([496, 660]), array([594, 688]), array([720, 800])]]","[[array([304, 338]), array([981, 450]), array([981, 688])]]"
1219,"41,44428491592407","[672, 422]",True,"[0.517927, 0]","[0, 0]",False,weak,"14700,0","[[array([552,  62]), array([608, 328]), array([552, 426]), array([762, 440]), array([874, 496]), array([510, 650]), array([608, 678]), array([734, 790])]]","[[array([318, 328]), array([995, 440]), array([995, 678])]]"
1220,"41,47864294052124","[672, 422]",True,"[0.517927, 0]","[0, 0]",False,weak,"14700,0","[[array([566,  52]), array([622, 318]), array([566, 416]), array([776, 430]), array([888, 486]), array([524, 640]), array([622, 668]), array([748, 780])]]","[[array([332, 318]), array([1009,  430]), array([1009,  668])]]"
1221,"41,5127329826355","[672, 422]",True,"[0.517927, 0]","[0, 0]",False,weak,"14700,0","[[array([570,  42]), array([626, 308]), array([570, 406]), array([780, 420]), array([892, 476]), array([528, 630]), array([626, 658]), array([752, 770])]]","[[array([336, 308]), array([1013,  420]), array([1013,  658])]]"
1222,"41,54638695716858","[672, 422]",True,"[0.517927, 0]","[0, 0]",False,weak,"14700,0","[[array([574,  32]), array([630, 298]), array([574, 396]), array([784, 410]), array([896, 466]), array([532, 620]), array([630, 648]), array([756, 760])]]","[[array([340, 298]), array([1017,  410]), array([1017,  648])]]"
1223,"41,580864906311035","[672, 422]",True,"[0.517927, 0]","[0, 0]",False,weak,"14700,0","[[array([578,  22]), array([634, 288]), array([578, 386]), array([788, 400]), array([900, 456]), array([536, 610]), array([634, 638]), array([760, 750])]]","[[array([344, 288]), array([1021,  400]), array([1021,  638])]]"
1224,"41,614381074905396","[672, 422]",True,"[0.517927, 0]","[0, 0]",False,weak,"14700,0","[[array([582,  12]), array([638, 278]), array([582, 376]), array([792, 390]), array([904, 446]), array([540, 600]), array([638, 628]), array([764, 740])]]","[[array([348, 278]), array([1025,  390]), array([1025,  628]), array([1025,  838])]]"
1225,"41,649502992630005","[672, 422]",True,"[0.517927, 0]","[0, 0]",False,weak,"14700,0","[[array([577,   2]), array([633, 268]), array([577, 366]), array([787, 380]), array([899, 436]), array([535, 590]), array([633, 618]), array([759, 730])]]","[[array([343, 268]), array([1020,  380]), array([1020,  618]), array([1020,  828])]]"
1226,"41,683085680007935","[672, 422]",True,"[0.517927, 0]","[0, 0]",False,weak,"14700,0","[[array([628, 258]), array([572, 356]), array([782, 370]), array([894, 426]), array([530, 580]), array([628, 608]), array([754, 720])]]","[[array([338, 258]), array([1015,  370]), array([1015,  608]), array([1015,  818])]]"
1227,"41,71666193008423","[672, 422]",True,"[0.517927, 0]","[0, 0]",False,weak,"14700,0","[[array([623, 248]), array([567, 346]), array([777, 360]), array([889, 416]), array([525, 570]), array([623, 598]), array([749, 710]), array([609, 836])]]","[[array([333, 248]), array([1010,  360]), array([1010,  598]), array([1010,  808])]]"
1228,"41,7510347366333","[672, 422]",True,"[0.517927, 0]","[0, 0]",False,weak,"14700,0","[[array([618, 238]), array([562, 336]), array([772, 350]), array([884, 406]), array([520, 560]), array([618, 588]), array([744, 700]), array([604, 826]), array([688, 840])]]","[[array([328, 238]), array([1005,  350]), array([1005,  588]), array([1005,  798])]]"
1229,"41,78517770767212","[672, 422]",True,"[0.517927, 0]","[0, 0]",False,weak,"14700,0","[[array([608, 228]), array([552, 326]), array([762, 340]), array([874, 396]), array([510, 550]), array([608, 578]), array([734, 690]), array([594, 816]), array([678, 830])]]","[[array([318, 228]), array([995, 340]), array([995, 578]), array([995, 788])]]"
1230,"41,81859874725342","[672, 422]",True,"[0.517927, 0]","[0, 0]",False,weak,"14700,0","[[array([598, 218]), array([542, 316]), array([752, 330]), array([864, 386]), array([500, 540]), array([598, 568]), array([724, 680]), array([584, 806]), array([668, 820])]]","[[array([308, 218]), array([985, 330]), array([985, 568]), array([985, 778])]]"
1231,"41,85304808616638","[672, 422]",True,"[0.517927, 0]","[0, 0]",False,weak,"14700,0","[[array([588, 208]), array([532, 306]), array([742, 320]), array([854, 376]), array([490, 530]), array([588, 558]), array([714, 670]), array([574, 796]), array([658, 810])]]","[[array([298, 208]), array([975, 320]), array([975, 558]), array([975, 768])]]"
1232,"41,88635993003845","[672, 422]",True,"[0.517927, 0]","[0, 0]",False,weak,"14700,0","[[array([578, 198]), array([522, 296]), array([732, 310]), array([844, 366]), array([480, 520]), array([578, 548]), array([704, 660]), array([564, 786]), array([648, 800])]]","[[array([288, 198]), array([965, 310]), array([965, 548]), array([965, 758])]]"
1233,"41,92038869857788","[672, 422]",True,"[0.517927, 0]","[0, 0]",False,weak,"14700,0","[[array([568, 188]), array([512, 286]), array([722, 300]), array([834, 356]), array([470, 510]), array([568, 538]), array([694, 650]), array([554, 776]), array([638, 790])]]","[[array([278, 188]), array([955, 300]), array([955, 538]), array([955, 748])]]"
1234,"41,95471477508545","[672, 422]",True,"[0.517927, 0]","[0, 0]",False,weak,"14700,0","[[array([558, 178]), array([502, 276]), array([712, 290]), array([824, 346]), array([460, 500]), array([558, 528]), array([684, 640]), array([544, 766]), array([628, 780])]]","[[array([268, 178]), array([945, 290]), array([945, 528]), array([945, 738])]]"
1235,"41,98945474624634","[672, 422]",True,"[0.517927, 0]","[0, 0]",False,weak,"14700,0","[[array([558, 168]), array([502, 266]), array([712, 280]), array([824, 336]), array([460, 490]), array([558, 518]), array([684, 630]), array([544, 756]), array([628, 770])]]","[[array([268, 168]), array([945, 280]), array([945, 518]), array([945, 728])]]"
1236,"42,022828102111816","[672, 422]",True,"[0.517927, 0]","[0, 0]",False,weak,"14700,0","[[array([558, 158]), array([502, 256]), array([712, 270]), array([824, 326]), array([460, 480]), array([558, 508]), array([684, 620]), array([544, 746]), array([628, 760])]]","[[array([268, 158]), array([945, 270]), array([945, 508]), array([945, 718])]]"
1237,"42,056880950927734","[672, 422]",True,"[0.517927, 0]","[0, 0]",False,weak,"14700,0","[[array([558, 148]), array([502, 246]), array([712, 260]), array([824, 316]), array([460, 470]), array([558, 498]), array([684, 610]), array([544, 736]), array([628, 750])]]","[[array([268, 148]), array([945, 260]), array([945, 498]), array([945, 708])]]"
1238,"42,09086489677429","[672, 422]",True,"[0.517927, 0]","[0, 0]",False,weak,"14700,0","[[array([558, 138]), array([502, 236]), array([712, 250]), array([824, 306]), array([460, 460]), array([558, 488]), array([684, 600]), array([544, 726]), array([628, 740])]]","[[array([268, 138]), array([945, 250]), array([945, 488]), array([945, 698])]]"
1239,"42,1247878074646","[672, 422]",True,"[0.517927, 0]","[0, 0]",False,weak,"14700,0","[[array([558, 128]), array([502, 226]), array([712, 240]), array([824, 296]), array([460, 450]), array([558, 478]), array([684, 590]), array([544, 716]), array([628, 730])]]","[[array([268, 128]), array([945, 240]), array([945, 478]), array([945, 688])]]"
1240,"42,158854961395264","[672, 422]",True,"[0.517927, 0]","[0, 0]",False,weak,"14700,0","[[array([558, 118]), array([502, 216]), array([712, 230]), array([824, 286]), array([460, 440]), array([558, 468]), array([684, 580]), array([544, 706]), array([628, 720])]]","[[array([268, 118]), array([945, 230]), array([945, 468]), array([945, 678])]]"
1241,"42,19320869445801","[672, 422]",True,"[0.517927, 0]","[0, 0]",False,weak,"14700,0","[[array([558, 108]), array([502, 206]), array([712, 220]), array([824, 276]), array([460, 430]), array([558, 458]), array([684, 570]), array([544, 696]), array([628, 710])]]","[[array([268, 108]), array([945, 220]), array([945, 458]), array([945, 668])]]"
1242,"42,22656989097595","[672, 422]",True,"[0.517927, 0]","[0, 0]",False,weak,"14700,0","[[array([562,  98]), array([506, 196]), array([716, 210]), array([828, 266]), array([464, 420]), array([562, 448]), array([688, 560]), array([548, 686]), array([632, 700])]]","[[array([272,  98]), array([949, 210]), array([949, 448]), array([949, 658])]]"
1243,"42,26089072227478","[672, 422]",True,"[0.517927, 0]","[0, 0]",False,weak,"14700,0","[[array([566,  88]), array([510, 186]), array([720, 200]), array([832, 256]), array([468, 410]), array([566, 438]), array([692, 550]), array([552, 676]), array([636, 690])]]","[[array([276,  88]), array([953, 200]), array([953, 438]), array([953, 648])]]"
1244,"42,2950918674469","[672, 422]",True,"[0.517927, 0]","[0, 0]",False,weak,"14700,0","[[array([570,  78]), array([514, 176]), array([724, 190]), array([836, 246]), array([472, 400]), array([570, 428]), array([696, 540]), array([556, 666]), array([640, 680]), array([710, 834])]]","[[array([280,  78]), array([957, 190]), array([957, 428]), array([957, 638])]]"
1245,"42,32896304130554","[672, 422]",True,"[0.517927, 0]","[0, 0]",False,weak,"14700,0","[[array([584,  68]), array([528, 166]), array([738, 180]), array([850, 236]), array([486, 390]), array([584, 418]), array([710, 530]), array([570, 656]), array([654, 670]), array([724, 824]), array([836, 838])]]","[[array([294,  68]), array([971, 180]), array([971, 418]), array([971, 628])]]"
1246,"42,36312985420227","[672, 422]",True,"[0.517927, 0]","[0, 0]",False,weak,"14700,0","[[array([598,  58]), array([542, 156]), array([752, 170]), array([864, 226]), array([500, 380]), array([598, 408]), array([724, 520]), array([584, 646]), array([668, 660]), array([738, 814]), array([850, 828])]]","[[array([308,  58]), array([985, 170]), array([985, 408]), array([985, 618])]]"
1247,"42,39714002609253","[672, 422]",True,"[0.517927, 0]","[0, 0]",False,weak,"14700,0","[[array([612,  48]), array([556, 146]), array([766, 160]), array([878, 216]), array([514, 370]), array([612, 398]), array([738, 510]), array([598, 636]), array([682, 650]), array([752, 804]), array([864, 818])]]","[[array([322,  48]), array([999, 160]), array([999, 398]), array([999, 608])]]"
1248,"42,431182861328125","[672, 422]",True,"[0.517927, 0]","[0, 0]",False,weak,"14700,0","[[array([626,  38]), array([570, 136]), array([780, 150]), array([892, 206]), array([528, 360]), array([626, 388]), array([752, 500]), array([612, 626]), array([696, 640]), array([766, 794]), array([878, 808])]]","[[array([336,  38]), array([1013,  150]), array([1013,  388]), array([1013,  598])]]"
1249,"42,46437191963196","[672, 422]",True,"[0.517927, 0]","[0, 0]",False,weak,"14700,0","[[array([640,  28]), array([584, 126]), array([794, 140]), array([906, 196]), array([542, 350]), array([640, 378]), array([766, 490]), array([626, 616]), array([710, 630]), array([780, 784]), array([892, 798])]]","[[array([350,  28]), array([1027,  140]), array([1027,  378]), array([1027,  588])]]"
1250,"42,49869179725647","[672, 422]",True,"[0.517927, 0]","[0, 0]",False,weak,"14700,0","[[array([654,  18]), array([598, 116]), array([808, 130]), array([920, 186]), array([556, 340]), array([654, 368]), array([780, 480]), array([640, 606]), array([724, 620]), array([794, 774]), array([906, 788])]]","[[array([364,  18]), array([1041,  130]), array([1041,  368]), array([1041,  578])]]"
1251,"42,53314185142517","[672, 422]",True,"[0.517927, 0]","[0, 0]",False,weak,"14700,0","[[array([668,   8]), array([612, 106]), array([822, 120]), array([934, 176]), array([570, 330]), array([668, 358]), array([794, 470]), array([654, 596]), array([738, 610]), array([808, 764]), array([920, 778])]]","[[array([378,   8]), array([1055,  120]), array([1055,  358]), array([1055,  568])]]"
1252,"42,56652903556824","[672, 422]",True,"[0.517927, 0]","[0, 0]",False,weak,"14700,0","[[array([626,  96]), array([836, 110]), array([948, 166]), array([584, 320]), array([682, 348]), array([808, 460]), array([668, 586]), array([752, 600]), array([822, 754]), array([934, 768])]]","[[array([1069,  110]), array([1069,  348]), array([1069,  558])]]"
1253,"42,60095191001892","[672, 422]",True,"[0.517927, 0]","[0, 0]",False,weak,"14700,0","[[array([635,  86]), array([845, 100]), array([957, 156]), array([593, 310]), array([691, 338]), array([817, 450]), array([677, 576]), array([761, 590]), array([831, 744]), array([943, 758])]]","[[array([1078,  100]), array([1078,  338]), array([1078,  548])]]"
1254,"42,63430976867676","[672, 422]",True,"[0.517927, 0]","[0, 0]",False,weak,"14700,0","[[array([644,  76]), array([854,  90]), array([966, 146]), array([602, 300]), array([700, 328]), array([826, 440]), array([686, 566]), array([770, 580]), array([840, 734]), array([952, 748])]]","[[array([1087,   90]), array([1087,  328]), array([1087,  538])]]"
1255,"42,66850686073303","[672, 422]",True,"[0.517927, 0]","[0, 0]",False,weak,"14700,0","[[array([653,  66]), array([863,  80]), array([975, 136]), array([611, 290]), array([709, 318]), array([835, 430]), array([695, 556]), array([779, 570]), array([849, 724]), array([961, 738])]]","[[array([1096,   80]), array([1096,  318]), array([1096,  528])]]"
1256,"42,70245671272278","[672, 422]",True,"[0.517927, 0]","[0, 0]",False,weak,"14700,0","[[array([662,  56]), array([872,  70]), array([984, 126]), array([620, 280]), array([718, 308]), array([844, 420]), array([704, 546]), array([788, 560]), array([858, 714]), array([970, 728])]]","[[array([1105,   70]), array([1105,  308]), array([1105,  518])]]"
1257,"42,73660087585449","[672, 422]",True,"[0.517927, 0]","[0, 0]",False,weak,"14700,0","[[array([671,  46]), array([881,  60]), array([993, 116]), array([629, 270]), array([727, 298]), array([853, 410]), array([713, 536]), array([797, 550]), array([867, 704]), array([979, 718])]]","[[array([1114,   60]), array([1114,  298]), array([1114,  508])]]"
1258,"42,770665884017944","[672, 422]",True,"[0.517927, 0]","[0, 0]",False,weak,"14700,0","[[array([680,  36]), array([890,  50]), array([1002,  106]), array([638, 260]), array([736, 288]), array([862, 400]), array([722, 526]), array([806, 540]), array([876, 694]), array([988, 708])]]","[[array([1123,   50]), array([1123,  288]), array([1123,  498])]]"
1259,"42,80500102043152","[672, 422]",True,"[0.517927, 0]","[0, 0]",False,weak,"14700,0","[[array([689,  26]), array([899,  40]), array([1011,   96]), array([647, 250]), array([745, 278]), array([871, 390]), array([731, 516]), array([815, 530]), array([885, 684]), array([997, 698])]]","[[array([1132,   40]), array([1132,  278]), array([1132,  488])]]"
1260,"42,83904790878296","[672, 422]",True,"[0.517927, 0]","[0, 0]",False,weak,"14700,0","[[array([698,  16]), array([908,  30]), array([1020,   86]), array([656, 240]), array([754, 268]), array([880, 380]), array([740, 506]), array([824, 520]), array([894, 674]), array([1006,  688])]]","[[array([1141,   30]), array([1141,  268]), array([1141,  478])]]"
1261,"42,87325596809387","[672, 422]",True,"[0.517927, 0]","[0, 0]",False,weak,"14700,0","[[array([698,   6]), array([908,  20]), array([1020,   76]), array([656, 230]), array([754, 258]), array([880, 370]), array([740, 496]), array([824, 510]), array([894, 664]), array([1006,  678])]]","[[array([1141,   20]), array([1141,  258]), array([1141,  468])]]"
1262,"42,906329870224","[672, 422]",True,"[0.517927, 0]","[0, 0]",False,weak,"14700,0","[[array([908,  10]), array([1020,   66]), array([656, 220]), array([754, 248]), array([880, 360]), array([740, 486]), array([824, 500]), array([894, 654]), array([1006,  668])]]","[[array([1141,   10]), array([1141,  248]), array([1141,  458])]]"
1263,"42,9403760433197","[672, 422]",True,"[0.517927, 0]","[0, 0]",False,weak,"14700,0","[[array([912,   0]), array([1024,   56]), array([660, 210]), array([758, 238]), array([884, 350]), array([744, 476]), array([828, 490]), array([898, 644]), array([1010,  658])]]","[[array([1145,    0]), array([1145,  238]), array([1145,  448])]]"
1264,"42,97444772720337","[672, 422]",True,"[0.517927, 0]","[0, 0]",False,weak,"14700,0","[[array([1028,   46]), array([664, 200]), array([762, 228]), array([888, 340]), array([748, 466]), array([832, 480]), array([902, 634]), array([1014,  648])]]","[[array([1149,  228]), array([1149,  438])]]"
1265,"43,00842905044556","[672, 422]",True,"[0.517927, 0]","[0, 0]",False,weak,"14700,0","[[array([1032,   36]), array([668, 190]), array([766, 218]), array([892, 330]), array([752, 456]), array([836, 470]), array([906, 624]), array([1018,  638])]]","[[array([1153,  218]), array([1153,  428])]]"
1266,"43,042736768722534","[672, 422]",True,"[0.517927, 0]","[0, 0]",False,weak,"14700,0","[[array([1036,   26]), array([672, 180]), array([770, 208]), array([896, 320]), array([756, 446]), array([840, 460]), array([910, 614]), array([1022,  628])]]","[[array([1157,  208]), array([1157,  418])]]"
1267,"43,0769317150116","[672, 422]",True,"[0.517927, 0]","[0, 0]",False,weak,"14700,0","[[array([1040,   16]), array([676, 170]), array([774, 198]), array([900, 310]), array([760, 436]), array([844, 450]), array([914, 604]), array([1026,  618])]]","[[array([1161,  198]), array([1161,  408])]]"
1268,"43,110936880111694","[672, 422]",True,"[0.517927, 0]","[0, 0]",False,weak,"14700,0","[[array([1044,    6]), array([680, 160]), array([778, 188]), array([904, 300]), array([764, 426]), array([848, 440]), array([918, 594]), array([1030,  608]), array([764, 832])]]","[[array([1165,  188]), array([1165,  398])]]"
1269,"43,145111083984375","[672, 422]",True,"[0.517927, 0]","[0, 0]",False,weak,"14700,0","[[array([684, 150]), array([782, 178]), array([908, 290]), array([768, 416]), array([852, 430]), array([922, 584]), array([1034,  598]), array([768, 822])]]","[[array([1169,  178]), array([1169,  388])]]"
1270,"43,178515911102295","[672, 422]",True,"[0.517927, 0]","[0, 0]",False,weak,"14700,0","[[array([688, 140]), array([786, 168]), array([912, 280]), array([772, 406]), array([856, 420]), array([926, 574]), array([1038,  588]), array([772, 812])]]","[[array([1173,  168]), array([1173,  378])]]"
1271,"43,21263289451599","[672, 422]",True,"[0.517927, 0]","[0, 0]",False,weak,"14700,0","[[array([692, 130]), array([790, 158]), array([916, 270]), array([776, 396]), array([860, 410]), array([930, 564]), array([1042,  578]), array([776, 802])]]","[[array([1177,  158]), array([1177,  368])]]"
1272,"43,24703788757324","[672, 422]",True,"[0.517927, 0]","[0, 0]",False,weak,"14700,0","[[array([696, 120]), array([794, 148]), array([920, 260]), array([780, 386]), array([864, 400]), array([934, 554]), array([1046,  568]), array([780, 792])]]","[[array([1181,  148]), array([1181,  358])]]"
1273,"43,28033089637756","[672, 422]",True,"[0.517927, 0]","[0, 0]",False,weak,"14700,0","[[array([700, 110]), array([798, 138]), array([924, 250]), array([784, 376]), array([868, 390]), array([938, 544]), array([1050,  558]), array([784, 782])]]","[[array([1185,  138]), array([1185,  348])]]"
1274,"43,31507897377014","[672, 422]",True,"[0.517927, 0]","[0, 0]",False,weak,"14700,0","[[array([690, 100]), array([788, 128]), array([914, 240]), array([774, 366]), array([858, 380]), array([928, 534]), array([1040,  548]), array([774, 772])]]","[[array([1175,  128]), array([1175,  338])]]"
1275,"43,349246978759766","[672, 422]",True,"[0.517927, 0]","[0, 0]",False,weak,"14700,0","[[array([680,  90]), array([778, 118]), array([904, 230]), array([764, 356]), array([848, 370]), array([918, 524]), array([1030,  538]), array([764, 762])]]","[[array([1165,  118]), array([1165,  328])]]"
1276,"43,38266086578369","[672, 422]",True,"[0.517927, 0]","[0, 0]",False,weak,"14700,0","[[array([670,  80]), array([768, 108]), array([894, 220]), array([754, 346]), array([838, 360]), array([908, 514]), array([1020,  528]), array([754, 752])]]","[[array([1155,  108]), array([1155,  318])]]"
1277,"43,416725873947144","[672, 422]",True,"[0.517927, 0]","[0, 0]",False,weak,"14700,0","[[array([660,  70]), array([758,  98]), array([884, 210]), array([744, 336]), array([828, 350]), array([898, 504]), array([1010,  518]), array([744, 742])]]","[[array([1145,   98]), array([1145,  308])]]"
1278,"43,450867891311646","[672, 422]",True,"[0.517927, 0]","[0, 0]",False,weak,"14700,0","[[array([650,  60]), array([748,  88]), array([874, 200]), array([734, 326]), array([818, 340]), array([888, 494]), array([1000,  508]), array([734, 732])]]","[[array([1135,   88]), array([1135,  298])]]"
1279,"43,48516893386841","[672, 422]",True,"[0.517927, 0]","[0, 0]",False,weak,"14700,0","[[array([640,  50]), array([738,  78]), array([864, 190]), array([724, 316]), array([808, 330]), array([878, 484]), array([990, 498]), array([724, 722])]]","[[array([1125,   78]), array([1125,  288]), array([1125,  834])]]"
1280,"43,51867389678955","[672, 422]",True,"[0.517927, 0]","[0, 0]",False,weak,"14700,0","[[array([630,  40]), array([728,  68]), array([854, 180]), array([714, 306]), array([798, 320]), array([868, 474]), array([980, 488]), array([714, 712])]]","[[array([1115,   68]), array([1115,  278]), array([1115,  824])]]"
1281,"43,552732944488525","[672, 422]",True,"[0.517927, 0]","[0, 0]",False,weak,"14700,0","[[array([620,  30]), array([718,  58]), array([844, 170]), array([704, 296]), array([788, 310]), array([858, 464]), array([970, 478]), array([704, 702])]]","[[array([1105,   58]), array([1105,  268]), array([1105,  814])]]"
1282,"43,58717083930969","[672, 422]",True,"[0.517927, 0]","[0, 0]",False,weak,"14700,0","[[array([610,  20]), array([708,  48]), array([834, 160]), array([694, 286]), array([778, 300]), array([848, 454]), array([960, 468]), array([694, 692])]]","[[array([1095,   48]), array([1095,  258]), array([1095,  804])]]"
1283,"43,62043070793152","[672, 422]",True,"[0.517927, 0]","[0, 0]",False,weak,"14700,0","[[array([600,  10]), array([698,  38]), array([824, 150]), array([684, 276]), array([768, 290]), array([838, 444]), array([950, 458]), array([684, 682])]]","[[array([1085,   38]), array([1085,  248]), array([1085,  794])]]"
1284,"43,65487480163574","[672, 422]",True,"[0.517927, 0]","[0, 0]",False,weak,"14700,0","[[array([590,   0]), array([688,  28]), array([814, 140]), array([674, 266]), array([758, 280]), array([828, 434]), array([940, 448]), array([674, 672]), array([870, 840])]]","[[array([1075,   28]), array([1075,  238]), array([1075,  784])]]"
1285,"43,68834185600281","[672, 422]",True,"[0.517927, 0]","[0, 0]",False,weak,"14700,0","[[array([678,  18]), array([804, 130]), array([664, 256]), array([748, 270]), array([818, 424]), array([930, 438]), array([664, 662]), array([860, 830])]]","[[array([1065,   18]), array([1065,  228]), array([1065,  774])]]"
1286,"43,72248291969299","[672, 422]",True,"[0.517927, 0]","[0, 0]",False,weak,"14700,0","[[array([668,   8]), array([794, 120]), array([654, 246]), array([738, 260]), array([808, 414]), array([920, 428]), array([654, 652]), array([850, 820])]]","[[array([1055,    8]), array([1055,  218]), array([1055,  764])]]"
1287,"43,75682997703552","[672, 422]",True,"[0.517927, 0]","[0, 0]",False,weak,"14700,0","[[array([784, 110]), array([644, 236]), array([728, 250]), array([798, 404]), array([910, 418]), array([644, 642]), array([840, 810])]]","[[array([1045,  208]), array([1045,  754])]]"
1288,"43,79117178916931","[672, 422]",True,"[0.517927, 0]","[0, 0]",False,weak,"14700,0","[[array([774, 100]), array([634, 226]), array([718, 240]), array([788, 394]), array([900, 408]), array([634, 632]), array([830, 800])]]","[[array([1035,  198]), array([1035,  744])]]"
1289,"43,824771881103516","[672, 422]",True,"[0.517927, 0]","[0, 0]",False,weak,"14700,0","[[array([764,  90]), array([624, 216]), array([708, 230]), array([778, 384]), array([890, 398]), array([624, 622]), array([820, 790])]]","[[array([1025,  188]), array([1025,  734])]]"
1290,"43,85871696472168","[672, 422]",True,"[0.517927, 0]","[0, 0]",False,weak,"14700,0","[[array([754,  80]), array([614, 206]), array([698, 220]), array([768, 374]), array([880, 388]), array([614, 612]), array([810, 780])]]","[[array([1015,  178]), array([1015,  724])]]"
1291,"43,89321279525757","[672, 422]",True,"[0.517927, 0]","[0, 0]",False,weak,"14700,0","[[array([744,  70]), array([604, 196]), array([688, 210]), array([758, 364]), array([870, 378]), array([604, 602]), array([800, 770]), array([688, 840])]]","[[array([1005,  168]), array([1005,  714])]]"
1292,"43,92742705345154","[672, 422]",True,"[0.517927, 0]","[0, 0]",False,weak,"14700,0","[[array([744,  60]), array([604, 186]), array([688, 200]), array([758, 354]), array([870, 368]), array([604, 592]), array([800, 760]), array([688, 830])]]","[[array([1005,  158]), array([1005,  704])]]"
1293,"43,961376905441284","[672, 422]",True,"[0.517927, 0]","[0, 0]",False,weak,"14700,0","[[array([744,  50]), array([604, 176]), array([688, 190]), array([758, 344]), array([870, 358]), array([604, 582]), array([800, 750]), array([688, 820])]]","[[array([1005,  148]), array([1005,  694])]]"
1294,"43,995463848114014","[672, 422]",True,"[0.517927, 0]","[0, 0]",False,weak,"14700,0","[[array([744,  40]), array([604, 166]), array([688, 180]), array([758, 334]), array([870, 348]), array([604, 572]), array([800, 740]), array([688, 810])]]","[[array([1005,  138]), array([1005,  684])]]"
1295,"44,02950978279114","[672, 422]",True,"[0.517927, 0]","[0, 0]",False,weak,"14700,0","[[array([744,  30]), array([604, 156]), array([688, 170]), array([758, 324]), array([870, 338]), array([604, 562]), array([800, 730]), array([688, 800])]]","[[array([1005,  128]), array([1005,  674])]]"
1296,"44,06367492675781","[672, 422]",True,"[0.517927, 0]","[0, 0]",False,weak,"14700,0","[[array([744,  20]), array([604, 146]), array([688, 160]), array([758, 314]), array([870, 328]), array([604, 552]), array([800, 720]), array([688, 790])]]","[[array([1005,  118]), array([1005,  664])]]"
1297,"44,098225831985474","[672, 422]",True,"[0.517927, 0]","[0, 0]",False,weak,"14700,0","[[array([744,  10]), array([604, 136]), array([688, 150]), array([758, 304]), array([870, 318]), array([604, 542]), array([800, 710]), array([688, 780])]]","[[array([1005,  108]), array([1005,  654])]]"
1298,"44,13136267662048","[672, 422]",True,"[0.517927, 0]","[0, 0]",False,weak,"14700,0","[[array([744,   0]), array([604, 126]), array([688, 140]), array([758, 294]), array([870, 308]), array([604, 532]), array([800, 700]), array([688, 770])]]","[[array([1005,   98]), array([1005,  644])]]"
1299,"44,16537594795227","[672, 422]",True,"[0.517927, 0]","[0, 0]",False,weak,"14700,0","[[array([604, 116]), array([688, 130]), array([758, 284]), array([870, 298]), array([604, 522]), array([800, 690]), array([688, 760])]]","[[array([1005,   88]), array([1005,  634])]]"
1300,"44,199697971343994","[672, 422]",True,"[0.517927, 0]","[0, 0]",False,weak,"14700,0","[[array([604, 106]), array([688, 120]), array([758, 274]), array([870, 288]), array([604, 512]), array([800, 680]), array([688, 750]), array([520, 834])]]","[[array([1005,   78]), array([1005,  624])]]"
1301,"44,23396396636963","[672, 422]",True,"[0.517927, 0]","[0, 0]",False,weak,"14700,0","[[array([604,  96]), array([688, 110]), array([758, 264]), array([870, 278]), array([604, 502]), array([800, 670]), array([688, 740]), array([520, 824])]]","[[array([1005,   68]), array([1005,  614])]]"
1302,"44,26778483390808","[672, 422]",True,"[0.517927, 0]","[0, 0]",False,weak,"14700,0","[[array([594,  86]), array([678, 100]), array([748, 254]), array([860, 268]), array([594, 492]), array([790, 660]), array([678, 730]), array([510, 814])]]","[[array([995,  58]), array([995, 604])]]"
1303,"44,3021559715271","[672, 422]",True,"[0.517927, 0]","[0, 0]",False,weak,"14700,0","[[array([584,  76]), array([668,  90]), array([738, 244]), array([850, 258]), array([584, 482]), array([780, 650]), array([668, 720]), array([500, 804])]]","[[array([985,  48]), array([985, 594])]]"
1304,"44,33541297912598","[672, 422]",True,"[0.517927, 0]","[0, 0]",False,weak,"14700,0","[[array([574,  66]), array([658,  80]), array([728, 234]), array([840, 248]), array([574, 472]), array([770, 640]), array([658, 710]), array([490, 794]), array([728, 836])]]","[[array([975,  38]), array([975, 584])]]"
1305,"44,36957907676697","[672, 422]",True,"[0.517927, 0]","[0, 0]",False,weak,"14700,0","[[array([574,  56]), array([658,  70]), array([728, 224]), array([840, 238]), array([574, 462]), array([770, 630]), array([658, 700]), array([490, 784]), array([728, 826])]]","[[array([975,  28]), array([975, 574]), array([975, 840])]]"
1306,"44,40383005142212","[672, 422]",True,"[0.517927, 0]","[0, 0]",False,weak,"14700,0","[[array([574,  46]), array([658,  60]), array([728, 214]), array([840, 228]), array([574, 452]), array([770, 620]), array([658, 690]), array([490, 774]), array([728, 816])]]","[[array([975,  18]), array([975, 564]), array([975, 830])]]"
1307,"44,43816876411438","[672, 422]",True,"[0.517927, 0]","[0, 0]",False,weak,"14700,0","[[array([574,  36]), array([658,  50]), array([728, 204]), array([840, 218]), array([574, 442]), array([770, 610]), array([658, 680]), array([490, 764]), array([728, 806])]]","[[array([975,   8]), array([975, 554]), array([975, 820])]]"
1308,"44,47145485877991","[672, 422]",True,"[0.517927, 0]","[0, 0]",False,weak,"14700,0","[[array([574,  26]), array([658,  40]), array([728, 194]), array([840, 208]), array([574, 432]), array([770, 600]), array([658, 670]), array([490, 754]), array([728, 796])]]","[[array([975, 544]), array([975, 810])]]"
1309,"44,50556683540344","[672, 422]",True,"[0.517927, 0]","[0, 0]",False,weak,"14700,0","[[array([574,  16]), array([658,  30]), array([728, 184]), array([840, 198]), array([574, 422]), array([770, 590]), array([658, 660]), array([490, 744]), array([728, 786])]]","[[array([975, 534]), array([975, 800])]]"
1310,"44,53954792022705","[672, 422]",True,"[0.517927, 0]","[0, 0]",False,weak,"14700,0","[[array([574,   6]), array([658,  20]), array([728, 174]), array([840, 188]), array([574, 412]), array([770, 580]), array([658, 650]), array([490, 734]), array([728, 776])]]","[[array([975, 524]), array([975, 790])]]"
1311,"44,573582887649536","[672, 422]",True,"[0.517927, 0]","[0, 0]",False,weak,"14700,0","[[array([658,  10]), array([728, 164]), array([840, 178]), array([574, 402]), array([770, 570]), array([658, 640]), array([490, 724]), array([728, 766])]]","[[array([975, 514]), array([975, 780])]]"
1312,"44,607677936553955","[672, 422]",True,"[0.517927, 0]","[0, 0]",False,weak,"14700,0","[[array([658,   0]), array([728, 154]), array([840, 168]), array([574, 392]), array([770, 560]), array([658, 630]), array([490, 714]), array([728, 756])]]","[[array([975, 504]), array([975, 770])]]"
1313,"44,64206886291504","[672, 422]",True,"[0.517927, 0]","[0, 0]",False,weak,"14700,0","[[array([728, 144]), array([840, 158]), array([574, 382]), array([770, 550]), array([658, 620]), array([490, 704]), array([728, 746])]]","[[array([975, 494]), array([975, 760])]]"
1314,"44,67561483383179","[672, 422]",True,"[0.517927, 0]","[0, 0]",False,weak,"14700,0","[[array([728, 134]), array([840, 148]), array([574, 372]), array([770, 540]), array([658, 610]), array([490, 694]), array([728, 736])]]","[[array([975, 484]), array([975, 750])]]"
1315,"44,70991277694702","[672, 422]",True,"[0.517927, 0]","[0, 0]",False,weak,"14700,0","[[array([728, 124]), array([840, 138]), array([574, 362]), array([770, 530]), array([658, 600]), array([490, 684]), array([728, 726])]]","[[array([975, 474]), array([975, 740])]]"
1316,"44,743759870529175","[672, 422]",True,"[0.517927, 0]","[0, 0]",False,weak,"14700,0","[[array([737, 114]), array([849, 128]), array([583, 352]), array([779, 520]), array([667, 590]), array([499, 674]), array([737, 716])]]","[[array([984, 464]), array([984, 730])]]"
1317,"44,77704191207886","[672, 422]",True,"[0.517927, 0]","[0, 0]",False,weak,"14700,0","[[array([751, 104]), array([863, 118]), array([597, 342]), array([793, 510]), array([681, 580]), array([513, 664]), array([751, 706]), array([471, 832])]]","[[array([998, 454]), array([998, 720])]]"
1318,"44,81110978126526","[672, 422]",True,"[0.517927, 0]","[0, 0]",False,weak,"14700,0","[[array([765,  94]), array([877, 108]), array([611, 332]), array([807, 500]), array([695, 570]), array([527, 654]), array([765, 696]), array([485, 822])]]","[[array([1012,  444]), array([1012,  710])]]"
1319,"44,844557762145996","[672, 422]",True,"[0.517927, 0]","[0, 0]",False,weak,"14700,0","[[array([779,  84]), array([891,  98]), array([625, 322]), array([821, 490]), array([709, 560]), array([541, 644]), array([779, 686]), array([499, 812])]]","[[array([1026,  434]), array([1026,  700])]]"
1320,"44,878742933273315","[672, 422]",True,"[0.517927, 0]","[0, 0]",False,weak,"14700,0","[[array([793,  74]), array([905,  88]), array([639, 312]), array([835, 480]), array([723, 550]), array([555, 634]), array([793, 676]), array([513, 802])]]","[[array([1040,  424]), array([1040,  690])]]"
1321,"44,912996768951416","[672, 422]",True,"[0.517927, 0]","[0, 0]",False,weak,"14700,0","[[array([807,  64]), array([919,  78]), array([653, 302]), array([849, 470]), array([737, 540]), array([569, 624]), array([807, 666]), array([527, 792])]]","[[array([1054,  414]), array([1054,  680])]]"
1322,"44,947277784347534","[672, 422]",True,"[0.517927, 0]","[0, 0]",False,weak,"14700,0","[[array([821,  54]), array([933,  68]), array([667, 292]), array([863, 460]), array([751, 530]), array([583, 614]), array([821, 656]), array([541, 782])]]","[[array([1068,  404]), array([1068,  670])]]"
1323,"44,981743812561035","[672, 422]",True,"[0.517927, 0]","[0, 0]",False,weak,"14700,0","[[array([835,  44]), array([947,  58]), array([681, 282]), array([877, 450]), array([765, 520]), array([597, 604]), array([835, 646]), array([555, 772])]]","[[array([1082,  394]), array([1082,  660])]]"
1324,"45,01626801490784","[672, 422]",True,"[0.517927, 0]","[0, 0]",False,weak,"14700,0","[[array([839,  34]), array([951,  48]), array([685, 272]), array([881, 440]), array([769, 510]), array([601, 594]), array([839, 636]), array([559, 762])]]","[[array([1086,  384]), array([1086,  650])]]"
1325,"45,05031991004944","[672, 422]",True,"[0.517927, 0]","[0, 0]",False,weak,"14700,0","[[array([843,  24]), array([955,  38]), array([689, 262]), array([885, 430]), array([773, 500]), array([605, 584]), array([843, 626]), array([563, 752])]]","[[array([1090,  374]), array([1090,  640])]]"
1326,"45,08435893058777","[672, 422]",True,"[0.517927, 0]","[0, 0]",False,weak,"14700,0","[[array([847,  14]), array([959,  28]), array([693, 252]), array([889, 420]), array([777, 490]), array([609, 574]), array([847, 616]), array([567, 742])]]","[[array([1094,  364]), array([1094,  630])]]"
1327,"45,11849284172058","[672, 422]",True,"[0.517927, 0]","[0, 0]",False,weak,"14700,0","[[array([851,   4]), array([963,  18]), array([697, 242]), array([893, 410]), array([781, 480]), array([613, 564]), array([851, 606]), array([571, 732])]]","[[array([1098,  354]), array([1098,  620])]]"
1328,"45,15260696411133","[672, 422]",True,"[0.517927, 0]","[0, 0]",False,weak,"14700,0","[[array([967,   8]), array([701, 232]), array([897, 400]), array([785, 470]), array([617, 554]), array([855, 596]), array([575, 722])]]","[[array([1102,  344]), array([1102,  610])]]"
1329,"45,186991930007935","[672, 422]",True,"[0.517927, 0]","[0, 0]",False,weak,"14700,0","[[array([701, 222]), array([897, 390]), array([785, 460]), array([617, 544]), array([855, 586]), array([575, 712])]]","[[array([1102,  334]), array([1102,  600])]]"
1330,"45,22037887573242","[672, 422]",True,"[0.517927, 0]","[0, 0]",False,weak,"14700,0","[[array([701, 212]), array([897, 380]), array([785, 450]), array([617, 534]), array([855, 576]), array([575, 702])]]","[[array([1102,  324]), array([1102,  590])]]"
1331,"45,25466585159302","[672, 422]",True,"[0.517927, 0]","[0, 0]",False,weak,"14700,0","[[array([701, 202]), array([897, 370]), array([785, 440]), array([617, 524]), array([855, 566]), array([575, 692])]]","[[array([1102,  314]), array([1102,  580])]]"
1332,"45,28888702392578","[672, 422]",True,"[0.517927, 0]","[0, 0]",False,weak,"14700,0","[[array([701, 192]), array([897, 360]), array([785, 430]), array([617, 514]), array([855, 556]), array([575, 682])]]","[[array([1102,  304]), array([1102,  570])]]"
1333,"45,32274889945984","[672, 422]",True,"[0.517927, 0]","[0, 0]",False,weak,"14700,0","[[array([691, 182]), array([887, 350]), array([775, 420]), array([607, 504]), array([845, 546]), array([565, 672])]]","[[array([1092,  294]), array([1092,  560])]]"
1334,"45,357229709625244","[672, 422]",True,"[0.517927, 0]","[0, 0]",False,weak,"14700,0","[[array([681, 172]), array([877, 340]), array([765, 410]), array([597, 494]), array([835, 536]), array([555, 662])]]","[[array([1082,  284]), array([1082,  550])]]"
1335,"45,39043402671814","[672, 422]",True,"[0.517927, 0]","[0, 0]",False,weak,"14700,0","[[array([671, 162]), array([867, 330]), array([755, 400]), array([587, 484]), array([825, 526]), array([545, 652]), array([615, 834])]]","[[array([1072,  274]), array([1072,  540])]]"
1336,"45,42444181442261","[672, 422]",True,"[0.517927, 0]","[0, 0]",False,weak,"14700,0","[[array([661, 152]), array([857, 320]), array([745, 390]), array([577, 474]), array([815, 516]), array([535, 642]), array([605, 824])]]","[[array([1062,  264]), array([1062,  530])]]"
1337,"45,458455085754395","[672, 422]",True,"[0.517927, 0]","[0, 0]",False,weak,"14700,0","[[array([651, 142]), array([847, 310]), array([735, 380]), array([567, 464]), array([805, 506]), array([525, 632]), array([595, 814])]]","[[array([1052,  254]), array([1052,  520])]]"
1338,"45,4926118850708","[672, 422]",True,"[0.517927, 0]","[0, 0]",False,weak,"14700,0","[[array([641, 132]), array([837, 300]), array([725, 370]), array([557, 454]), array([795, 496]), array([515, 622]), array([585, 804]), array([767, 832])]]","[[array([1042,  244]), array([1042,  510])]]"
1339,"45,52698493003845","[672, 422]",True,"[0.517927, 0]","[0, 0]",False,weak,"14700,0","[[array([631, 122]), array([827, 290]), array([715, 360]), array([547, 444]), array([785, 486]), array([505, 612]), array([575, 794]), array([757, 822])]]","[[array([1032,  234]), array([1032,  500]), array([355, 836])]]"
1340,"45,56153082847595","[672, 422]",True,"[0.517927, 0]","[0, 0]",False,weak,"14700,0","[[array([631, 112]), array([827, 280]), array([715, 350]), array([547, 434]), array([785, 476]), array([505, 602]), array([575, 784]), array([757, 812])]]","[[array([1032,  224]), array([1032,  490]), array([355, 826])]]"
1341,"45,59600591659546","[672, 422]",True,"[0.517927, 0]","[0, 0]",False,weak,"14700,0","[[array([631, 102]), array([827, 270]), array([715, 340]), array([547, 424]), array([785, 466]), array([505, 592]), array([575, 774]), array([757, 802])]]","[[array([1032,  214]), array([1032,  480]), array([355, 816])]]"
1342,"45,62936186790466","[672, 422]",True,"[0.517927, 0]","[0, 0]",False,weak,"14700,0","[[array([631,  92]), array([827, 260]), array([715, 330]), array([547, 414]), array([785, 456]), array([505, 582]), array([575, 764]), array([757, 792])]]","[[array([1032,  204]), array([1032,  470]), array([355, 806])]]"
1343,"45,66341996192932","[672, 422]",True,"[0.517927, 0]","[0, 0]",False,weak,"14700,0","[[array([631,  82]), array([827, 250]), array([715, 320]), array([547, 404]), array([785, 446]), array([505, 572]), array([575, 754]), array([757, 782])]]","[[array([1032,  194]), array([1032,  460]), array([355, 796])]]"
1344,"45,69742274284363","[672, 422]",True,"[0.517927, 0]","[0, 0]",False,weak,"14700,0","[[array([635,  72]), array([831, 240]), array([719, 310]), array([551, 394]), array([789, 436]), array([509, 562]), array([579, 744]), array([761, 772])]]","[[array([1036,  184]), array([1036,  450]), array([359, 786])]]"
1345,"45,73201370239258","[672, 422]",True,"[0.517927, 0]","[0, 0]",False,weak,"14700,0","[[array([639,  62]), array([835, 230]), array([723, 300]), array([555, 384]), array([793, 426]), array([513, 552]), array([583, 734]), array([765, 762])]]","[[array([1040,  174]), array([1040,  440]), array([363, 776])]]"
1346,"45,7657527923584","[672, 422]",True,"[0.517927, 0]","[0, 0]",False,weak,"14700,0","[[array([643,  52]), array([839, 220]), array([727, 290]), array([559, 374]), array([797, 416]), array([517, 542]), array([587, 724]), array([769, 752])]]","[[array([1044,  164]), array([1044,  430]), array([367, 766])]]"
1347,"45,79988408088684","[672, 422]",True,"[0.517927, 0]","[0, 0]",False,weak,"14700,0","[[array([647,  42]), array([843, 210]), array([731, 280]), array([563, 364]), array([801, 406]), array([521, 532]), array([591, 714]), array([773, 742])]]","[[array([1048,  154]), array([1048,  420]), array([371, 756])]]"
1348,"45,833361864089966","[672, 422]",True,"[0.517927, 0]","[0, 0]",False,weak,"14700,0","[[array([651,  32]), array([847, 200]), array([735, 270]), array([567, 354]), array([805, 396]), array([525, 522]), array([595, 704]), array([777, 732])]]","[[array([1052,  144]), array([1052,  410]), array([375, 746])]]"
1349,"45,86744284629822","[672, 422]",True,"[0.517927, 0]","[0, 0]",False,weak,"14700,0","[[array([655,  22]), array([851, 190]), array([739, 260]), array([571, 344]), array([809, 386]), array([529, 512]), array([599, 694]), array([781, 722])]]","[[array([1056,  134]), array([1056,  400]), array([379, 736])]]"
1350,"45,90159273147583","[672, 422]",True,"[0.517927, 0]","[0, 0]",False,weak,"14700,0","[[array([659,  12]), array([855, 180]), array([743, 250]), array([575, 334]), array([813, 376]), array([533, 502]), array([603, 684]), array([785, 712])]]","[[array([1060,  124]), array([1060,  390]), array([383, 726])]]"
1351,"45,93557286262512","[672, 422]",True,"[0.517927, 0]","[0, 0]",False,weak,"14700,0","[[array([663,   2]), array([859, 170]), array([747, 240]), array([579, 324]), array([817, 366]), array([537, 492]), array([607, 674]), array([789, 702])]]","[[array([1064,  114]), array([1064,  380]), array([387, 716])]]"
1352,"45,96962094306946","[672, 422]",True,"[0.517927, 0]","[0, 0]",False,weak,"14700,0","[[array([863, 160]), array([751, 230]), array([583, 314]), array([821, 356]), array([541, 482]), array([611, 664]), array([793, 692])]]","[[array([1068,  104]), array([1068,  370]), array([391, 706])]]"
1353,"46,004477977752686","[672, 422]",True,"[0.517927, 0]","[0, 0]",False,weak,"14700,0","[[array([858, 150]), array([746, 220]), array([578, 304]), array([816, 346]), array([536, 472]), array([606, 654]), array([788, 682]), array([956, 836])]]","[[array([1063,   94]), array([1063,  360]), array([386, 696])]]"
1354,"46,03771185874939","[672, 422]",True,"[0.517927, 0]","[0, 0]",False,weak,"14700,0","[[array([853, 140]), array([741, 210]), array([573, 294]), array([811, 336]), array([531, 462]), array([601, 644]), array([783, 672]), array([951, 826])]]","[[array([1058,   84]), array([1058,  350]), array([381, 686])]]"
1355,"46,07189083099365","[672, 422]",True,"[0.517927, 0]","[0, 0]",False,weak,"14700,0","[[array([843, 130]), array([731, 200]), array([563, 284]), array([801, 326]), array([521, 452]), array([591, 634]), array([773, 662]), array([941, 816])]]","[[array([1048,   74]), array([1048,  340]), array([371, 676])]]"
1356,"46,10554790496826","[672, 422]",True,"[0.517927, 0]","[0, 0]",False,weak,"14700,0","[[array([843, 120]), array([731, 190]), array([563, 274]), array([801, 316]), array([521, 442]), array([591, 624]), array([773, 652]), array([941, 806])]]","[[array([1048,   64]), array([1048,  330]), array([371, 666])]]"
1357,"46,140018939971924","[672, 422]",True,"[0.517927, 0]","[0, 0]",False,weak,"14700,0","[[array([843, 110]), array([731, 180]), array([563, 264]), array([801, 306]), array([521, 432]), array([591, 614]), array([773, 642]), array([941, 796])]]","[[array([1048,   54]), array([1048,  320]), array([371, 656])]]"
1358,"46,17335295677185","[672, 422]",True,"[0.517927, 0]","[0, 0]",False,weak,"14700,0","[[array([843, 100]), array([731, 170]), array([563, 254]), array([801, 296]), array([521, 422]), array([591, 604]), array([773, 632]), array([941, 786])]]","[[array([1048,   44]), array([1048,  310]), array([371, 646])]]"
1359,"46,207780838012695","[672, 422]",True,"[0.517927, 0]","[0, 0]",False,weak,"14700,0","[[array([843,  90]), array([731, 160]), array([563, 244]), array([801, 286]), array([521, 412]), array([591, 594]), array([773, 622]), array([941, 776])]]","[[array([1048,   34]), array([1048,  300]), array([371, 636])]]"
1360,"46,24214196205139","[672, 422]",True,"[0.517927, 0]","[0, 0]",False,weak,"14700,0","[[array([843,  80]), array([731, 150]), array([563, 234]), array([801, 276]), array([521, 402]), array([591, 584]), array([773, 612]), array([941, 766]), array([815, 836])]]","[[array([1048,   24]), array([1048,  290]), array([371, 626])]]"
1361,"46,27577805519104","[672, 422]",True,"[0.517927, 0]","[0, 0]",False,weak,"14700,0","[[array([843,  70]), array([731, 140]), array([563, 224]), array([801, 266]), array([521, 392]), array([591, 574]), array([773, 602]), array([941, 756]), array([815, 826])]]","[[array([1048,   14]), array([1048,  280]), array([371, 616])]]"
1362,"46,30933690071106","[672, 422]",True,"[0.517927, 0]","[0, 0]",False,weak,"14700,0","[[array([843,  60]), array([731, 130]), array([563, 214]), array([801, 256]), array([521, 382]), array([591, 564]), array([773, 592]), array([941, 746]), array([815, 816])]]","[[array([1048,    4]), array([1048,  270]), array([371, 606])]]"
1363,"46,34346389770508","[672, 422]",True,"[0.517927, 0]","[0, 0]",False,weak,"14700,0","[[array([843,  50]), array([731, 120]), array([563, 204]), array([801, 246]), array([521, 372]), array([591, 554]), array([773, 582]), array([941, 736]), array([815, 806])]]","[[array([1048,  260]), array([371, 596])]]"
1364,"46,37784504890442","[672, 422]",True,"[0.517927, 0]","[0, 0]",False,weak,"14700,0","[[array([843,  40]), array([731, 110]), array([563, 194]), array([801, 236]), array([521, 362]), array([591, 544]), array([773, 572]), array([941, 726]), array([815, 796])]]","[[array([1048,  250]), array([371, 586])]]"
1365,"46,41198182106018","[672, 422]",True,"[0.517927, 0]","[0, 0]",False,weak,"14700,0","[[array([843,  30]), array([731, 100]), array([563, 184]), array([801, 226]), array([521, 352]), array([591, 534]), array([773, 562]), array([941, 716]), array([815, 786])]]","[[array([1048,  240]), array([371, 576])]]"
1366,"46,44585180282593","[672, 422]",True,"[0.517927, 0]","[0, 0]",False,weak,"14700,0","[[array([843,  20]), array([731,  90]), array([563, 174]), array([801, 216]), array([521, 342]), array([591, 524]), array([773, 552]), array([941, 706]), array([815, 776])]]","[[array([1048,  230]), array([371, 566])]]"
1367,"46,47989296913147","[672, 422]",True,"[0.517927, 0]","[0, 0]",False,weak,"14700,0","[[array([843,  10]), array([731,  80]), array([563, 164]), array([801, 206]), array([521, 332]), array([591, 514]), array([773, 542]), array([941, 696]), array([815, 766])]]","[[array([1048,  220]), array([371, 556])]]"
1368,"46,5142388343811","[672, 422]",True,"[0.517927, 0]","[0, 0]",False,weak,"14700,0","[[array([843,   0]), array([731,  70]), array([563, 154]), array([801, 196]), array([521, 322]), array([591, 504]), array([773, 532]), array([941, 686]), array([815, 756])]]","[[array([1048,  210]), array([371, 546])]]"
1369,"46,5474328994751","[672, 422]",True,"[0.517927, 0]","[0, 0]",False,weak,"14700,0","[[array([731,  60]), array([563, 144]), array([801, 186]), array([521, 312]), array([591, 494]), array([773, 522]), array([941, 676]), array([815, 746])]]","[[array([1048,  200]), array([371, 536])]]"
1370,"46,58156895637512","[672, 422]",True,"[0.517927, 0]","[0, 0]",False,weak,"14700,0","[[array([731,  50]), array([563, 134]), array([801, 176]), array([521, 302]), array([591, 484]), array([773, 512]), array([941, 666]), array([815, 736])]]","[[array([1048,  190]), array([371, 526])]]"
1371,"46,61555790901184","[672, 422]",True,"[0.517927, 0]","[0, 0]",False,weak,"14700,0","[[array([731,  40]), array([563, 124]), array([801, 166]), array([521, 292]), array([591, 474]), array([773, 502]), array([941, 656]), array([815, 726]), array([759, 838])]]","[[array([1048,  180]), array([371, 516])]]"
1372,"46,64959692955017","[672, 422]",True,"[0.517927, 0]","[0, 0]",False,weak,"14700,0","[[array([731,  30]), array([563, 114]), array([801, 156]), array([521, 282]), array([591, 464]), array([773, 492]), array([941, 646]), array([815, 716]), array([759, 828])]]","[[array([1048,  170]), array([371, 506])]]"
1373,"46,684098958969116","[672, 422]",True,"[0.517927, 0]","[0, 0]",False,weak,"14700,0","[[array([731,  20]), array([563, 104]), array([801, 146]), array([521, 272]), array([591, 454]), array([773, 482]), array([941, 636]), array([815, 706]), array([759, 818])]]","[[array([1048,  160]), array([371, 496])]]"
1374,"46,71760272979736","[672, 422]",True,"[0.517927, 0]","[0, 0]",False,weak,"14700,0","[[array([731,  10]), array([563,  94]), array([801, 136]), array([521, 262]), array([591, 444]), array([773, 472]), array([941, 626]), array([815, 696]), array([759, 808])]]","[[array([1048,  150]), array([371, 486])]]"
1375,"46,751614809036255","[672, 422]",True,"[0.517927, 0]","[0, 0]",False,weak,"14700,0","[[array([731,   0]), array([563,  84]), array([801, 126]), array([521, 252]), array([591, 434]), array([773, 462]), array([941, 616]), array([815, 686]), array([759, 798])]]","[[array([1048,  140]), array([371, 476])]]"
1376,"46,78581786155701","[672, 422]",True,"[0.517927, 0]","[0, 0]",False,weak,"14700,0","[[array([563,  74]), array([801, 116]), array([521, 242]), array([591, 424]), array([773, 452]), array([941, 606]), array([815, 676]), array([759, 788])]]","[[array([1048,  130]), array([371, 466])]]"
1377,"46,820204973220825","[672, 422]",True,"[0.517927, 0]","[0, 0]",False,weak,"14700,0","[[array([563,  64]), array([801, 106]), array([521, 232]), array([591, 414]), array([773, 442]), array([941, 596]), array([815, 666]), array([759, 778])]]","[[array([1048,  120]), array([371, 456])]]"
1378,"46,85349678993225","[672, 422]",True,"[0.517927, 0]","[0, 0]",False,weak,"14700,0","[[array([558,  54]), array([796,  96]), array([516, 222]), array([586, 404]), array([768, 432]), array([936, 586]), array([810, 656]), array([754, 768])]]","[[array([1043,  110]), array([366, 446])]]"
1379,"46,88772773742676","[672, 422]",True,"[0.517927, 0]","[0, 0]",False,weak,"14700,0","[[array([553,  44]), array([791,  86]), array([511, 212]), array([581, 394]), array([763, 422]), array([931, 576]), array([805, 646]), array([749, 758])]]","[[array([1038,  100]), array([361, 436])]]"
1380,"46,92199993133545","[672, 422]",True,"[0.517927, 0]","[0, 0]",False,weak,"14700,0","[[array([548,  34]), array([786,  76]), array([506, 202]), array([576, 384]), array([758, 412]), array([926, 566]), array([800, 636]), array([744, 748])]]","[[array([1033,   90]), array([356, 426])]]"
1381,"46,955535888671875","[672, 422]",True,"[0.517927, 0]","[0, 0]",False,weak,"14700,0","[[array([543,  24]), array([781,  66]), array([501, 192]), array([571, 374]), array([753, 402]), array([921, 556]), array([795, 626]), array([739, 738])]]","[[array([1028,   80]), array([351, 416])]]"
1382,"46,99012875556946","[672, 422]",True,"[0.517927, 0]","[0, 0]",False,weak,"14700,0","[[array([538,  14]), array([776,  56]), array([496, 182]), array([566, 364]), array([748, 392]), array([916, 546]), array([790, 616]), array([734, 728])]]","[[array([1023,   70]), array([346, 406])]]"
1383,"47,02371287345886","[672, 422]",True,"[0.517927, 0]","[0, 0]",False,weak,"14700,0","[[array([533,   4]), array([771,  46]), array([491, 172]), array([561, 354]), array([743, 382]), array([911, 536]), array([785, 606]), array([729, 718])]]","[[array([1018,   60]), array([341, 396])]]"
1384,"47,05812096595764","[672, 422]",True,"[0.517927, 0]","[0, 0]",False,weak,"14700,0","[[array([766,  36]), array([486, 162]), array([556, 344]), array([738, 372]), array([906, 526]), array([780, 596]), array([724, 708])]]","[[array([1013,   50]), array([336, 386])]]"
1385,"47,09156394004822","[672, 422]",True,"[0.517927, 0]","[0, 0]",False,weak,"14700,0","[[array([761,  26]), array([481, 152]), array([551, 334]), array([733, 362]), array([901, 516]), array([775, 586]), array([719, 698])]]","[[array([1008,   40]), array([331, 376])]]"
1386,"47,125645875930786","[672, 422]",True,"[0.517927, 0]","[0, 0]",False,weak,"14700,0","[[array([756,  16]), array([476, 142]), array([546, 324]), array([728, 352]), array([896, 506]), array([770, 576]), array([714, 688])]]","[[array([1003,   30]), array([326, 366])]]"
1387,"47,16001486778259","[672, 422]",True,"[0.517927, 0]","[0, 0]",False,weak,"14700,0","[[array([751,   6]), array([471, 132]), array([541, 314]), array([723, 342]), array([891, 496]), array([765, 566]), array([709, 678])]]","[[array([998,  20]), array([321, 356])]]"
1388,"47,19346308708191","[672, 422]",True,"[0.517927, 0]","[0, 0]",False,weak,"14700,0","[[array([466, 122]), array([536, 304]), array([718, 332]), array([886, 486]), array([760, 556]), array([704, 668])]]","[[array([993,  10]), array([316, 346])]]"
1389,"47,22752380371094","[672, 422]",True,"[0.517927, 0]","[0, 0]",False,weak,"14700,0","[[array([466, 112]), array([536, 294]), array([718, 322]), array([886, 476]), array([760, 546]), array([704, 658])]]","[[array([993,   0]), array([316, 336])]]"
1390,"47,261868953704834","[672, 422]",True,"[0.517927, 0]","[0, 0]",False,weak,"14700,0","[[array([466, 102]), array([536, 284]), array([718, 312]), array([886, 466]), array([760, 536]), array([704, 648])]]","[[array([316, 326])]]"
1391,"47,296191930770874","[672, 422]",True,"[0.517927, 0]","[0, 0]",False,weak,"14700,0","[[array([466,  92]), array([536, 274]), array([718, 302]), array([886, 456]), array([760, 526]), array([704, 638])]]","[[array([316, 316])]]"
1392,"47,32947778701782","[672, 422]",True,"[0.517927, 0]","[0, 0]",False,weak,"14700,0","[[array([466,  82]), array([536, 264]), array([718, 292]), array([886, 446]), array([760, 516]), array([704, 628])]]","[[array([316, 306])]]"
1393,"47,36385679244995","[672, 422]",True,"[0.517927, 0]","[0, 0]",False,weak,"14700,0","[[array([466,  72]), array([536, 254]), array([718, 282]), array([886, 436]), array([760, 506]), array([704, 618])]]","[[array([316, 296])]]"
1394,"47,39745879173279","[672, 422]",True,"[0.517927, 0]","[0, 0]",False,weak,"14700,0","[[array([466,  62]), array([536, 244]), array([718, 272]), array([886, 426]), array([760, 496]), array([704, 608])]]","[[array([316, 286])]]"
1395,"47,432135820388794","[672, 422]",True,"[0.517927, 0]","[0, 0]",False,weak,"14700,0","[[array([466,  52]), array([536, 234]), array([718, 262]), array([886, 416]), array([760, 486]), array([704, 598]), array([648, 836])]]","[[array([316, 276])]]"
1396,"47,465712785720825","[672, 422]",True,"[0.517927, 0]","[0, 0]",False,weak,"14700,0","[[array([466,  42]), array([536, 224]), array([718, 252]), array([886, 406]), array([760, 476]), array([704, 588]), array([648, 826])]]","[[array([316, 266])]]"
1397,"47,500587940216064","[672, 422]",True,"[0.517927, 0]","[0, 0]",False,weak,"14700,0","[[array([475,  32]), array([545, 214]), array([727, 242]), array([895, 396]), array([769, 466]), array([713, 578]), array([657, 816])]]","[[array([325, 256])]]"
1398,"47,533994913101196","[672, 422]",True,"[0.517927, 0]","[0, 0]",False,weak,"14700,0","[[array([484,  22]), array([554, 204]), array([736, 232]), array([904, 386]), array([778, 456]), array([722, 568]), array([666, 806])]]","[[array([334, 246])]]"
1399,"47,568323850631714","[672, 422]",True,"[0.517927, 0]","[0, 0]",False,weak,"14700,0","[[array([493,  12]), array([563, 194]), array([745, 222]), array([913, 376]), array([787, 446]), array([731, 558]), array([675, 796])]]","[[array([343, 236])]]"
1400,"47,602850675582886","[672, 422]",True,"[0.517927, 0]","[0, 0]",False,weak,"14700,0","[[array([502,   2]), array([572, 184]), array([754, 212]), array([922, 366]), array([796, 436]), array([740, 548]), array([684, 786])]]","[[array([352, 226])]]"
1401,"47,637253761291504","[672, 422]",True,"[0.517927, 0]","[0, 0]",False,weak,"14700,0","[[array([581, 174]), array([763, 202]), array([931, 356]), array([805, 426]), array([749, 538]), array([693, 776])]]","[[array([361, 216])]]"
1402,"47,670769929885864","[672, 422]",True,"[0.517927, 0]","[0, 0]",False,weak,"14700,0","[[array([590, 164]), array([772, 192]), array([940, 346]), array([814, 416]), array([758, 528]), array([702, 766])]]","[[array([370, 206])]]"
1403,"47,705034017562866","[672, 422]",True,"[0.517927, 0]","[0, 0]",False,weak,"14700,0","[[array([599, 154]), array([781, 182]), array([949, 336]), array([823, 406]), array([767, 518]), array([711, 756])]]","[[array([379, 196])]]"
1404,"47,73854184150696","[672, 422]",True,"[0.517927, 0]","[0, 0]",False,weak,"14700,0","[[array([608, 144]), array([790, 172]), array([958, 326]), array([832, 396]), array([776, 508]), array([720, 746])]]","[[array([388, 186])]]"
1405,"47,77326679229736","[672, 422]",True,"[0.517927, 0]","[0, 0]",False,weak,"14700,0","[[array([608, 134]), array([790, 162]), array([958, 316]), array([832, 386]), array([776, 498]), array([720, 736])]]","[[array([388, 176])]]"
1406,"47,806516885757446","[672, 422]",True,"[0.517927, 0]","[0, 0]",False,weak,"14700,0","[[array([608, 124]), array([790, 152]), array([958, 306]), array([832, 376]), array([776, 488]), array([720, 726])]]","[[array([388, 166])]]"
1407,"47,8408420085907","[672, 422]",True,"[0.517927, 0]","[0, 0]",False,weak,"14700,0","[[array([608, 114]), array([790, 142]), array([958, 296]), array([832, 366]), array([776, 478]), array([720, 716])]]","[[array([388, 156])]]"
1408,"47,873817920684814","[672, 422]",True,"[0.517927, 0]","[0, 0]",False,weak,"14700,0","[[array([608, 104]), array([790, 132]), array([958, 286]), array([832, 356]), array([776, 468]), array([720, 706])]]","[[array([388, 146])]]"
1409,"47,90794897079468","[672, 422]",True,"[0.517927, 0]","[0, 0]",False,weak,"14700,0","[[array([608,  94]), array([790, 122]), array([958, 276]), array([832, 346]), array([776, 458]), array([720, 696])]]","[[array([388, 136])]]"
1410,"47,9421067237854","[672, 422]",True,"[0.517927, 0]","[0, 0]",False,weak,"14700,0","[[array([608,  84]), array([790, 112]), array([958, 266]), array([832, 336]), array([776, 448]), array([720, 686])]]","[[array([388, 126])]]"
1411,"47,97538781166077","[672, 422]",True,"[0.517927, 0]","[0, 0]",False,weak,"14700,0","[[array([608,  74]), array([790, 102]), array([958, 256]), array([832, 326]), array([776, 438]), array([720, 676])]]","[[array([388, 116])]]"
1412,"48,00974488258362","[672, 422]",True,"[0.517927, 0]","[0, 0]",False,weak,"14700,0","[[array([608,  64]), array([790,  92]), array([958, 246]), array([832, 316]), array([776, 428]), array([720, 666]), array([678, 834])]]","[[array([388, 106])]]"
1413,"48,043314933776855","[672, 422]",True,"[0.517927, 0]","[0, 0]",False,weak,"14700,0","[[array([608,  54]), array([790,  82]), array([958, 236]), array([832, 306]), array([776, 418]), array([720, 656]), array([678, 824])]]","[[array([388,  96])]]"
1414,"48,07791209220886","[672, 422]",True,"[0.517927, 0]","[0, 0]",False,weak,"14700,0","[[array([608,  44]), array([790,  72]), array([958, 226]), array([832, 296]), array([776, 408]), array([720, 646]), array([678, 814])]]","[[array([388,  86])]]"
1415,"48,111597776412964","[672, 422]",True,"[0.517927, 0]","[0, 0]",False,weak,"14700,0","[[array([608,  34]), array([790,  62]), array([958, 216]), array([832, 286]), array([776, 398]), array([720, 636]), array([678, 804])]]","[[array([388,  76])]]"
1416,"48,146097898483276","[672, 422]",True,"[0.517927, 0]","[0, 0]",False,weak,"14700,0","[[array([608,  24]), array([790,  52]), array([958, 206]), array([832, 276]), array([776, 388]), array([720, 626]), array([678, 794])]]","[[array([388,  66])]]"
1417,"48,1800377368927","[672, 422]",True,"[0.517927, 0]","[0, 0]",False,weak,"14700,0","[[array([617,  14]), array([799,  42]), array([967, 196]), array([841, 266]), array([785, 378]), array([729, 616]), array([687, 784])]]","[[array([397,  56])]]"
1418,"48,21368384361267","[672, 422]",True,"[0.517927, 0]","[0, 0]",False,weak,"14700,0","[[array([626,   4]), array([808,  32]), array([976, 186]), array([850, 256]), array([794, 368]), array([738, 606]), array([696, 774])]]","[[array([406,  46])]]"
1419,"48,2474479675293","[672, 422]",True,"[0.517927, 0]","[0, 0]",False,weak,"14700,0","[[array([817,  22]), array([985, 176]), array([859, 246]), array([803, 358]), array([747, 596]), array([705, 764])]]","[[array([415,  36])]]"
1420,"48,28179693222046","[672, 422]",True,"[0.517927, 0]","[0, 0]",False,weak,"14700,0","[[array([826,  12]), array([994, 166]), array([868, 236]), array([812, 348]), array([756, 586]), array([714, 754])]]","[[array([424,  26]), array([1101,  838])]]"
1421,"48,31541872024536","[672, 422]",True,"[0.517927, 0]","[0, 0]",False,weak,"14700,0","[[array([835,   2]), array([1003,  156]), array([877, 226]), array([821, 338]), array([765, 576]), array([723, 744])]]","[[array([433,  16]), array([1110,  828])]]"
1422,"48,35045790672302","[672, 422]",True,"[0.517927, 0]","[0, 0]",False,weak,"14700,0","[[array([1003,  146]), array([877, 216]), array([821, 328]), array([765, 566]), array([723, 734])]]","[[array([433,   6]), array([1110,  818])]]"
1423,"48,38433790206909","[672, 422]",True,"[0.517927, 0]","[0, 0]",False,weak,"14700,0","[[array([1003,  136]), array([877, 206]), array([821, 318]), array([765, 556]), array([723, 724])]]","[[array([1110,  808])]]"
1424,"48,41913294792175","[672, 422]",True,"[0.517927, 0]","[0, 0]",False,weak,"14700,0","[[array([1003,  126]), array([877, 196]), array([821, 308]), array([765, 546]), array([723, 714])]]","[[array([1110,  798])]]"
1425,"48,4530189037323","[672, 422]",True,"[0.517927, 0]","[0, 0]",False,weak,"14700,0","[[array([1003,  116]), array([877, 186]), array([821, 298]), array([765, 536]), array([723, 704])]]","[[array([1110,  788])]]"
1426,"48,48674774169922","[672, 422]",True,"[0.517927, 0]","[0, 0]",False,weak,"14700,0","[[array([1003,  106]), array([877, 176]), array([821, 288]), array([765, 526]), array([723, 694])]]","[[array([1110,  778])]]"
1427,"48,520999908447266","[672, 422]",True,"[0.517927, 0]","[0, 0]",False,weak,"14700,0","[[array([1003,   96]), array([877, 166]), array([821, 278]), array([765, 516]), array([723, 684])]]","[[array([1110,  768])]]"
1428,"48,55482292175293","[672, 422]",True,"[0.517927, 0]","[0, 0]",False,weak,"14700,0","[[array([1012,   86]), array([886, 156]), array([830, 268]), array([774, 506]), array([732, 674])]]","[[array([1119,  758])]]"
1429,"48,58912491798401","[672, 422]",True,"[0.517927, 0]","[0, 0]",False,weak,"14700,0","[[array([1021,   76]), array([895, 146]), array([839, 258]), array([783, 496]), array([741, 664])]]","[[array([1128,  748])]]"
1430,"48,62234592437744","[672, 422]",True,"[0.517927, 0]","[0, 0]",False,weak,"14700,0","[[array([1030,   66]), array([904, 136]), array([848, 248]), array([792, 486]), array([750, 654])]]","[[array([1137,  738])]]"
1431,"48,65663290023804","[672, 422]",True,"[0.517927, 0]","[0, 0]",False,weak,"14700,0","[[array([1039,   56]), array([913, 126]), array([857, 238]), array([801, 476]), array([759, 644])]]","[[array([1146,  728])]]"
1432,"48,691295862197876","[672, 422]",True,"[0.517927, 0]","[0, 0]",False,weak,"14700,0","[[array([1039,   46]), array([913, 116]), array([857, 228]), array([801, 466]), array([759, 634])]]","[[array([1146,  718])]]"
1433,"48,724355697631836","[672, 422]",True,"[0.517927, 0]","[0, 0]",False,weak,"14700,0","[[array([1039,   36]), array([913, 106]), array([857, 218]), array([801, 456]), array([759, 624])]]","[[array([1146,  708])]]"
1434,"48,75870180130005","[672, 422]",True,"[0.517927, 0]","[0, 0]",False,weak,"14700,0","[[array([1039,   26]), array([913,  96]), array([857, 208]), array([801, 446]), array([759, 614])]]","[[array([1146,  698])]]"
1435,"48,79310178756714","[672, 422]",True,"[0.517927, 0]","[0, 0]",False,weak,"14700,0","[[array([1039,   16]), array([913,  86]), array([857, 198]), array([801, 436]), array([759, 604])]]","[[array([1146,  688])]]"
1436,"48,826671838760376","[672, 422]",True,"[0.517927, 0]","[0, 0]",False,weak,"14700,0","[[array([1039,    6]), array([913,  76]), array([857, 188]), array([801, 426]), array([759, 594])]]","[[array([1146,  678])]]"
1437,"48,8610417842865","[672, 422]",True,"[0.517927, 0]","[0, 0]",False,weak,"14700,0","[[array([913,  66]), array([857, 178]), array([801, 416]), array([759, 584])]]","[[array([1146,  668])]]"
1438,"48,89458775520325","[672, 422]",True,"[0.517927, 0]","[0, 0]",False,weak,"14700,0","[[array([913,  56]), array([857, 168]), array([801, 406]), array([759, 574])]]","[[array([1146,  658])]]"
1439,"48,92895984649658","[672, 422]",True,"[0.517927, 0]","[0, 0]",False,weak,"14700,0","[[array([913,  46]), array([857, 158]), array([801, 396]), array([759, 564])]]","[[array([1146,  648])]]"
1440,"48,96246790885925","[672, 422]",True,"[0.517927, 0]","[0, 0]",False,weak,"14700,0","[[array([913,  36]), array([857, 148]), array([801, 386]), array([759, 554])]]","[[array([1146,  638])]]"
1441,"48,99698781967163","[672, 422]",True,"[0.517927, 0]","[0, 0]",False,weak,"14700,0","[[array([913,  26]), array([857, 138]), array([801, 376]), array([759, 544])]]","[[array([1146,  628])]]"
1442,"49,030412912368774","[672, 422]",True,"[0.517927, 0]","[0, 0]",False,weak,"14700,0","[[array([913,  16]), array([857, 128]), array([801, 366]), array([759, 534])]]","[[array([1146,  618])]]"
1443,"49,06497311592102","[672, 422]",True,"[0.517927, 0]","[0, 0]",False,weak,"14700,0","[[array([913,   6]), array([857, 118]), array([801, 356]), array([759, 524]), array([1025,  832])]]","[[array([1146,  608])]]"
1444,"49,0986328125","[672, 422]",True,"[0.517927, 0]","[0, 0]",False,weak,"14700,0","[[array([857, 108]), array([801, 346]), array([759, 514]), array([1025,  822])]]","[[array([1146,  598])]]"
1445,"49,13325095176697","[672, 422]",True,"[0.517927, 0]","[0, 0]",False,weak,"14700,0","[[array([857,  98]), array([801, 336]), array([759, 504]), array([1025,  812])]]","[[array([1146,  588])]]"
1446,"49,166820764541626","[672, 422]",True,"[0.517927, 0]","[0, 0]",False,weak,"14700,0","[[array([857,  88]), array([801, 326]), array([759, 494]), array([1025,  802])]]","[[array([1146,  578])]]"
1447,"49,201191902160645","[672, 422]",True,"[0.517927, 0]","[0, 0]",False,weak,"14700,0","[[array([857,  78]), array([801, 316]), array([759, 484]), array([1025,  792])]]","[[array([1146,  568])]]"
1448,"49,23453378677368","[672, 422]",True,"[0.517927, 0]","[0, 0]",False,weak,"14700,0","[[array([857,  68]), array([801, 306]), array([759, 474]), array([1025,  782])]]","[[array([1146,  558])]]"
1449,"49,269123792648315","[672, 422]",True,"[0.517927, 0]","[0, 0]",False,weak,"14700,0","[[array([857,  58]), array([801, 296]), array([759, 464]), array([1025,  772])]]","[[array([1146,  548])]]"
1450,"49,3028039932251","[672, 422]",True,"[0.517927, 0]","[0, 0]",False,weak,"14700,0","[[array([857,  48]), array([801, 286]), array([759, 454]), array([1025,  762])]]","[[array([1146,  538])]]"
1451,"49,336440086364746","[672, 422]",True,"[0.517927, 0]","[0, 0]",False,weak,"14700,0","[[array([857,  38]), array([801, 276]), array([759, 444]), array([1025,  752])]]","[[array([1146,  528])]]"
1452,"49,37095880508423","[672, 422]",True,"[0.517927, 0]","[0, 0]",False,weak,"14700,0","[[array([857,  28]), array([801, 266]), array([759, 434]), array([1025,  742])]]","[[array([1146,  518])]]"
1453,"49,404483795166016","[672, 422]",True,"[0.517927, 0]","[0, 0]",False,weak,"14700,0","[[array([857,  18]), array([801, 256]), array([759, 424]), array([1025,  732])]]","[[array([1146,  508])]]"
1454,"49,43872380256653","[672, 422]",True,"[0.517927, 0]","[0, 0]",False,weak,"14700,0","[[array([857,   8]), array([801, 246]), array([759, 414]), array([1025,  722])]]","[[array([1146,  498])]]"
1455,"49,47291684150696","[672, 422]",True,"[0.517927, 0]","[0, 0]",False,weak,"14700,0","[[array([801, 236]), array([759, 404]), array([1025,  712])]]","[[array([1146,  488])]]"
1456,"49,507148027420044","[672, 422]",True,"[0.517927, 0]","[0, 0]",False,weak,"14700,0","[[array([791, 226]), array([749, 394]), array([1015,  702])]]","[[array([1136,  478])]]"
1457,"49,54039192199707","[672, 422]",True,"[0.517927, 0]","[0, 0]",False,weak,"14700,0","[[array([781, 216]), array([739, 384]), array([1005,  692])]]","[[array([1126,  468])]]"
1458,"49,574520111083984","[672, 422]",True,"[0.517927, 0]","[0, 0]",False,weak,"14700,0","[[array([771, 206]), array([729, 374]), array([995, 682])]]","[[array([1116,  458])]]"
1459,"49,609118938446045","[672, 422]",True,"[0.517927, 0]","[0, 0]",False,weak,"14700,0","[[array([766, 196]), array([724, 364]), array([990, 672])]]","[[array([1111,  448])]]"
1460,"49,64255881309509","[672, 422]",True,"[0.517927, 0]","[0, 0]",False,weak,"14700,0","[[array([761, 186]), array([719, 354]), array([985, 662])]]","[[array([1106,  438])]]"
1461,"49,67698407173157","[672, 422]",True,"[0.517927, 0]","[0, 0]",False,weak,"14700,0","[[array([756, 176]), array([714, 344]), array([980, 652])]]","[[array([1101,  428])]]"
1462,"49,71047282218933","[672, 422]",True,"[0.517927, 0]","[0, 0]",False,weak,"14700,0","[[array([751, 166]), array([709, 334]), array([975, 642])]]","[[array([1096,  418])]]"
1463,"49,7447350025177","[672, 422]",True,"[0.517927, 0]","[0, 0]",False,weak,"14700,0","[[array([746, 156]), array([704, 324]), array([970, 632])]]","[[array([1091,  408])]]"
1464,"49,77898192405701","[672, 422]",True,"[0.517927, 0]","[0, 0]",False,weak,"14700,0","[[array([741, 146]), array([699, 314]), array([965, 622])]]","[[array([1086,  398])]]"
1465,"49,81240701675415","[672, 422]",True,"[0.517927, 0]","[0, 0]",False,weak,"14700,0","[[array([736, 136]), array([694, 304]), array([960, 612])]]","[[array([1081,  388]), array([404, 836])]]"
1466,"49,84656882286072","[672, 422]",True,"[0.517927, 0]","[0, 0]",False,weak,"14700,0","[[array([731, 126]), array([689, 294]), array([955, 602])]]","[[array([1076,  378]), array([399, 826])]]"
1467,"49,88066291809082","[672, 422]",True,"[0.517927, 0]","[0, 0]",False,weak,"14700,0","[[array([726, 116]), array([684, 284]), array([950, 592])]]","[[array([1071,  368]), array([394, 816])]]"
1468,"49,91472268104553","[672, 422]",True,"[0.517927, 0]","[0, 0]",False,weak,"14700,0","[[array([721, 106]), array([679, 274]), array([945, 582])]]","[[array([1066,  358]), array([389, 806])]]"
1469,"49,948683977127075","[672, 422]",True,"[0.517927, 0]","[0, 0]",False,weak,"14700,0","[[array([716,  96]), array([674, 264]), array([940, 572])]]","[[array([1061,  348]), array([384, 796])]]"
1470,"49,98305892944336","[672, 422]",True,"[0.517927, 0]","[0, 0]",False,weak,"14700,0","[[array([706,  86]), array([664, 254]), array([930, 562])]]","[[array([1051,  338]), array([374, 786])]]"
1471,"50,01747679710388","[672, 422]",True,"[0.517927, 0]","[0, 0]",False,weak,"14700,0","[[array([696,  76]), array([654, 244]), array([920, 552])]]","[[array([1041,  328]), array([364, 776])]]"
1472,"50,05050492286682","[672, 422]",True,"[0.517927, 0]","[0, 0]",False,weak,"14700,0","[[array([686,  66]), array([644, 234]), array([910, 542])]]","[[array([1031,  318]), array([354, 766])]]"
1473,"50,084758043289185","[672, 422]",True,"[0.517927, 0]","[0, 0]",False,weak,"14700,0","[[array([686,  56]), array([644, 224]), array([910, 532])]]","[[array([1031,  308]), array([354, 756])]]"
1474,"50,11872482299805","[672, 422]",True,"[0.517927, 0]","[0, 0]",False,weak,"14700,0","[[array([686,  46]), array([644, 214]), array([910, 522])]]","[[array([1031,  298]), array([354, 746])]]"
1475,"50,15265369415283","[672, 422]",True,"[0.517927, 0]","[0, 0]",False,weak,"14700,0","[[array([686,  36]), array([644, 204]), array([910, 512])]]","[[array([1031,  288]), array([354, 736])]]"
1476,"50,18671679496765","[672, 422]",True,"[0.517927, 0]","[0, 0]",False,weak,"14700,0","[[array([686,  26]), array([644, 194]), array([910, 502])]]","[[array([1031,  278]), array([354, 726])]]"
1477,"50,2211709022522","[672, 422]",True,"[0.517927, 0]","[0, 0]",False,weak,"14700,0","[[array([686,  16]), array([644, 184]), array([910, 492])]]","[[array([1031,  268]), array([354, 716])]]"
1478,"50,25443196296692","[672, 422]",True,"[0.517927, 0]","[0, 0]",False,weak,"14700,0","[[array([686,   6]), array([644, 174]), array([910, 482])]]","[[array([1031,  258]), array([354, 706])]]"
1479,"50,28871297836304","[672, 422]",True,"[0.517927, 0]","[0, 0]",False,weak,"14700,0","[[array([644, 164]), array([910, 472])]]","[[array([1031,  248]), array([354, 696])]]"
1480,"50,32318687438965","[672, 422]",True,"[0.517927, 0]","[0, 0]",False,weak,"14700,0","[[array([644, 154]), array([910, 462])]]","[[array([1031,  238]), array([354, 686])]]"
1481,"50,356382846832275","[672, 422]",True,"[0.517927, 0]","[0, 0]",False,weak,"14700,0","[[array([644, 144]), array([910, 452])]]","[[array([1031,  228]), array([354, 676])]]"
1482,"50,39045596122742","[672, 422]",True,"[0.517927, 0]","[0, 0]",False,weak,"14700,0","[[array([644, 134]), array([910, 442])]]","[[array([1031,  218]), array([354, 666])]]"
1483,"50,42448377609253","[672, 422]",True,"[0.517927, 0]","[0, 0]",False,weak,"14700,0","[[array([644, 124]), array([910, 432])]]","[[array([1031,  208]), array([354, 656])]]"
1484,"50,4582200050354","[672, 422]",True,"[0.517927, 0]","[0, 0]",False,weak,"14700,0","[[array([644, 114]), array([910, 422])]]","[[array([1031,  198]), array([354, 646])]]"
1485,"50,49140405654907","[672, 422]",True,"[0.517927, 0]","[0, 0]",False,weak,"14700,0","[[array([644, 104]), array([910, 412])]]","[[array([1031,  188]), array([354, 636])]]"
1486,"50,52536487579346","[672, 422]",True,"[0.517927, 0]","[0, 0]",False,weak,"14700,0","[[array([644,  94]), array([910, 402])]]","[[array([1031,  178]), array([354, 626])]]"
1487,"50,56026601791382","[672, 422]",True,"[0.517927, 0]","[0, 0]",False,weak,"14700,0","[[array([644,  84]), array([910, 392])]]","[[array([1031,  168]), array([354, 616])]]"
1488,"50,59339189529419","[672, 422]",True,"[0.517927, 0]","[0, 0]",False,weak,"14700,0","[[array([644,  74]), array([910, 382])]]","[[array([1031,  158]), array([354, 606])]]"
1489,"50,62739586830139","[672, 422]",True,"[0.517927, 0]","[0, 0]",False,weak,"14700,0","[[array([644,  64]), array([910, 372])]]","[[array([1031,  148]), array([354, 596])]]"
1490,"50,661359786987305","[672, 422]",True,"[0.517927, 0]","[0, 0]",False,weak,"14700,0","[[array([644,  54]), array([910, 362])]]","[[array([1031,  138]), array([354, 586])]]"
1491,"50,69565272331238","[672, 422]",True,"[0.517927, 0]","[0, 0]",False,weak,"14700,0","[[array([644,  44]), array([910, 352])]]","[[array([1031,  128]), array([354, 576])]]"
1492,"50,72972798347473","[672, 422]",True,"[0.517927, 0]","[0, 0]",False,weak,"14700,0","[[array([644,  34]), array([910, 342])]]","[[array([1031,  118]), array([354, 566])]]"
1493,"50,764166831970215","[672, 422]",True,"[0.517927, 0]","[0, 0]",False,weak,"14700,0","[[array([644,  24]), array([910, 332])]]","[[array([1031,  108]), array([354, 556])]]"
1494,"50,79760193824768","[672, 422]",True,"[0.517927, 0]","[0, 0]",False,weak,"14700,0","[[array([644,  14]), array([910, 322])]]","[[array([1031,   98]), array([354, 546])]]"
1495,"50,831916093826294","[672, 422]",True,"[0.517927, 0]","[0, 0]",False,weak,"14700,0","[[array([644,   4]), array([910, 312])]]","[[array([1031,   88]), array([354, 536])]]"
1496,"50,86538481712341","[672, 422]",True,"[0.517927, 0]","[0, 0]",False,weak,"14700,0","[[array([910, 302])]]","[[array([1031,   78]), array([354, 526])]]"
1497,"50,89960074424744","[672, 422]",True,"[0.517927, 0]","[0, 0]",False,weak,"14700,0","[[array([910, 292])]]","[[array([1031,   68]), array([354, 516])]]"
1498,"50,93404793739319","[672, 422]",True,"[0.517927, 0]","[0, 0]",False,weak,"14700,0","[[array([910, 282])]]","[[array([1031,   58]), array([354, 506])]]"
1499,"50,96732687950134","[672, 422]",True,"[0.517927, 0]","[0, 0]",False,weak,"14700,0","[[array([910, 272])]]","[[array([1031,   48]), array([354, 496])]]"
1500,"51,00207781791687","[672, 422]",True,"[0.517927, 0]","[0, 0]",False,weak,"14700,0","[[array([910, 262])]]","[[array([1031,   38]), array([354, 486])]]"
1501,"51,03546071052551","[672, 422]",True,"[0.517927, 0]","[0, 0]",False,weak,"14700,0","[[array([910, 252])]]","[[array([1031,   28]), array([354, 476])]]"
1502,"51,06946587562561","[672, 422]",True,"[0.517927, 0]","[0, 0]",False,weak,"14700,0","[[array([910, 242])]]","[[array([1031,   18]), array([354, 466])]]"
1503,"51,103456020355225","[672, 422]",True,"[0.517927, 0]","[0, 0]",False,weak,"14700,0","[[array([910, 232])]]","[[array([1031,    8]), array([354, 456])]]"
1504,"51,13748788833618","[672, 422]",True,"[0.517927, 0]","[0, 0]",False,weak,"14700,0","[[array([905, 222])]]","[[array([349, 446])]]"
1505,"51,17160177230835","[672, 422]",True,"[0.517927, 0]","[0, 0]",False,weak,"14700,0","[[array([900, 212])]]","[[array([344, 436])]]"
1506,"51,20579671859741","[672, 422]",True,"[0.517927, 0]","[0, 0]",False,weak,"14700,0","[[array([895, 202])]]","[[array([339, 426])]]"
1507,"51,23955297470093","[672, 422]",True,"[0.517927, 0]","[0, 0]",False,weak,"14700,0","[[array([890, 192])]]","[[array([334, 416])]]"
1508,"51,274279832839966","[672, 422]",True,"[0.517927, 0]","[0, 0]",False,weak,"14700,0","[[array([885, 182])]]","[[array([329, 406])]]"
1509,"51,30810809135437","[672, 422]",True,"[0.517927, 0]","[0, 0]",False,weak,"14700,0","[[array([880, 172])]]","[[array([324, 396])]]"
1510,"51,34149193763733","[672, 422]",True,"[0.517927, 0]","[0, 0]",False,weak,"14700,0","[[array([875, 162])]]","[[array([319, 386])]]"
1511,"51,37580585479736","[672, 422]",True,"[0.517927, 0]","[0, 0]",False,weak,"14700,0","[[array([870, 152])]]","[[array([314, 376])]]"
1512,"51,41017389297485","[672, 422]",True,"[0.517927, 0]","[0, 0]",False,weak,"14700,0","[[array([865, 142])]]","[[array([309, 366])]]"
1513,"51,443668842315674","[672, 422]",True,"[0.517927, 0]","[0, 0]",False,weak,"14700,0","[[array([860, 132])]]","[[array([304, 356])]]"
1514,"51,477540731430054","[672, 422]",True,"[0.517927, 0]","[0, 0]",False,weak,"14700,0","[[array([855, 122])]]","[[array([299, 346])]]"
1515,"51,512195110321045","[672, 422]",True,"[0.517927, 0]","[0, 0]",False,weak,"14700,0","[[array([855, 112])]]","[[array([299, 336])]]"
1516,"51,54565095901489","[672, 422]",True,"[0.517927, 0]","[0, 0]",False,weak,"14700,0","[[array([855, 102])]]","[[array([299, 326])]]"
1517,"51,579992055892944","[672, 422]",True,"[0.517927, 0]","[0, 0]",False,weak,"14700,0","[[array([855,  92])]]","[[array([299, 316])]]"
1518,"51,61386275291443","[672, 422]",True,"[0.517927, 0]","[0, 0]",False,weak,"14700,0","[[array([864,  82])]]","[[array([308, 306])]]"
1519,"51,64832091331482","[672, 422]",True,"[0.517927, 0]","[0, 0]",False,weak,"14700,0","[[array([873,  72])]]","[[array([317, 296])]]"
1520,"51,68165183067322","[672, 422]",True,"[0.517927, 0]","[0, 0]",False,weak,"14700,0","[[array([882,  62])]]","[[array([326, 286])]]"
1521,"51,71579599380493","[672, 422]",True,"[0.517927, 0]","[0, 0]",False,weak,"14700,0","[[array([891,  52])]]","[[array([335, 276])]]"
1522,"51,75043201446533","[672, 422]",True,"[0.517927, 0]","[0, 0]",False,weak,"14700,0","[[array([891,  42])]]","[[array([335, 266])]]"
1523,"51,78423094749451","[672, 422]",True,"[0.517927, 0]","[0, 0]",False,weak,"14700,0","[[array([891,  32])]]","[[array([335, 256])]]"
1524,"51,81807994842529","[672, 422]",True,"[0.517927, 0]","[0, 0]",False,weak,"14700,0","[[array([891,  22])]]","[[array([335, 246])]]"
1525,"51,85178279876709","[672, 422]",True,"[0.517927, 0]","[0, 0]",False,weak,"14700,0","[[array([891,  12])]]","[[array([335, 236])]]"
1526,"51,886289834976196","[672, 422]",True,"[0.517927, 0]","[0, 0]",False,weak,"14700,0","[[array([891,   2])]]","[[array([335, 226])]]"
1527,"51,9199800491333","[672, 422]",True,"[0.517927, 0]","[0, 0]",False,weak,"14700,0",[[]],"[[array([335, 216])]]"
1528,"51,95370388031006","[672, 422]",True,"[0.517927, 0]","[0, 0]",False,weak,"14700,0",[[]],"[[array([335, 206])]]"
1529,"51,98745584487915","[672, 422]",True,"[0.517927, 0]","[0, 0]",False,weak,"14700,0",[[]],"[[array([335, 196])]]"
1530,"52,02214288711548","[672, 422]",True,"[0.517927, 0]","[0, 0]",False,weak,"14700,0",[[]],"[[array([335, 186])]]"
1531,"52,05595588684082","[672, 422]",True,"[0.517927, 0]","[0, 0]",False,weak,"14700,0",[[]],"[[array([335, 176])]]"
1532,"52,08969688415527","[672, 422]",True,"[0.517927, 0]","[0, 0]",False,weak,"14700,0",[[]],"[[array([335, 166])]]"
1533,"52,124332904815674","[672, 422]",True,"[0.517927, 0]","[0, 0]",False,weak,"14700,0",[[]],"[[array([335, 156])]]"
1534,"52,15797686576843","[672, 422]",True,"[0.517927, 0]","[0, 0]",False,weak,"14700,0",[[]],"[[array([335, 146])]]"
1535,"52,19147086143494","[672, 422]",True,"[0.517927, 0]","[0, 0]",False,weak,"14700,0",[[]],"[[array([335, 136])]]"
1536,"52,22588086128235","[672, 422]",True,"[0.517927, 0]","[0, 0]",False,weak,"14700,0",[[]],"[[array([335, 126])]]"
1537,"52,25951099395752","[672, 422]",True,"[0.517927, 0]","[0, 0]",False,weak,"14700,0",[[]],"[[array([335, 116])]]"
1538,"52,29415702819824","[672, 422]",True,"[0.517927, 0]","[0, 0]",False,weak,"14700,0",[[]],"[[array([335, 106])]]"
1539,"52,32846283912659","[672, 422]",True,"[0.517927, 0]","[0, 0]",False,weak,"14700,0",[[]],"[[array([344,  96])]]"
1540,"52,36159682273865","[672, 422]",True,"[0.517927, 0]","[0, 0]",False,weak,"14700,0",[[]],"[[array([344,  86])]]"
1541,"52,39564394950867","[672, 422]",True,"[0.517927, 0]","[0, 0]",False,weak,"14700,0",[[]],"[[array([344,  76])]]"
1542,"52,43006896972656","[672, 422]",True,"[0.517927, 0]","[0, 0]",False,weak,"14700,0",[[]],"[[array([344,  66])]]"
1543,"52,46402192115784","[672, 422]",True,"[0.517927, 0]","[0, 0]",False,weak,"14700,0",[[]],"[[array([344,  56])]]"
1544,"52,49833583831787","[672, 422]",True,"[0.517927, 0]","[0, 0]",False,weak,"14700,0",[[]],"[[array([344,  46])]]"
1545,"52,53165292739868","[672, 422]",True,"[0.517927, 0]","[0, 0]",False,weak,"14700,0",[[]],"[[array([344,  36])]]"
1546,"52,5660617351532","[672, 422]",True,"[0.517927, 0]","[0, 0]",False,weak,"14700,0",[[]],"[[array([344,  26])]]"
1547,"52,59999370574951","[672, 422]",True,"[0.517927, 0]","[0, 0]",False,weak,"14700,0",[[]],"[[array([344,  16])]]"
1548,"52,63357496261597","[672, 422]",True,"[0.517927, 0]","[0, 0]",False,weak,"14700,0",[[]],"[[array([344,   6])]]"
1549,"52,66766285896301","[672, 422]",True,"[0.517927, 0]","[0, 0]",False,weak,"14700,0",[[]],[[]]
1550,"52,701858043670654","[672, 422]",True,"[0.517927, 0]","[0, 0]",False,weak,"14700,0",[[]],[[]]
1551,"52,73569893836975","[672, 422]",True,"[0.517927, 0]","[0, 0]",False,weak,"14700,0",[[]],[[]]
1552,"52,769550800323486","[672, 422]",True,"[0.517927, 0]","[0, 0]",False,weak,"14700,0",[[]],[[]]
1553,"52,804080963134766","[672, 422]",True,"[0.517927, 0]","[0, 0]",False,weak,"14700,0",[[]],[[]]
1554,"52,83770394325256","[672, 422]",True,"[0.517927, 0]","[0, 0]",False,weak,"14700,0",[[]],[[]]
1555,"52,871985912323","[672, 422]",True,"[0.517927, 0]","[0, 0]",False,weak,"14700,0",[[]],[[]]
1556,"52,90550780296326","[672, 422]",True,"[0.517927, 0]","[0, 0]",False,weak,"14700,0",[[]],[[]]
1557,"52,94003510475159","[672, 422]",True,"[0.517927, 0]","[0, 0]",False,weak,"14700,0",[[]],[[]]
1558,"52,97363996505737","[672, 422]",True,"[0.517927, 0]","[0, 0]",False,weak,"14700,0",[[]],[[]]
1559,"53,008344888687134","[672, 422]",True,"[0.517927, 0]","[0, 0]",False,weak,"14700,0",[[]],[[]]
1560,"53,04212307929993","[672, 422]",True,"[0.517927, 0]","[0, 0]",False,weak,"14700,0",[[]],[[]]
1561,"53,075958013534546","[672, 422]",True,"[0.517927, 0]","[0, 0]",False,weak,"14700,0",[[]],[[]]
1562,"53,109920024871826","[672, 422]",True,"[0.517927, 0]","[0, 0]",False,weak,"14700,0",[[]],[[]]
1563,"53,14385104179382","[672, 422]",True,"[0.517927, 0]","[0, 0]",False,weak,"14700,0",[[]],[[]]
1564,"53,17773103713989","[672, 422]",True,"[0.517927, 0]","[0, 0]",False,weak,"14700,0",[[]],[[]]
1565,"53,211755990982056","[672, 422]",True,"[0.517927, 0]","[0, 0]",False,weak,"14700,0",[[]],[[]]
1566,"53,24619483947754","[672, 422]",True,"[0.517927, 0]","[0, 0]",False,weak,"14700,0",[[]],[[]]
1567,"53,27985095977783","[672, 422]",True,"[0.517927, 0]","[0, 0]",False,weak,"14700,0",[[]],[[]]
1568,"53,31417179107666","[672, 422]",True,"[0.517927, 0]","[0, 0]",False,weak,"14700,0",[[]],[[]]
1569,"53,348109006881714","[672, 422]",True,"[0.517927, 0]","[0, 0]",False,weak,"14700,0",[[]],[[]]
1570,"53,382020711898804","[672, 422]",True,"[0.517927, 0]","[0, 0]",False,weak,"14700,0",[[]],[[]]
1571,"53,415870904922485","[672, 422]",True,"[0.517927, 0]","[0, 0]",False,weak,"14700,0",[[]],[[]]
1572,"53,44980192184448","[672, 422]",True,"[0.517927, 0]","[0, 0]",False,weak,"14700,0",[[]],[[]]
1573,"53,48390603065491","[672, 422]",True,"[0.517927, 0]","[0, 0]",False,weak,"14700,0",[[]],[[]]
1574,"53,518035888671875","[672, 422]",True,"[0.517927, 0]","[0, 0]",False,weak,"14700,0",[[]],[[]]
1575,"53,55213379859924","[672, 422]",True,"[0.517927, 0]","[0, 0]",False,weak,"14700,0",[[]],[[]]
1576,"53,58614492416382","[672, 422]",True,"[0.517927, 0]","[0, 0]",False,weak,"14700,0",[[]],[[]]
1577,"53,619977951049805","[672, 422]",True,"[0.517927, 0]","[0, 0]",False,weak,"14700,0",[[]],[[]]
1578,"53,65372681617737","[672, 422]",True,"[0.517927, 0]","[0, 0]",False,weak,"14700,0",[[]],[[]]
1579,"53,68741202354431","[672, 422]",True,"[0.517927, 0]","[0, 0]",False,weak,"14700,0",[[]],[[]]
1580,"53,72194576263428","[672, 422]",True,"[0.517927, 0]","[0, 0]",False,weak,"14700,0",[[]],[[]]
1581,"53,75566792488098","[672, 422]",True,"[0.517927, 0]","[0, 0]",False,weak,"14700,0",[[]],[[]]
1582,"53,79031586647034","[672, 422]",True,"[0.517927, 0]","[0, 0]",False,weak,"14700,0",[[]],[[]]
1583,"53,823911905288696","[672, 422]",True,"[0.517927, 0]","[0, 0]",False,weak,"14700,0",[[]],[[]]
1584,"53,85746884346008","[672, 422]",True,"[0.517927, 0]","[0, 0]",False,weak,"14700,0",[[]],[[]]
1585,"53,89231491088867","[672, 422]",True,"[0.517927, 0]","[0, 0]",False,weak,"14700,0",[[]],[[]]
1586,"53,92547297477722","[672, 422]",True,"[0.517927, 0]","[0, 0]",False,weak,"14700,0",[[]],[[]]
1587,"53,96008586883545","[672, 422]",True,"[0.517927, 0]","[0, 0]",False,weak,"14700,0",[[]],[[]]
1588,"53,99433970451355","[672, 422]",True,"[0.517927, 0]","[0, 0]",False,weak,"14700,0",[[]],[[]]
1589,"54,02819776535034","[672, 422]",True,"[0.517927, 0]","[0, 0]",False,weak,"14700,0",[[]],[[]]
1590,"54,0618999004364","[672, 422]",True,"[0.517927, 0]","[0, 0]",False,weak,"14700,0",[[]],[[]]
1591,"54,09550380706787","[672, 422]",True,"[0.517927, 0]","[0, 0]",False,weak,"14700,0",[[]],[[]]
1592,"54,12997508049011","[672, 422]",True,"[0.517927, 0]","[0, 0]",False,weak,"14700,0",[[]],[[]]
1593,"54,16372203826904","[672, 422]",True,"[0.517927, 0]","[0, 0]",False,weak,"14700,0",[[]],[[]]
1594,"54,197510957717896","[672, 422]",True,"[0.517927, 0]","[0, 0]",False,weak,"14700,0",[[]],[[]]
1595,"54,23233103752136","[672, 422]",True,"[0.517927, 0]","[0, 0]",False,weak,"14700,0",[[]],[[]]
1596,"54,26635789871216","[672, 422]",True,"[0.517927, 0]","[0, 0]",False,weak,"14700,0",[[]],[[]]
1597,"54,30017685890198","[672, 422]",True,"[0.517927, 0]","[0, 0]",False,weak,"14700,0",[[]],[[]]
1598,"54,33401703834534","[672, 422]",True,"[0.517927, 0]","[0, 0]",False,weak,"14700,0",[[]],[[]]
1599,"54,36766004562378","[672, 422]",True,"[0.517927, 0]","[0, 0]",False,weak,"14700,0",[[]],[[]]
1600,"54,40174984931946","[672, 422]",True,"[0.517927, 0]","[0, 0]",False,weak,"14700,0",[[]],[[]]
1601,"54,43593883514404","[672, 422]",True,"[0.517927, 0]","[0, 0]",False,weak,"14700,0",[[]],[[]]
1602,"54,46995306015015","[672, 422]",True,"[0.517927, 0]","[0, 0]",False,weak,"14700,0",[[]],[[]]
1603,"54,50390887260437","[672, 422]",True,"[0.517927, 0]","[0, 0]",False,weak,"14700,0",[[]],[[]]
1604,"54,537853956222534","[672, 422]",True,"[0.517927, 0]","[0, 0]",False,weak,"14700,0",[[]],[[]]
1605,"54,57185888290405","[672, 422]",True,"[0.517927, 0]","[0, 0]",False,weak,"14700,0",[[]],[[]]
1606,"54,605825901031494","[672, 422]",True,"[0.517927, 0]","[0, 0]",False,weak,"14700,0",[[]],[[]]
1607,"54,63974976539612","[672, 422]",True,"[0.517927, 0]","[0, 0]",False,weak,"14700,0",[[]],[[]]
1608,"54,67384886741638","[672, 422]",True,"[0.517927, 0]","[0, 0]",False,weak,"14700,0",[[]],[[]]
1609,"54,70824694633484","[672, 422]",True,"[0.517927, 0]","[0, 0]",False,weak,"14700,0",[[]],[[]]
1610,"54,7421817779541","[672, 422]",True,"[0.517927, 0]","[0, 0]",False,weak,"14700,0",[[]],[[]]
1611,"54,776052951812744","[672, 422]",True,"[0.517927, 0]","[0, 0]",False,weak,"14700,0",[[]],[[]]
1612,"54,80980396270752","[672, 422]",True,"[0.517927, 0]","[0, 0]",False,weak,"14700,0",[[]],[[]]
1613,"54,843541860580444","[672, 422]",True,"[0.517927, 0]","[0, 0]",False,weak,"14700,0",[[]],[[]]
1614,"54,87826466560364","[672, 422]",True,"[0.517927, 0]","[0, 0]",False,weak,"14700,0",[[]],[[]]
1615,"54,91201210021973","[672, 422]",True,"[0.517927, 0]","[0, 0]",False,weak,"14700,0",[[]],[[]]
1616,"54,94560384750366","[672, 422]",True,"[0.517927, 0]","[0, 0]",False,weak,"14700,0",[[]],[[]]
1617,"54,97942399978638","[672, 422]",True,"[0.517927, 0]","[0, 0]",False,weak,"14700,0",[[]],[[]]
1618,"55,01424264907837","[672, 422]",True,"[0.517927, 0]","[0, 0]",False,weak,"14700,0",[[]],[[]]
1619,"55,048144817352295","[672, 422]",True,"[0.517927, 0]","[0, 0]",False,weak,"14700,0",[[]],[[]]
1620,"55,08191800117493","[672, 422]",True,"[0.517927, 0]","[0, 0]",False,weak,"14700,0",[[]],[[]]
1621,"55,115683794021606","[672, 422]",True,"[0.517927, 0]","[0, 0]",False,weak,"14700,0",[[]],[[]]
1622,"55,150282859802246","[672, 422]",True,"[0.517927, 0]","[0, 0]",False,weak,"14700,0",[[]],[[]]
1623,"55,1842041015625","[672, 422]",True,"[0.517927, 0]","[0, 0]",False,weak,"14700,0",[[]],[[]]
1624,"55,217976093292236","[672, 422]",True,"[0.517927, 0]","[0, 0]",False,weak,"14700,0",[[]],[[]]
1625,"55,25176811218262","[672, 422]",True,"[0.517927, 0]","[0, 0]",False,weak,"14700,0",[[]],[[]]
1626,"55,28545689582825","[672, 422]",True,"[0.517927, 0]","[0, 0]",False,weak,"14700,0",[[]],[[]]
1627,"55,32025194168091","[672, 422]",True,"[0.517927, 0]","[0, 0]",False,weak,"14700,0",[[]],[[]]
1628,"55,353917837142944","[672, 422]",True,"[0.517927, 0]","[0, 0]",False,weak,"14700,0",[[]],[[]]
1629,"55,387651681900024","[672, 422]",True,"[0.517927, 0]","[0, 0]",False,weak,"14700,0",[[]],[[]]
1630,"55,42220997810364","[672, 422]",True,"[0.517927, 0]","[0, 0]",False,weak,"14700,0",[[]],[[]]
1631,"55,456071853637695","[672, 422]",True,"[0.517927, 0]","[0, 0]",False,weak,"14700,0",[[]],[[]]
1632,"55,48987698554993","[672, 422]",True,"[0.517927, 0]","[0, 0]",False,weak,"14700,0",[[]],[[]]
1633,"55,52365279197693","[672, 422]",True,"[0.517927, 0]","[0, 0]",False,weak,"14700,0",[[]],[[]]
1634,"55,55773591995239","[672, 422]",True,"[0.517927, 0]","[0, 0]",False,weak,"14700,0",[[]],[[]]
1635,"55,591996908187866","[672, 422]",True,"[0.517927, 0]","[0, 0]",False,weak,"14700,0",[[]],[[]]
1636,"55,62603187561035","[672, 422]",True,"[0.517927, 0]","[0, 0]",False,weak,"14700,0",[[]],[[]]
1637,"55,65946173667908","[672, 422]",True,"[0.517927, 0]","[0, 0]",False,weak,"14700,0",[[]],[[]]
1638,"55,69375681877136","[672, 422]",True,"[0.517927, 0]","[0, 0]",False,weak,"14700,0",[[]],[[]]
1639,"55,728179931640625","[672, 422]",True,"[0.517927, 0]","[0, 0]",False,weak,"14700,0",[[]],[[]]
1640,"55,76148986816406","[672, 422]",True,"[0.517927, 0]","[0, 0]",False,weak,"14700,0",[[]],[[]]
1641,"55,79544401168823","[672, 422]",True,"[0.517927, 0]","[0, 0]",False,weak,"14700,0",[[]],[[]]
1642,"55,83020997047424","[672, 422]",True,"[0.517927, 0]","[0, 0]",False,weak,"14700,0",[[]],[[]]
1643,"55,863855838775635","[672, 422]",True,"[0.517927, 0]","[0, 0]",False,weak,"14700,0",[[]],[[]]
1644,"55,89763879776001","[672, 422]",True,"[0.517927, 0]","[0, 0]",False,weak,"14700,0",[[]],[[]]
1645,"55,931506872177124","[672, 422]",True,"[0.517927, 0]","[0, 0]",False,weak,"14700,0",[[]],[[]]
1646,"55,96547889709473","[672, 422]",True,"[0.517927, 0]","[0, 0]",False,weak,"14700,0",[[]],[[]]
1647,"56,00019097328186","[672, 422]",True,"[0.517927, 0]","[0, 0]",False,weak,"14700,0",[[]],[[]]
1648,"56,03378486633301","[672, 422]",True,"[0.517927, 0]","[0, 0]",False,weak,"14700,0",[[]],[[]]
1649,"56,06745195388794","[672, 422]",True,"[0.517927, 0]","[0, 0]",False,weak,"14700,0",[[]],[[]]
1650,"56,10214185714722","[672, 422]",True,"[0.517927, 0]","[0, 0]",False,weak,"14700,0",[[]],[[]]
1651,"56,1358437538147","[672, 422]",True,"[0.517927, 0]","[0, 0]",False,weak,"14700,0",[[]],[[]]
1652,"56,16953182220459","[672, 422]",True,"[0.517927, 0]","[0, 0]",False,weak,"14700,0",[[]],[[]]
1653,"56,20419192314148","[672, 422]",True,"[0.517927, 0]","[0, 0]",False,weak,"14700,0",[[]],[[]]
1654,"56,2379367351532","[672, 422]",True,"[0.517927, 0]","[0, 0]",False,weak,"14700,0",[[]],[[]]
1655,"56,27166986465454","[672, 422]",True,"[0.517927, 0]","[0, 0]",False,weak,"14700,0",[[]],[[]]
1656,"56,30576777458191","[672, 422]",True,"[0.517927, 0]","[0, 0]",False,weak,"14700,0",[[]],[[]]
1657,"56,340096950531006","[672, 422]",True,"[0.517927, 0]","[0, 0]",False,weak,"14700,0",[[]],[[]]
1658,"56,374228954315186","[672, 422]",True,"[0.517927, 0]","[0, 0]",False,weak,"14700,0",[[]],[[]]
1659,"56,40766477584839","[672, 422]",True,"[0.517927, 0]","[0, 0]",False,weak,"14700,0",[[]],[[]]
1660,"56,44197678565979","[672, 422]",True,"[0.517927, 0]","[0, 0]",False,weak,"14700,0",[[]],[[]]
1661,"56,47592878341675","[672, 422]",True,"[0.517927, 0]","[0, 0]",False,weak,"14700,0",[[]],[[]]
1662,"56,50999689102173","[672, 422]",True,"[0.517927, 0]","[0, 0]",False,weak,"14700,0",[[]],[[]]
1663,"56,543943881988525","[672, 422]",True,"[0.517927, 0]","[0, 0]",False,weak,"14700,0",[[]],[[]]
1664,"56,577735900878906","[672, 422]",True,"[0.517927, 0]","[0, 0]",False,weak,"14700,0",[[]],[[]]
1665,"56,611480712890625","[672, 422]",True,"[0.517927, 0]","[0, 0]",False,weak,"14700,0",[[]],[[]]
1666,"56,645511865615845","[672, 422]",True,"[0.517927, 0]","[0, 0]",False,weak,"14700,0",[[]],[[]]
1667,"56,6803457736969","[672, 422]",True,"[0.517927, 0]","[0, 0]",False,weak,"14700,0",[[]],[[]]
1668,"56,71367287635803","[672, 422]",True,"[0.517927, 0]","[0, 0]",False,weak,"14700,0",[[]],[[]]
1669,"56,74742078781128","[672, 422]",True,"[0.517927, 0]","[0, 0]",False,weak,"14700,0",[[]],[[]]
1670,"56,78219175338745","[672, 422]",True,"[0.517927, 0]","[0, 0]",False,weak,"14700,0",[[]],[[]]
1671,"56,81576180458069","[672, 422]",True,"[0.517927, 0]","[0, 0]",False,weak,"14700,0",[[]],[[]]
1672,"56,84946894645691","[672, 422]",True,"[0.517927, 0]","[0, 0]",False,weak,"14700,0",[[]],[[]]
1673,"56,88407492637634","[672, 422]",True,"[0.517927, 0]","[0, 0]",False,weak,"14700,0",[[]],[[]]
1674,"56,91768288612366","[672, 422]",True,"[0.517927, 0]","[0, 0]",False,weak,"14700,0",[[]],[[]]
1675,"56,95231580734253","[672, 422]",True,"[0.517927, 0]","[0, 0]",False,weak,"14700,0",[[]],[[]]
1676,"56,98589086532593","[672, 422]",True,"[0.517927, 0]","[0, 0]",False,weak,"14700,0",[[]],[[]]
1677,"57,01949071884155","[672, 422]",True,"[0.517927, 0]","[0, 0]",False,weak,"14700,0",[[]],[[]]
1678,"57,05410408973694","[672, 422]",True,"[0.517927, 0]","[0, 0]",False,weak,"14700,0",[[]],[[]]
1679,"57,087700843811035","[672, 422]",True,"[0.517927, 0]","[0, 0]",False,weak,"14700,0",[[]],[[]]
1680,"57,12209987640381","[672, 422]",True,"[0.517927, 0]","[0, 0]",False,weak,"14700,0",[[]],[[]]
1681,"57,15593600273132","[672, 422]",True,"[0.517927, 0]","[0, 0]",False,weak,"14700,0",[[]],"[[array([344, 832])]]"
1682,"57,189749002456665","[672, 422]",True,"[0.517927, 0]","[0, 0]",False,weak,"14700,0",[[]],"[[array([344, 822])]]"
1683,"57,22351694107056","[672, 422]",True,"[0.517927, 0]","[0, 0]",False,weak,"14700,0",[[]],"[[array([344, 812])]]"
1684,"57,25818181037903","[672, 422]",True,"[0.517927, 0]","[0, 0]",False,weak,"14700,0",[[]],"[[array([344, 802])]]"
1685,"57,29196381568909","[672, 422]",True,"[0.517927, 0]","[0, 0]",False,weak,"14700,0",[[]],"[[array([344, 792])]]"
1686,"57,32554912567139","[672, 422]",True,"[0.517927, 0]","[0, 0]",False,weak,"14700,0",[[]],"[[array([344, 782])]]"
1687,"57,36004996299744","[672, 422]",True,"[0.517927, 0]","[0, 0]",False,weak,"14700,0",[[]],"[[array([344, 772])]]"
1688,"57,39361786842346","[672, 422]",True,"[0.517927, 0]","[0, 0]",False,weak,"14700,0",[[]],"[[array([344, 762])]]"
1689,"57,42813992500305","[672, 422]",True,"[0.517927, 0]","[0, 0]",False,weak,"14700,0",[[]],"[[array([344, 752])]]"
1690,"57,46174597740173","[672, 422]",True,"[0.517927, 0]","[0, 0]",False,weak,"14700,0",[[]],"[[array([344, 742])]]"
1691,"57,495370864868164","[672, 422]",True,"[0.517927, 0]","[0, 0]",False,weak,"14700,0",[[]],"[[array([344, 732])]]"
1692,"57,5300657749176","[672, 422]",True,"[0.517927, 0]","[0, 0]",False,weak,"14700,0",[[]],"[[array([344, 722])]]"
1693,"57,56385588645935","[672, 422]",True,"[0.517927, 0]","[0, 0]",False,weak,"14700,0",[[]],"[[array([344, 712])]]"
1694,"57,59761381149292","[672, 422]",True,"[0.517927, 0]","[0, 0]",False,weak,"14700,0",[[]],"[[array([344, 702])]]"
1695,"57,6323766708374","[672, 422]",True,"[0.517927, 0]","[0, 0]",False,weak,"14700,0",[[]],"[[array([344, 692])]]"
1696,"57,6669807434082","[672, 422]",True,"[0.517927, 0]","[0, 0]",False,weak,"14700,0",[[]],"[[array([344, 682])]]"
1697,"57,70083403587341","[672, 422]",True,"[0.517927, 0]","[0, 0]",False,weak,"14700,0",[[]],"[[array([344, 672])]]"
1698,"57,734864950180054","[672, 422]",True,"[0.517927, 0]","[0, 0]",False,weak,"14700,0",[[]],"[[array([344, 662])]]"
1699,"57,76921606063843","[672, 422]",True,"[0.517927, 0]","[0, 0]",False,weak,"14700,0",[[]],"[[array([344, 652])]]"
1700,"57,80251598358154","[672, 422]",True,"[0.517927, 0]","[0, 0]",False,weak,"14700,0",[[]],"[[array([344, 642])]]"
1701,"57,83649682998657","[672, 422]",True,"[0.517927, 0]","[0, 0]",False,weak,"14700,0",[[]],"[[array([344, 632])]]"
1702,"57,87122201919556","[672, 422]",True,"[0.517927, 0]","[0, 0]",False,weak,"14700,0",[[]],"[[array([344, 622])]]"
1703,"57,905048847198486","[672, 422]",True,"[0.517927, 0]","[0, 0]",False,weak,"14700,0",[[]],"[[array([344, 612])]]"
1704,"57,938786029815674","[672, 422]",True,"[0.517927, 0]","[0, 0]",False,weak,"14700,0",[[]],"[[array([344, 602])]]"
1705,"57,973384857177734","[672, 422]",True,"[0.517927, 0]","[0, 0]",False,weak,"14700,0",[[]],"[[array([344, 592])]]"
1706,"58,006978034973145","[672, 422]",True,"[0.517927, 0]","[0, 0]",False,weak,"14700,0",[[]],"[[array([344, 582])]]"
1707,"58,040485858917236","[672, 422]",True,"[0.517927, 0]","[0, 0]",False,weak,"14700,0",[[]],"[[array([344, 572])]]"
1708,"58,07514977455139","[672, 422]",True,"[0.517927, 0]","[0, 0]",False,weak,"14700,0",[[]],"[[array([344, 562])]]"
1709,"58,109062910079956","[672, 422]",True,"[0.517927, 0]","[0, 0]",False,weak,"14700,0",[[]],"[[array([344, 552])]]"
1710,"58,143030881881714","[672, 422]",True,"[0.517927, 0]","[0, 0]",False,weak,"14700,0",[[]],"[[array([344, 542])]]"
1711,"58,17680287361145","[672, 422]",True,"[0.517927, 0]","[0, 0]",False,weak,"14700,0",[[]],"[[array([344, 532])]]"
1712,"58,2105758190155","[672, 422]",True,"[0.517927, 0]","[0, 0]",False,weak,"14700,0",[[]],"[[array([344, 522])]]"
1713,"58,244555950164795","[672, 422]",True,"[0.517927, 0]","[0, 0]",False,weak,"14700,0",[[]],"[[array([344, 512])]]"
1714,"58,27940082550049","[672, 422]",True,"[0.517927, 0]","[0, 0]",False,weak,"14700,0",[[]],"[[array([344, 502])]]"
1715,"58,31424593925476","[672, 422]",True,"[0.517927, 0]","[0, 0]",False,weak,"14700,0",[[]],"[[array([344, 492])]]"
1716,"58,34814476966858","[672, 422]",True,"[0.517927, 0]","[0, 0]",False,weak,"14700,0",[[]],"[[array([344, 482])]]"
1717,"58,38193488121033","[672, 422]",True,"[0.517927, 0]","[0, 0]",False,weak,"14700,0",[[]],"[[array([344, 472])]]"
1718,"58,415732860565186","[672, 422]",True,"[0.517927, 0]","[0, 0]",False,weak,"14700,0",[[]],"[[array([344, 462])]]"
1719,"58,449660778045654","[672, 422]",True,"[0.517927, 0]","[0, 0]",False,weak,"14700,0",[[]],"[[array([339, 452])]]"
1720,"58,48420286178589","[672, 422]",True,"[0.517927, 0]","[0, 0]",False,weak,"14700,0",[[]],"[[array([334, 442])]]"
1721,"58,51754379272461","[672, 422]",True,"[0.517927, 0]","[0, 0]",False,weak,"14700,0",[[]],"[[array([329, 432])]]"
1722,"58,55185580253601","[672, 422]",True,"[0.517927, 0]","[0, 0]",False,weak,"14700,0",[[]],"[[array([324, 422])]]"
1723,"58,585511922836304","[672, 422]",True,"[0.517927, 0]","[0, 0]",False,weak,"14700,0",[[]],"[[array([319, 412])]]"
1724,"58,61980390548706","[672, 422]",True,"[0.517927, 0]","[0, 0]",False,weak,"14700,0",[[]],"[[array([314, 402])]]"
1725,"58,654173851013184","[672, 422]",True,"[0.517927, 0]","[0, 0]",False,weak,"14700,0",[[]],"[[array([309, 392])]]"
1726,"58,68760871887207","[672, 422]",True,"[0.517927, 0]","[0, 0]",False,weak,"14700,0",[[]],"[[array([304, 382])]]"
1727,"58,72206377983093","[672, 422]",True,"[0.517927, 0]","[0, 0]",False,weak,"14700,0",[[]],"[[array([299, 372])]]"
1728,"58,75566101074219","[672, 422]",True,"[0.517927, 0]","[0, 0]",False,weak,"14700,0",[[]],"[[array([294, 362])]]"
1729,"58,7902889251709","[672, 422]",True,"[0.517927, 0]","[0, 0]",False,weak,"14700,0",[[]],"[[array([289, 352])]]"
1730,"58,82396578788757","[672, 422]",True,"[0.517927, 0]","[0, 0]",False,weak,"14700,0",[[]],"[[array([289, 342])]]"
1731,"58,85750198364258","[672, 422]",True,"[0.517927, 0]","[0, 0]",False,weak,"14700,0",[[]],"[[array([289, 332])]]"
1732,"58,89244794845581","[672, 422]",True,"[0.517927, 0]","[0, 0]",False,weak,"14700,0",[[]],"[[array([287, 322])]]"
1733,"58,926371812820435","[672, 422]",True,"[0.517927, 0]","[0, 0]",False,weak,"14700,0",[[]],"[[array([296, 312])]]"
1734,"58,95944881439209","[672, 422]",True,"[0.517927, 0]","[0, 0]",False,weak,"14700,0",[[]],"[[array([315, 302])]]"
1735,"58,994290828704834","[672, 422]",True,"[0.517927, 0]","[0, 0]",False,weak,"14700,0",[[]],"[[array([323, 292])]]"
1736,"59,028286933898926","[672, 422]",True,"[0.517927, 0]","[0, 0]",False,weak,"14700,0",[[]],"[[array([333, 282])]]"
1737,"59,06235194206238","[672, 422]",True,"[0.517927, 0]","[0, 0]",False,weak,"14700,0",[[]],"[[array([358, 272])]]"
1738,"59,0964138507843","[672, 422]",True,"[0.517927, 0]","[0, 0]",False,weak,"14700,0",[[]],"[[array([358, 262])]]"
1739,"59,129477739334106","[672, 422]",True,"[0.517927, 0]","[0, 0]",False,weak,"14700,0",[[]],"[[array([358, 252])]]"
1740,"59,164196729660034","[672, 422]",True,"[0.517927, 0]","[0, 0]",False,weak,"14700,0",[[]],"[[array([358, 242])]]"
1741,"59,19778895378113","[672, 422]",True,"[0.517927, 0]","[0, 0]",False,weak,"14700,0",[[]],"[[array([358, 232])]]"
1742,"59,2319438457489","[672, 422]",True,"[0.517927, 0]","[0, 0]",False,weak,"14700,0",[[]],"[[array([358, 222])]]"
1743,"59,265588998794556","[672, 422]",True,"[0.517927, 0]","[0, 0]",False,weak,"14700,0",[[]],"[[array([358, 212])]]"
1744,"59,30030798912048","[672, 422]",True,"[0.517927, 0]","[0, 0]",False,weak,"14700,0",[[]],"[[array([358, 202])]]"
1745,"59,334173917770386","[672, 422]",True,"[0.517927, 0]","[0, 0]",False,weak,"14700,0",[[]],"[[array([358, 192])]]"
1746,"59,367918729782104","[672, 422]",True,"[0.517927, 0]","[0, 0]",False,weak,"14700,0",[[]],"[[array([358, 182])]]"
1747,"59,40186381340027","[672, 422]",True,"[0.517927, 0]","[0, 0]",False,weak,"14700,0",[[]],"[[array([358, 172])]]"
1748,"59,43588876724243","[672, 422]",True,"[0.517927, 0]","[0, 0]",False,weak,"14700,0",[[]],"[[array([358, 162])]]"
1749,"59,46983194351196","[672, 422]",True,"[0.517927, 0]","[0, 0]",False,weak,"14700,0",[[]],"[[array([358, 152])]]"
1750,"59,50364589691162","[672, 422]",True,"[0.517927, 0]","[0, 0]",False,weak,"14700,0",[[]],"[[array([358, 142])]]"
1751,"59,53743267059326","[672, 422]",True,"[0.517927, 0]","[0, 0]",False,weak,"14700,0",[[]],"[[array([358, 132])]]"
1752,"59,572181940078735","[672, 422]",True,"[0.517927, 0]","[0, 0]",False,weak,"14700,0",[[]],"[[array([358, 122])]]"
1753,"59,60583710670471","[672, 422]",True,"[0.517927, 0]","[0, 0]",False,weak,"14700,0",[[]],"[[array([358, 112])]]"
1754,"59,6394898891449","[672, 422]",True,"[0.517927, 0]","[0, 0]",False,weak,"14700,0",[[]],"[[array([358, 102])]]"
1755,"59,67408108711243","[672, 422]",True,"[0.517927, 0]","[0, 0]",False,weak,"14700,0",[[]],"[[array([358,  92])]]"
1756,"59,70760703086853","[672, 422]",True,"[0.517927, 0]","[0, 0]",False,weak,"14700,0",[[]],"[[array([358,  82])]]"
1757,"59,7422559261322","[672, 422]",True,"[0.517927, 0]","[0, 0]",False,weak,"14700,0",[[]],"[[array([358,  72])]]"
1758,"59,77594184875488","[672, 422]",True,"[0.517927, 0]","[0, 0]",False,weak,"14700,0",[[]],"[[array([358,  62])]]"
1759,"59,809908866882324","[672, 422]",True,"[0.517927, 0]","[0, 0]",False,weak,"14700,0",[[]],"[[array([345,  52])]]"
1760,"59,843870878219604","[672, 422]",True,"[0.517927, 0]","[0, 0]",False,weak,"14700,0",[[]],"[[array([336,  42])]]"
1761,"59,87806177139282","[672, 422]",True,"[0.517927, 0]","[0, 0]",False,weak,"14700,0",[[]],"[[array([323,  32])]]"
1762,"59,91223192214966","[672, 422]",True,"[0.517927, 0]","[0, 0]",False,weak,"14700,0",[[]],"[[array([323,  22])]]"
1763,"59,94630193710327","[672, 422]",True,"[0.517927, 0]","[0, 0]",False,weak,"14700,0",[[]],"[[array([323,  12])]]"
1764,"59,97959876060486","[672, 422]",True,"[0.517927, 0]","[0, 0]",False,weak,"14700,0",[[]],"[[array([323,   2])]]"
1765,"60,01371908187866","[672, 422]",True,"[0.517927, 0]","[0, 0]",False,weak,"14700,0",[[]],[[]]
1766,"60,04745292663574","[672, 422]",True,"[0.517927, 0]","[0, 0]",False,weak,"14700,0",[[]],[[]]
1767,"60,08238387107849","[672, 422]",True,"[0.517927, 0]","[0, 0]",False,weak,"14700,0",[[]],[[]]
1768,"60,11611890792847","[672, 422]",True,"[0.517927, 0]","[0, 0]",False,weak,"14700,0",[[]],[[]]
1769,"60,15041470527649","[672, 422]",True,"[0.517927, 0]","[0, 0]",False,weak,"14700,0",[[]],[[]]
1770,"60,184743881225586","[672, 422]",True,"[0.517927, 0]","[0, 0]",False,weak,"14700,0",[[]],[[]]
1771,"60,21957612037659","[672, 422]",True,"[0.517927, 0]","[0, 0]",False,weak,"14700,0",[[]],[[]]
1772,"60,25360107421875","[672, 422]",True,"[0.517927, 0]","[0, 0]",False,weak,"14700,0",[[]],[[]]
1773,"60,28657293319702","[672, 422]",True,"[0.517927, 0]","[0, 0]",False,weak,"14700,0",[[]],[[]]
1774,"60,321406841278076","[672, 422]",True,"[0.517927, 0]","[0, 0]",False,weak,"14700,0",[[]],[[]]
1775,"60,356106996536255","[672, 422]",True,"[0.517927, 0]","[0, 0]",False,weak,"14700,0",[[]],[[]]
1776,"60,38986086845398","[672, 422]",True,"[0.517927, 0]","[0, 0]",False,weak,"14700,0",[[]],[[]]
1777,"60,42381167411804","[672, 422]",True,"[0.517927, 0]","[0, 0]",False,weak,"14700,0",[[]],[[]]
1778,"60,45784878730774","[672, 422]",True,"[0.517927, 0]","[0, 0]",False,weak,"14700,0",[[]],[[]]
1779,"60,49182987213135","[672, 422]",True,"[0.517927, 0]","[0, 0]",False,weak,"14700,0",[[]],[[]]
1780,"60,525980949401855","[672, 422]",True,"[0.517927, 0]","[0, 0]",False,weak,"14700,0",[[]],[[]]
1781,"60,55970883369446","[672, 422]",True,"[0.517927, 0]","[0, 0]",False,weak,"14700,0",[[]],[[]]
1782,"60,5943386554718","[672, 422]",True,"[0.517927, 0]","[0, 0]",False,weak,"14700,0",[[]],[[]]
1783,"60,62782597541809","[672, 422]",True,"[0.517927, 0]","[0, 0]",False,weak,"14700,0",[[]],[[]]
1784,"60,661457777023315","[672, 422]",True,"[0.517927, 0]","[0, 0]",False,weak,"14700,0",[[]],[[]]
1785,"60,695987939834595","[672, 422]",True,"[0.517927, 0]","[0, 0]",False,weak,"14700,0",[[]],[[]]
1786,"60,72959280014038","[672, 422]",True,"[0.517927, 0]","[0, 0]",False,weak,"14700,0",[[]],[[]]
1787,"60,76424694061279","[672, 422]",True,"[0.517927, 0]","[0, 0]",False,weak,"14700,0",[[]],[[]]
1788,"60,79749298095703","[672, 422]",True,"[0.517927, 0]","[0, 0]",False,weak,"14700,0",[[]],[[]]
1789,"60,83170795440674","[672, 422]",True,"[0.517927, 0]","[0, 0]",False,weak,"14700,0",[[]],[[]]
1790,"60,86589598655701","[672, 422]",True,"[0.517927, 0]","[0, 0]",False,weak,"14700,0",[[]],[[]]
1791,"60,89947700500488","[672, 422]",True,"[0.517927, 0]","[0, 0]",False,weak,"14700,0",[[]],[[]]
1792,"60,9338698387146","[672, 422]",True,"[0.517927, 0]","[0, 0]",False,weak,"14700,0",[[]],[[]]
1793,"60,968332052230835","[672, 422]",True,"[0.517927, 0]","[0, 0]",False,weak,"14700,0",[[]],[[]]
1794,"61,001826763153076","[672, 422]",True,"[0.517927, 0]","[0, 0]",False,weak,"14700,0",[[]],[[]]
1795,"61,03551983833313","[672, 422]",True,"[0.517927, 0]","[0, 0]",False,weak,"14700,0",[[]],[[]]
1796,"61,07014083862305","[672, 422]",True,"[0.517927, 0]","[0, 0]",False,weak,"14700,0",[[]],[[]]
1797,"61,10370397567749","[672, 422]",True,"[0.517927, 0]","[0, 0]",False,weak,"14700,0",[[]],"[[array([1020,  834])]]"
1798,"61,1376588344574","[672, 422]",True,"[0.517927, 0]","[0, 0]",False,weak,"14700,0",[[]],"[[array([1020,  824])]]"
1799,"61,171844720840454","[672, 422]",True,"[0.517927, 0]","[0, 0]",False,weak,"14700,0",[[]],"[[array([1020,  814])]]"
1800,"61,206164836883545","[672, 422]",True,"[0.517927, 0]","[0, 0]",False,weak,"14700,0",[[]],"[[array([1020,  804])]]"
1801,"61,240060806274414","[672, 422]",True,"[0.517927, 0]","[0, 0]",False,weak,"14700,0",[[]],"[[array([1020,  794])]]"
1802,"61,274160861968994","[672, 422]",True,"[0.517927, 0]","[0, 0]",False,weak,"14700,0",[[]],"[[array([1020,  784])]]"
1803,"61,307945013046265","[672, 422]",True,"[0.517927, 0]","[0, 0]",False,weak,"14700,0",[[]],"[[array([1020,  774])]]"
1804,"61,34234595298767","[672, 422]",True,"[0.517927, 0]","[0, 0]",False,weak,"14700,0",[[]],"[[array([1020,  764])]]"
1805,"61,37612175941467","[672, 422]",True,"[0.517927, 0]","[0, 0]",False,weak,"14700,0",[[]],"[[array([1020,  754])]]"
1806,"61,40993881225586","[672, 422]",True,"[0.517927, 0]","[0, 0]",False,weak,"14700,0",[[]],"[[array([1020,  744])]]"
1807,"61,44367289543152","[672, 422]",True,"[0.517927, 0]","[0, 0]",False,weak,"14700,0",[[]],"[[array([1020,  734])]]"
1808,"61,477640867233276","[672, 422]",True,"[0.517927, 0]","[0, 0]",False,weak,"14700,0",[[]],"[[array([1020,  724]), array([1020,  836])]]"
1809,"61,51151204109192","[672, 422]",True,"[0.517927, 0]","[0, 0]",False,weak,"14700,0",[[]],"[[array([1020,  714]), array([1020,  826])]]"
1810,"61,546380043029785","[672, 422]",True,"[0.517927, 0]","[0, 0]",False,weak,"14700,0",[[]],"[[array([1020,  704]), array([1020,  816])]]"
1811,"61,57943606376648","[672, 422]",True,"[0.517927, 0]","[0, 0]",False,weak,"14700,0",[[]],"[[array([1020,  694]), array([1020,  806])]]"
1812,"61,614189863204956","[672, 422]",True,"[0.517927, 0]","[0, 0]",False,weak,"14700,0",[[]],"[[array([1020,  684]), array([1020,  796])]]"
1813,"61,6479218006134","[672, 422]",True,"[0.517927, 0]","[0, 0]",False,weak,"14700,0",[[]],"[[array([1020,  674]), array([1020,  786])]]"
1814,"61,68156385421753","[672, 422]",True,"[0.517927, 0]","[0, 0]",False,weak,"14700,0",[[]],"[[array([1020,  664]), array([1020,  776])]]"
1815,"61,716344118118286","[672, 422]",True,"[0.517927, 0]","[0, 0]",False,weak,"14700,0",[[]],"[[array([1020,  654]), array([1020,  766])]]"
1816,"61,75035381317139","[672, 422]",True,"[0.517927, 0]","[0, 0]",False,weak,"14700,0",[[]],"[[array([1020,  644]), array([1020,  756])]]"
1817,"61,784152030944824","[672, 422]",True,"[0.517927, 0]","[0, 0]",False,weak,"14700,0",[[]],"[[array([1020,  634]), array([1020,  746])]]"
1818,"61,817885875701904","[672, 422]",True,"[0.517927, 0]","[0, 0]",False,weak,"14700,0",[[]],"[[array([1020,  624]), array([1020,  736])]]"
1819,"61,85165095329285","[672, 422]",True,"[0.517927, 0]","[0, 0]",False,weak,"14700,0",[[]],"[[array([1020,  614]), array([1020,  726])]]"
1820,"61,885520935058594","[672, 422]",True,"[0.517927, 0]","[0, 0]",False,weak,"14700,0",[[]],"[[array([1020,  604]), array([1020,  716])]]"
1821,"61,919646978378296","[672, 422]",True,"[0.517927, 0]","[0, 0]",False,weak,"14700,0",[[]],"[[array([1020,  594]), array([1020,  706])]]"
1822,"61,953898906707764","[672, 422]",True,"[0.517927, 0]","[0, 0]",False,weak,"14700,0",[[]],"[[array([1020,  584]), array([1020,  696])]]"
1823,"61,98787999153137","[672, 422]",True,"[0.517927, 0]","[0, 0]",False,weak,"14700,0",[[]],"[[array([1020,  574]), array([1020,  686])]]"
1824,"62,02233076095581","[672, 422]",True,"[0.517927, 0]","[0, 0]",False,weak,"14700,0",[[]],"[[array([1020,  564]), array([1020,  676])]]"
1825,"62,055760860443115","[672, 422]",True,"[0.517927, 0]","[0, 0]",False,weak,"14700,0",[[]],"[[array([1020,  554]), array([1020,  666])]]"
1826,"62,09004783630371","[672, 422]",True,"[0.517927, 0]","[0, 0]",False,weak,"14700,0",[[]],"[[array([1007,  544]), array([1007,  656])]]"
1827,"62,12406396865845","[672, 422]",True,"[0.517927, 0]","[0, 0]",False,weak,"14700,0",[[]],"[[array([996, 534]), array([996, 646])]]"
1828,"62,15789484977722","[672, 422]",True,"[0.517927, 0]","[0, 0]",False,weak,"14700,0",[[]],"[[array([996, 524]), array([996, 636])]]"
1829,"62,19149684906006","[672, 422]",True,"[0.517927, 0]","[0, 0]",False,weak,"14700,0",[[]],"[[array([996, 514]), array([996, 626])]]"
1830,"62,22609305381775","[672, 422]",True,"[0.517927, 0]","[0, 0]",False,weak,"14700,0",[[]],"[[array([996, 504]), array([996, 616])]]"
1831,"62,2597758769989","[672, 422]",True,"[0.517927, 0]","[0, 0]",False,weak,"14700,0",[[]],"[[array([996, 494]), array([996, 606])]]"
1832,"62,29445505142212","[672, 422]",True,"[0.517927, 0]","[0, 0]",False,weak,"14700,0",[[]],"[[array([996, 484]), array([996, 596])]]"
1833,"62,32919192314148","[672, 422]",True,"[0.517927, 0]","[0, 0]",False,weak,"14700,0",[[]],"[[array([996, 474]), array([996, 586])]]"
1834,"62,362914085388184","[672, 422]",True,"[0.517927, 0]","[0, 0]",False,weak,"14700,0",[[]],"[[array([996, 464]), array([996, 576])]]"
1835,"62,39666485786438","[672, 422]",True,"[0.517927, 0]","[0, 0]",False,weak,"14700,0",[[]],"[[array([1000,  454]), array([1000,  566]), array([1000,  832])]]"
1836,"62,43049693107605","[672, 422]",True,"[0.517927, 0]","[0, 0]",False,weak,"14700,0",[[]],"[[array([1004,  444]), array([1004,  556]), array([1004,  822])]]"
1837,"62,465100049972534","[672, 422]",True,"[0.517927, 0]","[0, 0]",False,weak,"14700,0",[[]],"[[array([1008,  434]), array([1008,  546]), array([1008,  812])]]"
1838,"62,49893283843994","[672, 422]",True,"[0.517927, 0]","[0, 0]",False,weak,"14700,0",[[]],"[[array([1012,  424]), array([1012,  536]), array([1012,  802])]]"
1839,"62,53268790245056","[672, 422]",True,"[0.517927, 0]","[0, 0]",False,weak,"14700,0",[[]],"[[array([1016,  414]), array([1016,  526]), array([1016,  792])]]"
1840,"62,567407846450806","[672, 422]",True,"[0.517927, 0]","[0, 0]",False,weak,"14700,0",[[]],"[[array([1020,  404]), array([1020,  516]), array([1020,  782])]]"
1841,"62,60106706619263","[672, 422]",True,"[0.517927, 0]","[0, 0]",False,weak,"14700,0",[[]],"[[array([1024,  394]), array([1024,  506]), array([1024,  772])]]"
1842,"62,63484787940979","[672, 422]",True,"[0.517927, 0]","[0, 0]",False,weak,"14700,0",[[]],"[[array([1028,  384]), array([1028,  496]), array([1028,  762])]]"
1843,"62,66925001144409","[672, 422]",True,"[0.517927, 0]","[0, 0]",False,weak,"14700,0",[[]],"[[array([1032,  374]), array([1032,  486]), array([1032,  752])]]"
1844,"62,70290470123291","[672, 422]",True,"[0.517927, 0]","[0, 0]",False,weak,"14700,0",[[]],"[[array([1036,  364]), array([1036,  476]), array([1036,  742])]]"
1845,"62,736671924591064","[672, 422]",True,"[0.517927, 0]","[0, 0]",False,weak,"14700,0",[[]],"[[array([1040,  354]), array([1040,  466]), array([1040,  732])]]"
1846,"62,77045488357544","[672, 422]",True,"[0.517927, 0]","[0, 0]",False,weak,"14700,0",[[]],"[[array([1044,  344]), array([1044,  456]), array([1044,  722])]]"
1847,"62,80505704879761","[672, 422]",True,"[0.517927, 0]","[0, 0]",False,weak,"14700,0",[[]],"[[array([1048,  334]), array([1048,  446]), array([1048,  712])]]"
1848,"62,83884787559509","[672, 422]",True,"[0.517927, 0]","[0, 0]",False,weak,"14700,0",[[]],"[[array([1052,  324]), array([1052,  436]), array([1052,  702])]]"
1849,"62,872785806655884","[672, 422]",True,"[0.517927, 0]","[0, 0]",False,weak,"14700,0",[[]],"[[array([1056,  314]), array([1056,  426]), array([1056,  692])]]"
1850,"62,90686106681824","[672, 422]",True,"[0.517927, 0]","[0, 0]",False,weak,"14700,0",[[]],"[[array([1060,  304]), array([1060,  416]), array([1060,  682])]]"
1851,"62,94118595123291","[672, 422]",True,"[0.517927, 0]","[0, 0]",False,weak,"14700,0",[[]],"[[array([1064,  294]), array([1064,  406]), array([1064,  672])]]"
1852,"62,97508978843689","[672, 422]",True,"[0.517927, 0]","[0, 0]",False,weak,"14700,0",[[]],"[[array([1068,  284]), array([1068,  396]), array([1068,  662])]]"
1853,"63,00911903381348","[672, 422]",True,"[0.517927, 0]","[0, 0]",False,weak,"14700,0",[[]],"[[array([1072,  274]), array([1072,  386]), array([1072,  652])]]"
1854,"63,04314184188843","[672, 422]",True,"[0.517927, 0]","[0, 0]",False,weak,"14700,0",[[]],"[[array([1076,  264]), array([1076,  376]), array([1076,  642])]]"
1855,"63,07699513435364","[672, 422]",True,"[0.517927, 0]","[0, 0]",False,weak,"14700,0",[[]],"[[array([1080,  254]), array([1080,  366]), array([1080,  632])]]"
1856,"63,11074686050415","[672, 422]",True,"[0.517927, 0]","[0, 0]",False,weak,"14700,0",[[]],"[[array([1084,  244]), array([1084,  356]), array([1084,  622])]]"
1857,"63,144510984420776","[672, 422]",True,"[0.517927, 0]","[0, 0]",False,weak,"14700,0",[[]],"[[array([1088,  234]), array([1088,  346]), array([1088,  612])]]"
1858,"63,17920780181885","[672, 422]",True,"[0.517927, 0]","[0, 0]",False,weak,"14700,0",[[]],"[[array([1088,  224]), array([1088,  336]), array([1088,  602])]]"
1859,"63,21283793449402","[672, 422]",True,"[0.517927, 0]","[0, 0]",False,weak,"14700,0",[[]],"[[array([1088,  214]), array([1088,  326]), array([1088,  592])]]"
1860,"63,246541023254395","[672, 422]",True,"[0.517927, 0]","[0, 0]",False,weak,"14700,0",[[]],"[[array([1088,  204]), array([1088,  316]), array([1088,  582])]]"
1861,"63,28125476837158","[672, 422]",True,"[0.517927, 0]","[0, 0]",False,weak,"14700,0",[[]],"[[array([1088,  194]), array([1088,  306]), array([1088,  572])]]"
1862,"63,314905881881714","[672, 422]",True,"[0.517927, 0]","[0, 0]",False,weak,"14700,0",[[]],"[[array([1088,  184]), array([1088,  296]), array([1088,  562])]]"
1863,"63,34887981414795","[672, 422]",True,"[0.517927, 0]","[0, 0]",False,weak,"14700,0",[[]],"[[array([1088,  174]), array([1088,  286]), array([1088,  552])]]"
1864,"63,38270902633667","[672, 422]",True,"[0.517927, 0]","[0, 0]",False,weak,"14700,0",[[]],"[[array([1088,  164]), array([1088,  276]), array([1088,  542])]]"
1865,"63,41656279563904","[672, 422]",True,"[0.517927, 0]","[0, 0]",False,weak,"14700,0",[[]],"[[array([1088,  154]), array([1088,  266]), array([1088,  532])]]"
1866,"63,45131802558899","[672, 422]",True,"[0.517927, 0]","[0, 0]",False,weak,"14700,0",[[]],"[[array([1088,  144]), array([1088,  256]), array([1088,  522])]]"
1867,"63,48503398895264","[672, 422]",True,"[0.517927, 0]","[0, 0]",False,weak,"14700,0",[[]],"[[array([1088,  134]), array([1088,  246]), array([1088,  512])]]"
1868,"63,51875305175781","[672, 422]",True,"[0.517927, 0]","[0, 0]",False,weak,"14700,0",[[]],"[[array([1088,  124]), array([1088,  236]), array([1088,  502])]]"
1869,"63,552658796310425","[672, 422]",True,"[0.517927, 0]","[0, 0]",False,weak,"14700,0",[[]],"[[array([1088,  114]), array([1088,  226]), array([1088,  492])]]"
1870,"63,587318897247314","[672, 422]",True,"[0.517927, 0]","[0, 0]",False,weak,"14700,0",[[]],"[[array([1088,  104]), array([1088,  216]), array([1088,  482])]]"
1871,"63,62116575241089","[672, 422]",True,"[0.517927, 0]","[0, 0]",False,weak,"14700,0",[[]],"[[array([1083,   94]), array([1083,  206]), array([1083,  472])]]"
1872,"63,65490984916687","[672, 422]",True,"[0.517927, 0]","[0, 0]",False,weak,"14700,0",[[]],"[[array([1074,   84]), array([1074,  196]), array([1074,  462])]]"
1873,"63,68856883049011","[672, 422]",True,"[0.517927, 0]","[0, 0]",False,weak,"14700,0",[[]],"[[array([1067,   74]), array([1067,  186]), array([1067,  452])]]"
1874,"63,72307896614075","[672, 422]",True,"[0.517927, 0]","[0, 0]",False,weak,"14700,0",[[]],"[[array([1059,   64]), array([1059,  176]), array([1059,  442])]]"
1875,"63,756526708602905","[672, 422]",True,"[0.517927, 0]","[0, 0]",False,weak,"14700,0",[[]],"[[array([1053,   54]), array([1053,  166]), array([1053,  432])]]"
1876,"63,79076099395752","[672, 422]",True,"[0.517927, 0]","[0, 0]",False,weak,"14700,0",[[]],"[[array([1046,   44]), array([1046,  156]), array([1046,  422])]]"
1877,"63,82524585723877","[672, 422]",True,"[0.517927, 0]","[0, 0]",False,weak,"14700,0",[[]],"[[array([1050,   34]), array([1050,  146]), array([1050,  412])]]"
1878,"63,85854387283325","[672, 422]",True,"[0.517927, 0]","[0, 0]",False,weak,"14700,0",[[]],"[[array([1054,   24]), array([1054,  136]), array([1054,  402])]]"
1879,"63,893133878707886","[672, 422]",True,"[0.517927, 0]","[0, 0]",False,weak,"14700,0",[[]],"[[array([1058,   14]), array([1058,  126]), array([1058,  392])]]"
1880,"63,926843881607056","[672, 422]",True,"[0.517927, 0]","[0, 0]",False,weak,"14700,0",[[]],"[[array([1062,    4]), array([1062,  116]), array([1062,  382])]]"
1881,"63,960580825805664","[672, 422]",True,"[0.517927, 0]","[0, 0]",False,weak,"14700,0",[[]],"[[array([1066,  106]), array([1066,  372])]]"
1882,"63,99520206451416","[672, 422]",True,"[0.517927, 0]","[0, 0]",False,weak,"14700,0",[[]],"[[array([1070,   96]), array([1070,  362])]]"
1883,"64,028728723526","[672, 422]",True,"[0.517927, 0]","[0, 0]",False,weak,"14700,0",[[]],"[[array([1074,   86]), array([1074,  352])]]"
1884,"64,06325888633728","[672, 422]",True,"[0.517927, 0]","[0, 0]",False,weak,"14700,0",[[]],"[[array([1074,   76]), array([1074,  342])]]"
1885,"64,09688878059387","[672, 422]",True,"[0.517927, 0]","[0, 0]",False,weak,"14700,0",[[]],"[[array([1074,   66]), array([1074,  332]), array([1074,  836])]]"
1886,"64,13071274757385","[672, 422]",True,"[0.517927, 0]","[0, 0]",False,weak,"14700,0",[[]],"[[array([1074,   56]), array([1074,  322]), array([1074,  826])]]"
1887,"64,16453886032104","[672, 422]",True,"[0.517927, 0]","[0, 0]",False,weak,"14700,0",[[]],"[[array([1074,   46]), array([1074,  312]), array([1074,  816])]]"
1888,"64,19879293441772","[672, 422]",True,"[0.517927, 0]","[0, 0]",False,weak,"14700,0",[[]],"[[array([1074,   36]), array([1074,  302]), array([1074,  806])]]"
1889,"64,23321080207825","[672, 422]",True,"[0.517927, 0]","[0, 0]",False,weak,"14700,0",[[]],"[[array([1074,   26]), array([1074,  292]), array([1074,  796])]]"
1890,"64,2671480178833","[672, 422]",True,"[0.517927, 0]","[0, 0]",False,weak,"14700,0",[[]],"[[array([1074,   16]), array([1074,  282]), array([1074,  786])]]"
1891,"64,30110001564026","[672, 422]",True,"[0.517927, 0]","[0, 0]",False,weak,"14700,0",[[]],"[[array([1074,    6]), array([1074,  272]), array([1074,  776])]]"
1892,"64,33500385284424","[672, 422]",True,"[0.517927, 0]","[0, 0]",False,weak,"14700,0",[[]],"[[array([1074,  262]), array([1074,  766])]]"
1893,"64,36904191970825","[672, 422]",True,"[0.517927, 0]","[0, 0]",False,weak,"14700,0",[[]],"[[array([1074,  252]), array([1074,  756])]]"
1894,"64,40290474891663","[672, 422]",True,"[0.517927, 0]","[0, 0]",False,weak,"14700,0",[[]],"[[array([1074,  242]), array([1074,  746])]]"
1895,"64,43695092201233","[672, 422]",True,"[0.517927, 0]","[0, 0]",False,weak,"14700,0",[[]],"[[array([1074,  232]), array([1074,  736])]]"
1896,"64,47170400619507","[672, 422]",True,"[0.517927, 0]","[0, 0]",False,weak,"14700,0",[[]],"[[array([1062,  222]), array([1062,  726])]]"
1897,"64,50449299812317","[672, 422]",True,"[0.517927, 0]","[0, 0]",False,weak,"14700,0",[[]],"[[array([1050,  212]), array([1050,  716])]]"
1898,"64,5392918586731","[672, 422]",True,"[0.517927, 0]","[0, 0]",False,weak,"14700,0",[[]],"[[array([1038,  202]), array([1038,  706])]]"
1899,"64,57299304008484","[672, 422]",True,"[0.517927, 0]","[0, 0]",False,weak,"14700,0",[[]],"[[array([1025,  192]), array([1025,  696])]]"
1900,"64,60662984848022","[672, 422]",True,"[0.517927, 0]","[0, 0]",False,weak,"14700,0",[[]],"[[array([1014,  182]), array([1014,  686])]]"
1901,"64,64132571220398","[672, 422]",True,"[0.517927, 0]","[0, 0]",False,weak,"14700,0",[[]],"[[array([1012,  172]), array([1012,  676])]]"
1902,"64,67484068870544","[672, 422]",True,"[0.517927, 0]","[0, 0]",False,weak,"14700,0",[[]],"[[array([1012,  162]), array([1012,  666])]]"
1903,"64,70922183990479","[672, 422]",True,"[0.517927, 0]","[0, 0]",False,weak,"14700,0",[[]],"[[array([1012,  152]), array([1012,  656])]]"
1904,"64,74311399459839","[672, 422]",True,"[0.517927, 0]","[0, 0]",False,weak,"14700,0",[[]],"[[array([1012,  142]), array([1012,  646])]]"
1905,"64,77647995948792","[672, 422]",True,"[0.517927, 0]","[0, 0]",False,weak,"14700,0",[[]],"[[array([1012,  132]), array([1012,  636])]]"
1906,"64,8107419013977","[672, 422]",True,"[0.517927, 0]","[0, 0]",False,weak,"14700,0",[[]],"[[array([1012,  122]), array([1012,  626])]]"
1907,"64,84543490409851","[672, 422]",True,"[0.517927, 0]","[0, 0]",False,weak,"14700,0",[[]],"[[array([1012,  112]), array([1012,  616])]]"
1908,"64,87996792793274","[672, 422]",True,"[0.517927, 0]","[0, 0]",False,weak,"14700,0",[[]],"[[array([1012,  102]), array([1012,  606])]]"
1909,"64,91381502151489","[672, 422]",True,"[0.517927, 0]","[0, 0]",False,weak,"14700,0",[[]],"[[array([1012,   92]), array([1012,  596])]]"
1910,"64,94795989990234","[672, 422]",True,"[0.517927, 0]","[0, 0]",False,weak,"14700,0",[[]],"[[array([1012,   82]), array([1012,  586])]]"
1911,"64,98180985450745","[672, 422]",True,"[0.517927, 0]","[0, 0]",False,weak,"14700,0",[[]],"[[array([1012,   72]), array([1012,  576])]]"
1912,"65,0162239074707","[672, 422]",True,"[0.517927, 0]","[0, 0]",False,weak,"14700,0",[[]],"[[array([1012,   62]), array([1012,  566])]]"
1913,"65,04948782920837","[672, 422]",True,"[0.517927, 0]","[0, 0]",False,weak,"14700,0",[[]],"[[array([1012,   52]), array([1012,  556])]]"
1914,"65,08467197418213","[672, 422]",True,"[0.517927, 0]","[0, 0]",False,weak,"14700,0",[[]],"[[array([1007,   42]), array([1007,  546])]]"
1915,"65,11793780326843","[672, 422]",True,"[0.517927, 0]","[0, 0]",False,weak,"14700,0",[[]],"[[array([996,  32]), array([996, 536])]]"
1916,"65,15170574188232","[672, 422]",True,"[0.517927, 0]","[0, 0]",False,weak,"14700,0",[[]],"[[array([979,  22]), array([979, 526])]]"
1917,"65,186598777771","[672, 422]",True,"[0.517927, 0]","[0, 0]",False,weak,"14700,0",[[]],"[[array([979,  12]), array([979, 516])]]"
1918,"65,22019577026367","[672, 422]",True,"[0.517927, 0]","[0, 0]",False,weak,"14700,0",[[]],"[[array([979,   2]), array([979, 506])]]"
1919,"65,25404000282288","[672, 422]",True,"[0.517927, 0]","[0, 0]",False,weak,"14700,0",[[]],"[[array([979, 496])]]"
1920,"65,2874698638916","[672, 422]",True,"[0.517927, 0]","[0, 0]",False,weak,"14700,0",[[]],"[[array([979, 486])]]"
1921,"65,32206392288208","[672, 422]",True,"[0.517927, 0]","[0, 0]",False,weak,"14700,0",[[]],"[[array([979, 476])]]"
1922,"65,35594296455383","[672, 422]",True,"[0.517927, 0]","[0, 0]",False,weak,"14700,0",[[]],"[[array([979, 466])]]"
1923,"65,38961791992188","[672, 422]",True,"[0.517927, 0]","[0, 0]",False,weak,"14700,0",[[]],"[[array([979, 456])]]"
1924,"65,42429685592651","[672, 422]",True,"[0.517927, 0]","[0, 0]",False,weak,"14700,0",[[]],"[[array([983, 446])]]"
1925,"65,45793294906616","[672, 422]",True,"[0.517927, 0]","[0, 0]",False,weak,"14700,0",[[]],"[[array([987, 436])]]"
1926,"65,49149990081787","[672, 422]",True,"[0.517927, 0]","[0, 0]",False,weak,"14700,0",[[]],"[[array([991, 426])]]"
1927,"65,52610898017883","[672, 422]",True,"[0.517927, 0]","[0, 0]",False,weak,"14700,0",[[]],"[[array([995, 416])]]"
1928,"65,55959296226501","[672, 422]",True,"[0.517927, 0]","[0, 0]",False,weak,"14700,0",[[]],"[[array([999, 406])]]"
1929,"65,59445977210999","[672, 422]",True,"[0.517927, 0]","[0, 0]",False,weak,"14700,0",[[]],"[[array([1003,  396])]]"
1930,"65,62943696975708","[672, 422]",True,"[0.517927, 0]","[0, 0]",False,weak,"14700,0",[[]],"[[array([1007,  386])]]"
1931,"65,66324877738953","[672, 422]",True,"[0.517927, 0]","[0, 0]",False,weak,"14700,0",[[]],"[[array([1011,  376])]]"
1932,"65,69696688652039","[672, 422]",True,"[0.517927, 0]","[0, 0]",False,weak,"14700,0",[[]],"[[array([1015,  366])]]"
1933,"65,73066806793213","[672, 422]",True,"[0.517927, 0]","[0, 0]",False,weak,"14700,0",[[]],"[[array([1019,  356])]]"
1934,"65,76529383659363","[672, 422]",True,"[0.517927, 0]","[0, 0]",False,weak,"14700,0",[[]],"[[array([1023,  346])]]"
1935,"65,79906105995178","[672, 422]",True,"[0.517927, 0]","[0, 0]",False,weak,"14700,0",[[]],"[[array([1023,  336])]]"
1936,"65,83255767822266","[672, 422]",True,"[0.517927, 0]","[0, 0]",False,weak,"14700,0",[[]],"[[array([1023,  326])]]"
1937,"65,86719489097595","[672, 422]",True,"[0.517927, 0]","[0, 0]",False,weak,"14700,0",[[]],"[[array([1023,  316])]]"
1938,"65,90089988708496","[672, 422]",True,"[0.517927, 0]","[0, 0]",False,weak,"14700,0",[[]],"[[array([1023,  306])]]"
1939,"65,93474292755127","[672, 422]",True,"[0.517927, 0]","[0, 0]",False,weak,"14700,0",[[]],"[[array([1023,  296])]]"
1940,"65,96935081481934","[672, 422]",True,"[0.517927, 0]","[0, 0]",False,weak,"14700,0",[[]],"[[array([1023,  286])]]"
1941,"66,00301384925842","[672, 422]",True,"[0.517927, 0]","[0, 0]",False,weak,"14700,0",[[]],"[[array([1023,  276])]]"
1942,"66,03695487976074","[672, 422]",True,"[0.517927, 0]","[0, 0]",False,weak,"14700,0",[[]],"[[array([1023,  266])]]"
1943,"66,07074689865112","[672, 422]",True,"[0.517927, 0]","[0, 0]",False,weak,"14700,0",[[]],"[[array([1023,  256])]]"
1944,"66,10466575622559","[672, 422]",True,"[0.517927, 0]","[0, 0]",False,weak,"14700,0",[[]],"[[array([1023,  246])]]"
1945,"66,13926601409912","[672, 422]",True,"[0.517927, 0]","[0, 0]",False,weak,"14700,0",[[]],"[[array([1023,  236])]]"
1946,"66,1731960773468","[672, 422]",True,"[0.517927, 0]","[0, 0]",False,weak,"14700,0",[[]],"[[array([1023,  226])]]"
1947,"66,20728182792664","[672, 422]",True,"[0.517927, 0]","[0, 0]",False,weak,"14700,0",[[]],"[[array([1023,  216])]]"
1948,"66,24122381210327","[672, 422]",True,"[0.517927, 0]","[0, 0]",False,weak,"14700,0",[[]],"[[array([1023,  206])]]"
1949,"66,27487206459045","[672, 422]",True,"[0.517927, 0]","[0, 0]",False,weak,"14700,0",[[]],"[[array([1023,  196])]]"
1950,"66,30868196487427","[672, 422]",True,"[0.517927, 0]","[0, 0]",False,weak,"14700,0",[[]],"[[array([1023,  186])]]"
1951,"66,34254288673401","[672, 422]",True,"[0.517927, 0]","[0, 0]",False,weak,"14700,0",[[]],"[[array([1023,  176])]]"
1952,"66,37654185295105","[672, 422]",True,"[0.517927, 0]","[0, 0]",False,weak,"14700,0",[[]],"[[array([1023,  166])]]"
1953,"66,41071891784668","[672, 422]",True,"[0.517927, 0]","[0, 0]",False,weak,"14700,0",[[]],"[[array([1023,  156])]]"
1954,"66,44486880302429","[672, 422]",True,"[0.517927, 0]","[0, 0]",False,weak,"14700,0",[[]],"[[array([1023,  146])]]"
1955,"66,47882795333862","[672, 422]",True,"[0.517927, 0]","[0, 0]",False,weak,"14700,0",[[]],"[[array([1023,  136])]]"
1956,"66,51272869110107","[672, 422]",True,"[0.517927, 0]","[0, 0]",False,weak,"14700,0",[[]],"[[array([1023,  126])]]"
1957,"66,54653596878052","[672, 422]",True,"[0.517927, 0]","[0, 0]",False,weak,"14700,0",[[]],"[[array([1023,  116])]]"
1958,"66,58146095275879","[672, 422]",True,"[0.517927, 0]","[0, 0]",False,weak,"14700,0",[[]],"[[array([1023,  106])]]"
1959,"66,61545872688293","[672, 422]",True,"[0.517927, 0]","[0, 0]",False,weak,"14700,0",[[]],"[[array([1023,   96])]]"
1960,"66,65039801597595","[672, 422]",True,"[0.517927, 0]","[0, 0]",False,weak,"14700,0",[[]],"[[array([1023,   86])]]"
1961,"66,68426084518433","[672, 422]",True,"[0.517927, 0]","[0, 0]",False,weak,"14700,0",[[]],"[[array([1023,   76])]]"
1962,"66,7180848121643","[672, 422]",True,"[0.517927, 0]","[0, 0]",False,weak,"14700,0",[[]],"[[array([1023,   66])]]"
1963,"66,75209593772888","[672, 422]",True,"[0.517927, 0]","[0, 0]",False,weak,"14700,0",[[]],"[[array([1023,   56])]]"
1964,"66,78625297546387","[672, 422]",True,"[0.517927, 0]","[0, 0]",False,weak,"14700,0",[[]],"[[array([1023,   46])]]"
1965,"66,82036185264587","[672, 422]",True,"[0.517927, 0]","[0, 0]",False,weak,"14700,0",[[]],"[[array([1023,   36])]]"
1966,"66,85379672050476","[672, 422]",True,"[0.517927, 0]","[0, 0]",False,weak,"14700,0",[[]],"[[array([1023,   26])]]"
1967,"66,88792395591736","[672, 422]",True,"[0.517927, 0]","[0, 0]",False,weak,"14700,0",[[]],"[[array([1023,   16])]]"
1968,"66,92152690887451","[672, 422]",True,"[0.517927, 0]","[0, 0]",False,weak,"14700,0",[[]],"[[array([1023,    6])]]"
1969,"66,95605397224426","[672, 422]",True,"[0.517927, 0]","[0, 0]",False,weak,"14700,0",[[]],[[]]
1970,"66,98996686935425","[672, 422]",True,"[0.517927, 0]","[0, 0]",False,weak,"14700,0",[[]],[[]]
1971,"67,02412271499634","[672, 422]",True,"[0.517927, 0]","[0, 0]",False,weak,"14700,0",[[]],[[]]
1972,"67,05843782424927","[672, 422]",True,"[0.517927, 0]","[0, 0]",False,weak,"14700,0",[[]],[[]]
1973,"67,0917477607727","[672, 422]",True,"[0.517927, 0]","[0, 0]",False,weak,"14700,0",[[]],[[]]
1974,"67,12607097625732","[672, 422]",True,"[0.517927, 0]","[0, 0]",False,weak,"14700,0",[[]],[[]]
1975,"67,1599669456482","[672, 422]",True,"[0.517927, 0]","[0, 0]",False,weak,"14700,0",[[]],[[]]
1976,"67,1938099861145","[672, 422]",True,"[0.517927, 0]","[0, 0]",False,weak,"14700,0",[[]],[[]]
1977,"67,22754573822021","[672, 422]",True,"[0.517927, 0]","[0, 0]",False,weak,"14700,0",[[]],[[]]
1978,"67,26215767860413","[672, 422]",True,"[0.517927, 0]","[0, 0]",False,weak,"14700,0",[[]],[[]]
1979,"67,29582476615906","[672, 422]",True,"[0.517927, 0]","[0, 0]",False,weak,"14700,0",[[]],[[]]
1980,"67,33036279678345","[672, 422]",True,"[0.517927, 0]","[0, 0]",False,weak,"14700,0",[[]],[[]]
1981,"67,36401796340942","[672, 422]",True,"[0.517927, 0]","[0, 0]",False,weak,"14700,0",[[]],[[]]
1982,"67,39755892753601","[672, 422]",True,"[0.517927, 0]","[0, 0]",False,weak,"14700,0",[[]],[[]]
1983,"67,43221974372864","[672, 422]",True,"[0.517927, 0]","[0, 0]",False,weak,"14700,0",[[]],[[]]
1984,"67,46605110168457","[672, 422]",True,"[0.517927, 0]","[0, 0]",False,weak,"14700,0",[[]],[[]]
1985,"67,49989891052246","[672, 422]",True,"[0.517927, 0]","[0, 0]",False,weak,"14700,0",[[]],[[]]
1986,"67,53386282920837","[672, 422]",True,"[0.517927, 0]","[0, 0]",False,weak,"14700,0",[[]],[[]]
1987,"67,56769299507141","[672, 422]",True,"[0.517927, 0]","[0, 0]",False,weak,"14700,0",[[]],[[]]
1988,"67,60161781311035","[672, 422]",True,"[0.517927, 0]","[0, 0]",False,weak,"14700,0",[[]],[[]]
1989,"67,63575887680054","[672, 422]",True,"[0.517927, 0]","[0, 0]",False,weak,"14700,0",[[]],[[]]
1990,"67,67007374763489","[672, 422]",True,"[0.517927, 0]","[0, 0]",False,weak,"14700,0",[[]],[[]]
1991,"67,70389080047607","[672, 422]",True,"[0.517927, 0]","[0, 0]",False,weak,"14700,0",[[]],[[]]
1992,"67,73765683174133","[672, 422]",True,"[0.517927, 0]","[0, 0]",False,weak,"14700,0",[[]],[[]]
1993,"67,77241969108582","[672, 422]",True,"[0.517927, 0]","[0, 0]",False,weak,"14700,0",[[]],[[]]
1994,"67,80608201026917","[672, 422]",True,"[0.517927, 0]","[0, 0]",False,weak,"14700,0",[[]],[[]]
1995,"67,83973598480225","[672, 422]",True,"[0.517927, 0]","[0, 0]",False,weak,"14700,0",[[]],[[]]
1996,"67,87428569793701","[672, 422]",True,"[0.517927, 0]","[0, 0]",False,weak,"14700,0",[[]],[[]]
1997,"67,9079921245575","[672, 422]",True,"[0.517927, 0]","[0, 0]",False,weak,"14700,0",[[]],[[]]
1998,"67,94168186187744","[672, 422]",True,"[0.517927, 0]","[0, 0]",False,weak,"14700,0",[[]],[[]]
1999,"67,9763708114624","[672, 422]",True,"[0.517927, 0]","[0, 0]",False,weak,"14700,0",[[]],[[]]
2000,"68,01014876365662","[672, 422]",True,"[0.517927, 0]","[0, 0]",False,weak,"14700,0",[[]],[[]]
2001,"68,04385304450989","[672, 422]",True,"[0.517927, 0]","[0, 0]",False,weak,"14700,0",[[]],[[]]
2002,"68,07765769958496","[672, 422]",True,"[0.517927, 0]","[0, 0]",False,weak,"14700,0",[[]],[[]]
2003,"68,1124198436737","[672, 422]",True,"[0.517927, 0]","[0, 0]",False,weak,"14700,0",[[]],[[]]
2004,"68,14622592926025","[672, 422]",True,"[0.517927, 0]","[0, 0]",False,weak,"14700,0",[[]],[[]]
2005,"68,18001389503479","[672, 422]",True,"[0.517927, 0]","[0, 0]",False,weak,"14700,0",[[]],[[]]
2006,"68,21372699737549","[672, 422]",True,"[0.517927, 0]","[0, 0]",False,weak,"14700,0",[[]],[[]]
2007,"68,24826288223267","[672, 422]",True,"[0.517927, 0]","[0, 0]",False,weak,"14700,0",[[]],[[]]
2008,"68,28176784515381","[672, 422]",True,"[0.517927, 0]","[0, 0]",False,weak,"14700,0",[[]],[[]]
2009,"68,31605291366577","[672, 422]",True,"[0.517927, 0]","[0, 0]",False,weak,"14700,0",[[]],[[]]
2010,"68,34972190856934","[672, 422]",True,"[0.517927, 0]","[0, 0]",False,weak,"14700,0",[[]],[[]]
2011,"68,38443803787231","[672, 422]",True,"[0.517927, 0]","[0, 0]",False,weak,"14700,0",[[]],[[]]
2012,"68,41811895370483","[672, 422]",True,"[0.517927, 0]","[0, 0]",False,weak,"14700,0",[[]],[[]]
2013,"68,45165991783142","[672, 422]",True,"[0.517927, 0]","[0, 0]",False,weak,"14700,0",[[]],[[]]
2014,"68,48628497123718","[672, 422]",True,"[0.517927, 0]","[0, 0]",False,weak,"14700,0",[[]],[[]]
2015,"68,51983094215393","[672, 422]",True,"[0.517927, 0]","[0, 0]",False,weak,"14700,0",[[]],[[]]
2016,"68,55435705184937","[672, 422]",True,"[0.517927, 0]","[0, 0]",False,weak,"14700,0",[[]],[[]]
2017,"68,58802890777588","[672, 422]",True,"[0.517927, 0]","[0, 0]",False,weak,"14700,0",[[]],[[]]
2018,"68,62200689315796","[672, 422]",True,"[0.517927, 0]","[0, 0]",False,weak,"14700,0",[[]],[[]]
2019,"68,65579390525818","[672, 422]",True,"[0.517927, 0]","[0, 0]",False,weak,"14700,0",[[]],[[]]
2020,"68,68953704833984","[672, 422]",True,"[0.517927, 0]","[0, 0]",False,weak,"14700,0",[[]],[[]]
2021,"68,72424602508545","[672, 422]",True,"[0.517927, 0]","[0, 0]",False,weak,"14700,0",[[]],[[]]
2022,"68,75812292098999","[672, 422]",True,"[0.517927, 0]","[0, 0]",False,weak,"14700,0",[[]],[[]]
2023,"68,79220986366272","[672, 422]",True,"[0.517927, 0]","[0, 0]",False,weak,"14700,0",[[]],[[]]
2024,"68,8256938457489","[672, 422]",True,"[0.517927, 0]","[0, 0]",False,weak,"14700,0",[[]],[[]]
2025,"68,85978984832764","[672, 422]",True,"[0.517927, 0]","[0, 0]",False,weak,"14700,0",[[]],[[]]
2026,"68,89405393600464","[672, 422]",True,"[0.517927, 0]","[0, 0]",False,weak,"14700,0",[[]],[[]]
2027,"68,92795991897583","[672, 422]",True,"[0.517927, 0]","[0, 0]",False,weak,"14700,0",[[]],[[]]
2028,"68,96183395385742","[672, 422]",True,"[0.517927, 0]","[0, 0]",False,weak,"14700,0",[[]],[[]]
2029,"68,99579286575317","[672, 422]",True,"[0.517927, 0]","[0, 0]",False,weak,"14700,0",[[]],[[]]
2030,"69,02962470054626","[672, 422]",True,"[0.517927, 0]","[0, 0]",False,weak,"14700,0",[[]],[[]]
2031,"69,06442975997925","[672, 422]",True,"[0.517927, 0]","[0, 0]",False,weak,"14700,0",[[]],[[]]
2032,"69,09812569618225","[672, 422]",True,"[0.517927, 0]","[0, 0]",False,weak,"14700,0",[[]],[[]]
2033,"69,13188791275024","[672, 422]",True,"[0.517927, 0]","[0, 0]",False,weak,"14700,0",[[]],[[]]
2034,"69,16562485694885","[672, 422]",True,"[0.517927, 0]","[0, 0]",False,weak,"14700,0",[[]],[[]]
2035,"69,20029783248901","[672, 422]",True,"[0.517927, 0]","[0, 0]",False,weak,"14700,0",[[]],[[]]
2036,"69,23406791687012","[672, 422]",True,"[0.517927, 0]","[0, 0]",False,weak,"14700,0",[[]],[[]]
2037,"69,2678918838501","[672, 422]",True,"[0.517927, 0]","[0, 0]",False,weak,"14700,0",[[]],[[]]
2038,"69,30172395706177","[672, 422]",True,"[0.517927, 0]","[0, 0]",False,weak,"14700,0",[[]],[[]]
2039,"69,33554196357727","[672, 422]",True,"[0.517927, 0]","[0, 0]",False,weak,"14700,0",[[]],[[]]
2040,"69,369619846344","[672, 422]",True,"[0.517927, 0]","[0, 0]",False,weak,"14700,0",[[]],[[]]
2041,"69,4040379524231","[672, 422]",True,"[0.517927, 0]","[0, 0]",False,weak,"14700,0",[[]],[[]]
2042,"69,43834185600281","[672, 422]",True,"[0.517927, 0]","[0, 0]",False,weak,"14700,0",[[]],[[]]
2043,"69,47174096107483","[672, 422]",True,"[0.517927, 0]","[0, 0]",False,weak,"14700,0",[[]],[[]]
2044,"69,50568389892578","[672, 422]",True,"[0.517927, 0]","[0, 0]",False,weak,"14700,0",[[]],[[]]
2045,"69,53964066505432","[672, 422]",True,"[0.517927, 0]","[0, 0]",False,weak,"14700,0",[[]],[[]]
2046,"69,57440781593323","[672, 422]",True,"[0.517927, 0]","[0, 0]",False,weak,"14700,0",[[]],[[]]
2047,"69,6075668334961","[672, 422]",True,"[0.517927, 0]","[0, 0]",False,weak,"14700,0",[[]],[[]]
2048,"69,64152193069458","[672, 422]",True,"[0.517927, 0]","[0, 0]",False,weak,"14700,0",[[]],[[]]
2049,"69,67633581161499","[672, 422]",True,"[0.517927, 0]","[0, 0]",False,weak,"14700,0",[[]],[[]]
2050,"69,71020078659058","[672, 422]",True,"[0.517927, 0]","[0, 0]",False,weak,"14700,0",[[]],[[]]
2051,"69,74411702156067","[672, 422]",True,"[0.517927, 0]","[0, 0]",False,weak,"14700,0",[[]],[[]]
2052,"69,77785897254944","[672, 422]",True,"[0.517927, 0]","[0, 0]",False,weak,"14700,0",[[]],[[]]
2053,"69,8115348815918","[672, 422]",True,"[0.517927, 0]","[0, 0]",False,weak,"14700,0",[[]],[[]]
2054,"69,84628582000732","[672, 422]",True,"[0.517927, 0]","[0, 0]",False,weak,"14700,0",[[]],[[]]
2055,"69,8800778388977","[672, 422]",True,"[0.517927, 0]","[0, 0]",False,weak,"14700,0",[[]],[[]]
2056,"69,91362404823303","[672, 422]",True,"[0.517927, 0]","[0, 0]",False,weak,"14700,0",[[]],[[]]
2057,"69,94842910766602","[672, 422]",True,"[0.517927, 0]","[0, 0]",False,weak,"14700,0",[[]],[[]]
2058,"69,9820499420166","[672, 422]",True,"[0.517927, 0]","[0, 0]",False,weak,"14700,0",[[]],[[]]
2059,"70,0155508518219","[672, 422]",True,"[0.517927, 0]","[0, 0]",False,weak,"14700,0",[[]],[[]]
2060,"70,0498948097229","[672, 422]",True,"[0.517927, 0]","[0, 0]",False,weak,"14700,0",[[]],[[]]
2061,"70,08442282676697","[672, 422]",True,"[0.517927, 0]","[0, 0]",False,weak,"14700,0",[[]],[[]]
2062,"70,11813402175903","[672, 422]",True,"[0.517927, 0]","[0, 0]",False,weak,"14700,0",[[]],[[]]
2063,"70,15193796157837","[672, 422]",True,"[0.517927, 0]","[0, 0]",False,weak,"14700,0",[[]],[[]]
2064,"70,1859278678894","[672, 422]",True,"[0.517927, 0]","[0, 0]",False,weak,"14700,0",[[]],[[]]
2065,"70,21974301338196","[672, 422]",True,"[0.517927, 0]","[0, 0]",False,weak,"14700,0",[[]],[[]]
2066,"70,2544379234314","[672, 422]",True,"[0.517927, 0]","[0, 0]",False,weak,"14700,0",[[]],[[]]
2067,"70,28748798370361","[672, 422]",True,"[0.517927, 0]","[0, 0]",False,weak,"14700,0",[[]],[[]]
2068,"70,32233881950378","[672, 422]",True,"[0.517927, 0]","[0, 0]",False,weak,"14700,0",[[]],[[]]
2069,"70,35647583007812","[672, 422]",True,"[0.517927, 0]","[0, 0]",False,weak,"14700,0",[[]],[[]]
2070,"70,39058995246887","[672, 422]",True,"[0.517927, 0]","[0, 0]",False,weak,"14700,0",[[]],[[]]
2071,"70,42546582221985","[672, 422]",True,"[0.517927, 0]","[0, 0]",False,weak,"14700,0",[[]],[[]]
2072,"70,46026492118835","[672, 422]",True,"[0.517927, 0]","[0, 0]",False,weak,"14700,0",[[]],[[]]
2073,"70,4940857887268","[672, 422]",True,"[0.517927, 0]","[0, 0]",False,weak,"14700,0",[[]],[[]]
2074,"70,5278468132019","[672, 422]",True,"[0.517927, 0]","[0, 0]",False,weak,"14700,0",[[]],[[]]
2075,"70,56155586242676","[672, 422]",True,"[0.517927, 0]","[0, 0]",False,weak,"14700,0",[[]],[[]]
2076,"70,59601593017578","[672, 422]",True,"[0.517927, 0]","[0, 0]",False,weak,"14700,0",[[]],[[]]
2077,"70,62961983680725","[672, 422]",True,"[0.517927, 0]","[0, 0]",False,weak,"14700,0",[[]],[[]]
2078,"70,6643238067627","[672, 422]",True,"[0.517927, 0]","[0, 0]",False,weak,"14700,0",[[]],[[]]
2079,"70,69781875610352","[672, 422]",True,"[0.517927, 0]","[0, 0]",False,weak,"14700,0",[[]],[[]]
2080,"70,73208498954773","[672, 422]",True,"[0.517927, 0]","[0, 0]",False,weak,"14700,0",[[]],[[]]
2081,"70,76564192771912","[672, 422]",True,"[0.517927, 0]","[0, 0]",False,weak,"14700,0",[[]],[[]]
2082,"70,80032205581665","[672, 422]",True,"[0.517927, 0]","[0, 0]",False,weak,"14700,0",[[]],[[]]
2083,"70,83390784263611","[672, 422]",True,"[0.517927, 0]","[0, 0]",False,weak,"14700,0",[[]],[[]]
2084,"70,8678138256073","[672, 422]",True,"[0.517927, 0]","[0, 0]",False,weak,"14700,0",[[]],[[]]
2085,"70,90191102027893","[672, 422]",True,"[0.517927, 0]","[0, 0]",False,weak,"14700,0",[[]],[[]]
2086,"70,9358868598938","[672, 422]",True,"[0.517927, 0]","[0, 0]",False,weak,"14700,0",[[]],[[]]
2087,"70,96951484680176","[672, 422]",True,"[0.517927, 0]","[0, 0]",False,weak,"14700,0",[[]],[[]]
2088,"71,00373601913452","[672, 422]",True,"[0.517927, 0]","[0, 0]",False,weak,"14700,0",[[]],[[]]
2089,"71,03844285011292","[672, 422]",True,"[0.517927, 0]","[0, 0]",False,weak,"14700,0",[[]],[[]]
2090,"71,07225894927979","[672, 422]",True,"[0.517927, 0]","[0, 0]",False,weak,"14700,0",[[]],[[]]
2091,"71,10571479797363","[672, 422]",True,"[0.517927, 0]","[0, 0]",False,weak,"14700,0",[[]],[[]]
2092,"71,14000988006592","[672, 422]",True,"[0.517927, 0]","[0, 0]",False,weak,"14700,0",[[]],[[]]
2093,"71,17356896400452","[672, 422]",True,"[0.517927, 0]","[0, 0]",False,weak,"14700,0",[[]],[[]]
2094,"71,20784211158752","[672, 422]",True,"[0.517927, 0]","[0, 0]",False,weak,"14700,0",[[]],[[]]
2095,"71,24165511131287","[672, 422]",True,"[0.517927, 0]","[0, 0]",False,weak,"14700,0",[[]],[[]]
2096,"71,27637600898743","[672, 422]",True,"[0.517927, 0]","[0, 0]",False,weak,"14700,0",[[]],[[]]
2097,"71,31005382537842","[672, 422]",True,"[0.517927, 0]","[0, 0]",False,weak,"14700,0",[[]],[[]]
2098,"71,34376502037048","[672, 422]",True,"[0.517927, 0]","[0, 0]",False,weak,"14700,0",[[]],[[]]
2099,"71,37767696380615","[672, 422]",True,"[0.517927, 0]","[0, 0]",False,weak,"14700,0",[[]],[[]]
2100,"71,41161870956421","[672, 422]",True,"[0.517927, 0]","[0, 0]",False,weak,"14700,0",[[]],[[]]
2101,"71,44562792778015","[672, 422]",True,"[0.517927, 0]","[0, 0]",False,weak,"14700,0",[[]],[[]]
2102,"71,4794909954071","[672, 422]",True,"[0.517927, 0]","[0, 0]",False,weak,"14700,0",[[]],[[]]
2103,"71,51361584663391","[672, 422]",True,"[0.517927, 0]","[0, 0]",False,weak,"14700,0",[[]],[[]]
2104,"71,54829692840576","[672, 422]",True,"[0.517927, 0]","[0, 0]",False,weak,"14700,0",[[]],[[]]
2105,"71,58150696754456","[672, 422]",True,"[0.517927, 0]","[0, 0]",False,weak,"14700,0",[[]],[[]]
2106,"71,61577701568604","[672, 422]",True,"[0.517927, 0]","[0, 0]",False,weak,"14700,0",[[]],[[]]
2107,"71,64965772628784","[672, 422]",True,"[0.517927, 0]","[0, 0]",False,weak,"14700,0",[[]],[[]]
2108,"71,68375992774963","[672, 422]",True,"[0.517927, 0]","[0, 0]",False,weak,"14700,0",[[]],[[]]
2109,"71,71774792671204","[672, 422]",True,"[0.517927, 0]","[0, 0]",False,weak,"14700,0",[[]],[[]]
2110,"71,75165009498596","[672, 422]",True,"[0.517927, 0]","[0, 0]",False,weak,"14700,0",[[]],[[]]
2111,"71,78553080558777","[672, 422]",True,"[0.517927, 0]","[0, 0]",False,weak,"14700,0",[[]],[[]]
2112,"71,82034993171692","[672, 422]",True,"[0.517927, 0]","[0, 0]",False,weak,"14700,0",[[]],[[]]
2113,"71,85432887077332","[672, 422]",True,"[0.517927, 0]","[0, 0]",False,weak,"14700,0",[[]],[[]]
2114,"71,88808870315552","[672, 422]",True,"[0.517927, 0]","[0, 0]",False,weak,"14700,0",[[]],[[]]
2115,"71,92190384864807","[672, 422]",True,"[0.517927, 0]","[0, 0]",False,weak,"14700,0",[[]],[[]]
2116,"71,95574283599854","[672, 422]",True,"[0.517927, 0]","[0, 0]",False,weak,"14700,0",[[]],[[]]
2117,"71,99034810066223","[672, 422]",True,"[0.517927, 0]","[0, 0]",False,weak,"14700,0",[[]],[[]]
2118,"72,02419400215149","[672, 422]",True,"[0.517927, 0]","[0, 0]",False,weak,"14700,0",[[]],[[]]
2119,"72,05798768997192","[672, 422]",True,"[0.517927, 0]","[0, 0]",False,weak,"14700,0",[[]],[[]]
2120,"72,09173393249512","[672, 422]",True,"[0.517927, 0]","[0, 0]",False,weak,"14700,0",[[]],[[]]
2121,"72,12644410133362","[672, 422]",True,"[0.517927, 0]","[0, 0]",False,weak,"14700,0",[[]],[[]]
2122,"72,16009879112244","[672, 422]",True,"[0.517927, 0]","[0, 0]",False,weak,"14700,0",[[]],[[]]
2123,"72,19388008117676","[672, 422]",True,"[0.517927, 0]","[0, 0]",False,weak,"14700,0",[[]],[[]]
2124,"72,22791385650635","[672, 422]",True,"[0.517927, 0]","[0, 0]",False,weak,"14700,0",[[]],[[]]
2125,"72,26220273971558","[672, 422]",True,"[0.517927, 0]","[0, 0]",False,weak,"14700,0",[[]],[[]]
2126,"72,29640984535217","[672, 422]",True,"[0.517927, 0]","[0, 0]",False,weak,"14700,0",[[]],[[]]
2127,"72,3297688961029","[672, 422]",True,"[0.517927, 0]","[0, 0]",False,weak,"14700,0",[[]],[[]]
2128,"72,36388301849365","[672, 422]",True,"[0.517927, 0]","[0, 0]",False,weak,"14700,0",[[]],[[]]
2129,"72,39798879623413","[672, 422]",True,"[0.517927, 0]","[0, 0]",False,weak,"14700,0",[[]],[[]]
2130,"72,43224692344666","[672, 422]",True,"[0.517927, 0]","[0, 0]",False,weak,"14700,0",[[]],[[]]
2131,"72,46637892723083","[672, 422]",True,"[0.517927, 0]","[0, 0]",False,weak,"14700,0",[[]],[[]]
2132,"72,50004506111145","[672, 422]",True,"[0.517927, 0]","[0, 0]",False,weak,"14700,0",[[]],[[]]
2133,"72,53368186950684","[672, 422]",True,"[0.517927, 0]","[0, 0]",False,weak,"14700,0",[[]],[[]]
2134,"72,56817293167114","[672, 422]",True,"[0.517927, 0]","[0, 0]",False,weak,"14700,0",[[]],[[]]
2135,"72,60217499732971","[672, 422]",True,"[0.517927, 0]","[0, 0]",False,weak,"14700,0",[[]],[[]]
2136,"72,63634896278381","[672, 422]",True,"[0.517927, 0]","[0, 0]",False,weak,"14700,0",[[]],[[]]
2137,"72,67038488388062","[672, 422]",True,"[0.517927, 0]","[0, 0]",False,weak,"14700,0",[[]],[[]]
2138,"72,7044186592102","[672, 422]",True,"[0.517927, 0]","[0, 0]",False,weak,"14700,0",[[]],[[]]
2139,"72,7383029460907","[672, 422]",True,"[0.517927, 0]","[0, 0]",False,weak,"14700,0",[[]],[[]]
2140,"72,77234888076782","[672, 422]",True,"[0.517927, 0]","[0, 0]",False,weak,"14700,0",[[]],[[]]
2141,"72,80626487731934","[672, 422]",True,"[0.517927, 0]","[0, 0]",False,weak,"14700,0",[[]],[[]]
2142,"72,840078830719","[672, 422]",True,"[0.517927, 0]","[0, 0]",False,weak,"14700,0",[[]],[[]]
2143,"72,87369990348816","[672, 422]",True,"[0.517927, 0]","[0, 0]",False,weak,"14700,0",[[]],[[]]
2144,"72,90764594078064","[672, 422]",True,"[0.517927, 0]","[0, 0]",False,weak,"14700,0",[[]],[[]]
2145,"72,94241380691528","[672, 422]",True,"[0.517927, 0]","[0, 0]",False,weak,"14700,0",[[]],[[]]
2146,"72,97625803947449","[672, 422]",True,"[0.517927, 0]","[0, 0]",False,weak,"14700,0",[[]],[[]]
2147,"73,00999689102173","[672, 422]",True,"[0.517927, 0]","[0, 0]",False,weak,"14700,0",[[]],[[]]
2148,"73,04356980323792","[672, 422]",True,"[0.517927, 0]","[0, 0]",False,weak,"14700,0",[[]],[[]]
2149,"73,07792687416077","[672, 422]",True,"[0.517927, 0]","[0, 0]",False,weak,"14700,0",[[]],[[]]
2150,"73,11146378517151","[672, 422]",True,"[0.517927, 0]","[0, 0]",False,weak,"14700,0",[[]],[[]]
2151,"73,1460280418396","[672, 422]",True,"[0.517927, 0]","[0, 0]",False,weak,"14700,0",[[]],[[]]
2152,"73,17982578277588","[672, 422]",True,"[0.517927, 0]","[0, 0]",False,weak,"14700,0",[[]],[[]]
2153,"73,21443390846252","[672, 422]",True,"[0.517927, 0]","[0, 0]",False,weak,"14700,0",[[]],[[]]
2154,"73,24822974205017","[672, 422]",True,"[0.517927, 0]","[0, 0]",False,weak,"14700,0",[[]],[[]]
2155,"73,28227996826172","[672, 422]",True,"[0.517927, 0]","[0, 0]",False,weak,"14700,0",[[]],[[]]
2156,"73,31579685211182","[672, 422]",True,"[0.517927, 0]","[0, 0]",False,weak,"14700,0",[[]],[[]]
2157,"73,35000491142273","[672, 422]",True,"[0.517927, 0]","[0, 0]",False,weak,"14700,0",[[]],[[]]
2158,"73,38365578651428","[672, 422]",True,"[0.517927, 0]","[0, 0]",False,weak,"14700,0",[[]],[[]]
2159,"73,418212890625","[672, 422]",True,"[0.517927, 0]","[0, 0]",False,weak,"14700,0",[[]],[[]]
2160,"73,45165181159973","[672, 422]",True,"[0.517927, 0]","[0, 0]",False,weak,"14700,0",[[]],[[]]
2161,"73,48580503463745","[672, 422]",True,"[0.517927, 0]","[0, 0]",False,weak,"14700,0",[[]],[[]]
2162,"73,520192861557","[672, 422]",True,"[0.517927, 0]","[0, 0]",False,weak,"14700,0",[[]],[[]]
2163,"73,5543270111084","[672, 422]",True,"[0.517927, 0]","[0, 0]",False,weak,"14700,0",[[]],[[]]
2164,"73,5877697467804","[672, 422]",True,"[0.517927, 0]","[0, 0]",False,weak,"14700,0",[[]],[[]]
2165,"73,62182092666626","[672, 422]",True,"[0.517927, 0]","[0, 0]",False,weak,"14700,0",[[]],[[]]
2166,"73,65633487701416","[672, 422]",True,"[0.517927, 0]","[0, 0]",False,weak,"14700,0",[[]],[[]]
2167,"73,69033074378967","[672, 422]",True,"[0.517927, 0]","[0, 0]",False,weak,"14700,0",[[]],[[]]
2168,"73,72434997558594","[672, 422]",True,"[0.517927, 0]","[0, 0]",False,weak,"14700,0",[[]],[[]]
2169,"73,75843691825867","[672, 422]",True,"[0.517927, 0]","[0, 0]",False,weak,"14700,0",[[]],[[]]
2170,"73,79181385040283","[672, 422]",True,"[0.517927, 0]","[0, 0]",False,weak,"14700,0",[[]],[[]]
2171,"73,82562303543091","[672, 422]",True,"[0.517927, 0]","[0, 0]",False,weak,"14700,0",[[]],[[]]
2172,"73,85958981513977","[672, 422]",True,"[0.517927, 0]","[0, 0]",False,weak,"14700,0",[[]],[[]]
2173,"73,89445686340332","[672, 422]",True,"[0.517927, 0]","[0, 0]",False,weak,"14700,0",[[]],[[]]
2174,"73,92833995819092","[672, 422]",True,"[0.517927, 0]","[0, 0]",False,weak,"14700,0",[[]],[[]]
2175,"73,96219086647034","[672, 422]",True,"[0.517927, 0]","[0, 0]",False,weak,"14700,0",[[]],[[]]
2176,"73,99605989456177","[672, 422]",True,"[0.517927, 0]","[0, 0]",False,weak,"14700,0",[[]],[[]]
2177,"74,02978301048279","[672, 422]",True,"[0.517927, 0]","[0, 0]",False,weak,"14700,0",[[]],[[]]
2178,"74,06446170806885","[672, 422]",True,"[0.517927, 0]","[0, 0]",False,weak,"14700,0",[[]],[[]]
2179,"74,09817290306091","[672, 422]",True,"[0.517927, 0]","[0, 0]",False,weak,"14700,0",[[]],[[]]
2180,"74,13213682174683","[672, 422]",True,"[0.517927, 0]","[0, 0]",False,weak,"14700,0",[[]],[[]]
2181,"74,1658627986908","[672, 422]",True,"[0.517927, 0]","[0, 0]",False,weak,"14700,0",[[]],[[]]
2182,"74,19961500167847","[672, 422]",True,"[0.517927, 0]","[0, 0]",False,weak,"14700,0",[[]],[[]]
2183,"74,23372173309326","[672, 422]",True,"[0.517927, 0]","[0, 0]",False,weak,"14700,0",[[]],[[]]
2184,"74,26803183555603","[672, 422]",True,"[0.517927, 0]","[0, 0]",False,weak,"14700,0",[[]],[[]]
2185,"74,30172896385193","[672, 422]",True,"[0.517927, 0]","[0, 0]",False,weak,"14700,0",[[]],[[]]
2186,"74,33628988265991","[672, 422]",True,"[0.517927, 0]","[0, 0]",False,weak,"14700,0",[[]],[[]]
2187,"74,36977100372314","[672, 422]",True,"[0.517927, 0]","[0, 0]",False,weak,"14700,0",[[]],[[]]
2188,"74,40368390083313","[672, 422]",True,"[0.517927, 0]","[0, 0]",False,weak,"14700,0",[[]],[[]]
2189,"74,43757176399231","[672, 422]",True,"[0.517927, 0]","[0, 0]",False,weak,"14700,0",[[]],[[]]
2190,"74,4723870754242","[672, 422]",True,"[0.517927, 0]","[0, 0]",False,weak,"14700,0",[[]],[[]]
2191,"74,50625991821289","[672, 422]",True,"[0.517927, 0]","[0, 0]",False,weak,"14700,0",[[]],[[]]
2192,"74,5400869846344","[672, 422]",True,"[0.517927, 0]","[0, 0]",False,weak,"14700,0",[[]],[[]]
2193,"74,57378101348877","[672, 422]",True,"[0.517927, 0]","[0, 0]",False,weak,"14700,0",[[]],[[]]
2194,"74,60840392112732","[672, 422]",True,"[0.517927, 0]","[0, 0]",False,weak,"14700,0",[[]],[[]]
2195,"74,6421549320221","[672, 422]",True,"[0.517927, 0]","[0, 0]",False,weak,"14700,0",[[]],[[]]
2196,"74,67580699920654","[672, 422]",True,"[0.517927, 0]","[0, 0]",False,weak,"14700,0",[[]],[[]]
2197,"74,70954585075378","[672, 422]",True,"[0.517927, 0]","[0, 0]",False,weak,"14700,0",[[]],[[]]
2198,"74,74396276473999","[672, 422]",True,"[0.517927, 0]","[0, 0]",False,weak,"14700,0",[[]],[[]]
2199,"74,77841377258301","[672, 422]",True,"[0.517927, 0]","[0, 0]",False,weak,"14700,0",[[]],[[]]
2200,"74,81192588806152","[672, 422]",True,"[0.517927, 0]","[0, 0]",False,weak,"14700,0",[[]],[[]]
2201,"74,84578394889832","[672, 422]",True,"[0.517927, 0]","[0, 0]",False,weak,"14700,0",[[]],[[]]
2202,"74,8799729347229","[672, 422]",True,"[0.517927, 0]","[0, 0]",False,weak,"14700,0",[[]],[[]]
2203,"74,91401600837708","[672, 422]",True,"[0.517927, 0]","[0, 0]",False,weak,"14700,0",[[]],[[]]
2204,"74,94848299026489","[672, 422]",True,"[0.517927, 0]","[0, 0]",False,weak,"14700,0",[[]],[[]]
2205,"74,98177695274353","[672, 422]",True,"[0.517927, 0]","[0, 0]",False,weak,"14700,0",[[]],[[]]
2206,"75,01572895050049","[672, 422]",True,"[0.517927, 0]","[0, 0]",False,weak,"14700,0",[[]],[[]]
2207,"75,05028295516968","[672, 422]",True,"[0.517927, 0]","[0, 0]",False,weak,"14700,0","[[array([832, 836])]]",[[]]
2208,"75,08372402191162","[672, 422]",True,"[0.517927, 0]","[0, 0]",False,weak,"14700,0","[[array([832, 826])]]",[[]]
2209,"75,11774587631226","[672, 422]",True,"[0.517927, 0]","[0, 0]",False,weak,"14700,0","[[array([832, 816])]]",[[]]
2210,"75,15194988250732","[672, 422]",True,"[0.517927, 0]","[0, 0]",False,weak,"14700,0","[[array([832, 806])]]",[[]]
2211,"75,18572282791138","[672, 422]",True,"[0.517927, 0]","[0, 0]",False,weak,"14700,0","[[array([832, 796])]]",[[]]
2212,"75,22012686729431","[672, 422]",True,"[0.517927, 0]","[0, 0]",False,weak,"14700,0","[[array([832, 786])]]",[[]]
2213,"75,25424265861511","[672, 422]",True,"[0.517927, 0]","[0, 0]",False,weak,"14700,0","[[array([832, 776])]]",[[]]
2214,"75,28817582130432","[672, 422]",True,"[0.517927, 0]","[0, 0]",False,weak,"14700,0","[[array([832, 766])]]",[[]]
2215,"75,32249808311462","[672, 422]",True,"[0.517927, 0]","[0, 0]",False,weak,"14700,0","[[array([832, 756])]]",[[]]
2216,"75,35712885856628","[672, 422]",True,"[0.517927, 0]","[0, 0]",False,weak,"14700,0","[[array([832, 746])]]",[[]]
2217,"75,39074301719666","[672, 422]",True,"[0.517927, 0]","[0, 0]",False,weak,"14700,0","[[array([832, 736])]]",[[]]
2218,"75,42520809173584","[672, 422]",True,"[0.517927, 0]","[0, 0]",False,weak,"14700,0","[[array([832, 726])]]",[[]]
2219,"75,4592068195343","[672, 422]",True,"[0.517927, 0]","[0, 0]",False,weak,"14700,0","[[array([832, 716])]]",[[]]
2220,"75,49311375617981","[672, 422]",True,"[0.517927, 0]","[0, 0]",False,weak,"14700,0","[[array([832, 706])]]",[[]]
2221,"75,526859998703","[672, 422]",True,"[0.517927, 0]","[0, 0]",False,weak,"14700,0","[[array([832, 696]), array([846, 836])]]",[[]]
2222,"75,5614857673645","[672, 422]",True,"[0.517927, 0]","[0, 0]",False,weak,"14700,0","[[array([832, 686]), array([846, 826]), array([930, 840])]]",[[]]
2223,"75,5948269367218","[672, 422]",True,"[0.517927, 0]","[0, 0]",False,weak,"14700,0","[[array([832, 676]), array([846, 816]), array([930, 830])]]",[[]]
2224,"75,62857389450073","[672, 422]",True,"[0.517927, 0]","[0, 0]",False,weak,"14700,0","[[array([832, 666]), array([846, 806]), array([930, 820])]]",[[]]
2225,"75,66334104537964","[672, 422]",True,"[0.517927, 0]","[0, 0]",False,weak,"14700,0","[[array([832, 656]), array([846, 796]), array([930, 810])]]",[[]]
2226,"75,69676280021667","[672, 422]",True,"[0.517927, 0]","[0, 0]",False,weak,"14700,0","[[array([832, 646]), array([846, 786]), array([930, 800])]]",[[]]
2227,"75,73147487640381","[672, 422]",True,"[0.517927, 0]","[0, 0]",False,weak,"14700,0","[[array([832, 636]), array([846, 776]), array([930, 790])]]",[[]]
2228,"75,7649278640747","[672, 422]",True,"[0.517927, 0]","[0, 0]",False,weak,"14700,0","[[array([832, 626]), array([846, 766]), array([930, 780])]]",[[]]
2229,"75,79860401153564","[672, 422]",True,"[0.517927, 0]","[0, 0]",False,weak,"14700,0","[[array([832, 616]), array([846, 756]), array([930, 770])]]",[[]]
2230,"75,83330774307251","[672, 422]",True,"[0.517927, 0]","[0, 0]",False,weak,"14700,0","[[array([832, 606]), array([846, 746]), array([930, 760])]]",[[]]
2231,"75,86727285385132","[672, 422]",True,"[0.517927, 0]","[0, 0]",False,weak,"14700,0","[[array([832, 596]), array([846, 736]), array([930, 750])]]",[[]]
2232,"75,90117192268372","[672, 422]",True,"[0.517927, 0]","[0, 0]",False,weak,"14700,0","[[array([832, 586]), array([846, 726]), array([930, 740])]]",[[]]
2233,"75,93516898155212","[672, 422]",True,"[0.517927, 0]","[0, 0]",False,weak,"14700,0","[[array([832, 576]), array([846, 716]), array([930, 730])]]",[[]]
2234,"75,96904802322388","[672, 422]",True,"[0.517927, 0]","[0, 0]",False,weak,"14700,0","[[array([832, 566]), array([846, 706]), array([930, 720])]]",[[]]
2235,"76,00281286239624","[672, 422]",True,"[0.517927, 0]","[0, 0]",False,weak,"14700,0","[[array([832, 556]), array([846, 696]), array([930, 710]), array([902, 836])]]",[[]]
2236,"76,03655195236206","[672, 422]",True,"[0.517927, 0]","[0, 0]",False,weak,"14700,0","[[array([832, 546]), array([846, 686]), array([930, 700]), array([902, 826])]]",[[]]
2237,"76,07151699066162","[672, 422]",True,"[0.517927, 0]","[0, 0]",False,weak,"14700,0","[[array([832, 536]), array([846, 676]), array([930, 690]), array([902, 816])]]",[[]]
2238,"76,10538387298584","[672, 422]",True,"[0.517927, 0]","[0, 0]",False,weak,"14700,0","[[array([832, 526]), array([846, 666]), array([930, 680]), array([902, 806])]]",[[]]
2239,"76,1392560005188","[672, 422]",True,"[0.517927, 0]","[0, 0]",False,weak,"14700,0","[[array([832, 516]), array([846, 656]), array([930, 670]), array([902, 796])]]",[[]]
2240,"76,17313480377197","[672, 422]",True,"[0.517927, 0]","[0, 0]",False,weak,"14700,0","[[array([832, 506]), array([846, 646]), array([930, 660]), array([902, 786])]]",[[]]
2241,"76,20696878433228","[672, 422]",True,"[0.517927, 0]","[0, 0]",False,weak,"14700,0","[[array([832, 496]), array([846, 636]), array([930, 650]), array([902, 776])]]",[[]]
2242,"76,2406530380249","[672, 422]",True,"[0.517927, 0]","[0, 0]",False,weak,"14700,0","[[array([832, 486]), array([846, 626]), array([930, 640]), array([902, 766])]]",[[]]
2243,"76,27539396286011","[672, 422]",True,"[0.517927, 0]","[0, 0]",False,weak,"14700,0","[[array([832, 476]), array([846, 616]), array([930, 630]), array([902, 756])]]",[[]]
2244,"76,30921602249146","[672, 422]",True,"[0.517927, 0]","[0, 0]",False,weak,"14700,0","[[array([832, 466]), array([846, 606]), array([930, 620]), array([902, 746])]]",[[]]
2245,"76,34304785728455","[672, 422]",True,"[0.517927, 0]","[0, 0]",False,weak,"14700,0","[[array([832, 456]), array([846, 596]), array([930, 610]), array([902, 736])]]",[[]]
2246,"76,37668681144714","[672, 422]",True,"[0.517927, 0]","[0, 0]",False,weak,"14700,0","[[array([832, 446]), array([846, 586]), array([930, 600]), array([902, 726])]]",[[]]
2247,"76,41120386123657","[672, 422]",True,"[0.517927, 0]","[0, 0]",False,weak,"14700,0","[[array([832, 436]), array([846, 576]), array([930, 590]), array([902, 716])]]",[[]]
2248,"76,44461584091187","[672, 422]",True,"[0.517927, 0]","[0, 0]",False,weak,"14700,0","[[array([832, 426]), array([846, 566]), array([930, 580]), array([902, 706])]]",[[]]
2249,"76,47903203964233","[672, 422]",True,"[0.517927, 0]","[0, 0]",False,weak,"14700,0","[[array([832, 416]), array([846, 556]), array([930, 570]), array([902, 696])]]",[[]]
2250,"76,51258969306946","[672, 422]",True,"[0.517927, 0]","[0, 0]",False,weak,"14700,0","[[array([832, 406]), array([846, 546]), array([930, 560]), array([902, 686])]]",[[]]
2251,"76,54717588424683","[672, 422]",True,"[0.517927, 0]","[0, 0]",False,weak,"14700,0","[[array([832, 396]), array([846, 536]), array([930, 550]), array([902, 676])]]",[[]]
2252,"76,58086776733398","[672, 422]",True,"[0.517927, 0]","[0, 0]",False,weak,"14700,0","[[array([832, 386]), array([846, 526]), array([930, 540]), array([902, 666])]]",[[]]
2253,"76,6146297454834","[672, 422]",True,"[0.517927, 0]","[0, 0]",False,weak,"14700,0","[[array([832, 376]), array([846, 516]), array([930, 530]), array([902, 656])]]",[[]]
2254,"76,6491928100586","[672, 422]",True,"[0.517927, 0]","[0, 0]",False,weak,"14700,0","[[array([832, 366]), array([846, 506]), array([930, 520]), array([902, 646])]]",[[]]
2255,"76,68260669708252","[672, 422]",True,"[0.517927, 0]","[0, 0]",False,weak,"14700,0","[[array([832, 356]), array([846, 496]), array([930, 510]), array([902, 636])]]",[[]]
2256,"76,71677803993225","[672, 422]",True,"[0.517927, 0]","[0, 0]",False,weak,"14700,0","[[array([832, 346]), array([846, 486]), array([930, 500]), array([902, 626])]]",[[]]
2257,"76,75128698348999","[672, 422]",True,"[0.517927, 0]","[0, 0]",False,weak,"14700,0","[[array([832, 336]), array([846, 476]), array([930, 490]), array([902, 616])]]",[[]]
2258,"76,78462171554565","[672, 422]",True,"[0.517927, 0]","[0, 0]",False,weak,"14700,0","[[array([832, 326]), array([846, 466]), array([930, 480]), array([902, 606])]]",[[]]
2259,"76,81903004646301","[672, 422]",True,"[0.517927, 0]","[0, 0]",False,weak,"14700,0","[[array([832, 316]), array([846, 456]), array([930, 470]), array([902, 596])]]",[[]]
2260,"76,85290288925171","[672, 422]",True,"[0.517927, 0]","[0, 0]",False,weak,"14700,0","[[array([832, 306]), array([846, 446]), array([930, 460]), array([902, 586])]]",[[]]
2261,"76,88661193847656","[672, 422]",True,"[0.517927, 0]","[0, 0]",False,weak,"14700,0","[[array([832, 296]), array([846, 436]), array([930, 450]), array([902, 576])]]",[[]]
2262,"76,92131471633911","[672, 422]",True,"[0.517927, 0]","[0, 0]",False,weak,"14700,0","[[array([832, 286]), array([846, 426]), array([930, 440]), array([902, 566])]]",[[]]
2263,"76,95502185821533","[672, 422]",True,"[0.517927, 0]","[0, 0]",False,weak,"14700,0","[[array([832, 276]), array([846, 416]), array([930, 430]), array([902, 556])]]",[[]]
2264,"76,98866987228394","[672, 422]",True,"[0.517927, 0]","[0, 0]",False,weak,"14700,0","[[array([832, 266]), array([846, 406]), array([930, 420]), array([902, 546])]]",[[]]
2265,"77,02344393730164","[672, 422]",True,"[0.517927, 0]","[0, 0]",False,weak,"14700,0","[[array([832, 256]), array([846, 396]), array([930, 410]), array([902, 536])]]",[[]]
2266,"77,05728888511658","[672, 422]",True,"[0.517927, 0]","[0, 0]",False,weak,"14700,0","[[array([832, 246]), array([846, 386]), array([930, 400]), array([902, 526])]]",[[]]
2267,"77,09114480018616","[672, 422]",True,"[0.517927, 0]","[0, 0]",False,weak,"14700,0","[[array([832, 236]), array([846, 376]), array([930, 390]), array([902, 516])]]",[[]]
2268,"77,12480306625366","[672, 422]",True,"[0.517927, 0]","[0, 0]",False,weak,"14700,0","[[array([832, 226]), array([846, 366]), array([930, 380]), array([902, 506])]]",[[]]
2269,"77,15943884849548","[672, 422]",True,"[0.517927, 0]","[0, 0]",False,weak,"14700,0","[[array([832, 216]), array([846, 356]), array([930, 370]), array([902, 496])]]",[[]]
2270,"77,19333791732788","[672, 422]",True,"[0.517927, 0]","[0, 0]",False,weak,"14700,0","[[array([832, 206]), array([846, 346]), array([930, 360]), array([902, 486])]]",[[]]
2271,"77,22725200653076","[672, 422]",True,"[0.517927, 0]","[0, 0]",False,weak,"14700,0","[[array([832, 196]), array([846, 336]), array([930, 350]), array([902, 476])]]",[[]]
2272,"77,26118183135986","[672, 422]",True,"[0.517927, 0]","[0, 0]",False,weak,"14700,0","[[array([832, 186]), array([846, 326]), array([930, 340]), array([902, 466])]]",[[]]
2273,"77,29527974128723","[672, 422]",True,"[0.517927, 0]","[0, 0]",False,weak,"14700,0","[[array([832, 176]), array([846, 316]), array([930, 330]), array([902, 456])]]",[[]]
2274,"77,32872176170349","[672, 422]",True,"[0.517927, 0]","[0, 0]",False,weak,"14700,0","[[array([832, 166]), array([846, 306]), array([930, 320]), array([902, 446]), array([916, 838])]]",[[]]
2275,"77,36304473876953","[672, 422]",True,"[0.517927, 0]","[0, 0]",False,weak,"14700,0","[[array([832, 156]), array([846, 296]), array([930, 310]), array([902, 436]), array([916, 828])]]",[[]]
2276,"77,3969259262085","[672, 422]",True,"[0.517927, 0]","[0, 0]",False,weak,"14700,0","[[array([832, 146]), array([846, 286]), array([930, 300]), array([902, 426]), array([916, 818])]]",[[]]
2277,"77,43082189559937","[672, 422]",True,"[0.517927, 0]","[0, 0]",False,weak,"14700,0","[[array([832, 136]), array([846, 276]), array([930, 290]), array([902, 416]), array([916, 808])]]",[[]]
2278,"77,46459174156189","[672, 422]",True,"[0.517927, 0]","[0, 0]",False,weak,"14700,0","[[array([832, 126]), array([846, 266]), array([930, 280]), array([902, 406]), array([916, 798])]]",[[]]
2279,"77,49935793876648","[672, 422]",True,"[0.517927, 0]","[0, 0]",False,weak,"14700,0","[[array([832, 116]), array([846, 256]), array([930, 270]), array([902, 396]), array([916, 788])]]",[[]]
2280,"77,53320074081421","[672, 422]",True,"[0.517927, 0]","[0, 0]",False,weak,"14700,0","[[array([832, 106]), array([846, 246]), array([930, 260]), array([902, 386]), array([916, 778])]]",[[]]
2281,"77,5670518875122","[672, 422]",True,"[0.517927, 0]","[0, 0]",False,weak,"14700,0","[[array([832,  96]), array([846, 236]), array([930, 250]), array([902, 376]), array([916, 768])]]",[[]]
2282,"77,60094094276428","[672, 422]",True,"[0.517927, 0]","[0, 0]",False,weak,"14700,0","[[array([832,  86]), array([846, 226]), array([930, 240]), array([902, 366]), array([916, 758])]]",[[]]
2283,"77,6347508430481","[672, 422]",True,"[0.517927, 0]","[0, 0]",False,weak,"14700,0","[[array([832,  76]), array([846, 216]), array([930, 230]), array([902, 356]), array([916, 748])]]",[[]]
2284,"77,66867876052856","[672, 422]",True,"[0.517927, 0]","[0, 0]",False,weak,"14700,0","[[array([832,  66]), array([846, 206]), array([930, 220]), array([902, 346]), array([916, 738])]]",[[]]
2285,"77,70270800590515","[672, 422]",True,"[0.517927, 0]","[0, 0]",False,weak,"14700,0","[[array([832,  56]), array([846, 196]), array([930, 210]), array([902, 336]), array([916, 728])]]",[[]]
2286,"77,73657393455505","[672, 422]",True,"[0.517927, 0]","[0, 0]",False,weak,"14700,0","[[array([832,  46]), array([846, 186]), array([930, 200]), array([902, 326]), array([916, 718])]]",[[]]
2287,"77,77148008346558","[672, 422]",True,"[0.517927, 0]","[0, 0]",False,weak,"14700,0","[[array([832,  36]), array([846, 176]), array([930, 190]), array([902, 316]), array([916, 708])]]",[[]]
2288,"77,80536484718323","[672, 422]",True,"[0.517927, 0]","[0, 0]",False,weak,"14700,0","[[array([832,  26]), array([846, 166]), array([930, 180]), array([902, 306]), array([916, 698])]]",[[]]
2289,"77,8391489982605","[672, 422]",True,"[0.517927, 0]","[0, 0]",False,weak,"14700,0","[[array([832,  16]), array([846, 156]), array([930, 170]), array([902, 296]), array([916, 688])]]",[[]]
2290,"77,8729898929596","[672, 422]",True,"[0.517927, 0]","[0, 0]",False,weak,"14700,0","[[array([832,   6]), array([846, 146]), array([930, 160]), array([902, 286]), array([916, 678])]]",[[]]
2291,"77,90680193901062","[672, 422]",True,"[0.517927, 0]","[0, 0]",False,weak,"14700,0","[[array([846, 136]), array([930, 150]), array([902, 276]), array([916, 668])]]",[[]]
2292,"77,94062376022339","[672, 422]",True,"[0.517927, 0]","[0, 0]",False,weak,"14700,0","[[array([846, 126]), array([930, 140]), array([902, 266]), array([916, 658]), array([594, 840])]]",[[]]
2293,"77,9754388332367","[672, 422]",True,"[0.517927, 0]","[0, 0]",False,weak,"14700,0","[[array([846, 116]), array([930, 130]), array([902, 256]), array([916, 648]), array([594, 830])]]",[[]]
2294,"78,0093560218811","[672, 422]",True,"[0.517927, 0]","[0, 0]",False,weak,"14700,0","[[array([846, 106]), array([930, 120]), array([902, 246]), array([916, 638]), array([594, 820])]]",[[]]
2295,"78,04323983192444","[672, 422]",True,"[0.517927, 0]","[0, 0]",False,weak,"14700,0","[[array([846,  96]), array([930, 110]), array([902, 236]), array([916, 628]), array([594, 810])]]",[[]]
2296,"78,07727193832397","[672, 422]",True,"[0.517927, 0]","[0, 0]",False,weak,"14700,0","[[array([846,  86]), array([930, 100]), array([902, 226]), array([916, 618]), array([594, 800])]]",[[]]
2297,"78,11132001876831","[672, 422]",True,"[0.517927, 0]","[0, 0]",False,weak,"14700,0","[[array([846,  76]), array([930,  90]), array([902, 216]), array([916, 608]), array([594, 790])]]",[[]]
2298,"78,1452648639679","[672, 422]",True,"[0.517927, 0]","[0, 0]",False,weak,"14700,0","[[array([846,  66]), array([930,  80]), array([902, 206]), array([916, 598]), array([594, 780])]]",[[]]
2299,"78,17938208580017","[672, 422]",True,"[0.517927, 0]","[0, 0]",False,weak,"14700,0","[[array([846,  56]), array([930,  70]), array([902, 196]), array([916, 588]), array([594, 770])]]",[[]]
2300,"78,21304488182068","[672, 422]",True,"[0.517927, 0]","[0, 0]",False,weak,"14700,0","[[array([846,  46]), array([930,  60]), array([902, 186]), array([916, 578]), array([594, 760])]]",[[]]
2301,"78,24728608131409","[672, 422]",True,"[0.517927, 0]","[0, 0]",False,weak,"14700,0","[[array([846,  36]), array([930,  50]), array([902, 176]), array([916, 568]), array([594, 750])]]",[[]]
2302,"78,28152084350586","[672, 422]",True,"[0.517927, 0]","[0, 0]",False,weak,"14700,0","[[array([846,  26]), array([930,  40]), array([902, 166]), array([916, 558]), array([594, 740])]]",[[]]
2303,"78,31621670722961","[672, 422]",True,"[0.517927, 0]","[0, 0]",False,weak,"14700,0","[[array([846,  16]), array([930,  30]), array([902, 156]), array([916, 548]), array([594, 730])]]",[[]]
2304,"78,34984397888184","[672, 422]",True,"[0.517927, 0]","[0, 0]",False,weak,"14700,0","[[array([846,   6]), array([930,  20]), array([902, 146]), array([916, 538]), array([594, 720])]]",[[]]
2305,"78,38358283042908","[672, 422]",True,"[0.517927, 0]","[0, 0]",False,weak,"14700,0","[[array([930,  10]), array([902, 136]), array([916, 528]), array([594, 710])]]",[[]]
2306,"78,41833972930908","[672, 422]",True,"[0.517927, 0]","[0, 0]",False,weak,"14700,0","[[array([930,   0]), array([902, 126]), array([916, 518]), array([594, 700])]]",[[]]
2307,"78,4520468711853","[672, 422]",True,"[0.517927, 0]","[0, 0]",False,weak,"14700,0","[[array([902, 116]), array([916, 508]), array([594, 690])]]",[[]]
2308,"78,48647880554199","[672, 422]",True,"[0.517927, 0]","[0, 0]",False,weak,"14700,0","[[array([902, 106]), array([916, 498]), array([594, 680])]]",[[]]
2309,"78,51993083953857","[672, 422]",True,"[0.517927, 0]","[0, 0]",False,weak,"14700,0","[[array([902,  96]), array([916, 488]), array([594, 670])]]",[[]]
2310,"78,55446982383728","[672, 422]",True,"[0.517927, 0]","[0, 0]",False,weak,"14700,0","[[array([902,  86]), array([916, 478]), array([594, 660])]]",[[]]
2311,"78,58818984031677","[672, 422]",True,"[0.517927, 0]","[0, 0]",False,weak,"14700,0","[[array([902,  76]), array([916, 468]), array([594, 650])]]",[[]]
2312,"78,621896982193","[672, 422]",True,"[0.517927, 0]","[0, 0]",False,weak,"14700,0","[[array([902,  66]), array([916, 458]), array([594, 640])]]",[[]]
2313,"78,65563082695007","[672, 422]",True,"[0.517927, 0]","[0, 0]",False,weak,"14700,0","[[array([902,  56]), array([916, 448]), array([594, 630])]]",[[]]
2314,"78,69043588638306","[672, 422]",True,"[0.517927, 0]","[0, 0]",False,weak,"14700,0","[[array([902,  46]), array([916, 438]), array([594, 620])]]",[[]]
2315,"78,72439384460449","[672, 422]",True,"[0.517927, 0]","[0, 0]",False,weak,"14700,0","[[array([902,  36]), array([916, 428]), array([594, 610])]]",[[]]
2316,"78,75814390182495","[672, 422]",True,"[0.517927, 0]","[0, 0]",False,weak,"14700,0","[[array([886,  26]), array([900, 418]), array([578, 600])]]",[[]]
2317,"78,79219794273376","[672, 422]",True,"[0.517927, 0]","[0, 0]",False,weak,"14700,0","[[array([879,  16]), array([893, 408]), array([571, 590])]]",[[]]
2318,"78,82634091377258","[672, 422]",True,"[0.517927, 0]","[0, 0]",False,weak,"14700,0","[[array([867,   6]), array([881, 398]), array([559, 580])]]",[[]]
2319,"78,86002779006958","[672, 422]",True,"[0.517927, 0]","[0, 0]",False,weak,"14700,0","[[array([881, 388]), array([559, 570])]]",[[]]
2320,"78,89406991004944","[672, 422]",True,"[0.517927, 0]","[0, 0]",False,weak,"14700,0","[[array([881, 378]), array([559, 560]), array([405, 840])]]",[[]]
2321,"78,92837977409363","[672, 422]",True,"[0.517927, 0]","[0, 0]",False,weak,"14700,0","[[array([881, 368]), array([559, 550]), array([405, 830])]]",[[]]
2322,"78,96231198310852","[672, 422]",True,"[0.517927, 0]","[0, 0]",False,weak,"14700,0","[[array([881, 358]), array([559, 540]), array([405, 820])]]",[[]]
2323,"78,99558186531067","[672, 422]",True,"[0.517927, 0]","[0, 0]",False,weak,"14700,0","[[array([881, 348]), array([559, 530]), array([405, 810])]]",[[]]
2324,"79,03011298179626","[672, 422]",True,"[0.517927, 0]","[0, 0]",False,weak,"14700,0","[[array([881, 338]), array([559, 520]), array([405, 800])]]",[[]]
2325,"79,06432390213013","[672, 422]",True,"[0.517927, 0]","[0, 0]",False,weak,"14700,0","[[array([881, 328]), array([559, 510]), array([405, 790])]]",[[]]
2326,"79,09841299057007","[672, 422]",True,"[0.517927, 0]","[0, 0]",False,weak,"14700,0","[[array([881, 318]), array([559, 500]), array([405, 780])]]",[[]]
2327,"79,13238883018494","[672, 422]",True,"[0.517927, 0]","[0, 0]",False,weak,"14700,0","[[array([881, 308]), array([559, 490]), array([405, 770])]]",[[]]
2328,"79,16631507873535","[672, 422]",True,"[0.517927, 0]","[0, 0]",False,weak,"14700,0","[[array([881, 298]), array([559, 480]), array([405, 760])]]",[[]]
2329,"79,20072078704834","[672, 422]",True,"[0.517927, 0]","[0, 0]",False,weak,"14700,0","[[array([894, 288]), array([572, 470]), array([418, 750]), array([656, 834])]]",[[]]
2330,"79,23375678062439","[672, 422]",True,"[0.517927, 0]","[0, 0]",False,weak,"14700,0","[[array([897, 278]), array([575, 460]), array([421, 740]), array([659, 824])]]",[[]]
2331,"79,26761794090271","[672, 422]",True,"[0.517927, 0]","[0, 0]",False,weak,"14700,0","[[array([913, 268]), array([591, 450]), array([437, 730]), array([675, 814])]]",[[]]
2332,"79,30256390571594","[672, 422]",True,"[0.517927, 0]","[0, 0]",False,weak,"14700,0","[[array([913, 258]), array([591, 440]), array([437, 720]), array([675, 804])]]",[[]]
2333,"79,33614993095398","[672, 422]",True,"[0.517927, 0]","[0, 0]",False,weak,"14700,0","[[array([913, 248]), array([591, 430]), array([437, 710]), array([675, 794])]]",[[]]
2334,"79,36982297897339","[672, 422]",True,"[0.517927, 0]","[0, 0]",False,weak,"14700,0","[[array([913, 238]), array([591, 420]), array([437, 700]), array([675, 784])]]",[[]]
2335,"79,4043698310852","[672, 422]",True,"[0.517927, 0]","[0, 0]",False,weak,"14700,0","[[array([913, 228]), array([591, 410]), array([437, 690]), array([675, 774])]]",[[]]
2336,"79,43819999694824","[672, 422]",True,"[0.517927, 0]","[0, 0]",False,weak,"14700,0","[[array([913, 218]), array([591, 400]), array([437, 680]), array([675, 764])]]",[[]]
2337,"79,4716248512268","[672, 422]",True,"[0.517927, 0]","[0, 0]",False,weak,"14700,0","[[array([913, 208]), array([591, 390]), array([437, 670]), array([675, 754])]]",[[]]
2338,"79,5064308643341","[672, 422]",True,"[0.517927, 0]","[0, 0]",False,weak,"14700,0","[[array([913, 198]), array([591, 380]), array([437, 660]), array([675, 744])]]",[[]]
2339,"79,540198802948","[672, 422]",True,"[0.517927, 0]","[0, 0]",False,weak,"14700,0","[[array([913, 188]), array([591, 370]), array([437, 650]), array([675, 734])]]",[[]]
2340,"79,5740258693695","[672, 422]",True,"[0.517927, 0]","[0, 0]",False,weak,"14700,0","[[array([913, 178]), array([591, 360]), array([437, 640]), array([675, 724])]]",[[]]
2341,"79,6077139377594","[672, 422]",True,"[0.517927, 0]","[0, 0]",False,weak,"14700,0","[[array([913, 168]), array([591, 350]), array([437, 630]), array([675, 714])]]",[[]]
2342,"79,64240264892578","[672, 422]",True,"[0.517927, 0]","[0, 0]",False,weak,"14700,0","[[array([913, 158]), array([591, 340]), array([437, 620]), array([675, 704])]]",[[]]
2343,"79,67601203918457","[672, 422]",True,"[0.517927, 0]","[0, 0]",False,weak,"14700,0","[[array([913, 148]), array([591, 330]), array([437, 610]), array([675, 694])]]",[[]]
2344,"79,70993089675903","[672, 422]",True,"[0.517927, 0]","[0, 0]",False,weak,"14700,0","[[array([913, 138]), array([591, 320]), array([437, 600]), array([675, 684])]]",[[]]
2345,"79,744069814682","[672, 422]",True,"[0.517927, 0]","[0, 0]",False,weak,"14700,0","[[array([913, 128]), array([591, 310]), array([437, 590]), array([675, 674])]]",[[]]
2346,"79,77897596359253","[672, 422]",True,"[0.517927, 0]","[0, 0]",False,weak,"14700,0","[[array([906, 118]), array([584, 300]), array([430, 580]), array([668, 664])]]",[[]]
2347,"79,81311368942261","[672, 422]",True,"[0.517927, 0]","[0, 0]",False,weak,"14700,0","[[array([897, 108]), array([575, 290]), array([421, 570]), array([659, 654])]]",[[]]
2348,"79,84725880622864","[672, 422]",True,"[0.517927, 0]","[0, 0]",False,weak,"14700,0","[[array([887,  98]), array([565, 280]), array([411, 560]), array([649, 644])]]",[[]]
2349,"79,88068675994873","[672, 422]",True,"[0.517927, 0]","[0, 0]",False,weak,"14700,0","[[array([887,  88]), array([565, 270]), array([411, 550]), array([649, 634])]]",[[]]
2350,"79,91464281082153","[672, 422]",True,"[0.517927, 0]","[0, 0]",False,weak,"14700,0","[[array([869,  78]), array([547, 260]), array([393, 540]), array([631, 624])]]",[[]]
2351,"79,94951891899109","[672, 422]",True,"[0.517927, 0]","[0, 0]",False,weak,"14700,0","[[array([857,  68]), array([535, 250]), array([381, 530]), array([619, 614])]]",[[]]
2352,"79,98441886901855","[672, 422]",True,"[0.517927, 0]","[0, 0]",False,weak,"14700,0","[[array([852,  58]), array([530, 240]), array([376, 520]), array([614, 604])]]",[[]]
2353,"80,01850605010986","[672, 422]",True,"[0.517927, 0]","[0, 0]",False,weak,"14700,0","[[array([841,  48]), array([519, 230]), array([365, 510]), array([603, 594])]]",[[]]
2354,"80,0524628162384","[672, 422]",True,"[0.517927, 0]","[0, 0]",False,weak,"14700,0","[[array([832,  38]), array([510, 220]), array([356, 500]), array([594, 584])]]",[[]]
2355,"80,08603501319885","[672, 422]",True,"[0.517927, 0]","[0, 0]",False,weak,"14700,0","[[array([832,  28]), array([510, 210]), array([356, 490]), array([594, 574])]]",[[]]
2356,"80,1195878982544","[672, 422]",True,"[0.517927, 0]","[0, 0]",False,weak,"14700,0","[[array([832,  18]), array([510, 200]), array([356, 480]), array([594, 564])]]",[[]]
2357,"80,1542558670044","[672, 422]",True,"[0.517927, 0]","[0, 0]",False,weak,"14700,0","[[array([832,   8]), array([510, 190]), array([356, 470]), array([594, 554])]]",[[]]
2358,"80,18830275535583","[672, 422]",True,"[0.517927, 0]","[0, 0]",False,weak,"14700,0","[[array([510, 180]), array([356, 460]), array([594, 544])]]",[[]]
2359,"80,2216248512268","[672, 422]",True,"[0.517927, 0]","[0, 0]",False,weak,"14700,0","[[array([510, 170]), array([356, 450]), array([594, 534])]]",[[]]
2360,"80,25652194023132","[672, 422]",True,"[0.517927, 0]","[0, 0]",False,weak,"14700,0","[[array([510, 160]), array([356, 440]), array([594, 524])]]",[[]]
2361,"80,29130482673645","[672, 422]",True,"[0.517927, 0]","[0, 0]",False,weak,"14700,0","[[array([510, 150]), array([356, 430]), array([594, 514])]]",[[]]
2362,"80,32492804527283","[672, 422]",True,"[0.517927, 0]","[0, 0]",False,weak,"14700,0","[[array([510, 140]), array([356, 420]), array([594, 504])]]",[[]]
2363,"80,35930967330933","[672, 422]",True,"[0.517927, 0]","[0, 0]",False,weak,"14700,0","[[array([510, 130]), array([356, 410]), array([594, 494])]]",[[]]
2364,"80,39355683326721","[672, 422]",True,"[0.517927, 0]","[0, 0]",False,weak,"14700,0","[[array([510, 120]), array([356, 400]), array([594, 484])]]",[[]]
2365,"80,42807292938232","[672, 422]",True,"[0.517927, 0]","[0, 0]",False,weak,"14700,0","[[array([510, 110]), array([356, 390]), array([594, 474])]]",[[]]
2366,"80,46167087554932","[672, 422]",True,"[0.517927, 0]","[0, 0]",False,weak,"14700,0","[[array([510, 100]), array([356, 380]), array([594, 464])]]",[[]]
2367,"80,49651789665222","[672, 422]",True,"[0.517927, 0]","[0, 0]",False,weak,"14700,0","[[array([510,  90]), array([356, 370]), array([594, 454])]]",[[]]
2368,"80,53132796287537","[672, 422]",True,"[0.517927, 0]","[0, 0]",False,weak,"14700,0","[[array([510,  80]), array([356, 360]), array([594, 444])]]",[[]]
2369,"80,56521606445312","[672, 422]",True,"[0.517927, 0]","[0, 0]",False,weak,"14700,0","[[array([510,  70]), array([356, 350]), array([594, 434]), array([720, 840])]]",[[]]
2370,"80,59906578063965","[672, 422]",True,"[0.517927, 0]","[0, 0]",False,weak,"14700,0","[[array([510,  60]), array([356, 340]), array([594, 424]), array([720, 830])]]",[[]]
2371,"80,63301086425781","[672, 422]",True,"[0.517927, 0]","[0, 0]",False,weak,"14700,0","[[array([510,  50]), array([356, 330]), array([594, 414]), array([720, 820]), array([356, 834]), array([566, 834])]]",[[]]
2372,"80,66682696342468","[672, 422]",True,"[0.517927, 0]","[0, 0]",False,weak,"14700,0","[[array([510,  40]), array([356, 320]), array([594, 404]), array([720, 810]), array([356, 824]), array([566, 824])]]",[[]]
2373,"80,70095586776733","[672, 422]",True,"[0.517927, 0]","[0, 0]",False,weak,"14700,0","[[array([510,  30]), array([356, 310]), array([594, 394]), array([720, 800]), array([356, 814]), array([566, 814])]]",[[]]
2374,"80,73521208763123","[672, 422]",True,"[0.517927, 0]","[0, 0]",False,weak,"14700,0","[[array([510,  20]), array([356, 300]), array([594, 384]), array([720, 790]), array([356, 804]), array([566, 804])]]",[[]]
2375,"80,76858901977539","[672, 422]",True,"[0.517927, 0]","[0, 0]",False,weak,"14700,0","[[array([510,  10]), array([356, 290]), array([594, 374]), array([720, 780]), array([356, 794]), array([566, 794])]]",[[]]
2376,"80,80313801765442","[672, 422]",True,"[0.517927, 0]","[0, 0]",False,weak,"14700,0","[[array([519,   0]), array([365, 280]), array([603, 364]), array([729, 770]), array([365, 784]), array([575, 784])]]",[[]]
2377,"80,83705806732178","[672, 422]",True,"[0.517927, 0]","[0, 0]",False,weak,"14700,0","[[array([373, 270]), array([611, 354]), array([737, 760]), array([373, 774]), array([583, 774])]]",[[]]
2378,"80,87090396881104","[672, 422]",True,"[0.517927, 0]","[0, 0]",False,weak,"14700,0","[[array([384, 260]), array([622, 344]), array([748, 750]), array([384, 764]), array([594, 764])]]",[[]]
2379,"80,9047019481659","[672, 422]",True,"[0.517927, 0]","[0, 0]",False,weak,"14700,0","[[array([388, 250]), array([626, 334]), array([752, 740]), array([388, 754]), array([598, 754])]]",[[]]
2380,"80,93872785568237","[672, 422]",True,"[0.517927, 0]","[0, 0]",False,weak,"14700,0","[[array([399, 240]), array([637, 324]), array([763, 730]), array([399, 744]), array([609, 744])]]",[[]]
2381,"80,9726128578186","[672, 422]",True,"[0.517927, 0]","[0, 0]",False,weak,"14700,0","[[array([404, 230]), array([642, 314]), array([768, 720]), array([404, 734]), array([614, 734])]]",[[]]
2382,"81,00654578208923","[672, 422]",True,"[0.517927, 0]","[0, 0]",False,weak,"14700,0","[[array([411, 220]), array([649, 304]), array([775, 710]), array([411, 724]), array([621, 724])]]",[[]]
2383,"81,04055094718933","[672, 422]",True,"[0.517927, 0]","[0, 0]",False,weak,"14700,0","[[array([411, 210]), array([649, 294]), array([775, 700]), array([411, 714]), array([621, 714]), array([831, 840])]]",[[]]
2384,"81,07545495033264","[672, 422]",True,"[0.517927, 0]","[0, 0]",False,weak,"14700,0","[[array([422, 200]), array([660, 284]), array([786, 690]), array([422, 704]), array([632, 704]), array([842, 830])]]",[[]]
2385,"81,10927891731262","[672, 422]",True,"[0.517927, 0]","[0, 0]",False,weak,"14700,0","[[array([430, 190]), array([668, 274]), array([794, 680]), array([430, 694]), array([640, 694]), array([850, 820])]]",[[]]
2386,"81,1430299282074","[672, 422]",True,"[0.517927, 0]","[0, 0]",False,weak,"14700,0","[[array([433, 180]), array([671, 264]), array([797, 670]), array([433, 684]), array([643, 684]), array([853, 810])]]",[[]]
2387,"81,17705488204956","[672, 422]",True,"[0.517927, 0]","[0, 0]",False,weak,"14700,0","[[array([441, 170]), array([679, 254]), array([805, 660]), array([441, 674]), array([651, 674]), array([861, 800])]]",[[]]
2388,"81,2109739780426","[672, 422]",True,"[0.517927, 0]","[0, 0]",False,weak,"14700,0","[[array([447, 160]), array([685, 244]), array([811, 650]), array([447, 664]), array([657, 664]), array([867, 790])]]",[[]]
2389,"81,2452187538147","[672, 422]",True,"[0.517927, 0]","[0, 0]",False,weak,"14700,0","[[array([455, 150]), array([693, 234]), array([819, 640]), array([455, 654]), array([665, 654]), array([875, 780])]]",[[]]
2390,"81,27915906906128","[672, 422]",True,"[0.517927, 0]","[0, 0]",False,weak,"14700,0","[[array([467, 140]), array([705, 224]), array([831, 630]), array([467, 644]), array([677, 644]), array([887, 770])]]",[[]]
2391,"81,31305289268494","[672, 422]",True,"[0.517927, 0]","[0, 0]",False,weak,"14700,0","[[array([476, 130]), array([714, 214]), array([840, 620]), array([476, 634]), array([686, 634]), array([896, 760])]]",[[]]
2392,"81,34715580940247","[672, 422]",True,"[0.517927, 0]","[0, 0]",False,weak,"14700,0","[[array([483, 120]), array([721, 204]), array([847, 610]), array([483, 624]), array([693, 624]), array([903, 750])]]",[[]]
2393,"81,38141679763794","[672, 422]",True,"[0.517927, 0]","[0, 0]",False,weak,"14700,0","[[array([487, 110]), array([725, 194]), array([851, 600]), array([487, 614]), array([697, 614]), array([907, 740])]]",[[]]
2394,"81,41529083251953","[672, 422]",True,"[0.517927, 0]","[0, 0]",False,weak,"14700,0","[[array([498, 100]), array([736, 184]), array([862, 590]), array([498, 604]), array([708, 604]), array([918, 730])]]",[[]]
2395,"81,44906091690063","[672, 422]",True,"[0.517927, 0]","[0, 0]",False,weak,"14700,0","[[array([510,  90]), array([748, 174]), array([874, 580]), array([510, 594]), array([720, 594]), array([930, 720]), array([986, 832])]]",[[]]
2396,"81,48344492912292","[672, 422]",True,"[0.517927, 0]","[0, 0]",False,weak,"14700,0","[[array([524,  80]), array([762, 164]), array([888, 570]), array([524, 584]), array([734, 584]), array([944, 710]), array([1000,  822])]]",[[]]
2397,"81,5168068408966","[672, 422]",True,"[0.517927, 0]","[0, 0]",False,weak,"14700,0","[[array([528,  70]), array([766, 154]), array([892, 560]), array([528, 574]), array([738, 574]), array([948, 700]), array([1004,  812])]]",[[]]
2398,"81,55136895179749","[672, 422]",True,"[0.517927, 0]","[0, 0]",False,weak,"14700,0","[[array([528,  60]), array([766, 144]), array([892, 550]), array([528, 564]), array([738, 564]), array([948, 690]), array([1004,  802])]]",[[]]
2399,"81,58490705490112","[672, 422]",True,"[0.517927, 0]","[0, 0]",False,weak,"14700,0","[[array([528,  50]), array([766, 134]), array([892, 540]), array([528, 554]), array([738, 554]), array([948, 680]), array([1004,  792])]]",[[]]
2400,"81,6192398071289","[672, 422]",True,"[0.517927, 0]","[0, 0]",False,weak,"14700,0","[[array([528,  40]), array([766, 124]), array([892, 530]), array([528, 544]), array([738, 544]), array([948, 670]), array([1004,  782]), array([920, 838])]]",[[]]
2401,"81,65276288986206","[672, 422]",True,"[0.517927, 0]","[0, 0]",False,weak,"14700,0","[[array([528,  30]), array([766, 114]), array([892, 520]), array([528, 534]), array([738, 534]), array([948, 660]), array([1004,  772]), array([920, 828])]]",[[]]
2402,"81,68726396560669","[672, 422]",True,"[0.517927, 0]","[0, 0]",False,weak,"14700,0","[[array([528,  20]), array([766, 104]), array([892, 510]), array([528, 524]), array([738, 524]), array([948, 650]), array([1004,  762]), array([920, 818])]]",[[]]
2403,"81,72098779678345","[672, 422]",True,"[0.517927, 0]","[0, 0]",False,weak,"14700,0","[[array([528,  10]), array([766,  94]), array([892, 500]), array([528, 514]), array([738, 514]), array([948, 640]), array([1004,  752]), array([920, 808])]]",[[]]
2404,"81,75548791885376","[672, 422]",True,"[0.517927, 0]","[0, 0]",False,weak,"14700,0","[[array([528,   0]), array([766,  84]), array([892, 490]), array([528, 504]), array([738, 504]), array([948, 630]), array([1004,  742]), array([920, 798])]]",[[]]
2405,"81,78869891166687","[672, 422]",True,"[0.517927, 0]","[0, 0]",False,weak,"14700,0","[[array([766,  74]), array([892, 480]), array([528, 494]), array([738, 494]), array([948, 620]), array([1004,  732]), array([920, 788])]]",[[]]
2406,"81,82270884513855","[672, 422]",True,"[0.517927, 0]","[0, 0]",False,weak,"14700,0","[[array([766,  64]), array([892, 470]), array([528, 484]), array([738, 484]), array([948, 610]), array([1004,  722]), array([920, 778])]]",[[]]
2407,"81,85694169998169","[672, 422]",True,"[0.517927, 0]","[0, 0]",False,weak,"14700,0","[[array([766,  54]), array([892, 460]), array([528, 474]), array([738, 474]), array([948, 600]), array([1004,  712]), array([920, 768]), array([836, 838])]]",[[]]
2408,"81,89131283760071","[672, 422]",True,"[0.517927, 0]","[0, 0]",False,weak,"14700,0","[[array([766,  44]), array([892, 450]), array([528, 464]), array([738, 464]), array([948, 590]), array([1004,  702]), array([920, 758]), array([836, 828])]]",[[]]
2409,"81,92506790161133","[672, 422]",True,"[0.517927, 0]","[0, 0]",False,weak,"14700,0","[[array([766,  34]), array([892, 440]), array([528, 454]), array([738, 454]), array([948, 580]), array([1004,  692]), array([920, 748]), array([836, 818])]]",[[]]
2410,"81,95889472961426","[672, 422]",True,"[0.517927, 0]","[0, 0]",False,weak,"14700,0","[[array([766,  24]), array([892, 430]), array([528, 444]), array([738, 444]), array([948, 570]), array([1004,  682]), array([920, 738]), array([836, 808])]]",[[]]
2411,"81,99355483055115","[672, 422]",True,"[0.517927, 0]","[0, 0]",False,weak,"14700,0","[[array([766,  14]), array([892, 420]), array([528, 434]), array([738, 434]), array([948, 560]), array([1004,  672]), array([920, 728]), array([836, 798])]]",[[]]
2412,"82,02795791625977","[672, 422]",True,"[0.517927, 0]","[0, 0]",False,weak,"14700,0","[[array([766,   4]), array([892, 410]), array([528, 424]), array([738, 424]), array([948, 550]), array([1004,  662]), array([920, 718]), array([836, 788])]]",[[]]
2413,"82,06170797348022","[672, 422]",True,"[0.517927, 0]","[0, 0]",False,weak,"14700,0","[[array([892, 400]), array([528, 414]), array([738, 414]), array([948, 540]), array([1004,  652]), array([920, 708]), array([836, 778])]]",[[]]
2414,"82,0969409942627","[672, 422]",True,"[0.517927, 0]","[0, 0]",False,weak,"14700,0","[[array([880, 390]), array([516, 404]), array([726, 404]), array([936, 530]), array([992, 642]), array([908, 698]), array([824, 768])]]",[[]]
2415,"82,13001489639282","[672, 422]",True,"[0.517927, 0]","[0, 0]",False,weak,"14700,0","[[array([873, 380]), array([509, 394]), array([719, 394]), array([929, 520]), array([985, 632]), array([901, 688]), array([817, 758])]]",[[]]
2416,"82,16399884223938","[672, 422]",True,"[0.517927, 0]","[0, 0]",False,weak,"14700,0","[[array([867, 370]), array([503, 384]), array([713, 384]), array([923, 510]), array([979, 622]), array([895, 678]), array([811, 748])]]",[[]]
2417,"82,19815182685852","[672, 422]",True,"[0.517927, 0]","[0, 0]",False,weak,"14700,0","[[array([854, 360]), array([490, 374]), array([700, 374]), array([910, 500]), array([966, 612]), array([882, 668]), array([798, 738])]]",[[]]
2418,"82,23241877555847","[672, 422]",True,"[0.517927, 0]","[0, 0]",False,weak,"14700,0","[[array([840, 350]), array([476, 364]), array([686, 364]), array([896, 490]), array([952, 602]), array([868, 658]), array([784, 728])]]",[[]]
2419,"82,26592206954956","[672, 422]",True,"[0.517927, 0]","[0, 0]",False,weak,"14700,0","[[array([830, 340]), array([466, 354]), array([676, 354]), array([886, 480]), array([942, 592]), array([858, 648]), array([774, 718])]]",[[]]
2420,"82,3000819683075","[672, 422]",True,"[0.517927, 0]","[0, 0]",False,weak,"14700,0","[[array([821, 330]), array([457, 344]), array([667, 344]), array([877, 470]), array([933, 582]), array([849, 638]), array([765, 708])]]",[[]]
2421,"82,33371090888977","[672, 422]",True,"[0.517927, 0]","[0, 0]",False,weak,"14700,0","[[array([810, 320]), array([446, 334]), array([656, 334]), array([866, 460]), array([922, 572]), array([838, 628]), array([754, 698])]]",[[]]
2422,"82,3681378364563","[672, 422]",True,"[0.517927, 0]","[0, 0]",False,weak,"14700,0","[[array([803, 310]), array([439, 324]), array([649, 324]), array([859, 450]), array([915, 562]), array([831, 618]), array([747, 688])]]",[[]]
2423,"82,4021098613739","[672, 422]",True,"[0.517927, 0]","[0, 0]",False,weak,"14700,0","[[array([789, 300]), array([425, 314]), array([635, 314]), array([845, 440]), array([901, 552]), array([817, 608]), array([733, 678])]]",[[]]
2424,"82,43604302406311","[672, 422]",True,"[0.517927, 0]","[0, 0]",False,weak,"14700,0","[[array([782, 290]), array([418, 304]), array([628, 304]), array([838, 430]), array([894, 542]), array([810, 598]), array([726, 668])]]",[[]]
2425,"82,47015500068665","[672, 422]",True,"[0.517927, 0]","[0, 0]",False,weak,"14700,0","[[array([782, 280]), array([418, 294]), array([628, 294]), array([838, 420]), array([894, 532]), array([810, 588]), array([726, 658])]]",[[]]
2426,"82,50403475761414","[672, 422]",True,"[0.517927, 0]","[0, 0]",False,weak,"14700,0","[[array([782, 270]), array([418, 284]), array([628, 284]), array([838, 410]), array([894, 522]), array([810, 578]), array([726, 648])]]",[[]]
2427,"82,53792309761047","[672, 422]",True,"[0.517927, 0]","[0, 0]",False,weak,"14700,0","[[array([782, 260]), array([418, 274]), array([628, 274]), array([838, 400]), array([894, 512]), array([810, 568]), array([726, 638])]]",[[]]
2428,"82,57185387611389","[672, 422]",True,"[0.517927, 0]","[0, 0]",False,weak,"14700,0","[[array([782, 250]), array([418, 264]), array([628, 264]), array([838, 390]), array([894, 502]), array([810, 558]), array([726, 628])]]",[[]]
2429,"82,60556697845459","[672, 422]",True,"[0.517927, 0]","[0, 0]",False,weak,"14700,0","[[array([782, 240]), array([418, 254]), array([628, 254]), array([838, 380]), array([894, 492]), array([810, 548]), array([726, 618])]]",[[]]
2430,"82,64034390449524","[672, 422]",True,"[0.517927, 0]","[0, 0]",False,weak,"14700,0","[[array([782, 230]), array([418, 244]), array([628, 244]), array([838, 370]), array([894, 482]), array([810, 538]), array([726, 608])]]",[[]]
2431,"82,67454695701599","[672, 422]",True,"[0.517927, 0]","[0, 0]",False,weak,"14700,0","[[array([789, 220]), array([425, 234]), array([635, 234]), array([845, 360]), array([901, 472]), array([817, 528]), array([733, 598])]]",[[]]
2432,"82,70821404457092","[672, 422]",True,"[0.517927, 0]","[0, 0]",False,weak,"14700,0","[[array([794, 210]), array([430, 224]), array([640, 224]), array([850, 350]), array([906, 462]), array([822, 518]), array([738, 588])]]",[[]]
2433,"82,74157691001892","[672, 422]",True,"[0.517927, 0]","[0, 0]",False,weak,"14700,0","[[array([803, 200]), array([439, 214]), array([649, 214]), array([859, 340]), array([915, 452]), array([831, 508]), array([747, 578])]]",[[]]
2434,"82,77592706680298","[672, 422]",True,"[0.517927, 0]","[0, 0]",False,weak,"14700,0","[[array([814, 190]), array([450, 204]), array([660, 204]), array([870, 330]), array([926, 442]), array([842, 498]), array([758, 568])]]",[[]]
2435,"82,80962586402893","[672, 422]",True,"[0.517927, 0]","[0, 0]",False,weak,"14700,0","[[array([820, 180]), array([456, 194]), array([666, 194]), array([876, 320]), array([932, 432]), array([848, 488]), array([764, 558])]]",[[]]
2436,"82,84429287910461","[672, 422]",True,"[0.517927, 0]","[0, 0]",False,weak,"14700,0","[[array([831, 170]), array([467, 184]), array([677, 184]), array([887, 310]), array([943, 422]), array([859, 478]), array([775, 548])]]",[[]]
2437,"82,87829303741455","[672, 422]",True,"[0.517927, 0]","[0, 0]",False,weak,"14700,0","[[array([839, 160]), array([475, 174]), array([685, 174]), array([895, 300]), array([951, 412]), array([867, 468]), array([783, 538])]]",[[]]
2438,"82,91222667694092","[672, 422]",True,"[0.517927, 0]","[0, 0]",False,weak,"14700,0","[[array([850, 150]), array([486, 164]), array([696, 164]), array([906, 290]), array([962, 402]), array([878, 458]), array([794, 528])]]",[[]]
2439,"82,94617795944214","[672, 422]",True,"[0.517927, 0]","[0, 0]",False,weak,"14700,0","[[array([857, 140]), array([493, 154]), array([703, 154]), array([913, 280]), array([969, 392]), array([885, 448]), array([801, 518])]]",[[]]
2440,"82,98022079467773","[672, 422]",True,"[0.517927, 0]","[0, 0]",False,weak,"14700,0","[[array([857, 130]), array([493, 144]), array([703, 144]), array([913, 270]), array([969, 382]), array([885, 438]), array([801, 508])]]",[[]]
2441,"83,01417088508606","[672, 422]",True,"[0.517927, 0]","[0, 0]",False,weak,"14700,0","[[array([857, 120]), array([493, 134]), array([703, 134]), array([913, 260]), array([969, 372]), array([885, 428]), array([801, 498]), array([661, 834])]]",[[]]
2442,"83,04820990562439","[672, 422]",True,"[0.517927, 0]","[0, 0]",False,weak,"14700,0","[[array([857, 110]), array([493, 124]), array([703, 124]), array([913, 250]), array([969, 362]), array([885, 418]), array([801, 488]), array([661, 824])]]",[[]]
2443,"83,08237481117249","[672, 422]",True,"[0.517927, 0]","[0, 0]",False,weak,"14700,0","[[array([857, 100]), array([493, 114]), array([703, 114]), array([913, 240]), array([969, 352]), array([885, 408]), array([801, 478]), array([661, 814])]]",[[]]
2444,"83,11582374572754","[672, 422]",True,"[0.517927, 0]","[0, 0]",False,weak,"14700,0","[[array([857,  90]), array([493, 104]), array([703, 104]), array([913, 230]), array([969, 342]), array([885, 398]), array([801, 468]), array([661, 804])]]",[[]]
2445,"83,1500608921051","[672, 422]",True,"[0.517927, 0]","[0, 0]",False,weak,"14700,0","[[array([857,  80]), array([493,  94]), array([703,  94]), array([913, 220]), array([969, 332]), array([885, 388]), array([801, 458]), array([661, 794])]]",[[]]
2446,"83,18452978134155","[672, 422]",True,"[0.517927, 0]","[0, 0]",False,weak,"14700,0","[[array([857,  70]), array([493,  84]), array([703,  84]), array([913, 210]), array([969, 322]), array([885, 378]), array([801, 448]), array([661, 784])]]",[[]]
2447,"83,21859884262085","[672, 422]",True,"[0.517927, 0]","[0, 0]",False,weak,"14700,0","[[array([857,  60]), array([493,  74]), array([703,  74]), array([913, 200]), array([969, 312]), array([885, 368]), array([801, 438]), array([661, 774])]]",[[]]
2448,"83,25354290008545","[672, 422]",True,"[0.517927, 0]","[0, 0]",False,weak,"14700,0","[[array([857,  50]), array([493,  64]), array([703,  64]), array([913, 190]), array([969, 302]), array([885, 358]), array([801, 428]), array([661, 764])]]",[[]]
2449,"83,287761926651","[672, 422]",True,"[0.517927, 0]","[0, 0]",False,weak,"14700,0","[[array([851,  40]), array([487,  54]), array([697,  54]), array([907, 180]), array([963, 292]), array([879, 348]), array([795, 418]), array([655, 754])]]",[[]]
2450,"83,32080101966858","[672, 422]",True,"[0.517927, 0]","[0, 0]",False,weak,"14700,0","[[array([845,  30]), array([481,  44]), array([691,  44]), array([901, 170]), array([957, 282]), array([873, 338]), array([789, 408]), array([649, 744])]]",[[]]
2451,"83,35493087768555","[672, 422]",True,"[0.517927, 0]","[0, 0]",False,weak,"14700,0","[[array([844,  20]), array([480,  34]), array([690,  34]), array([900, 160]), array([956, 272]), array([872, 328]), array([788, 398]), array([648, 734])]]",[[]]
2452,"83,38956999778748","[672, 422]",True,"[0.517927, 0]","[0, 0]",False,weak,"14700,0","[[array([835,  10]), array([471,  24]), array([681,  24]), array([891, 150]), array([947, 262]), array([863, 318]), array([779, 388]), array([639, 724])]]",[[]]
2453,"83,42457795143127","[672, 422]",True,"[0.517927, 0]","[0, 0]",False,weak,"14700,0","[[array([815,   0]), array([451,  14]), array([661,  14]), array([871, 140]), array([927, 252]), array([843, 308]), array([759, 378]), array([619, 714])]]",[[]]
2454,"83,45860409736633","[672, 422]",True,"[0.517927, 0]","[0, 0]",False,weak,"14700,0","[[array([435,   4]), array([645,   4]), array([855, 130]), array([911, 242]), array([827, 298]), array([743, 368]), array([603, 704])]]",[[]]
2455,"83,49260067939758","[672, 422]",True,"[0.517927, 0]","[0, 0]",False,weak,"14700,0","[[array([842, 120]), array([898, 232]), array([814, 288]), array([730, 358]), array([590, 694])]]",[[]]
2456,"83,5275149345398","[672, 422]",True,"[0.517927, 0]","[0, 0]",False,weak,"14700,0","[[array([823, 110]), array([879, 222]), array([795, 278]), array([711, 348]), array([571, 684])]]",[[]]
2457,"83,5613648891449","[672, 422]",True,"[0.517927, 0]","[0, 0]",False,weak,"14700,0","[[array([820, 100]), array([876, 212]), array([792, 268]), array([708, 338]), array([568, 674])]]",[[]]
2458,"83,5951018333435","[672, 422]",True,"[0.517927, 0]","[0, 0]",False,weak,"14700,0","[[array([815,  90]), array([871, 202]), array([787, 258]), array([703, 328]), array([563, 664])]]",[[]]
2459,"83,62902665138245","[672, 422]",True,"[0.517927, 0]","[0, 0]",False,weak,"14700,0","[[array([808,  80]), array([864, 192]), array([780, 248]), array([696, 318]), array([556, 654])]]",[[]]
2460,"83,66325688362122","[672, 422]",True,"[0.517927, 0]","[0, 0]",False,weak,"14700,0","[[array([794,  70]), array([850, 182]), array([766, 238]), array([682, 308]), array([542, 644])]]",[[]]
2461,"83,69739294052124","[672, 422]",True,"[0.517927, 0]","[0, 0]",False,weak,"14700,0","[[array([794,  60]), array([850, 172]), array([766, 228]), array([682, 298]), array([542, 634])]]",[[]]
2462,"83,73108887672424","[672, 422]",True,"[0.517927, 0]","[0, 0]",False,weak,"14700,0","[[array([794,  50]), array([850, 162]), array([766, 218]), array([682, 288]), array([542, 624])]]",[[]]
2463,"83,76505398750305","[672, 422]",True,"[0.517927, 0]","[0, 0]",False,weak,"14700,0","[[array([794,  40]), array([850, 152]), array([766, 208]), array([682, 278]), array([542, 614])]]",[[]]
2464,"83,79927587509155","[672, 422]",True,"[0.517927, 0]","[0, 0]",False,weak,"14700,0","[[array([794,  30]), array([850, 142]), array([766, 198]), array([682, 268]), array([542, 604])]]",[[]]
2465,"83,83341097831726","[672, 422]",True,"[0.517927, 0]","[0, 0]",False,weak,"14700,0","[[array([794,  20]), array([850, 132]), array([766, 188]), array([682, 258]), array([542, 594])]]",[[]]
2466,"83,86694502830505","[672, 422]",True,"[0.517927, 0]","[0, 0]",False,weak,"14700,0","[[array([794,  10]), array([850, 122]), array([766, 178]), array([682, 248]), array([542, 584])]]",[[]]
2467,"83,90087699890137","[672, 422]",True,"[0.517927, 0]","[0, 0]",False,weak,"14700,0","[[array([794,   0]), array([850, 112]), array([766, 168]), array([682, 238]), array([542, 574])]]",[[]]
2468,"83,93472576141357","[672, 422]",True,"[0.517927, 0]","[0, 0]",False,weak,"14700,0","[[array([850, 102]), array([766, 158]), array([682, 228]), array([542, 564])]]",[[]]
2469,"83,96934604644775","[672, 422]",True,"[0.517927, 0]","[0, 0]",False,weak,"14700,0","[[array([850,  92]), array([766, 148]), array([682, 218]), array([542, 554])]]",[[]]
2470,"84,00320482254028","[672, 422]",True,"[0.517927, 0]","[0, 0]",False,weak,"14700,0","[[array([850,  82]), array([766, 138]), array([682, 208]), array([542, 544])]]",[[]]
2471,"84,03711199760437","[672, 422]",True,"[0.517927, 0]","[0, 0]",False,weak,"14700,0","[[array([850,  72]), array([766, 128]), array([682, 198]), array([542, 534])]]",[[]]
2472,"84,07087898254395","[672, 422]",True,"[0.517927, 0]","[0, 0]",False,weak,"14700,0","[[array([850,  62]), array([766, 118]), array([682, 188]), array([542, 524])]]",[[]]
2473,"84,10555911064148","[672, 422]",True,"[0.517927, 0]","[0, 0]",False,weak,"14700,0","[[array([850,  52]), array([766, 108]), array([682, 178]), array([542, 514])]]",[[]]
2474,"84,13904476165771","[672, 422]",True,"[0.517927, 0]","[0, 0]",False,weak,"14700,0","[[array([850,  42]), array([766,  98]), array([682, 168]), array([542, 504])]]",[[]]
2475,"84,17300772666931","[672, 422]",True,"[0.517927, 0]","[0, 0]",False,weak,"14700,0","[[array([863,  32]), array([779,  88]), array([695, 158]), array([555, 494])]]",[[]]
2476,"84,20749187469482","[672, 422]",True,"[0.517927, 0]","[0, 0]",False,weak,"14700,0","[[array([873,  22]), array([789,  78]), array([705, 148]), array([565, 484])]]",[[]]
2477,"84,24131894111633","[672, 422]",True,"[0.517927, 0]","[0, 0]",False,weak,"14700,0","[[array([885,  12]), array([801,  68]), array([717, 138]), array([577, 474]), array([493, 838])]]",[[]]
2478,"84,27544689178467","[672, 422]",True,"[0.517927, 0]","[0, 0]",False,weak,"14700,0","[[array([908,   2]), array([824,  58]), array([740, 128]), array([600, 464]), array([516, 828])]]",[[]]
2479,"84,30949974060059","[672, 422]",True,"[0.517927, 0]","[0, 0]",False,weak,"14700,0","[[array([824,  48]), array([740, 118]), array([600, 454]), array([516, 818])]]",[[]]
2480,"84,34333682060242","[672, 422]",True,"[0.517927, 0]","[0, 0]",False,weak,"14700,0","[[array([824,  38]), array([740, 108]), array([600, 444]), array([516, 808])]]",[[]]
2481,"84,37704992294312","[672, 422]",True,"[0.517927, 0]","[0, 0]",False,weak,"14700,0","[[array([824,  28]), array([740,  98]), array([600, 434]), array([516, 798])]]",[[]]
2482,"84,41071891784668","[672, 422]",True,"[0.517927, 0]","[0, 0]",False,weak,"14700,0","[[array([824,  18]), array([740,  88]), array([600, 424]), array([516, 788])]]",[[]]
2483,"84,44546103477478","[672, 422]",True,"[0.517927, 0]","[0, 0]",False,weak,"14700,0","[[array([824,   8]), array([740,  78]), array([600, 414]), array([516, 778])]]",[[]]
2484,"84,47901272773743","[672, 422]",True,"[0.517927, 0]","[0, 0]",False,weak,"14700,0","[[array([740,  68]), array([600, 404]), array([516, 768])]]",[[]]
2485,"84,51262283325195","[672, 422]",True,"[0.517927, 0]","[0, 0]",False,weak,"14700,0","[[array([740,  58]), array([600, 394]), array([516, 758])]]",[[]]
2486,"84,5473940372467","[672, 422]",True,"[0.517927, 0]","[0, 0]",False,weak,"14700,0","[[array([740,  48]), array([600, 384]), array([516, 748])]]",[[]]
2487,"84,5812759399414","[672, 422]",True,"[0.517927, 0]","[0, 0]",False,weak,"14700,0","[[array([740,  38]), array([600, 374]), array([516, 738]), array([432, 836])]]",[[]]
2488,"84,61540389060974","[672, 422]",True,"[0.517927, 0]","[0, 0]",False,weak,"14700,0","[[array([740,  28]), array([600, 364]), array([516, 728]), array([432, 826])]]",[[]]
2489,"84,64920282363892","[672, 422]",True,"[0.517927, 0]","[0, 0]",False,weak,"14700,0","[[array([740,  18]), array([600, 354]), array([516, 718]), array([432, 816])]]",[[]]
2490,"84,68303108215332","[672, 422]",True,"[0.517927, 0]","[0, 0]",False,weak,"14700,0","[[array([740,   8]), array([600, 344]), array([516, 708]), array([432, 806])]]",[[]]
2491,"84,71682691574097","[672, 422]",True,"[0.517927, 0]","[0, 0]",False,weak,"14700,0","[[array([600, 334]), array([516, 698]), array([432, 796])]]",[[]]
2492,"84,75067186355591","[672, 422]",True,"[0.517927, 0]","[0, 0]",False,weak,"14700,0","[[array([600, 324]), array([516, 688]), array([432, 786])]]",[[]]
2493,"84,78549671173096","[672, 422]",True,"[0.517927, 0]","[0, 0]",False,weak,"14700,0","[[array([600, 314]), array([516, 678]), array([432, 776])]]",[[]]
2494,"84,81921577453613","[672, 422]",True,"[0.517927, 0]","[0, 0]",False,weak,"14700,0","[[array([600, 304]), array([516, 668]), array([432, 766])]]",[[]]
2495,"84,85266995429993","[672, 422]",True,"[0.517927, 0]","[0, 0]",False,weak,"14700,0","[[array([600, 294]), array([516, 658]), array([432, 756])]]",[[]]
2496,"84,88703107833862","[672, 422]",True,"[0.517927, 0]","[0, 0]",False,weak,"14700,0","[[array([600, 284]), array([516, 648]), array([432, 746])]]",[[]]
2497,"84,92064380645752","[672, 422]",True,"[0.517927, 0]","[0, 0]",False,weak,"14700,0","[[array([600, 274]), array([516, 638]), array([432, 736]), array([628, 834])]]",[[]]
2498,"84,95575594902039","[672, 422]",True,"[0.517927, 0]","[0, 0]",False,weak,"14700,0","[[array([610, 264]), array([526, 628]), array([442, 726]), array([638, 824])]]",[[]]
2499,"84,98871302604675","[672, 422]",True,"[0.517927, 0]","[0, 0]",False,weak,"14700,0","[[array([626, 254]), array([542, 618]), array([458, 716]), array([654, 814])]]",[[]]
2500,"85,02267384529114","[672, 422]",True,"[0.517927, 0]","[0, 0]",False,weak,"14700,0","[[array([644, 244]), array([560, 608]), array([476, 706]), array([672, 804])]]",[[]]
2501,"85,05663585662842","[672, 422]",True,"[0.517927, 0]","[0, 0]",False,weak,"14700,0","[[array([655, 234]), array([571, 598]), array([487, 696]), array([683, 794])]]",[[]]
2502,"85,09066081047058","[672, 422]",True,"[0.517927, 0]","[0, 0]",False,weak,"14700,0","[[array([661, 224]), array([577, 588]), array([493, 686]), array([689, 784])]]",[[]]
2503,"85,12488889694214","[672, 422]",True,"[0.517927, 0]","[0, 0]",False,weak,"14700,0","[[array([665, 214]), array([581, 578]), array([497, 676]), array([693, 774])]]",[[]]
2504,"85,15874671936035","[672, 422]",True,"[0.517927, 0]","[0, 0]",False,weak,"14700,0","[[array([667, 204]), array([583, 568]), array([499, 666]), array([695, 764])]]",[[]]
2505,"85,1926257610321","[672, 422]",True,"[0.517927, 0]","[0, 0]",False,weak,"14700,0","[[array([680, 194]), array([596, 558]), array([512, 656]), array([708, 754]), array([610, 838])]]",[[]]
2506,"85,22660684585571","[672, 422]",True,"[0.517927, 0]","[0, 0]",False,weak,"14700,0","[[array([687, 184]), array([603, 548]), array([519, 646]), array([715, 744]), array([617, 828])]]",[[]]
2507,"85,26101613044739","[672, 422]",True,"[0.517927, 0]","[0, 0]",False,weak,"14700,0","[[array([684, 174]), array([600, 538]), array([516, 636]), array([712, 734]), array([614, 818])]]",[[]]
2508,"85,29521369934082","[672, 422]",True,"[0.517927, 0]","[0, 0]",False,weak,"14700,0","[[array([689, 164]), array([605, 528]), array([521, 626]), array([717, 724]), array([619, 808])]]",[[]]
2509,"85,32921695709229","[672, 422]",True,"[0.517927, 0]","[0, 0]",False,weak,"14700,0","[[array([698, 154]), array([614, 518]), array([530, 616]), array([726, 714]), array([628, 798])]]",[[]]
2510,"85,36324501037598","[672, 422]",True,"[0.517927, 0]","[0, 0]",False,weak,"14700,0","[[array([708, 144]), array([624, 508]), array([540, 606]), array([736, 704]), array([638, 788])]]",[[]]
2511,"85,39736604690552","[672, 422]",True,"[0.517927, 0]","[0, 0]",False,weak,"14700,0","[[array([719, 134]), array([635, 498]), array([551, 596]), array([747, 694]), array([649, 778])]]",[[]]
2512,"85,43158602714539","[672, 422]",True,"[0.517927, 0]","[0, 0]",False,weak,"14700,0","[[array([735, 124]), array([651, 488]), array([567, 586]), array([763, 684]), array([665, 768])]]",[[]]
2513,"85,46476793289185","[672, 422]",True,"[0.517927, 0]","[0, 0]",False,weak,"14700,0","[[array([744, 114]), array([660, 478]), array([576, 576]), array([772, 674]), array([674, 758])]]",[[]]
2514,"85,49880886077881","[672, 422]",True,"[0.517927, 0]","[0, 0]",False,weak,"14700,0","[[array([745, 104]), array([661, 468]), array([577, 566]), array([773, 664]), array([675, 748])]]",[[]]
2515,"85,53285884857178","[672, 422]",True,"[0.517927, 0]","[0, 0]",False,weak,"14700,0","[[array([745,  94]), array([661, 458]), array([577, 556]), array([773, 654]), array([675, 738])]]",[[]]
2516,"85,56683683395386","[672, 422]",True,"[0.517927, 0]","[0, 0]",False,weak,"14700,0","[[array([745,  84]), array([661, 448]), array([577, 546]), array([773, 644]), array([675, 728])]]",[[]]
2517,"85,60096311569214","[672, 422]",True,"[0.517927, 0]","[0, 0]",False,weak,"14700,0","[[array([745,  74]), array([661, 438]), array([577, 536]), array([773, 634]), array([675, 718])]]",[[]]
2518,"85,6349868774414","[672, 422]",True,"[0.517927, 0]","[0, 0]",False,weak,"14700,0","[[array([745,  64]), array([661, 428]), array([577, 526]), array([773, 624]), array([675, 708])]]",[[]]
2519,"85,66901302337646","[672, 422]",True,"[0.517927, 0]","[0, 0]",False,weak,"14700,0","[[array([745,  54]), array([661, 418]), array([577, 516]), array([773, 614]), array([675, 698])]]",[[]]
2520,"85,70304203033447","[672, 422]",True,"[0.517927, 0]","[0, 0]",False,weak,"14700,0","[[array([745,  44]), array([661, 408]), array([577, 506]), array([773, 604]), array([675, 688])]]",[[]]
2521,"85,73716497421265","[672, 422]",True,"[0.517927, 0]","[0, 0]",False,weak,"14700,0","[[array([745,  34]), array([661, 398]), array([577, 496]), array([773, 594]), array([675, 678])]]",[[]]
2522,"85,77115178108215","[672, 422]",True,"[0.517927, 0]","[0, 0]",False,weak,"14700,0","[[array([745,  24]), array([661, 388]), array([577, 486]), array([773, 584]), array([675, 668])]]",[[]]
2523,"85,80556011199951","[672, 422]",True,"[0.517927, 0]","[0, 0]",False,weak,"14700,0","[[array([745,  14]), array([661, 378]), array([577, 476]), array([773, 574]), array([675, 658])]]",[[]]
2524,"85,83996081352234","[672, 422]",True,"[0.517927, 0]","[0, 0]",False,weak,"14700,0","[[array([745,   4]), array([661, 368]), array([577, 466]), array([773, 564]), array([675, 648])]]",[[]]
2525,"85,87431383132935","[672, 422]",True,"[0.517927, 0]","[0, 0]",False,weak,"14700,0","[[array([661, 358]), array([577, 456]), array([773, 554]), array([675, 638])]]",[[]]
2526,"85,90789604187012","[672, 422]",True,"[0.517927, 0]","[0, 0]",False,weak,"14700,0","[[array([661, 348]), array([577, 446]), array([773, 544]), array([675, 628])]]",[[]]
2527,"85,94223999977112","[672, 422]",True,"[0.517927, 0]","[0, 0]",False,weak,"14700,0","[[array([661, 338]), array([577, 436]), array([773, 534]), array([675, 618])]]",[[]]
2528,"85,97636389732361","[672, 422]",True,"[0.517927, 0]","[0, 0]",False,weak,"14700,0","[[array([661, 328]), array([577, 426]), array([773, 524]), array([675, 608])]]",[[]]
2529,"86,01025891304016","[672, 422]",True,"[0.517927, 0]","[0, 0]",False,weak,"14700,0","[[array([661, 318]), array([577, 416]), array([773, 514]), array([675, 598])]]",[[]]
2530,"86,04411387443542","[672, 422]",True,"[0.517927, 0]","[0, 0]",False,weak,"14700,0","[[array([661, 308]), array([577, 406]), array([773, 504]), array([675, 588])]]",[[]]
2531,"86,07778096199036","[672, 422]",True,"[0.517927, 0]","[0, 0]",False,weak,"14700,0","[[array([661, 298]), array([577, 396]), array([773, 494]), array([675, 578])]]",[[]]
2532,"86,11252880096436","[672, 422]",True,"[0.517927, 0]","[0, 0]",False,weak,"14700,0","[[array([661, 288]), array([577, 386]), array([773, 484]), array([675, 568])]]",[[]]
2533,"86,14619898796082","[672, 422]",True,"[0.517927, 0]","[0, 0]",False,weak,"14700,0","[[array([661, 278]), array([577, 376]), array([773, 474]), array([675, 558])]]",[[]]
2534,"86,18013286590576","[672, 422]",True,"[0.517927, 0]","[0, 0]",False,weak,"14700,0","[[array([661, 268]), array([577, 366]), array([773, 464]), array([675, 548])]]",[[]]
2535,"86,21437382698059","[672, 422]",True,"[0.517927, 0]","[0, 0]",False,weak,"14700,0","[[array([661, 258]), array([577, 356]), array([773, 454]), array([675, 538]), array([745, 832])]]",[[]]
2536,"86,24811291694641","[672, 422]",True,"[0.517927, 0]","[0, 0]",False,weak,"14700,0","[[array([661, 248]), array([577, 346]), array([773, 444]), array([675, 528]), array([745, 822])]]",[[]]
2537,"86,2821319103241","[672, 422]",True,"[0.517927, 0]","[0, 0]",False,weak,"14700,0","[[array([661, 238]), array([577, 336]), array([773, 434]), array([675, 518]), array([745, 812]), array([983, 840])]]",[[]]
2538,"86,31620192527771","[672, 422]",True,"[0.517927, 0]","[0, 0]",False,weak,"14700,0","[[array([661, 228]), array([577, 326]), array([773, 424]), array([675, 508]), array([745, 802]), array([983, 830])]]",[[]]
2539,"86,34960675239563","[672, 422]",True,"[0.517927, 0]","[0, 0]",False,weak,"14700,0","[[array([661, 218]), array([577, 316]), array([773, 414]), array([675, 498]), array([745, 792]), array([983, 820])]]",[[]]
2540,"86,38412594795227","[672, 422]",True,"[0.517927, 0]","[0, 0]",False,weak,"14700,0","[[array([661, 208]), array([577, 306]), array([773, 404]), array([675, 488]), array([745, 782]), array([983, 810]), array([843, 838])]]",[[]]
2541,"86,41858410835266","[672, 422]",True,"[0.517927, 0]","[0, 0]",False,weak,"14700,0","[[array([661, 198]), array([577, 296]), array([773, 394]), array([675, 478]), array([745, 772]), array([983, 800]), array([843, 828])]]",[[]]
2542,"86,45181679725647","[672, 422]",True,"[0.517927, 0]","[0, 0]",False,weak,"14700,0","[[array([661, 188]), array([577, 286]), array([773, 384]), array([675, 468]), array([745, 762]), array([983, 790]), array([843, 818])]]",[[]]
2543,"86,48592281341553","[672, 422]",True,"[0.517927, 0]","[0, 0]",False,weak,"14700,0","[[array([661, 178]), array([577, 276]), array([773, 374]), array([675, 458]), array([745, 752]), array([983, 780]), array([843, 808])]]",[[]]
2544,"86,5198609828949","[672, 422]",True,"[0.517927, 0]","[0, 0]",False,weak,"14700,0","[[array([661, 168]), array([577, 266]), array([773, 364]), array([675, 448]), array([745, 742]), array([983, 770]), array([843, 798])]]",[[]]
2545,"86,5539288520813","[672, 422]",True,"[0.517927, 0]","[0, 0]",False,weak,"14700,0","[[array([661, 158]), array([577, 256]), array([773, 354]), array([675, 438]), array([745, 732]), array([983, 760]), array([843, 788])]]",[[]]
2546,"86,58801293373108","[672, 422]",True,"[0.517927, 0]","[0, 0]",False,weak,"14700,0","[[array([661, 148]), array([577, 246]), array([773, 344]), array([675, 428]), array([745, 722]), array([983, 750]), array([843, 778])]]",[[]]
2547,"86,62209892272949","[672, 422]",True,"[0.517927, 0]","[0, 0]",False,weak,"14700,0","[[array([661, 138]), array([577, 236]), array([773, 334]), array([675, 418]), array([745, 712]), array([983, 740]), array([843, 768])]]",[[]]
2548,"86,65601086616516","[672, 422]",True,"[0.517927, 0]","[0, 0]",False,weak,"14700,0","[[array([661, 128]), array([577, 226]), array([773, 324]), array([675, 408]), array([745, 702]), array([983, 730]), array([843, 758])]]",[[]]
2549,"86,69002079963684","[672, 422]",True,"[0.517927, 0]","[0, 0]",False,weak,"14700,0","[[array([661, 118]), array([577, 216]), array([773, 314]), array([675, 398]), array([745, 692]), array([983, 720]), array([843, 748])]]",[[]]
2550,"86,7240059375763","[672, 422]",True,"[0.517927, 0]","[0, 0]",False,weak,"14700,0","[[array([661, 108]), array([577, 206]), array([773, 304]), array([675, 388]), array([745, 682]), array([983, 710]), array([843, 738])]]",[[]]
2551,"86,7581000328064","[672, 422]",True,"[0.517927, 0]","[0, 0]",False,weak,"14700,0","[[array([661,  98]), array([577, 196]), array([773, 294]), array([675, 378]), array([745, 672]), array([983, 700]), array([843, 728])]]",[[]]
2552,"86,79259490966797","[672, 422]",True,"[0.517927, 0]","[0, 0]",False,weak,"14700,0","[[array([651,  88]), array([567, 186]), array([763, 284]), array([665, 368]), array([735, 662]), array([973, 690]), array([833, 718])]]",[[]]
2553,"86,82631301879883","[672, 422]",True,"[0.517927, 0]","[0, 0]",False,weak,"14700,0","[[array([642,  78]), array([558, 176]), array([754, 274]), array([656, 358]), array([726, 652]), array([964, 680]), array([824, 708])]]",[[]]
2554,"86,85986304283142","[672, 422]",True,"[0.517927, 0]","[0, 0]",False,weak,"14700,0","[[array([629,  68]), array([545, 166]), array([741, 264]), array([643, 348]), array([713, 642]), array([951, 670]), array([811, 698])]]",[[]]
2555,"86,89382076263428","[672, 422]",True,"[0.517927, 0]","[0, 0]",False,weak,"14700,0","[[array([620,  58]), array([536, 156]), array([732, 254]), array([634, 338]), array([704, 632]), array([942, 660]), array([802, 688])]]",[[]]
2556,"86,92769980430603","[672, 422]",True,"[0.517927, 0]","[0, 0]",False,weak,"14700,0","[[array([611,  48]), array([527, 146]), array([723, 244]), array([625, 328]), array([695, 622]), array([933, 650]), array([793, 678])]]",[[]]
2557,"86,9616367816925","[672, 422]",True,"[0.517927, 0]","[0, 0]",False,weak,"14700,0","[[array([607,  38]), array([523, 136]), array([719, 234]), array([621, 318]), array([691, 612]), array([929, 640]), array([789, 668])]]",[[]]
2558,"86,996408700943","[672, 422]",True,"[0.517927, 0]","[0, 0]",False,weak,"14700,0","[[array([593,  28]), array([509, 126]), array([705, 224]), array([607, 308]), array([677, 602]), array([915, 630]), array([775, 658])]]",[[]]
2559,"87,03024983406067","[672, 422]",True,"[0.517927, 0]","[0, 0]",False,weak,"14700,0","[[array([588,  18]), array([504, 116]), array([700, 214]), array([602, 298]), array([672, 592]), array([910, 620]), array([770, 648])]]",[[]]
2560,"87,06424689292908","[672, 422]",True,"[0.517927, 0]","[0, 0]",False,weak,"14700,0","[[array([588,   8]), array([504, 106]), array([700, 204]), array([602, 288]), array([672, 582]), array([910, 610]), array([770, 638])]]",[[]]
2561,"87,09773111343384","[672, 422]",True,"[0.517927, 0]","[0, 0]",False,weak,"14700,0","[[array([504,  96]), array([700, 194]), array([602, 278]), array([672, 572]), array([910, 600]), array([770, 628])]]",[[]]
2562,"87,13232493400574","[672, 422]",True,"[0.517927, 0]","[0, 0]",False,weak,"14700,0","[[array([504,  86]), array([700, 184]), array([602, 268]), array([672, 562]), array([910, 590]), array([770, 618])]]",[[]]
2563,"87,16601705551147","[672, 422]",True,"[0.517927, 0]","[0, 0]",False,weak,"14700,0","[[array([504,  76]), array([700, 174]), array([602, 258]), array([672, 552]), array([910, 580]), array([770, 608])]]",[[]]
2564,"87,20056080818176","[672, 422]",True,"[0.517927, 0]","[0, 0]",False,weak,"14700,0","[[array([504,  66]), array([700, 164]), array([602, 248]), array([672, 542]), array([910, 570]), array([770, 598])]]",[[]]
2565,"87,23531699180603","[672, 422]",True,"[0.517927, 0]","[0, 0]",False,weak,"14700,0","[[array([504,  56]), array([700, 154]), array([602, 238]), array([672, 532]), array([910, 560]), array([770, 588])]]",[[]]
2566,"87,26902508735657","[672, 422]",True,"[0.517927, 0]","[0, 0]",False,weak,"14700,0","[[array([504,  46]), array([700, 144]), array([602, 228]), array([672, 522]), array([910, 550]), array([770, 578])]]",[[]]
2567,"87,30289196968079","[672, 422]",True,"[0.517927, 0]","[0, 0]",False,weak,"14700,0","[[array([504,  36]), array([700, 134]), array([602, 218]), array([672, 512]), array([910, 540]), array([770, 568])]]",[[]]
2568,"87,33683776855469","[672, 422]",True,"[0.517927, 0]","[0, 0]",False,weak,"14700,0","[[array([504,  26]), array([700, 124]), array([602, 208]), array([672, 502]), array([910, 530]), array([770, 558])]]",[[]]
2569,"87,37075781822205","[672, 422]",True,"[0.517927, 0]","[0, 0]",False,weak,"14700,0","[[array([504,  16]), array([700, 114]), array([602, 198]), array([672, 492]), array([910, 520]), array([770, 548])]]",[[]]
2570,"87,40481209754944","[672, 422]",True,"[0.517927, 0]","[0, 0]",False,weak,"14700,0","[[array([504,   6]), array([700, 104]), array([602, 188]), array([672, 482]), array([910, 510]), array([770, 538])]]",[[]]
2571,"87,43879294395447","[672, 422]",True,"[0.517927, 0]","[0, 0]",False,weak,"14700,0","[[array([700,  94]), array([602, 178]), array([672, 472]), array([910, 500]), array([770, 528])]]",[[]]
2572,"87,47309279441833","[672, 422]",True,"[0.517927, 0]","[0, 0]",False,weak,"14700,0","[[array([700,  84]), array([602, 168]), array([672, 462]), array([910, 490]), array([770, 518])]]",[[]]
2573,"87,50681805610657","[672, 422]",True,"[0.517927, 0]","[0, 0]",False,weak,"14700,0","[[array([700,  74]), array([602, 158]), array([672, 452]), array([910, 480]), array([770, 508])]]",[[]]
2574,"87,54135394096375","[672, 422]",True,"[0.517927, 0]","[0, 0]",False,weak,"14700,0","[[array([700,  64]), array([602, 148]), array([672, 442]), array([910, 470]), array([770, 498])]]",[[]]
2575,"87,57482194900513","[672, 422]",True,"[0.517927, 0]","[0, 0]",False,weak,"14700,0","[[array([700,  54]), array([602, 138]), array([672, 432]), array([910, 460]), array([770, 488])]]",[[]]
2576,"87,6093008518219","[672, 422]",True,"[0.517927, 0]","[0, 0]",False,weak,"14700,0","[[array([700,  44]), array([602, 128]), array([672, 422]), array([910, 450]), array([770, 478])]]",[[]]
2577,"87,64295387268066","[672, 422]",True,"[0.517927, 0]","[0, 0]",False,weak,"14700,0","[[array([700,  34]), array([602, 118]), array([672, 412]), array([910, 440]), array([770, 468])]]",[[]]
2578,"87,67796993255615","[672, 422]",True,"[0.517927, 0]","[0, 0]",False,weak,"14700,0","[[array([692,  24]), array([594, 108]), array([664, 402]), array([902, 430]), array([762, 458])]]",[[]]
2579,"87,71117687225342","[672, 422]",True,"[0.517927, 0]","[0, 0]",False,weak,"14700,0","[[array([682,  14]), array([584,  98]), array([654, 392]), array([892, 420]), array([752, 448]), array([808, 840])]]",[[]]
2580,"87,74529695510864","[672, 422]",True,"[0.517927, 0]","[0, 0]",False,weak,"14700,0","[[array([676,   4]), array([578,  88]), array([648, 382]), array([886, 410]), array([746, 438]), array([802, 830])]]",[[]]
2581,"87,77931690216064","[672, 422]",True,"[0.517927, 0]","[0, 0]",False,weak,"14700,0","[[array([577,  78]), array([647, 372]), array([885, 400]), array([745, 428]), array([801, 820])]]",[[]]
2582,"87,81314206123352","[672, 422]",True,"[0.517927, 0]","[0, 0]",False,weak,"14700,0","[[array([571,  68]), array([641, 362]), array([879, 390]), array([739, 418]), array([795, 810])]]",[[]]
2583,"87,84695887565613","[672, 422]",True,"[0.517927, 0]","[0, 0]",False,weak,"14700,0","[[array([569,  58]), array([639, 352]), array([877, 380]), array([737, 408]), array([793, 800])]]",[[]]
2584,"87,88158392906189","[672, 422]",True,"[0.517927, 0]","[0, 0]",False,weak,"14700,0","[[array([557,  48]), array([627, 342]), array([865, 370]), array([725, 398]), array([781, 790])]]",[[]]
2585,"87,91499900817871","[672, 422]",True,"[0.517927, 0]","[0, 0]",False,weak,"14700,0","[[array([546,  38]), array([616, 332]), array([854, 360]), array([714, 388]), array([770, 780])]]",[[]]
2586,"87,94864797592163","[672, 422]",True,"[0.517927, 0]","[0, 0]",False,weak,"14700,0","[[array([537,  28]), array([607, 322]), array([845, 350]), array([705, 378]), array([761, 770])]]",[[]]
2587,"87,98293495178223","[672, 422]",True,"[0.517927, 0]","[0, 0]",False,weak,"14700,0","[[array([525,  18]), array([595, 312]), array([833, 340]), array([693, 368]), array([749, 760])]]",[[]]
2588,"88,0169358253479","[672, 422]",True,"[0.517927, 0]","[0, 0]",False,weak,"14700,0","[[array([525,   8]), array([595, 302]), array([833, 330]), array([693, 358]), array([749, 750])]]",[[]]
2589,"88,05066800117493","[672, 422]",True,"[0.517927, 0]","[0, 0]",False,weak,"14700,0","[[array([595, 292]), array([833, 320]), array([693, 348]), array([749, 740])]]",[[]]
2590,"88,08529210090637","[672, 422]",True,"[0.517927, 0]","[0, 0]",False,weak,"14700,0","[[array([595, 282]), array([833, 310]), array([693, 338]), array([749, 730])]]",[[]]
2591,"88,11893677711487","[672, 422]",True,"[0.517927, 0]","[0, 0]",False,weak,"14700,0","[[array([595, 272]), array([833, 300]), array([693, 328]), array([749, 720])]]",[[]]
2592,"88,15262389183044","[672, 422]",True,"[0.517927, 0]","[0, 0]",False,weak,"14700,0","[[array([595, 262]), array([833, 290]), array([693, 318]), array([749, 710])]]",[[]]
2593,"88,18715786933899","[672, 422]",True,"[0.517927, 0]","[0, 0]",False,weak,"14700,0","[[array([595, 252]), array([833, 280]), array([693, 308]), array([749, 700])]]",[[]]
2594,"88,22065687179565","[672, 422]",True,"[0.517927, 0]","[0, 0]",False,weak,"14700,0","[[array([595, 242]), array([833, 270]), array([693, 298]), array([749, 690])]]",[[]]
2595,"88,25533390045166","[672, 422]",True,"[0.517927, 0]","[0, 0]",False,weak,"14700,0","[[array([595, 232]), array([833, 260]), array([693, 288]), array([749, 680])]]",[[]]
2596,"88,28908491134644","[672, 422]",True,"[0.517927, 0]","[0, 0]",False,weak,"14700,0","[[array([595, 222]), array([833, 250]), array([693, 278]), array([749, 670])]]",[[]]
2597,"88,32264971733093","[672, 422]",True,"[0.517927, 0]","[0, 0]",False,weak,"14700,0","[[array([595, 212]), array([833, 240]), array([693, 268]), array([749, 660])]]",[[]]
2598,"88,35762572288513","[672, 422]",True,"[0.517927, 0]","[0, 0]",False,weak,"14700,0","[[array([583, 202]), array([821, 230]), array([681, 258]), array([737, 650])]]",[[]]
2599,"88,3911030292511","[672, 422]",True,"[0.517927, 0]","[0, 0]",False,weak,"14700,0","[[array([566, 192]), array([804, 220]), array([664, 248]), array([720, 640])]]",[[]]
2600,"88,42495894432068","[672, 422]",True,"[0.517927, 0]","[0, 0]",False,weak,"14700,0","[[array([559, 182]), array([797, 210]), array([657, 238]), array([713, 630])]]",[[]]
2601,"88,45887494087219","[672, 422]",True,"[0.517927, 0]","[0, 0]",False,weak,"14700,0","[[array([555, 172]), array([793, 200]), array([653, 228]), array([709, 620])]]",[[]]
2602,"88,4927089214325","[672, 422]",True,"[0.517927, 0]","[0, 0]",False,weak,"14700,0","[[array([540, 162]), array([778, 190]), array([638, 218]), array([694, 610])]]",[[]]
2603,"88,52739405632019","[672, 422]",True,"[0.517927, 0]","[0, 0]",False,weak,"14700,0","[[array([526, 152]), array([764, 180]), array([624, 208]), array([680, 600])]]",[[]]
2604,"88,56128692626953","[672, 422]",True,"[0.517927, 0]","[0, 0]",False,weak,"14700,0","[[array([526, 142]), array([764, 170]), array([624, 198]), array([680, 590])]]",[[]]
2605,"88,59500479698181","[672, 422]",True,"[0.517927, 0]","[0, 0]",False,weak,"14700,0","[[array([526, 132]), array([764, 160]), array([624, 188]), array([680, 580])]]",[[]]
2606,"88,62959694862366","[672, 422]",True,"[0.517927, 0]","[0, 0]",False,weak,"14700,0","[[array([526, 122]), array([764, 150]), array([624, 178]), array([680, 570]), array([736, 836])]]",[[]]
2607,"88,66406297683716","[672, 422]",True,"[0.517927, 0]","[0, 0]",False,weak,"14700,0","[[array([526, 112]), array([764, 140]), array([624, 168]), array([680, 560]), array([736, 826])]]",[[]]
2608,"88,6979329586029","[672, 422]",True,"[0.517927, 0]","[0, 0]",False,weak,"14700,0","[[array([526, 102]), array([764, 130]), array([624, 158]), array([680, 550]), array([736, 816])]]",[[]]
2609,"88,73170590400696","[672, 422]",True,"[0.517927, 0]","[0, 0]",False,weak,"14700,0","[[array([526,  92]), array([764, 120]), array([624, 148]), array([680, 540]), array([736, 806])]]",[[]]
2610,"88,76624989509583","[672, 422]",True,"[0.517927, 0]","[0, 0]",False,weak,"14700,0","[[array([526,  82]), array([764, 110]), array([624, 138]), array([680, 530]), array([736, 796])]]",[[]]
2611,"88,80001783370972","[672, 422]",True,"[0.517927, 0]","[0, 0]",False,weak,"14700,0","[[array([526,  72]), array([764, 100]), array([624, 128]), array([680, 520]), array([736, 786])]]",[[]]
2612,"88,83428573608398","[672, 422]",True,"[0.517927, 0]","[0, 0]",False,weak,"14700,0","[[array([513,  62]), array([751,  90]), array([611, 118]), array([667, 510]), array([723, 776])]]",[[]]
2613,"88,86803793907166","[672, 422]",True,"[0.517927, 0]","[0, 0]",False,weak,"14700,0","[[array([498,  52]), array([736,  80]), array([596, 108]), array([652, 500]), array([708, 766])]]",[[]]
2614,"88,90162396430969","[672, 422]",True,"[0.517927, 0]","[0, 0]",False,weak,"14700,0","[[array([496,  42]), array([734,  70]), array([594,  98]), array([650, 490]), array([706, 756])]]",[[]]
2615,"88,93658804893494","[672, 422]",True,"[0.517927, 0]","[0, 0]",False,weak,"14700,0","[[array([496,  32]), array([734,  60]), array([594,  88]), array([650, 480]), array([706, 746])]]",[[]]
2616,"88,97015690803528","[672, 422]",True,"[0.517927, 0]","[0, 0]",False,weak,"14700,0","[[array([496,  22]), array([734,  50]), array([594,  78]), array([650, 470]), array([706, 736])]]",[[]]
2617,"89,00380086898804","[672, 422]",True,"[0.517927, 0]","[0, 0]",False,weak,"14700,0","[[array([496,  12]), array([734,  40]), array([594,  68]), array([650, 460]), array([706, 726])]]",[[]]
2618,"89,03859496116638","[672, 422]",True,"[0.517927, 0]","[0, 0]",False,weak,"14700,0","[[array([496,   2]), array([734,  30]), array([594,  58]), array([650, 450]), array([706, 716])]]",[[]]
2619,"89,07362580299377","[672, 422]",True,"[0.517927, 0]","[0, 0]",False,weak,"14700,0","[[array([734,  20]), array([594,  48]), array([650, 440]), array([706, 706])]]",[[]]
2620,"89,1077208518982","[672, 422]",True,"[0.517927, 0]","[0, 0]",False,weak,"14700,0","[[array([734,  10]), array([594,  38]), array([650, 430]), array([706, 696])]]",[[]]
2621,"89,14162468910217","[672, 422]",True,"[0.517927, 0]","[0, 0]",False,weak,"14700,0","[[array([734,   0]), array([594,  28]), array([650, 420]), array([706, 686])]]",[[]]
2622,"89,17582988739014","[672, 422]",True,"[0.517927, 0]","[0, 0]",False,weak,"14700,0","[[array([594,  18]), array([650, 410]), array([706, 676])]]",[[]]
2623,"89,21058201789856","[672, 422]",True,"[0.517927, 0]","[0, 0]",False,weak,"14700,0","[[array([594,   8]), array([650, 400]), array([706, 666])]]",[[]]
2624,"89,244225025177","[672, 422]",True,"[0.517927, 0]","[0, 0]",False,weak,"14700,0","[[array([670, 390]), array([726, 656])]]",[[]]
2625,"89,2782678604126","[672, 422]",True,"[0.517927, 0]","[0, 0]",False,weak,"14700,0","[[array([683, 380]), array([739, 646])]]",[[]]
2626,"89,31222295761108","[672, 422]",True,"[0.517927, 0]","[0, 0]",False,weak,"14700,0","[[array([695, 370]), array([751, 636])]]",[[]]
2627,"89,34600496292114","[672, 422]",True,"[0.517927, 0]","[0, 0]",False,weak,"14700,0","[[array([698, 360]), array([754, 626])]]",[[]]
2628,"89,38051891326904","[672, 422]",True,"[0.517927, 0]","[0, 0]",False,weak,"14700,0","[[array([698, 350]), array([754, 616])]]",[[]]
2629,"89,41420483589172","[672, 422]",True,"[0.517927, 0]","[0, 0]",False,weak,"14700,0","[[array([698, 340]), array([754, 606])]]",[[]]
2630,"89,4478850364685","[672, 422]",True,"[0.517927, 0]","[0, 0]",False,weak,"14700,0","[[array([698, 330]), array([754, 596])]]",[[]]
2631,"89,48252582550049","[672, 422]",True,"[0.517927, 0]","[0, 0]",False,weak,"14700,0","[[array([698, 320]), array([754, 586])]]",[[]]
2632,"89,51580786705017","[672, 422]",True,"[0.517927, 0]","[0, 0]",False,weak,"14700,0","[[array([698, 310]), array([754, 576])]]",[[]]
2633,"89,54974007606506","[672, 422]",True,"[0.517927, 0]","[0, 0]",False,weak,"14700,0","[[array([698, 300]), array([754, 566]), array([712, 832])]]",[[]]
2634,"89,58452582359314","[672, 422]",True,"[0.517927, 0]","[0, 0]",False,weak,"14700,0","[[array([698, 290]), array([754, 556]), array([712, 822])]]",[[]]
2635,"89,61853289604187","[672, 422]",True,"[0.517927, 0]","[0, 0]",False,weak,"14700,0","[[array([698, 280]), array([754, 546]), array([712, 812])]]",[[]]
2636,"89,6523609161377","[672, 422]",True,"[0.517927, 0]","[0, 0]",False,weak,"14700,0","[[array([698, 270]), array([754, 536]), array([712, 802])]]",[[]]
2637,"89,68619894981384","[672, 422]",True,"[0.517927, 0]","[0, 0]",False,weak,"14700,0","[[array([698, 260]), array([754, 526]), array([712, 792])]]",[[]]
2638,"89,7196638584137","[672, 422]",True,"[0.517927, 0]","[0, 0]",False,weak,"14700,0","[[array([698, 250]), array([754, 516]), array([712, 782])]]",[[]]
2639,"89,75410103797913","[672, 422]",True,"[0.517927, 0]","[0, 0]",False,weak,"14700,0","[[array([698, 240]), array([754, 506]), array([712, 772])]]",[[]]
2640,"89,78859090805054","[672, 422]",True,"[0.517927, 0]","[0, 0]",False,weak,"14700,0","[[array([698, 230]), array([754, 496]), array([712, 762])]]",[[]]
2641,"89,82376885414124","[672, 422]",True,"[0.517927, 0]","[0, 0]",False,weak,"14700,0","[[array([707, 220]), array([763, 486]), array([721, 752])]]",[[]]
2642,"89,8574149608612","[672, 422]",True,"[0.517927, 0]","[0, 0]",False,weak,"14700,0","[[array([713, 210]), array([769, 476]), array([727, 742]), array([489, 840])]]",[[]]
2643,"89,89132595062256","[672, 422]",True,"[0.517927, 0]","[0, 0]",False,weak,"14700,0","[[array([716, 200]), array([772, 466]), array([730, 732]), array([492, 830])]]",[[]]
2644,"89,92517590522766","[672, 422]",True,"[0.517927, 0]","[0, 0]",False,weak,"14700,0","[[array([715, 190]), array([771, 456]), array([729, 722]), array([491, 820])]]",[[]]
2645,"89,95911693572998","[672, 422]",True,"[0.517927, 0]","[0, 0]",False,weak,"14700,0","[[array([728, 180]), array([784, 446]), array([742, 712]), array([504, 810])]]",[[]]
2646,"89,99319887161255","[672, 422]",True,"[0.517927, 0]","[0, 0]",False,weak,"14700,0","[[array([728, 170]), array([784, 436]), array([742, 702]), array([504, 800])]]",[[]]
2647,"90,02710199356079","[672, 422]",True,"[0.517927, 0]","[0, 0]",False,weak,"14700,0","[[array([728, 160]), array([784, 426]), array([742, 692]), array([504, 790])]]",[[]]
2648,"90,06083679199219","[672, 422]",True,"[0.517927, 0]","[0, 0]",False,weak,"14700,0","[[array([728, 150]), array([784, 416]), array([742, 682]), array([504, 780])]]",[[]]
2649,"90,09481191635132","[672, 422]",True,"[0.517927, 0]","[0, 0]",False,weak,"14700,0","[[array([728, 140]), array([784, 406]), array([742, 672]), array([504, 770])]]",[[]]
2650,"90,12876892089844","[672, 422]",True,"[0.517927, 0]","[0, 0]",False,weak,"14700,0","[[array([728, 130]), array([784, 396]), array([742, 662]), array([504, 760])]]",[[]]
2651,"90,16284894943237","[672, 422]",True,"[0.517927, 0]","[0, 0]",False,weak,"14700,0","[[array([728, 120]), array([784, 386]), array([742, 652]), array([504, 750])]]",[[]]
2652,"90,19716572761536","[672, 422]",True,"[0.517927, 0]","[0, 0]",False,weak,"14700,0","[[array([728, 110]), array([784, 376]), array([742, 642]), array([504, 740])]]",[[]]
2653,"90,23125505447388","[672, 422]",True,"[0.517927, 0]","[0, 0]",False,weak,"14700,0","[[array([728, 100]), array([784, 366]), array([742, 632]), array([504, 730])]]",[[]]
2654,"90,26533889770508","[672, 422]",True,"[0.517927, 0]","[0, 0]",False,weak,"14700,0","[[array([728,  90]), array([784, 356]), array([742, 622]), array([504, 720])]]",[[]]
2655,"90,29926490783691","[672, 422]",True,"[0.517927, 0]","[0, 0]",False,weak,"14700,0","[[array([728,  80]), array([784, 346]), array([742, 612]), array([504, 710])]]",[[]]
2656,"90,33296585083008","[672, 422]",True,"[0.517927, 0]","[0, 0]",False,weak,"14700,0","[[array([728,  70]), array([784, 336]), array([742, 602]), array([504, 700])]]",[[]]
2657,"90,36668586730957","[672, 422]",True,"[0.517927, 0]","[0, 0]",False,weak,"14700,0","[[array([728,  60]), array([784, 326]), array([742, 592]), array([504, 690])]]",[[]]
2658,"90,40169882774353","[672, 422]",True,"[0.517927, 0]","[0, 0]",False,weak,"14700,0","[[array([709,  50]), array([765, 316]), array([723, 582]), array([485, 680])]]",[[]]
2659,"90,43555784225464","[672, 422]",True,"[0.517927, 0]","[0, 0]",False,weak,"14700,0","[[array([696,  40]), array([752, 306]), array([710, 572]), array([472, 670])]]",[[]]
2660,"90,46936798095703","[672, 422]",True,"[0.517927, 0]","[0, 0]",False,weak,"14700,0","[[array([697,  30]), array([753, 296]), array([711, 562]), array([473, 660])]]",[[]]
2661,"90,50326681137085","[672, 422]",True,"[0.517927, 0]","[0, 0]",False,weak,"14700,0","[[array([683,  20]), array([739, 286]), array([697, 552]), array([459, 650])]]",[[]]
2662,"90,53688979148865","[672, 422]",True,"[0.517927, 0]","[0, 0]",False,weak,"14700,0","[[array([663,  10]), array([719, 276]), array([677, 542]), array([439, 640])]]",[[]]
2663,"90,5713758468628","[672, 422]",True,"[0.517927, 0]","[0, 0]",False,weak,"14700,0","[[array([656,   0]), array([712, 266]), array([670, 532]), array([432, 630])]]",[[]]
2664,"90,60495901107788","[672, 422]",True,"[0.517927, 0]","[0, 0]",False,weak,"14700,0","[[array([704, 256]), array([662, 522]), array([424, 620])]]",[[]]
2665,"90,63878774642944","[672, 422]",True,"[0.517927, 0]","[0, 0]",False,weak,"14700,0","[[array([694, 246]), array([652, 512]), array([414, 610])]]",[[]]
2666,"90,67286777496338","[672, 422]",True,"[0.517927, 0]","[0, 0]",False,weak,"14700,0","[[array([694, 236]), array([652, 502]), array([414, 600]), array([498, 838])]]",[[]]
2667,"90,70681190490723","[672, 422]",True,"[0.517927, 0]","[0, 0]",False,weak,"14700,0","[[array([694, 226]), array([652, 492]), array([414, 590]), array([498, 828])]]",[[]]
2668,"90,74080300331116","[672, 422]",True,"[0.517927, 0]","[0, 0]",False,weak,"14700,0","[[array([694, 216]), array([652, 482]), array([414, 580]), array([498, 818])]]",[[]]
2669,"90,77465295791626","[672, 422]",True,"[0.517927, 0]","[0, 0]",False,weak,"14700,0","[[array([694, 206]), array([652, 472]), array([414, 570]), array([498, 808])]]",[[]]
2670,"90,80947589874268","[672, 422]",True,"[0.517927, 0]","[0, 0]",False,weak,"14700,0","[[array([694, 196]), array([652, 462]), array([414, 560]), array([498, 798])]]",[[]]
2671,"90,84362983703613","[672, 422]",True,"[0.517927, 0]","[0, 0]",False,weak,"14700,0","[[array([694, 186]), array([652, 452]), array([414, 550]), array([498, 788])]]",[[]]
2672,"90,87792372703552","[672, 422]",True,"[0.517927, 0]","[0, 0]",False,weak,"14700,0","[[array([694, 176]), array([652, 442]), array([414, 540]), array([498, 778])]]",[[]]
2673,"90,91218090057373","[672, 422]",True,"[0.517927, 0]","[0, 0]",False,weak,"14700,0","[[array([694, 166]), array([652, 432]), array([414, 530]), array([498, 768])]]",[[]]
2674,"90,94566607475281","[672, 422]",True,"[0.517927, 0]","[0, 0]",False,weak,"14700,0","[[array([694, 156]), array([652, 422]), array([414, 520]), array([498, 758])]]",[[]]
2675,"90,98009395599365","[672, 422]",True,"[0.517927, 0]","[0, 0]",False,weak,"14700,0","[[array([697, 146]), array([655, 412]), array([417, 510]), array([501, 748])]]",[[]]
2676,"91,01422786712646","[672, 422]",True,"[0.517927, 0]","[0, 0]",False,weak,"14700,0","[[array([699, 136]), array([657, 402]), array([419, 500]), array([503, 738])]]",[[]]
2677,"91,04828190803528","[672, 422]",True,"[0.517927, 0]","[0, 0]",False,weak,"14700,0","[[array([708, 126]), array([666, 392]), array([428, 490]), array([512, 728])]]",[[]]
2678,"91,08229184150696","[672, 422]",True,"[0.517927, 0]","[0, 0]",False,weak,"14700,0","[[array([716, 116]), array([674, 382]), array([436, 480]), array([520, 718])]]",[[]]
2679,"91,11618876457214","[672, 422]",True,"[0.517927, 0]","[0, 0]",False,weak,"14700,0","[[array([726, 106]), array([684, 372]), array([446, 470]), array([530, 708])]]",[[]]
2680,"91,15006494522095","[672, 422]",True,"[0.517927, 0]","[0, 0]",False,weak,"14700,0","[[array([732,  96]), array([690, 362]), array([452, 460]), array([536, 698])]]",[[]]
2681,"91,18376278877258","[672, 422]",True,"[0.517927, 0]","[0, 0]",False,weak,"14700,0","[[array([749,  86]), array([707, 352]), array([469, 450]), array([553, 688])]]",[[]]
2682,"91,2183768749237","[672, 422]",True,"[0.517927, 0]","[0, 0]",False,weak,"14700,0","[[array([753,  76]), array([711, 342]), array([473, 440]), array([557, 678])]]",[[]]
2683,"91,25207185745239","[672, 422]",True,"[0.517927, 0]","[0, 0]",False,weak,"14700,0","[[array([761,  66]), array([719, 332]), array([481, 430]), array([565, 668]), array([649, 836]), array([453, 836])]]",[[]]
2684,"91,28602480888367","[672, 422]",True,"[0.517927, 0]","[0, 0]",False,weak,"14700,0","[[array([771,  56]), array([729, 322]), array([491, 420]), array([575, 658]), array([659, 826]), array([463, 826])]]",[[]]
2685,"91,31973791122437","[672, 422]",True,"[0.517927, 0]","[0, 0]",False,weak,"14700,0","[[array([780,  46]), array([738, 312]), array([500, 410]), array([584, 648]), array([668, 816]), array([472, 816])]]",[[]]
2686,"91,35450077056885","[672, 422]",True,"[0.517927, 0]","[0, 0]",False,weak,"14700,0","[[array([788,  36]), array([746, 302]), array([508, 400]), array([592, 638]), array([676, 806]), array([480, 806])]]",[[]]
2687,"91,38812375068665","[672, 422]",True,"[0.517927, 0]","[0, 0]",False,weak,"14700,0","[[array([800,  26]), array([758, 292]), array([520, 390]), array([604, 628]), array([688, 796]), array([492, 796])]]",[[]]
2688,"91,42193984985352","[672, 422]",True,"[0.517927, 0]","[0, 0]",False,weak,"14700,0","[[array([804,  16]), array([762, 282]), array([524, 380]), array([608, 618]), array([692, 786]), array([496, 786])]]",[[]]
2689,"91,45598697662354","[672, 422]",True,"[0.517927, 0]","[0, 0]",False,weak,"14700,0","[[array([808,   6]), array([766, 272]), array([528, 370]), array([612, 608]), array([696, 776]), array([500, 776])]]",[[]]
2690,"91,490318775177","[672, 422]",True,"[0.517927, 0]","[0, 0]",False,weak,"14700,0","[[array([777, 262]), array([539, 360]), array([623, 598]), array([707, 766]), array([511, 766])]]",[[]]
2691,"91,52469086647034","[672, 422]",True,"[0.517927, 0]","[0, 0]",False,weak,"14700,0","[[array([777, 252]), array([539, 350]), array([623, 588]), array([707, 756]), array([511, 756])]]",[[]]
2692,"91,5578408241272","[672, 422]",True,"[0.517927, 0]","[0, 0]",False,weak,"14700,0","[[array([777, 242]), array([539, 340]), array([623, 578]), array([707, 746]), array([511, 746])]]",[[]]
2693,"91,59186291694641","[672, 422]",True,"[0.517927, 0]","[0, 0]",False,weak,"14700,0","[[array([777, 232]), array([539, 330]), array([623, 568]), array([707, 736]), array([511, 736])]]",[[]]
2694,"91,62585687637329","[672, 422]",True,"[0.517927, 0]","[0, 0]",False,weak,"14700,0","[[array([777, 222]), array([539, 320]), array([623, 558]), array([707, 726]), array([511, 726])]]",[[]]
2695,"91,66056394577026","[672, 422]",True,"[0.517927, 0]","[0, 0]",False,weak,"14700,0","[[array([777, 212]), array([539, 310]), array([623, 548]), array([707, 716]), array([511, 716])]]",[[]]
2696,"91,69552898406982","[672, 422]",True,"[0.517927, 0]","[0, 0]",False,weak,"14700,0","[[array([777, 202]), array([539, 300]), array([623, 538]), array([707, 706]), array([511, 706])]]",[[]]
2697,"91,72929310798645","[672, 422]",True,"[0.517927, 0]","[0, 0]",False,weak,"14700,0","[[array([777, 192]), array([539, 290]), array([623, 528]), array([707, 696]), array([511, 696])]]",[[]]
2698,"91,76294994354248","[672, 422]",True,"[0.517927, 0]","[0, 0]",False,weak,"14700,0","[[array([777, 182]), array([539, 280]), array([623, 518]), array([707, 686]), array([511, 686])]]",[[]]
2699,"91,79734873771667","[672, 422]",True,"[0.517927, 0]","[0, 0]",False,weak,"14700,0","[[array([777, 172]), array([539, 270]), array([623, 508]), array([707, 676]), array([511, 676])]]",[[]]
2700,"91,83096504211426","[672, 422]",True,"[0.517927, 0]","[0, 0]",False,weak,"14700,0","[[array([777, 162]), array([539, 260]), array([623, 498]), array([707, 666]), array([511, 666]), array([665, 834])]]",[[]]
2701,"91,86467790603638","[672, 422]",True,"[0.517927, 0]","[0, 0]",False,weak,"14700,0","[[array([777, 152]), array([539, 250]), array([623, 488]), array([707, 656]), array([511, 656]), array([665, 824])]]",[[]]
2702,"91,89943766593933","[672, 422]",True,"[0.517927, 0]","[0, 0]",False,weak,"14700,0","[[array([777, 142]), array([539, 240]), array([623, 478]), array([707, 646]), array([511, 646]), array([665, 814])]]",[[]]
2703,"91,93324589729309","[672, 422]",True,"[0.517927, 0]","[0, 0]",False,weak,"14700,0","[[array([777, 132]), array([539, 230]), array([623, 468]), array([707, 636]), array([511, 636]), array([665, 804])]]",[[]]
2704,"91,96751475334167","[672, 422]",True,"[0.517927, 0]","[0, 0]",False,weak,"14700,0","[[array([760, 122]), array([522, 220]), array([606, 458]), array([690, 626]), array([494, 626]), array([648, 794])]]",[[]]
2705,"92,001149892807","[672, 422]",True,"[0.517927, 0]","[0, 0]",False,weak,"14700,0","[[array([746, 112]), array([508, 210]), array([592, 448]), array([676, 616]), array([480, 616]), array([634, 784])]]",[[]]
2706,"92,0347158908844","[672, 422]",True,"[0.517927, 0]","[0, 0]",False,weak,"14700,0","[[array([739, 102]), array([501, 200]), array([585, 438]), array([669, 606]), array([473, 606]), array([627, 774])]]",[[]]
2707,"92,06926107406616","[672, 422]",True,"[0.517927, 0]","[0, 0]",False,weak,"14700,0","[[array([722,  92]), array([484, 190]), array([568, 428]), array([652, 596]), array([456, 596]), array([610, 764])]]",[[]]
2708,"92,10290002822876","[672, 422]",True,"[0.517927, 0]","[0, 0]",False,weak,"14700,0","[[array([716,  82]), array([478, 180]), array([562, 418]), array([646, 586]), array([450, 586]), array([604, 754])]]",[[]]
2709,"92,13739895820618","[672, 422]",True,"[0.517927, 0]","[0, 0]",False,weak,"14700,0","[[array([704,  72]), array([466, 170]), array([550, 408]), array([634, 576]), array([438, 576]), array([592, 744])]]",[[]]
2710,"92,17077493667603","[672, 422]",True,"[0.517927, 0]","[0, 0]",False,weak,"14700,0","[[array([700,  62]), array([462, 160]), array([546, 398]), array([630, 566]), array([434, 566]), array([588, 734])]]",[[]]
2711,"92,20520806312561","[672, 422]",True,"[0.517927, 0]","[0, 0]",False,weak,"14700,0","[[array([691,  52]), array([453, 150]), array([537, 388]), array([621, 556]), array([425, 556]), array([579, 724])]]",[[]]
2712,"92,23881697654724","[672, 422]",True,"[0.517927, 0]","[0, 0]",False,weak,"14700,0","[[array([682,  42]), array([444, 140]), array([528, 378]), array([612, 546]), array([416, 546]), array([570, 714]), array([416, 840])]]",[[]]
2713,"92,27361106872559","[672, 422]",True,"[0.517927, 0]","[0, 0]",False,weak,"14700,0","[[array([668,  32]), array([430, 130]), array([514, 368]), array([598, 536]), array([402, 536]), array([556, 704]), array([402, 830])]]",[[]]
2714,"92,3073799610138","[672, 422]",True,"[0.517927, 0]","[0, 0]",False,weak,"14700,0","[[array([658,  22]), array([420, 120]), array([504, 358]), array([588, 526]), array([392, 526]), array([546, 694]), array([392, 820])]]",[[]]
2715,"92,34089970588684","[672, 422]",True,"[0.517927, 0]","[0, 0]",False,weak,"14700,0","[[array([648,  12]), array([410, 110]), array([494, 348]), array([578, 516]), array([382, 516]), array([536, 684]), array([382, 810])]]",[[]]
2716,"92,37539291381836","[672, 422]",True,"[0.517927, 0]","[0, 0]",False,weak,"14700,0","[[array([642,   2]), array([404, 100]), array([488, 338]), array([572, 506]), array([376, 506]), array([530, 674]), array([376, 800])]]",[[]]
2717,"92,4094967842102","[672, 422]",True,"[0.517927, 0]","[0, 0]",False,weak,"14700,0","[[array([395,  90]), array([479, 328]), array([563, 496]), array([367, 496]), array([521, 664]), array([367, 790])]]",[[]]
2718,"92,4430730342865","[672, 422]",True,"[0.517927, 0]","[0, 0]",False,weak,"14700,0","[[array([395,  80]), array([479, 318]), array([563, 486]), array([367, 486]), array([521, 654]), array([367, 780])]]",[[]]
2719,"92,47724485397339","[672, 422]",True,"[0.517927, 0]","[0, 0]",False,weak,"14700,0","[[array([395,  70]), array([479, 308]), array([563, 476]), array([367, 476]), array([521, 644]), array([367, 770])]]",[[]]
2720,"92,5109429359436","[672, 422]",True,"[0.517927, 0]","[0, 0]",False,weak,"14700,0","[[array([395,  60]), array([479, 298]), array([563, 466]), array([367, 466]), array([521, 634]), array([367, 760])]]",[[]]
2721,"92,54472875595093","[672, 422]",True,"[0.517927, 0]","[0, 0]",False,weak,"14700,0","[[array([395,  50]), array([479, 288]), array([563, 456]), array([367, 456]), array([521, 624]), array([367, 750])]]",[[]]
2722,"92,57952189445496","[672, 422]",True,"[0.517927, 0]","[0, 0]",False,weak,"14700,0","[[array([395,  40]), array([479, 278]), array([563, 446]), array([367, 446]), array([521, 614]), array([367, 740])]]",[[]]
2723,"92,61320400238037","[672, 422]",True,"[0.517927, 0]","[0, 0]",False,weak,"14700,0","[[array([395,  30]), array([479, 268]), array([563, 436]), array([367, 436]), array([521, 604]), array([367, 730])]]",[[]]
2724,"92,64691686630249","[672, 422]",True,"[0.517927, 0]","[0, 0]",False,weak,"14700,0","[[array([395,  20]), array([479, 258]), array([563, 426]), array([367, 426]), array([521, 594]), array([367, 720])]]",[[]]
2725,"92,68149876594543","[672, 422]",True,"[0.517927, 0]","[0, 0]",False,weak,"14700,0","[[array([395,  10]), array([479, 248]), array([563, 416]), array([367, 416]), array([521, 584]), array([367, 710])]]",[[]]
2726,"92,71493101119995","[672, 422]",True,"[0.517927, 0]","[0, 0]",False,weak,"14700,0","[[array([395,   0]), array([479, 238]), array([563, 406]), array([367, 406]), array([521, 574]), array([367, 700])]]",[[]]
2727,"92,74922704696655","[672, 422]",True,"[0.517927, 0]","[0, 0]",False,weak,"14700,0","[[array([479, 228]), array([563, 396]), array([367, 396]), array([521, 564]), array([367, 690])]]",[[]]
2728,"92,78289890289307","[672, 422]",True,"[0.517927, 0]","[0, 0]",False,weak,"14700,0","[[array([479, 218]), array([563, 386]), array([367, 386]), array([521, 554]), array([367, 680])]]",[[]]
2729,"92,81669688224792","[672, 422]",True,"[0.517927, 0]","[0, 0]",False,weak,"14700,0","[[array([479, 208]), array([563, 376]), array([367, 376]), array([521, 544]), array([367, 670])]]",[[]]
2730,"92,85144710540771","[672, 422]",True,"[0.517927, 0]","[0, 0]",False,weak,"14700,0","[[array([479, 198]), array([563, 366]), array([367, 366]), array([521, 534]), array([367, 660])]]",[[]]
2731,"92,88549184799194","[672, 422]",True,"[0.517927, 0]","[0, 0]",False,weak,"14700,0","[[array([479, 188]), array([563, 356]), array([367, 356]), array([521, 524]), array([367, 650])]]",[[]]
2732,"92,91990995407104","[672, 422]",True,"[0.517927, 0]","[0, 0]",False,weak,"14700,0","[[array([480, 178]), array([564, 346]), array([368, 346]), array([522, 514]), array([368, 640])]]",[[]]
2733,"92,95284581184387","[672, 422]",True,"[0.517927, 0]","[0, 0]",False,weak,"14700,0","[[array([488, 168]), array([572, 336]), array([376, 336]), array([530, 504]), array([376, 630]), array([642, 840])]]",[[]]
2734,"92,98698091506958","[672, 422]",True,"[0.517927, 0]","[0, 0]",False,weak,"14700,0","[[array([491, 158]), array([575, 326]), array([379, 326]), array([533, 494]), array([379, 620]), array([645, 830])]]",[[]]
2735,"93,02065777778625","[672, 422]",True,"[0.517927, 0]","[0, 0]",False,weak,"14700,0","[[array([501, 148]), array([585, 316]), array([389, 316]), array([543, 484]), array([389, 610]), array([655, 820])]]",[[]]
2736,"93,0548768043518","[672, 422]",True,"[0.517927, 0]","[0, 0]",False,weak,"14700,0","[[array([501, 138]), array([585, 306]), array([389, 306]), array([543, 474]), array([389, 600]), array([655, 810])]]",[[]]
2737,"93,08877801895142","[672, 422]",True,"[0.517927, 0]","[0, 0]",False,weak,"14700,0","[[array([501, 128]), array([585, 296]), array([389, 296]), array([543, 464]), array([389, 590]), array([655, 800])]]",[[]]
2738,"93,12291097640991","[672, 422]",True,"[0.517927, 0]","[0, 0]",False,weak,"14700,0","[[array([501, 118]), array([585, 286]), array([389, 286]), array([543, 454]), array([389, 580]), array([655, 790])]]",[[]]
2739,"93,15708494186401","[672, 422]",True,"[0.517927, 0]","[0, 0]",False,weak,"14700,0","[[array([501, 108]), array([585, 276]), array([389, 276]), array([543, 444]), array([389, 570]), array([655, 780])]]",[[]]
2740,"93,19140195846558","[672, 422]",True,"[0.517927, 0]","[0, 0]",False,weak,"14700,0","[[array([501,  98]), array([585, 266]), array([389, 266]), array([543, 434]), array([389, 560]), array([655, 770])]]",[[]]
2741,"93,22542381286621","[672, 422]",True,"[0.517927, 0]","[0, 0]",False,weak,"14700,0","[[array([501,  88]), array([585, 256]), array([389, 256]), array([543, 424]), array([389, 550]), array([655, 760])]]",[[]]
2742,"93,25937485694885","[672, 422]",True,"[0.517927, 0]","[0, 0]",False,weak,"14700,0","[[array([501,  78]), array([585, 246]), array([389, 246]), array([543, 414]), array([389, 540]), array([655, 750])]]",[[]]
2743,"93,29298090934753","[672, 422]",True,"[0.517927, 0]","[0, 0]",False,weak,"14700,0","[[array([501,  68]), array([585, 236]), array([389, 236]), array([543, 404]), array([389, 530]), array([655, 740])]]",[[]]
2744,"93,32800006866455","[672, 422]",True,"[0.517927, 0]","[0, 0]",False,weak,"14700,0","[[array([511,  58]), array([595, 226]), array([399, 226]), array([553, 394]), array([399, 520]), array([665, 730])]]",[[]]
2745,"93,36165189743042","[672, 422]",True,"[0.517927, 0]","[0, 0]",False,weak,"14700,0","[[array([527,  48]), array([611, 216]), array([415, 216]), array([569, 384]), array([415, 510]), array([681, 720])]]",[[]]
2746,"93,39628386497498","[672, 422]",True,"[0.517927, 0]","[0, 0]",False,weak,"14700,0","[[array([533,  38]), array([617, 206]), array([421, 206]), array([575, 374]), array([421, 500]), array([687, 710])]]",[[]]
2747,"93,42989373207092","[672, 422]",True,"[0.517927, 0]","[0, 0]",False,weak,"14700,0","[[array([550,  28]), array([634, 196]), array([438, 196]), array([592, 364]), array([438, 490]), array([704, 700])]]",[[]]
2748,"93,4642539024353","[672, 422]",True,"[0.517927, 0]","[0, 0]",False,weak,"14700,0","[[array([562,  18]), array([646, 186]), array([450, 186]), array([604, 354]), array([450, 480]), array([716, 690])]]",[[]]
2749,"93,49786496162415","[672, 422]",True,"[0.517927, 0]","[0, 0]",False,weak,"14700,0","[[array([562,   8]), array([646, 176]), array([450, 176]), array([604, 344]), array([450, 470]), array([716, 680])]]",[[]]
2750,"93,53217387199402","[672, 422]",True,"[0.517927, 0]","[0, 0]",False,weak,"14700,0","[[array([646, 166]), array([450, 166]), array([604, 334]), array([450, 460]), array([716, 670])]]",[[]]
2751,"93,5657160282135","[672, 422]",True,"[0.517927, 0]","[0, 0]",False,weak,"14700,0","[[array([646, 156]), array([450, 156]), array([604, 324]), array([450, 450]), array([716, 660])]]",[[]]
2752,"93,6000120639801","[672, 422]",True,"[0.517927, 0]","[0, 0]",False,weak,"14700,0","[[array([646, 146]), array([450, 146]), array([604, 314]), array([450, 440]), array([716, 650])]]",[[]]
2753,"93,63489198684692","[672, 422]",True,"[0.517927, 0]","[0, 0]",False,weak,"14700,0","[[array([654, 136]), array([458, 136]), array([612, 304]), array([458, 430]), array([724, 640])]]",[[]]
2754,"93,66831278800964","[672, 422]",True,"[0.517927, 0]","[0, 0]",False,weak,"14700,0","[[array([670, 126]), array([474, 126]), array([628, 294]), array([474, 420]), array([740, 630])]]",[[]]
2755,"93,70223784446716","[672, 422]",True,"[0.517927, 0]","[0, 0]",False,weak,"14700,0","[[array([677, 116]), array([481, 116]), array([635, 284]), array([481, 410]), array([747, 620])]]",[[]]
2756,"93,73624396324158","[672, 422]",True,"[0.517927, 0]","[0, 0]",False,weak,"14700,0","[[array([684, 106]), array([488, 106]), array([642, 274]), array([488, 400]), array([754, 610]), array([908, 834])]]",[[]]
2757,"93,77028894424438","[672, 422]",True,"[0.517927, 0]","[0, 0]",False,weak,"14700,0","[[array([686,  96]), array([490,  96]), array([644, 264]), array([490, 390]), array([756, 600]), array([910, 824])]]",[[]]
2758,"93,80439496040344","[672, 422]",True,"[0.517927, 0]","[0, 0]",False,weak,"14700,0","[[array([686,  86]), array([490,  86]), array([644, 254]), array([490, 380]), array([756, 590]), array([910, 814])]]",[[]]
2759,"93,83854699134827","[672, 422]",True,"[0.517927, 0]","[0, 0]",False,weak,"14700,0","[[array([686,  76]), array([490,  76]), array([644, 244]), array([490, 370]), array([756, 580]), array([910, 804])]]",[[]]
2760,"93,87232375144958","[672, 422]",True,"[0.517927, 0]","[0, 0]",False,weak,"14700,0","[[array([686,  66]), array([490,  66]), array([644, 234]), array([490, 360]), array([756, 570]), array([910, 794])]]",[[]]
2761,"93,90586972236633","[672, 422]",True,"[0.517927, 0]","[0, 0]",False,weak,"14700,0","[[array([686,  56]), array([490,  56]), array([644, 224]), array([490, 350]), array([756, 560]), array([910, 784])]]",[[]]
2762,"93,9403760433197","[672, 422]",True,"[0.517927, 0]","[0, 0]",False,weak,"14700,0","[[array([686,  46]), array([490,  46]), array([644, 214]), array([490, 340]), array([756, 550]), array([910, 774])]]",[[]]
2763,"93,97401595115662","[672, 422]",True,"[0.517927, 0]","[0, 0]",False,weak,"14700,0","[[array([686,  36]), array([490,  36]), array([644, 204]), array([490, 330]), array([756, 540]), array([910, 764])]]",[[]]
2764,"94,00849986076355","[672, 422]",True,"[0.517927, 0]","[0, 0]",False,weak,"14700,0","[[array([686,  26]), array([490,  26]), array([644, 194]), array([490, 320]), array([756, 530]), array([910, 754])]]",[[]]
2765,"94,04204988479614","[672, 422]",True,"[0.517927, 0]","[0, 0]",False,weak,"14700,0","[[array([686,  16]), array([490,  16]), array([644, 184]), array([490, 310]), array([756, 520]), array([910, 744])]]",[[]]
2766,"94,0757360458374","[672, 422]",True,"[0.517927, 0]","[0, 0]",False,weak,"14700,0","[[array([686,   6]), array([490,   6]), array([644, 174]), array([490, 300]), array([756, 510]), array([910, 734])]]",[[]]
2767,"94,11015605926514","[672, 422]",True,"[0.517927, 0]","[0, 0]",False,weak,"14700,0","[[array([644, 164]), array([490, 290]), array([756, 500]), array([910, 724])]]",[[]]
2768,"94,14375400543213","[672, 422]",True,"[0.517927, 0]","[0, 0]",False,weak,"14700,0","[[array([644, 154]), array([490, 280]), array([756, 490]), array([910, 714])]]",[[]]
2769,"94,17827200889587","[672, 422]",True,"[0.517927, 0]","[0, 0]",False,weak,"14700,0","[[array([644, 144]), array([490, 270]), array([756, 480]), array([910, 704])]]",[[]]
2770,"94,2118878364563","[672, 422]",True,"[0.517927, 0]","[0, 0]",False,weak,"14700,0","[[array([644, 134]), array([490, 260]), array([756, 470]), array([910, 694]), array([770, 834])]]",[[]]
2771,"94,24649381637573","[672, 422]",True,"[0.517927, 0]","[0, 0]",False,weak,"14700,0","[[array([644, 124]), array([490, 250]), array([756, 460]), array([910, 684]), array([770, 824]), array([560, 838])]]",[[]]
2772,"94,2799699306488","[672, 422]",True,"[0.517927, 0]","[0, 0]",False,weak,"14700,0","[[array([644, 114]), array([490, 240]), array([756, 450]), array([910, 674]), array([770, 814]), array([560, 828])]]",[[]]
2773,"94,31447505950928","[672, 422]",True,"[0.517927, 0]","[0, 0]",False,weak,"14700,0","[[array([644, 104]), array([490, 230]), array([756, 440]), array([910, 664]), array([770, 804]), array([560, 818])]]",[[]]
2774,"94,34785294532776","[672, 422]",True,"[0.517927, 0]","[0, 0]",False,weak,"14700,0","[[array([644,  94]), array([490, 220]), array([756, 430]), array([910, 654]), array([770, 794]), array([560, 808])]]",[[]]
2775,"94,38215970993042","[672, 422]",True,"[0.517927, 0]","[0, 0]",False,weak,"14700,0","[[array([644,  84]), array([490, 210]), array([756, 420]), array([910, 644]), array([770, 784]), array([560, 798])]]",[[]]
2776,"94,41563296318054","[672, 422]",True,"[0.517927, 0]","[0, 0]",False,weak,"14700,0","[[array([644,  74]), array([490, 200]), array([756, 410]), array([910, 634]), array([770, 774]), array([560, 788])]]",[[]]
2777,"94,44994592666626","[672, 422]",True,"[0.517927, 0]","[0, 0]",False,weak,"14700,0","[[array([644,  64]), array([490, 190]), array([756, 400]), array([910, 624]), array([770, 764]), array([560, 778])]]",[[]]
2778,"94,48433375358582","[672, 422]",True,"[0.517927, 0]","[0, 0]",False,weak,"14700,0","[[array([644,  54]), array([490, 180]), array([756, 390]), array([910, 614]), array([770, 754]), array([560, 768])]]",[[]]
2779,"94,51770377159119","[672, 422]",True,"[0.517927, 0]","[0, 0]",False,weak,"14700,0","[[array([644,  44]), array([490, 170]), array([756, 380]), array([910, 604]), array([770, 744]), array([560, 758])]]",[[]]
2780,"94,55179286003113","[672, 422]",True,"[0.517927, 0]","[0, 0]",False,weak,"14700,0","[[array([644,  34]), array([490, 160]), array([756, 370]), array([910, 594]), array([770, 734]), array([560, 748])]]",[[]]
2781,"94,586354970932","[672, 422]",True,"[0.517927, 0]","[0, 0]",False,weak,"14700,0","[[array([644,  24]), array([490, 150]), array([756, 360]), array([910, 584]), array([770, 724]), array([560, 738]), array([784, 836])]]",[[]]
2782,"94,62007284164429","[672, 422]",True,"[0.517927, 0]","[0, 0]",False,weak,"14700,0","[[array([644,  14]), array([490, 140]), array([756, 350]), array([910, 574]), array([770, 714]), array([560, 728]), array([784, 826])]]",[[]]
2783,"94,65464091300964","[672, 422]",True,"[0.517927, 0]","[0, 0]",False,weak,"14700,0","[[array([644,   4]), array([490, 130]), array([756, 340]), array([910, 564]), array([770, 704]), array([560, 718]), array([784, 816])]]",[[]]
2784,"94,68920087814331","[672, 422]",True,"[0.517927, 0]","[0, 0]",False,weak,"14700,0","[[array([490, 120]), array([756, 330]), array([910, 554]), array([770, 694]), array([560, 708]), array([784, 806])]]",[[]]
2785,"94,72273206710815","[672, 422]",True,"[0.517927, 0]","[0, 0]",False,weak,"14700,0","[[array([490, 110]), array([756, 320]), array([910, 544]), array([770, 684]), array([560, 698]), array([784, 796]), array([630, 838])]]",[[]]
2786,"94,75730681419373","[672, 422]",True,"[0.517927, 0]","[0, 0]",False,weak,"14700,0","[[array([490, 100]), array([756, 310]), array([910, 534]), array([770, 674]), array([560, 688]), array([784, 786]), array([630, 828])]]",[[]]
2787,"94,79077672958374","[672, 422]",True,"[0.517927, 0]","[0, 0]",False,weak,"14700,0","[[array([490,  90]), array([756, 300]), array([910, 524]), array([770, 664]), array([560, 678]), array([784, 776]), array([630, 818])]]",[[]]
2788,"94,82524585723877","[672, 422]",True,"[0.517927, 0]","[0, 0]",False,weak,"14700,0","[[array([490,  80]), array([756, 290]), array([910, 514]), array([770, 654]), array([560, 668]), array([784, 766]), array([630, 808])]]",[[]]
2789,"94,85963177680969","[672, 422]",True,"[0.517927, 0]","[0, 0]",False,weak,"14700,0","[[array([490,  70]), array([756, 280]), array([910, 504]), array([770, 644]), array([560, 658]), array([784, 756]), array([630, 798])]]",[[]]
2790,"94,89391493797302","[672, 422]",True,"[0.517927, 0]","[0, 0]",False,weak,"14700,0","[[array([490,  60]), array([756, 270]), array([910, 494]), array([770, 634]), array([560, 648]), array([784, 746]), array([630, 788])]]",[[]]
2791,"94,92778277397156","[672, 422]",True,"[0.517927, 0]","[0, 0]",False,weak,"14700,0","[[array([490,  50]), array([756, 260]), array([910, 484]), array([770, 624]), array([560, 638]), array([784, 736]), array([630, 778]), array([532, 834])]]",[[]]
2792,"94,96255683898926","[672, 422]",True,"[0.517927, 0]","[0, 0]",False,weak,"14700,0","[[array([490,  40]), array([756, 250]), array([910, 474]), array([770, 614]), array([560, 628]), array([784, 726]), array([630, 768]), array([532, 824])]]",[[]]
2793,"94,9963448047638","[672, 422]",True,"[0.517927, 0]","[0, 0]",False,weak,"14700,0","[[array([490,  30]), array([756, 240]), array([910, 464]), array([770, 604]), array([560, 618]), array([784, 716]), array([630, 758]), array([532, 814])]]",[[]]
2794,"95,03016877174377","[672, 422]",True,"[0.517927, 0]","[0, 0]",False,weak,"14700,0","[[array([490,  20]), array([756, 230]), array([910, 454]), array([770, 594]), array([560, 608]), array([784, 706]), array([630, 748]), array([532, 804])]]",[[]]
2795,"95,0640640258789","[672, 422]",True,"[0.517927, 0]","[0, 0]",False,weak,"14700,0","[[array([490,  10]), array([756, 220]), array([910, 444]), array([770, 584]), array([560, 598]), array([784, 696]), array([630, 738]), array([532, 794]), array([420, 836])]]",[[]]
2796,"95,09797286987305","[672, 422]",True,"[0.517927, 0]","[0, 0]",False,weak,"14700,0","[[array([490,   0]), array([756, 210]), array([910, 434]), array([770, 574]), array([560, 588]), array([784, 686]), array([630, 728]), array([532, 784]), array([420, 826])]]",[[]]
2797,"95,13167381286621","[672, 422]",True,"[0.517927, 0]","[0, 0]",False,weak,"14700,0","[[array([756, 200]), array([910, 424]), array([770, 564]), array([560, 578]), array([784, 676]), array([630, 718]), array([532, 774]), array([420, 816])]]",[[]]
2798,"95,16573071479797","[672, 422]",True,"[0.517927, 0]","[0, 0]",False,weak,"14700,0","[[array([756, 190]), array([910, 414]), array([770, 554]), array([560, 568]), array([784, 666]), array([630, 708]), array([532, 764]), array([420, 806])]]",[[]]
2799,"95,1999077796936","[672, 422]",True,"[0.517927, 0]","[0, 0]",False,weak,"14700,0","[[array([756, 180]), array([910, 404]), array([770, 544]), array([560, 558]), array([784, 656]), array([630, 698]), array([532, 754]), array([420, 796])]]",[[]]
2800,"95,23431491851807","[672, 422]",True,"[0.517927, 0]","[0, 0]",False,weak,"14700,0","[[array([756, 170]), array([910, 394]), array([770, 534]), array([560, 548]), array([784, 646]), array([630, 688]), array([532, 744]), array([420, 786])]]",[[]]
2801,"95,26847004890442","[672, 422]",True,"[0.517927, 0]","[0, 0]",False,weak,"14700,0","[[array([756, 160]), array([910, 384]), array([770, 524]), array([560, 538]), array([784, 636]), array([630, 678]), array([532, 734]), array([420, 776])]]",[[]]
2802,"95,3019609451294","[672, 422]",True,"[0.517927, 0]","[0, 0]",False,weak,"14700,0","[[array([756, 150]), array([910, 374]), array([770, 514]), array([560, 528]), array([784, 626]), array([630, 668]), array([532, 724]), array([420, 766])]]",[[]]
2803,"95,33628797531128","[672, 422]",True,"[0.517927, 0]","[0, 0]",False,weak,"14700,0","[[array([756, 140]), array([910, 364]), array([770, 504]), array([560, 518]), array([784, 616]), array([630, 658]), array([532, 714]), array([420, 756])]]",[[]]
2804,"95,3701548576355","[672, 422]",True,"[0.517927, 0]","[0, 0]",False,weak,"14700,0","[[array([756, 130]), array([910, 354]), array([770, 494]), array([560, 508]), array([784, 606]), array([630, 648]), array([532, 704]), array([420, 746])]]",[[]]
2805,"95,40409708023071","[672, 422]",True,"[0.517927, 0]","[0, 0]",False,weak,"14700,0","[[array([756, 120]), array([910, 344]), array([770, 484]), array([560, 498]), array([784, 596]), array([630, 638]), array([532, 694]), array([420, 736])]]",[[]]
2806,"95,43788290023804","[672, 422]",True,"[0.517927, 0]","[0, 0]",False,weak,"14700,0","[[array([756, 110]), array([910, 334]), array([770, 474]), array([560, 488]), array([784, 586]), array([630, 628]), array([532, 684]), array([420, 726])]]",[[]]
2807,"95,47168493270874","[672, 422]",True,"[0.517927, 0]","[0, 0]",False,weak,"14700,0","[[array([756, 100]), array([910, 324]), array([770, 464]), array([560, 478]), array([784, 576]), array([630, 618]), array([532, 674]), array([420, 716])]]",[[]]
2808,"95,50649285316467","[672, 422]",True,"[0.517927, 0]","[0, 0]",False,weak,"14700,0","[[array([756,  90]), array([910, 314]), array([770, 454]), array([560, 468]), array([784, 566]), array([630, 608]), array([532, 664]), array([420, 706])]]",[[]]
2809,"95,54014277458191","[672, 422]",True,"[0.517927, 0]","[0, 0]",False,weak,"14700,0","[[array([756,  80]), array([910, 304]), array([770, 444]), array([560, 458]), array([784, 556]), array([630, 598]), array([532, 654]), array([420, 696])]]",[[]]
2810,"95,57414388656616","[672, 422]",True,"[0.517927, 0]","[0, 0]",False,weak,"14700,0","[[array([746,  70]), array([900, 294]), array([760, 434]), array([550, 448]), array([774, 546]), array([620, 588]), array([522, 644]), array([410, 686])]]",[[]]
2811,"95,60781693458557","[672, 422]",True,"[0.517927, 0]","[0, 0]",False,weak,"14700,0","[[array([739,  60]), array([893, 284]), array([753, 424]), array([543, 438]), array([767, 536]), array([613, 578]), array([515, 634]), array([403, 676])]]",[[]]
2812,"95,6423659324646","[672, 422]",True,"[0.517927, 0]","[0, 0]",False,weak,"14700,0","[[array([728,  50]), array([882, 274]), array([742, 414]), array([532, 428]), array([756, 526]), array([602, 568]), array([504, 624]), array([392, 666]), array([630, 834])]]",[[]]
2813,"95,67596888542175","[672, 422]",True,"[0.517927, 0]","[0, 0]",False,weak,"14700,0","[[array([723,  40]), array([877, 264]), array([737, 404]), array([527, 418]), array([751, 516]), array([597, 558]), array([499, 614]), array([387, 656]), array([625, 824])]]",[[]]
2814,"95,7100088596344","[672, 422]",True,"[0.517927, 0]","[0, 0]",False,weak,"14700,0","[[array([723,  30]), array([877, 254]), array([737, 394]), array([527, 408]), array([751, 506]), array([597, 548]), array([499, 604]), array([387, 646]), array([625, 814])]]",[[]]
2815,"95,74386477470398","[672, 422]",True,"[0.517927, 0]","[0, 0]",False,weak,"14700,0","[[array([723,  20]), array([877, 244]), array([737, 384]), array([527, 398]), array([751, 496]), array([597, 538]), array([499, 594]), array([387, 636]), array([625, 804])]]",[[]]
2816,"95,77760982513428","[672, 422]",True,"[0.517927, 0]","[0, 0]",False,weak,"14700,0","[[array([723,  10]), array([877, 234]), array([737, 374]), array([527, 388]), array([751, 486]), array([597, 528]), array([499, 584]), array([387, 626]), array([625, 794])]]",[[]]
2817,"95,8124737739563","[672, 422]",True,"[0.517927, 0]","[0, 0]",False,weak,"14700,0","[[array([723,   0]), array([877, 224]), array([737, 364]), array([527, 378]), array([751, 476]), array([597, 518]), array([499, 574]), array([387, 616]), array([625, 784])]]",[[]]
2818,"95,84652376174927","[672, 422]",True,"[0.517927, 0]","[0, 0]",False,weak,"14700,0","[[array([877, 214]), array([737, 354]), array([527, 368]), array([751, 466]), array([597, 508]), array([499, 564]), array([387, 606]), array([625, 774])]]",[[]]
2819,"95,88029074668884","[672, 422]",True,"[0.517927, 0]","[0, 0]",False,weak,"14700,0","[[array([877, 204]), array([737, 344]), array([527, 358]), array([751, 456]), array([597, 498]), array([499, 554]), array([387, 596]), array([625, 764])]]",[[]]
2820,"95,91424298286438","[672, 422]",True,"[0.517927, 0]","[0, 0]",False,weak,"14700,0","[[array([877, 194]), array([737, 334]), array([527, 348]), array([751, 446]), array([597, 488]), array([499, 544]), array([387, 586]), array([625, 754]), array([723, 838])]]",[[]]
2821,"95,94808197021484","[672, 422]",True,"[0.517927, 0]","[0, 0]",False,weak,"14700,0","[[array([877, 184]), array([737, 324]), array([527, 338]), array([751, 436]), array([597, 478]), array([499, 534]), array([387, 576]), array([625, 744]), array([723, 828])]]",[[]]
2822,"95,98196983337402","[672, 422]",True,"[0.517927, 0]","[0, 0]",False,weak,"14700,0","[[array([877, 174]), array([737, 314]), array([527, 328]), array([751, 426]), array([597, 468]), array([499, 524]), array([387, 566]), array([625, 734]), array([723, 818])]]",[[]]
2823,"96,01571989059448","[672, 422]",True,"[0.517927, 0]","[0, 0]",False,weak,"14700,0","[[array([877, 164]), array([737, 304]), array([527, 318]), array([751, 416]), array([597, 458]), array([499, 514]), array([387, 556]), array([625, 724]), array([723, 808])]]",[[]]
2824,"96,05047178268433","[672, 422]",True,"[0.517927, 0]","[0, 0]",False,weak,"14700,0","[[array([877, 154]), array([737, 294]), array([527, 308]), array([751, 406]), array([597, 448]), array([499, 504]), array([387, 546]), array([625, 714]), array([723, 798])]]",[[]]
2825,"96,08400368690491","[672, 422]",True,"[0.517927, 0]","[0, 0]",False,weak,"14700,0","[[array([877, 144]), array([737, 284]), array([527, 298]), array([751, 396]), array([597, 438]), array([499, 494]), array([387, 536]), array([625, 704]), array([723, 788])]]",[[]]
2826,"96,1177818775177","[672, 422]",True,"[0.517927, 0]","[0, 0]",False,weak,"14700,0","[[array([877, 134]), array([737, 274]), array([527, 288]), array([751, 386]), array([597, 428]), array([499, 484]), array([387, 526]), array([625, 694]), array([723, 778])]]",[[]]
2827,"96,15228390693665","[672, 422]",True,"[0.517927, 0]","[0, 0]",False,weak,"14700,0","[[array([877, 124]), array([737, 264]), array([527, 278]), array([751, 376]), array([597, 418]), array([499, 474]), array([387, 516]), array([625, 684]), array([723, 768])]]",[[]]
2828,"96,18570804595947","[672, 422]",True,"[0.517927, 0]","[0, 0]",False,weak,"14700,0","[[array([877, 114]), array([737, 254]), array([527, 268]), array([751, 366]), array([597, 408]), array([499, 464]), array([387, 506]), array([625, 674]), array([723, 758])]]",[[]]
2829,"96,22005605697632","[672, 422]",True,"[0.517927, 0]","[0, 0]",False,weak,"14700,0","[[array([877, 104]), array([737, 244]), array([527, 258]), array([751, 356]), array([597, 398]), array([499, 454]), array([387, 496]), array([625, 664]), array([723, 748])]]",[[]]
2830,"96,25497484207153","[672, 422]",True,"[0.517927, 0]","[0, 0]",False,weak,"14700,0","[[array([872,  94]), array([732, 234]), array([522, 248]), array([746, 346]), array([592, 388]), array([494, 444]), array([382, 486]), array([620, 654]), array([718, 738])]]",[[]]
2831,"96,28785681724548","[672, 422]",True,"[0.517927, 0]","[0, 0]",False,weak,"14700,0","[[array([861,  84]), array([721, 224]), array([511, 238]), array([735, 336]), array([581, 378]), array([483, 434]), array([371, 476]), array([609, 644]), array([707, 728])]]",[[]]
2832,"96,32232093811035","[672, 422]",True,"[0.517927, 0]","[0, 0]",False,weak,"14700,0","[[array([858,  74]), array([718, 214]), array([508, 228]), array([732, 326]), array([578, 368]), array([480, 424]), array([368, 466]), array([606, 634]), array([704, 718])]]",[[]]
2833,"96,35610699653625","[672, 422]",True,"[0.517927, 0]","[0, 0]",False,weak,"14700,0","[[array([847,  64]), array([707, 204]), array([497, 218]), array([721, 316]), array([567, 358]), array([469, 414]), array([357, 456]), array([595, 624]), array([693, 708])]]",[[]]
2834,"96,39001297950745","[672, 422]",True,"[0.517927, 0]","[0, 0]",False,weak,"14700,0","[[array([847,  54]), array([707, 194]), array([497, 208]), array([721, 306]), array([567, 348]), array([469, 404]), array([357, 446]), array([595, 614]), array([693, 698])]]",[[]]
2835,"96,42464995384216","[672, 422]",True,"[0.517927, 0]","[0, 0]",False,weak,"14700,0","[[array([847,  44]), array([707, 184]), array([497, 198]), array([721, 296]), array([567, 338]), array([469, 394]), array([357, 436]), array([595, 604]), array([693, 688])]]",[[]]
2836,"96,45953893661499","[672, 422]",True,"[0.517927, 0]","[0, 0]",False,weak,"14700,0","[[array([847,  34]), array([707, 174]), array([497, 188]), array([721, 286]), array([567, 328]), array([469, 384]), array([357, 426]), array([595, 594]), array([693, 678])]]",[[]]
2837,"96,49330687522888","[672, 422]",True,"[0.517927, 0]","[0, 0]",False,weak,"14700,0","[[array([847,  24]), array([707, 164]), array([497, 178]), array([721, 276]), array([567, 318]), array([469, 374]), array([357, 416]), array([595, 584]), array([693, 668])]]",[[]]
2838,"96,52714705467224","[672, 422]",True,"[0.517927, 0]","[0, 0]",False,weak,"14700,0","[[array([847,  14]), array([707, 154]), array([497, 168]), array([721, 266]), array([567, 308]), array([469, 364]), array([357, 406]), array([595, 574]), array([693, 658])]]",[[]]
2839,"96,56145787239075","[672, 422]",True,"[0.517927, 0]","[0, 0]",False,weak,"14700,0","[[array([835,   4]), array([695, 144]), array([485, 158]), array([709, 256]), array([555, 298]), array([457, 354]), array([345, 396]), array([583, 564]), array([681, 648])]]",[[]]
2840,"96,59541392326355","[672, 422]",True,"[0.517927, 0]","[0, 0]",False,weak,"14700,0","[[array([682, 134]), array([472, 148]), array([696, 246]), array([542, 288]), array([444, 344]), array([332, 386]), array([570, 554]), array([668, 638])]]",[[]]
2841,"96,62895798683167","[672, 422]",True,"[0.517927, 0]","[0, 0]",False,weak,"14700,0","[[array([677, 124]), array([467, 138]), array([691, 236]), array([537, 278]), array([439, 334]), array([327, 376]), array([565, 544]), array([663, 628])]]",[[]]
2842,"96,66352796554565","[672, 422]",True,"[0.517927, 0]","[0, 0]",False,weak,"14700,0","[[array([667, 114]), array([457, 128]), array([681, 226]), array([527, 268]), array([429, 324]), array([317, 366]), array([555, 534]), array([653, 618])]]",[[]]
2843,"96,69720697402954","[672, 422]",True,"[0.517927, 0]","[0, 0]",False,weak,"14700,0","[[array([667, 104]), array([457, 118]), array([681, 216]), array([527, 258]), array([429, 314]), array([317, 356]), array([555, 524]), array([653, 608])]]",[[]]
2844,"96,73114490509033","[672, 422]",True,"[0.517927, 0]","[0, 0]",False,weak,"14700,0","[[array([667,  94]), array([457, 108]), array([681, 206]), array([527, 248]), array([429, 304]), array([317, 346]), array([555, 514]), array([653, 598])]]",[[]]
2845,"96,76483678817749","[672, 422]",True,"[0.517927, 0]","[0, 0]",False,weak,"14700,0","[[array([667,  84]), array([457,  98]), array([681, 196]), array([527, 238]), array([429, 294]), array([317, 336]), array([555, 504]), array([653, 588])]]",[[]]
2846,"96,8000340461731","[672, 422]",True,"[0.517927, 0]","[0, 0]",False,weak,"14700,0","[[array([654,  74]), array([444,  88]), array([668, 186]), array([514, 228]), array([416, 284]), array([304, 326]), array([542, 494]), array([640, 578])]]",[[]]
2847,"96,8327898979187","[672, 422]",True,"[0.517927, 0]","[0, 0]",False,weak,"14700,0","[[array([648,  64]), array([438,  78]), array([662, 176]), array([508, 218]), array([410, 274]), array([298, 316]), array([536, 484]), array([634, 568])]]",[[]]
2848,"96,86736369132996","[672, 422]",True,"[0.517927, 0]","[0, 0]",False,weak,"14700,0","[[array([631,  54]), array([421,  68]), array([645, 166]), array([491, 208]), array([393, 264]), array([281, 306]), array([519, 474]), array([617, 558])]]",[[]]
2849,"96,90099573135376","[672, 422]",True,"[0.517927, 0]","[0, 0]",False,weak,"14700,0","[[array([631,  44]), array([421,  58]), array([645, 156]), array([491, 198]), array([393, 254]), array([281, 296]), array([519, 464]), array([617, 548])]]",[[]]
2850,"96,93543601036072","[672, 422]",True,"[0.517927, 0]","[0, 0]",False,weak,"14700,0","[[array([631,  34]), array([421,  48]), array([645, 146]), array([491, 188]), array([393, 244]), array([281, 286]), array([519, 454]), array([617, 538]), array([477, 832]), array([589, 832]), array([365, 832])]]",[[]]
2851,"96,9696478843689","[672, 422]",True,"[0.517927, 0]","[0, 0]",False,weak,"14700,0","[[array([631,  24]), array([421,  38]), array([645, 136]), array([491, 178]), array([393, 234]), array([281, 276]), array([519, 444]), array([617, 528]), array([477, 822]), array([589, 822]), array([365, 822])]]",[[]]
2852,"97,00399494171143","[672, 422]",True,"[0.517927, 0]","[0, 0]",False,weak,"14700,0","[[array([631,  14]), array([421,  28]), array([645, 126]), array([491, 168]), array([393, 224]), array([281, 266]), array([519, 434]), array([617, 518]), array([477, 812]), array([589, 812]), array([365, 812])]]",[[]]
2853,"97,03882193565369","[672, 422]",True,"[0.517927, 0]","[0, 0]",False,weak,"14700,0","[[array([626,   4]), array([416,  18]), array([640, 116]), array([486, 158]), array([388, 214]), array([276, 256]), array([514, 424]), array([612, 508]), array([472, 802]), array([584, 802]), array([360, 802])]]",[[]]
2854,"97,07255697250366","[672, 422]",True,"[0.517927, 0]","[0, 0]",False,weak,"14700,0","[[array([403,   8]), array([627, 106]), array([473, 148]), array([375, 204]), array([263, 246]), array([501, 414]), array([599, 498]), array([459, 792]), array([571, 792]), array([347, 792])]]",[[]]
2855,"97,10645890235901","[672, 422]",True,"[0.517927, 0]","[0, 0]",False,weak,"14700,0","[[array([611,  96]), array([457, 138]), array([359, 194]), array([247, 236]), array([485, 404]), array([583, 488]), array([443, 782]), array([555, 782]), array([331, 782])]]",[[]]
2856,"97,1405119895935","[672, 422]",True,"[0.517927, 0]","[0, 0]",False,weak,"14700,0","[[array([611,  86]), array([457, 128]), array([359, 184]), array([247, 226]), array([485, 394]), array([583, 478]), array([443, 772]), array([555, 772]), array([331, 772])]]",[[]]
2857,"97,17426085472107","[672, 422]",True,"[0.517927, 0]","[0, 0]",False,weak,"14700,0","[[array([611,  76]), array([457, 118]), array([359, 174]), array([247, 216]), array([485, 384]), array([583, 468]), array([443, 762]), array([555, 762]), array([331, 762])]]",[[]]
2858,"97,2079758644104","[672, 422]",True,"[0.517927, 0]","[0, 0]",False,weak,"14700,0","[[array([611,  66]), array([457, 108]), array([359, 164]), array([247, 206]), array([485, 374]), array([583, 458]), array([443, 752]), array([555, 752]), array([331, 752])]]",[[]]
2859,"97,2425889968872","[672, 422]",True,"[0.517927, 0]","[0, 0]",False,weak,"14700,0","[[array([611,  56]), array([457,  98]), array([359, 154]), array([247, 196]), array([485, 364]), array([583, 448]), array([443, 742]), array([555, 742]), array([331, 742]), array([401, 840])]]",[[]]
2860,"97,2763237953186","[672, 422]",True,"[0.517927, 0]","[0, 0]",False,weak,"14700,0","[[array([611,  46]), array([457,  88]), array([359, 144]), array([247, 186]), array([485, 354]), array([583, 438]), array([443, 732]), array([555, 732]), array([331, 732]), array([401, 830])]]",[[]]
2861,"97,31003189086914","[672, 422]",True,"[0.517927, 0]","[0, 0]",False,weak,"14700,0","[[array([611,  36]), array([457,  78]), array([359, 134]), array([247, 176]), array([485, 344]), array([583, 428]), array([443, 722]), array([555, 722]), array([331, 722]), array([401, 820])]]",[[]]
2862,"97,34394192695618","[672, 422]",True,"[0.517927, 0]","[0, 0]",False,weak,"14700,0","[[array([611,  26]), array([457,  68]), array([359, 124]), array([247, 166]), array([485, 334]), array([583, 418]), array([443, 712]), array([555, 712]), array([331, 712]), array([401, 810])]]",[[]]
2863,"97,37776374816895","[672, 422]",True,"[0.517927, 0]","[0, 0]",False,weak,"14700,0","[[array([611,  16]), array([457,  58]), array([359, 114]), array([247, 156]), array([485, 324]), array([583, 408]), array([443, 702]), array([555, 702]), array([331, 702]), array([401, 800])]]",[[]]
2864,"97,41168689727783","[672, 422]",True,"[0.517927, 0]","[0, 0]",False,weak,"14700,0","[[array([611,   6]), array([457,  48]), array([359, 104]), array([247, 146]), array([485, 314]), array([583, 398]), array([443, 692]), array([555, 692]), array([331, 692]), array([401, 790])]]",[[]]
2865,"97,44580101966858","[672, 422]",True,"[0.517927, 0]","[0, 0]",False,weak,"14700,0","[[array([457,  38]), array([359,  94]), array([247, 136]), array([485, 304]), array([583, 388]), array([443, 682]), array([555, 682]), array([331, 682]), array([401, 780])]]",[[]]
2866,"97,47972202301025","[672, 422]",True,"[0.517927, 0]","[0, 0]",False,weak,"14700,0","[[array([457,  28]), array([359,  84]), array([247, 126]), array([485, 294]), array([583, 378]), array([443, 672]), array([555, 672]), array([331, 672]), array([401, 770])]]",[[]]
2867,"97,51465487480164","[672, 422]",True,"[0.517927, 0]","[0, 0]",False,weak,"14700,0","[[array([457,  18]), array([359,  74]), array([247, 116]), array([485, 284]), array([583, 368]), array([443, 662]), array([555, 662]), array([331, 662]), array([401, 760])]]",[[]]
2868,"97,5486741065979","[672, 422]",True,"[0.517927, 0]","[0, 0]",False,weak,"14700,0","[[array([457,   8]), array([359,  64]), array([247, 106]), array([485, 274]), array([583, 358]), array([443, 652]), array([555, 652]), array([331, 652]), array([401, 750]), array([737, 834])]]",[[]]
2869,"97,58279871940613","[672, 422]",True,"[0.517927, 0]","[0, 0]",False,weak,"14700,0","[[array([359,  54]), array([247,  96]), array([485, 264]), array([583, 348]), array([443, 642]), array([555, 642]), array([331, 642]), array([401, 740]), array([737, 824])]]",[[]]
2870,"97,61677694320679","[672, 422]",True,"[0.517927, 0]","[0, 0]",False,weak,"14700,0","[[array([359,  44]), array([247,  86]), array([485, 254]), array([583, 338]), array([443, 632]), array([555, 632]), array([331, 632]), array([401, 730]), array([737, 814])]]",[[]]
2871,"97,6507158279419","[672, 422]",True,"[0.517927, 0]","[0, 0]",False,weak,"14700,0","[[array([359,  34]), array([247,  76]), array([485, 244]), array([583, 328]), array([443, 622]), array([555, 622]), array([331, 622]), array([401, 720]), array([737, 804])]]",[[]]
2872,"97,6860568523407","[672, 422]",True,"[0.517927, 0]","[0, 0]",False,weak,"14700,0","[[array([370,  24]), array([258,  66]), array([496, 234]), array([594, 318]), array([454, 612]), array([566, 612]), array([342, 612]), array([412, 710]), array([748, 794])]]",[[]]
2873,"97,71908187866211","[672, 422]",True,"[0.517927, 0]","[0, 0]",False,weak,"14700,0","[[array([381,  14]), array([269,  56]), array([507, 224]), array([605, 308]), array([465, 602]), array([577, 602]), array([353, 602]), array([423, 700]), array([759, 784])]]",[[]]
2874,"97,7531487941742","[672, 422]",True,"[0.517927, 0]","[0, 0]",False,weak,"14700,0","[[array([382,   4]), array([270,  46]), array([508, 214]), array([606, 298]), array([466, 592]), array([578, 592]), array([354, 592]), array([424, 690]), array([760, 774])]]",[[]]
2875,"97,78720688819885","[672, 422]",True,"[0.517927, 0]","[0, 0]",False,weak,"14700,0","[[array([270,  36]), array([508, 204]), array([606, 288]), array([466, 582]), array([578, 582]), array([354, 582]), array([424, 680]), array([760, 764])]]",[[]]
2876,"97,821044921875","[672, 422]",True,"[0.517927, 0]","[0, 0]",False,weak,"14700,0","[[array([270,  26]), array([508, 194]), array([606, 278]), array([466, 572]), array([578, 572]), array([354, 572]), array([424, 670]), array([760, 754])]]",[[]]
2877,"97,85497188568115","[672, 422]",True,"[0.517927, 0]","[0, 0]",False,weak,"14700,0","[[array([270,  16]), array([508, 184]), array([606, 268]), array([466, 562]), array([578, 562]), array([354, 562]), array([424, 660]), array([760, 744])]]",[[]]
2878,"97,88885402679443","[672, 422]",True,"[0.517927, 0]","[0, 0]",False,weak,"14700,0","[[array([270,   6]), array([508, 174]), array([606, 258]), array([466, 552]), array([578, 552]), array([354, 552]), array([424, 650]), array([760, 734])]]",[[]]
2879,"97,92295598983765","[672, 422]",True,"[0.517927, 0]","[0, 0]",False,weak,"14700,0","[[array([508, 164]), array([606, 248]), array([466, 542]), array([578, 542]), array([354, 542]), array([424, 640]), array([760, 724])]]",[[]]
2880,"97,95698881149292","[672, 422]",True,"[0.517927, 0]","[0, 0]",False,weak,"14700,0","[[array([508, 154]), array([606, 238]), array([466, 532]), array([578, 532]), array([354, 532]), array([424, 630]), array([760, 714])]]",[[]]
2881,"97,99106287956238","[672, 422]",True,"[0.517927, 0]","[0, 0]",False,weak,"14700,0","[[array([508, 144]), array([606, 228]), array([466, 522]), array([578, 522]), array([354, 522]), array([424, 620]), array([760, 704])]]",[[]]
2882,"98,02529001235962","[672, 422]",True,"[0.517927, 0]","[0, 0]",False,weak,"14700,0","[[array([508, 134]), array([606, 218]), array([466, 512]), array([578, 512]), array([354, 512]), array([424, 610]), array([760, 694])]]",[[]]
2883,"98,05957770347595","[672, 422]",True,"[0.517927, 0]","[0, 0]",False,weak,"14700,0","[[array([508, 124]), array([606, 208]), array([466, 502]), array([578, 502]), array([354, 502]), array([424, 600]), array([760, 684])]]",[[]]
2884,"98,09360480308533","[672, 422]",True,"[0.517927, 0]","[0, 0]",False,weak,"14700,0","[[array([508, 114]), array([606, 198]), array([466, 492]), array([578, 492]), array([354, 492]), array([424, 590]), array([760, 674])]]",[[]]
2885,"98,12676000595093","[672, 422]",True,"[0.517927, 0]","[0, 0]",False,weak,"14700,0","[[array([508, 104]), array([606, 188]), array([466, 482]), array([578, 482]), array([354, 482]), array([424, 580]), array([760, 664]), array([396, 832])]]",[[]]
2886,"98,16106986999512","[672, 422]",True,"[0.517927, 0]","[0, 0]",False,weak,"14700,0","[[array([508,  94]), array([606, 178]), array([466, 472]), array([578, 472]), array([354, 472]), array([424, 570]), array([760, 654]), array([396, 822])]]",[[]]
2887,"98,19513702392578","[672, 422]",True,"[0.517927, 0]","[0, 0]",False,weak,"14700,0","[[array([508,  84]), array([606, 168]), array([466, 462]), array([578, 462]), array([354, 462]), array([424, 560]), array([760, 644]), array([396, 812])]]",[[]]
2888,"98,22903871536255","[672, 422]",True,"[0.517927, 0]","[0, 0]",False,weak,"14700,0","[[array([508,  74]), array([606, 158]), array([466, 452]), array([578, 452]), array([354, 452]), array([424, 550]), array([760, 634]), array([396, 802])]]",[[]]
2889,"98,26288270950317","[672, 422]",True,"[0.517927, 0]","[0, 0]",False,weak,"14700,0","[[array([508,  64]), array([606, 148]), array([466, 442]), array([578, 442]), array([354, 442]), array([424, 540]), array([760, 624]), array([396, 792]), array([480, 834]), array([732, 834])]]",[[]]
2890,"98,2967758178711","[672, 422]",True,"[0.517927, 0]","[0, 0]",False,weak,"14700,0","[[array([508,  54]), array([606, 138]), array([466, 432]), array([578, 432]), array([354, 432]), array([424, 530]), array([760, 614]), array([396, 782]), array([480, 824]), array([732, 824])]]",[[]]
2891,"98,33161282539368","[672, 422]",True,"[0.517927, 0]","[0, 0]",False,weak,"14700,0","[[array([508,  44]), array([606, 128]), array([466, 422]), array([578, 422]), array([354, 422]), array([424, 520]), array([760, 604]), array([396, 772]), array([480, 814]), array([732, 814])]]",[[]]
2892,"98,36552286148071","[672, 422]",True,"[0.517927, 0]","[0, 0]",False,weak,"14700,0","[[array([508,  34]), array([606, 118]), array([466, 412]), array([578, 412]), array([354, 412]), array([424, 510]), array([760, 594]), array([396, 762]), array([480, 804]), array([732, 804])]]",[[]]
2893,"98,39964580535889","[672, 422]",True,"[0.517927, 0]","[0, 0]",False,weak,"14700,0","[[array([508,  24]), array([606, 108]), array([466, 402]), array([578, 402]), array([354, 402]), array([424, 500]), array([760, 584]), array([396, 752]), array([480, 794]), array([732, 794])]]",[[]]
2894,"98,43397498130798","[672, 422]",True,"[0.517927, 0]","[0, 0]",False,weak,"14700,0","[[array([509,  14]), array([607,  98]), array([467, 392]), array([579, 392]), array([355, 392]), array([425, 490]), array([761, 574]), array([397, 742]), array([481, 784]), array([733, 784])]]",[[]]
2895,"98,46709299087524","[672, 422]",True,"[0.517927, 0]","[0, 0]",False,weak,"14700,0","[[array([517,   4]), array([615,  88]), array([475, 382]), array([587, 382]), array([363, 382]), array([433, 480]), array([769, 564]), array([405, 732]), array([489, 774]), array([741, 774])]]",[[]]
2896,"98,50108790397644","[672, 422]",True,"[0.517927, 0]","[0, 0]",False,weak,"14700,0","[[array([625,  78]), array([485, 372]), array([597, 372]), array([373, 372]), array([443, 470]), array([779, 554]), array([415, 722]), array([499, 764]), array([751, 764])]]",[[]]
2897,"98,53527975082397","[672, 422]",True,"[0.517927, 0]","[0, 0]",False,weak,"14700,0","[[array([620,  68]), array([480, 362]), array([592, 362]), array([368, 362]), array([438, 460]), array([774, 544]), array([410, 712]), array([494, 754]), array([746, 754])]]",[[]]
2898,"98,56987690925598","[672, 422]",True,"[0.517927, 0]","[0, 0]",False,weak,"14700,0","[[array([620,  58]), array([480, 352]), array([592, 352]), array([368, 352]), array([438, 450]), array([774, 534]), array([410, 702]), array([494, 744]), array([746, 744])]]",[[]]
2899,"98,6035099029541","[672, 422]",True,"[0.517927, 0]","[0, 0]",False,weak,"14700,0","[[array([620,  48]), array([480, 342]), array([592, 342]), array([368, 342]), array([438, 440]), array([774, 524]), array([410, 692]), array([494, 734]), array([746, 734])]]",[[]]
2900,"98,63705396652222","[672, 422]",True,"[0.517927, 0]","[0, 0]",False,weak,"14700,0","[[array([620,  38]), array([480, 332]), array([592, 332]), array([368, 332]), array([438, 430]), array([774, 514]), array([410, 682]), array([494, 724]), array([746, 724])]]",[[]]
2901,"98,67150592803955","[672, 422]",True,"[0.517927, 0]","[0, 0]",False,weak,"14700,0","[[array([620,  28]), array([480, 322]), array([592, 322]), array([368, 322]), array([438, 420]), array([774, 504]), array([410, 672]), array([494, 714]), array([746, 714])]]",[[]]
2902,"98,70502090454102","[672, 422]",True,"[0.517927, 0]","[0, 0]",False,weak,"14700,0","[[array([620,  18]), array([480, 312]), array([592, 312]), array([368, 312]), array([438, 410]), array([774, 494]), array([410, 662]), array([494, 704]), array([746, 704])]]",[[]]
